fixture_id,match_datetime_utc,league_code,home_team,away_team,market_code,p_model,book_odds,implied_prob,edge,odds_field,odds_snapshot_type,odds_snapshot_time_utc,prediction_created_at
22023,2026-02-27 13:00:00+00:00,RO1,FC Hermannstadt,FC Botosani,o15,0.6820734347771085,1.4,0.7142857142857143,-0.032212279508605834,ou_1_5.over,latest_pre_match,2026-02-27 04:46:03.627425+00:00,2026-02-27 12:54:15.004420+00:00
22023,2026-02-27 13:00:00+00:00,RO1,FC Hermannstadt,FC Botosani,u15,0.3179265652228915,2.75,0.36363636363636365,-0.04570979841347217,ou_1_5.under,latest_pre_match,2026-02-27 04:46:03.627425+00:00,2026-02-27 12:54:15.004420+00:00
22023,2026-02-27 13:00:00+00:00,RO1,FC Hermannstadt,FC Botosani,o25,0.46704828595511344,2.25,0.4444444444444444,0.02260384151066902,ou_2_5.over,latest_pre_match,2026-02-27 04:46:03.627425+00:00,2026-02-27 12:54:15.004420+00:00
22023,2026-02-27 13:00:00+00:00,RO1,FC Hermannstadt,FC Botosani,u25,0.5329517140448865,1.6153846153846154,0.6190476190476191,-0.08609590500273256,ou_2_5.under,latest_pre_match,2026-02-27 04:46:03.627425+00:00,2026-02-27 12:54:15.004420+00:00
22023,2026-02-27 13:00:00+00:00,RO1,FC Hermannstadt,FC Botosani,c85,0.6079007328091182,1.6666666666666665,0.6000000000000001,0.007900732809118072,corners_ou_8_5.over,latest_pre_match,2026-02-27 04:46:03.627425+00:00,2026-02-27 12:54:15.004420+00:00
22023,2026-02-27 13:00:00+00:00,RO1,FC Hermannstadt,FC Botosani,btts,0.5220154892242919,1.9090909090909092,0.5238095238095238,-0.001794034585231974,btts.yes,latest_pre_match,2026-02-27 04:46:03.627425+00:00,2026-02-27 12:54:15.004420+00:00
22023,2026-02-27 13:00:00+00:00,RO1,FC Hermannstadt,FC Botosani,1x2_h,0.369667632186542,2.9,0.3448275862068966,0.024840045979645398,1x2.home,latest_pre_match,2026-02-27 04:46:03.627425+00:00,2026-02-27 12:54:15.004420+00:00
22023,2026-02-27 13:00:00+00:00,RO1,FC Hermannstadt,FC Botosani,1x2_d,0.25182853747485323,3.0,0.3333333333333333,-0.08150479585848008,1x2.draw,latest_pre_match,2026-02-27 04:46:03.627425+00:00,2026-02-27 12:54:15.004420+00:00
22023,2026-02-27 13:00:00+00:00,RO1,FC Hermannstadt,FC Botosani,1x2_a,0.35402180823223756,2.3,0.4347826086956522,-0.08076080046341466,1x2.away,latest_pre_match,2026-02-27 04:46:03.627425+00:00,2026-02-27 12:54:15.004420+00:00
22023,2026-02-27 13:00:00+00:00,RO1,FC Hermannstadt,FC Botosani,dc_1x,0.6459781917677625,1.5333333333333332,0.6521739130434783,-0.006195721275715771,dc.home_draw,latest_pre_match,2026-02-27 04:46:03.627425+00:00,2026-02-27 12:54:15.004420+00:00
22023,2026-02-27 13:00:00+00:00,RO1,FC Hermannstadt,FC Botosani,dc_x2,0.630332367813458,1.3636363636363638,0.7333333333333333,-0.10300096551987525,dc.draw_away,latest_pre_match,2026-02-27 04:46:03.627425+00:00,2026-02-27 12:54:15.004420+00:00
22023,2026-02-27 13:00:00+00:00,RO1,FC Hermannstadt,FC Botosani,dc_12,0.7516451795508137,1.3333333333333333,0.75,0.001645179550813669,dc.home_away,latest_pre_match,2026-02-27 04:46:03.627425+00:00,2026-02-27 12:54:15.004420+00:00
22183,2026-02-27 13:30:00+00:00,RU1,Zenit,Baltika,o15,0.6760071881180784,,,,ou_1_5.over,,,2026-02-27 12:54:15.004420+00:00
22183,2026-02-27 13:30:00+00:00,RU1,Zenit,Baltika,u15,0.3239928118819217,,,,ou_1_5.under,,,2026-02-27 12:54:15.004420+00:00
22183,2026-02-27 13:30:00+00:00,RU1,Zenit,Baltika,o25,0.4087737273914606,,,,ou_2_5.over,,,2026-02-27 12:54:15.004420+00:00
22183,2026-02-27 13:30:00+00:00,RU1,Zenit,Baltika,u25,0.5912377126389415,,,,ou_2_5.under,,,2026-02-27 12:54:15.004420+00:00
22183,2026-02-27 13:30:00+00:00,RU1,Zenit,Baltika,c85,0.5991808521090162,,,,corners_ou_8_5.over,,,2026-02-27 12:54:15.004420+00:00
22183,2026-02-27 13:30:00+00:00,RU1,Zenit,Baltika,btts,0.45166245276350475,,,,btts.yes,,,2026-02-27 12:54:15.004420+00:00
22183,2026-02-27 13:30:00+00:00,RU1,Zenit,Baltika,1x2_h,0.6438300314802216,,,,1x2.home,,,2026-02-27 12:54:15.004420+00:00
22183,2026-02-27 13:30:00+00:00,RU1,Zenit,Baltika,1x2_d,0.22315111052713696,,,,1x2.draw,,,2026-02-27 12:54:15.004420+00:00
22183,2026-02-27 13:30:00+00:00,RU1,Zenit,Baltika,1x2_a,0.1905652753843308,,,,1x2.away,,,2026-02-27 12:54:15.004420+00:00
22183,2026-02-27 13:30:00+00:00,RU1,Zenit,Baltika,dc_1x,0.8094347246156692,,,,dc.home_draw,,,2026-02-27 12:54:15.004420+00:00
22183,2026-02-27 13:30:00+00:00,RU1,Zenit,Baltika,dc_x2,0.3561699685197784,,,,dc.draw_away,,,2026-02-27 12:54:15.004420+00:00
22183,2026-02-27 13:30:00+00:00,RU1,Zenit,Baltika,dc_12,0.7803226064985299,,,,dc.home_away,,,2026-02-27 12:54:15.004420+00:00
19886,2026-02-27 14:00:00+00:00,T1,Trabzonspor,Karagumruk,o15,0.7284462531099628,1.25,0.8,-0.07155374689003724,ou_1_5.over,latest_pre_match,2026-02-27 06:46:08.215200+00:00,2026-02-27 12:54:15.004420+00:00
19886,2026-02-27 14:00:00+00:00,T1,Trabzonspor,Karagumruk,u15,0.2722908838500844,3.75,0.26666666666666666,0.005624217183417712,ou_1_5.under,latest_pre_match,2026-02-27 06:46:08.215200+00:00,2026-02-27 12:54:15.004420+00:00
19886,2026-02-27 14:00:00+00:00,T1,Trabzonspor,Karagumruk,o25,0.4825927151531362,1.8,0.5555555555555556,-0.0729628404024194,ou_2_5.over,latest_pre_match,2026-02-27 06:46:08.215200+00:00,2026-02-27 12:54:15.004420+00:00
19886,2026-02-27 14:00:00+00:00,T1,Trabzonspor,Karagumruk,u25,0.5174072848468638,2.0,0.5,0.017407284846863824,ou_2_5.under,latest_pre_match,2026-02-27 06:46:08.215200+00:00,2026-02-27 12:54:15.004420+00:00
19886,2026-02-27 14:00:00+00:00,T1,Trabzonspor,Karagumruk,c85,0.6520476970742873,,,,corners_ou_8_5.over,,,2026-02-27 12:54:15.004420+00:00
19886,2026-02-27 14:00:00+00:00,T1,Trabzonspor,Karagumruk,btts,0.5043279975204912,1.9090909090909092,0.5238095238095238,-0.019481526289032658,btts.yes,latest_pre_match,2026-02-27 06:46:08.215200+00:00,2026-02-27 12:54:15.004420+00:00
19886,2026-02-27 14:00:00+00:00,T1,Trabzonspor,Karagumruk,1x2_h,0.5877391352646656,1.42,0.7042253521126761,-0.11648621684801053,1x2.home,latest_pre_match,2026-02-27 06:46:08.215200+00:00,2026-02-27 12:54:15.004420+00:00
19886,2026-02-27 14:00:00+00:00,T1,Trabzonspor,Karagumruk,1x2_d,0.2257736088018091,4.333333333333334,0.23076923076923073,-0.004995621967421621,1x2.draw,latest_pre_match,2026-02-27 06:46:08.215200+00:00,2026-02-27 12:54:15.004420+00:00
19886,2026-02-27 14:00:00+00:00,T1,Trabzonspor,Karagumruk,1x2_a,0.19143107625013167,6.25,0.16,0.03143107625013167,1x2.away,latest_pre_match,2026-02-27 06:46:08.215200+00:00,2026-02-27 12:54:15.004420+00:00
19886,2026-02-27 14:00:00+00:00,T1,Trabzonspor,Karagumruk,dc_1x,0.8085689237498683,1.125,0.8888888888888888,-0.08031996513902051,dc.home_draw,latest_pre_match,2026-02-27 06:46:08.215200+00:00,2026-02-27 12:54:15.004420+00:00
19886,2026-02-27 14:00:00+00:00,T1,Trabzonspor,Karagumruk,dc_x2,0.4122608647353345,2.625,0.38095238095238093,0.03130848378295359,dc.draw_away,latest_pre_match,2026-02-27 06:46:08.215200+00:00,2026-02-27 12:54:15.004420+00:00
19886,2026-02-27 14:00:00+00:00,T1,Trabzonspor,Karagumruk,dc_12,0.7774505325025839,1.2,0.8333333333333334,-0.05588280083074948,dc.home_away,latest_pre_match,2026-02-27 06:46:08.215200+00:00,2026-02-27 12:54:15.004420+00:00
19887,2026-02-27 14:00:00+00:00,T1,Basaksehir,Konyaspor,o15,0.7278838234136747,1.2,0.8333333333333334,-0.10544950991965862,ou_1_5.over,latest_pre_match,2026-02-27 06:46:07.577450+00:00,2026-02-27 12:54:15.004420+00:00
19887,2026-02-27 14:00:00+00:00,T1,Basaksehir,Konyaspor,u15,0.2722908838500844,4.333333333333334,0.23076923076923073,0.04152165308085365,ou_1_5.under,latest_pre_match,2026-02-27 06:46:07.577450+00:00,2026-02-27 12:54:15.004420+00:00
19887,2026-02-27 14:00:00+00:00,T1,Basaksehir,Konyaspor,o25,0.548938375927661,1.7,0.5882352941176471,-0.03929691818998604,ou_2_5.over,latest_pre_match,2026-02-27 06:46:07.577450+00:00,2026-02-27 12:54:15.004420+00:00
19887,2026-02-27 14:00:00+00:00,T1,Basaksehir,Konyaspor,u25,0.45106162407233913,2.1,0.47619047619047616,-0.025128852118137035,ou_2_5.under,latest_pre_match,2026-02-27 06:46:07.577450+00:00,2026-02-27 12:54:15.004420+00:00
19887,2026-02-27 14:00:00+00:00,T1,Basaksehir,Konyaspor,c85,0.6294858221629595,,,,corners_ou_8_5.over,,,2026-02-27 12:54:15.004420+00:00
19887,2026-02-27 14:00:00+00:00,T1,Basaksehir,Konyaspor,btts,0.5473704920971474,1.6666666666666665,0.6000000000000001,-0.0526295079028527,btts.yes,latest_pre_match,2026-02-27 06:46:07.577450+00:00,2026-02-27 12:54:15.004420+00:00
19887,2026-02-27 14:00:00+00:00,T1,Basaksehir,Konyaspor,1x2_h,0.5754220797654624,1.6800000000000002,0.5952380952380952,-0.019816015472632786,1x2.home,latest_pre_match,2026-02-27 06:46:07.577450+00:00,2026-02-27 12:54:15.004420+00:00
19887,2026-02-27 14:00:00+00:00,T1,Basaksehir,Konyaspor,1x2_d,0.23664317401920046,3.7,0.27027027027027023,-0.03362709625106977,1x2.draw,latest_pre_match,2026-02-27 06:46:07.577450+00:00,2026-02-27 12:54:15.004420+00:00
19887,2026-02-27 14:00:00+00:00,T1,Basaksehir,Konyaspor,1x2_a,0.17384458115721627,4.5,0.2222222222222222,-0.048377641065005944,1x2.away,latest_pre_match,2026-02-27 06:46:07.577450+00:00,2026-02-27 12:54:15.004420+00:00
19887,2026-02-27 14:00:00+00:00,T1,Basaksehir,Konyaspor,dc_1x,0.8261418829801309,1.1818181818181819,0.8461538461538461,-0.02001196317371523,dc.home_draw,latest_pre_match,2026-02-27 06:46:07.577450+00:00,2026-02-27 12:54:15.004420+00:00
19887,2026-02-27 14:00:00+00:00,T1,Basaksehir,Konyaspor,dc_x2,0.4245779202345375,2.05,0.48780487804878053,-0.06322695781424303,dc.draw_away,latest_pre_match,2026-02-27 06:46:07.577450+00:00,2026-02-27 12:54:15.004420+00:00
19887,2026-02-27 14:00:00+00:00,T1,Basaksehir,Konyaspor,dc_12,0.7642975348991774,1.2857142857142856,0.7777777777777779,-0.013480242878600501,dc.home_away,latest_pre_match,2026-02-27 06:46:07.577450+00:00,2026-02-27 12:54:15.004420+00:00
21690,2026-02-27 16:00:00+00:00,PL1,Cracovia,Piast Gliwice,o15,0.7326755764182336,1.4444444444444444,0.6923076923076923,0.04036788411054126,ou_1_5.over,latest_pre_match,2026-02-27 06:46:09.472077+00:00,2026-02-27 12:54:15.004420+00:00
21690,2026-02-27 16:00:00+00:00,PL1,Cracovia,Piast Gliwice,u15,0.26702603416560317,2.625,0.38095238095238093,-0.11392634678677777,ou_1_5.under,latest_pre_match,2026-02-27 06:46:09.472077+00:00,2026-02-27 12:54:15.004420+00:00
21690,2026-02-27 16:00:00+00:00,PL1,Cracovia,Piast Gliwice,o25,0.46933081408664096,2.4,0.4166666666666667,0.05266414741997427,ou_2_5.over,latest_pre_match,2026-02-27 06:46:09.472077+00:00,2026-02-27 12:54:15.004420+00:00
21690,2026-02-27 16:00:00+00:00,PL1,Cracovia,Piast Gliwice,u25,0.530669185913359,1.5333333333333332,0.6521739130434783,-0.12150472713011928,ou_2_5.under,latest_pre_match,2026-02-27 06:46:09.472077+00:00,2026-02-27 12:54:15.004420+00:00
21690,2026-02-27 16:00:00+00:00,PL1,Cracovia,Piast Gliwice,c85,0.6079007328091182,,,,corners_ou_8_5.over,,,2026-02-27 12:54:15.004420+00:00
21690,2026-02-27 16:00:00+00:00,PL1,Cracovia,Piast Gliwice,btts,0.5666005631173611,2.05,0.48780487804878053,0.07879568506858053,btts.yes,latest_pre_match,2026-02-27 06:46:09.472077+00:00,2026-02-27 12:54:15.004420+00:00
21690,2026-02-27 16:00:00+00:00,PL1,Cracovia,Piast Gliwice,1x2_h,0.3590896859262676,2.2,0.45454545454545453,-0.09545576861918692,1x2.home,latest_pre_match,2026-02-27 06:46:09.472077+00:00,2026-02-27 12:54:15.004420+00:00
21690,2026-02-27 16:00:00+00:00,PL1,Cracovia,Piast Gliwice,1x2_d,0.26984095983510165,3.0,0.3333333333333333,-0.06349237349823167,1x2.draw,latest_pre_match,2026-02-27 06:46:09.472077+00:00,2026-02-27 12:54:15.004420+00:00
21690,2026-02-27 16:00:00+00:00,PL1,Cracovia,Piast Gliwice,1x2_a,0.35402180823223756,3.2,0.3125,0.041521808232237556,1x2.away,latest_pre_match,2026-02-27 06:46:09.472077+00:00,2026-02-27 12:54:15.004420+00:00
21690,2026-02-27 16:00:00+00:00,PL1,Cracovia,Piast Gliwice,dc_1x,0.6459781917677625,1.3333333333333333,0.75,-0.1040218082322375,dc.home_draw,latest_pre_match,2026-02-27 06:46:09.472077+00:00,2026-02-27 12:54:15.004420+00:00
21690,2026-02-27 16:00:00+00:00,PL1,Cracovia,Piast Gliwice,dc_x2,0.6409103140737323,1.5714285714285714,0.6363636363636364,0.004546677710095981,dc.draw_away,latest_pre_match,2026-02-27 06:46:09.472077+00:00,2026-02-27 12:54:15.004420+00:00
21690,2026-02-27 16:00:00+00:00,PL1,Cracovia,Piast Gliwice,dc_12,0.731221759820221,1.3333333333333333,0.75,-0.018778240179779027,dc.home_away,latest_pre_match,2026-02-27 06:46:09.472077+00:00,2026-02-27 12:54:15.004420+00:00
22024,2026-02-27 16:00:00+00:00,RO1,U. Cluj,Otelul,o15,0.7326755764182336,1.3636363636363638,0.7333333333333333,-0.0006577569150997276,ou_1_5.over,latest_pre_match,2026-02-27 06:46:08.836524+00:00,2026-02-27 12:54:15.004420+00:00
22024,2026-02-27 16:00:00+00:00,RO1,U. Cluj,Otelul,u15,0.26702603416560317,3.0,0.3333333333333333,-0.06630729916773015,ou_1_5.under,latest_pre_match,2026-02-27 06:46:08.836524+00:00,2026-02-27 12:54:15.004420+00:00
22024,2026-02-27 16:00:00+00:00,RO1,U. Cluj,Otelul,o25,0.4848989670606659,2.15,0.46511627906976744,0.01978268799089844,ou_2_5.over,latest_pre_match,2026-02-27 06:46:08.836524+00:00,2026-02-27 12:54:15.004420+00:00
22024,2026-02-27 16:00:00+00:00,RO1,U. Cluj,Otelul,u25,0.5151010329393342,1.6666666666666665,0.6000000000000001,-0.08489896706066591,ou_2_5.under,latest_pre_match,2026-02-27 06:46:08.836524+00:00,2026-02-27 12:54:15.004420+00:00
22024,2026-02-27 16:00:00+00:00,RO1,U. Cluj,Otelul,c85,0.6133010542605067,,,,corners_ou_8_5.over,,,2026-02-27 12:54:15.004420+00:00
22024,2026-02-27 16:00:00+00:00,RO1,U. Cluj,Otelul,btts,0.5473704920971474,1.9090909090909092,0.5238095238095238,0.02356096828762355,btts.yes,latest_pre_match,2026-02-27 06:46:08.836524+00:00,2026-02-27 12:54:15.004420+00:00
22024,2026-02-27 16:00:00+00:00,RO1,U. Cluj,Otelul,1x2_h,0.4204141006056415,1.9100000000000001,0.5235602094240838,-0.10314610881844227,1x2.home,latest_pre_match,2026-02-27 06:46:08.836524+00:00,2026-02-27 12:54:15.004420+00:00
22024,2026-02-27 16:00:00+00:00,RO1,U. Cluj,Otelul,1x2_d,0.2511522858257487,3.2,0.3125,-0.06134771417425128,1x2.draw,latest_pre_match,2026-02-27 06:46:08.836524+00:00,2026-02-27 12:54:15.004420+00:00
22024,2026-02-27 16:00:00+00:00,RO1,U. Cluj,Otelul,1x2_a,0.2759909670315314,3.7,0.27027027027027023,0.00572069676126119,1x2.away,latest_pre_match,2026-02-27 06:46:08.836524+00:00,2026-02-27 12:54:15.004420+00:00
22024,2026-02-27 16:00:00+00:00,RO1,U. Cluj,Otelul,dc_1x,0.7240090329684685,1.25,0.8,-0.07599096703153152,dc.home_draw,latest_pre_match,2026-02-27 06:46:08.836524+00:00,2026-02-27 12:54:15.004420+00:00
22024,2026-02-27 16:00:00+00:00,RO1,U. Cluj,Otelul,dc_x2,0.5795858993943586,1.7272727272727273,0.5789473684210527,0.0006385309733059064,dc.draw_away,latest_pre_match,2026-02-27 06:46:08.836524+00:00,2026-02-27 12:54:15.004420+00:00
22024,2026-02-27 16:00:00+00:00,RO1,U. Cluj,Otelul,dc_12,0.7499104338295739,1.3333333333333333,0.75,-8.956617042610304e-05,dc.home_away,latest_pre_match,2026-02-27 06:46:08.836524+00:00,2026-02-27 12:54:15.004420+00:00
4152,2026-02-27 16:30:00+00:00,D2,Dusseldorf,Bochum,o15,0.830129830966651,1.25,0.8,0.030129830966651006,ou_1_5.over,latest_pre_match,2026-02-27 06:46:10.714535+00:00,2026-02-27 12:54:15.004420+00:00
4152,2026-02-27 16:30:00+00:00,D2,Dusseldorf,Bochum,u15,0.16987016903334895,3.75,0.26666666666666666,-0.09679649763331771,ou_1_5.under,latest_pre_match,2026-02-27 06:46:10.714535+00:00,2026-02-27 12:54:15.004420+00:00
4152,2026-02-27 16:30:00+00:00,D2,Dusseldorf,Bochum,o25,0.5778637329228585,1.8,0.5555555555555556,0.02230817736730295,ou_2_5.over,latest_pre_match,2026-02-27 06:46:10.714535+00:00,2026-02-27 12:54:15.004420+00:00
4152,2026-02-27 16:30:00+00:00,D2,Dusseldorf,Bochum,u25,0.4221362670771414,2.0,0.5,-0.07786373292285859,ou_2_5.under,latest_pre_match,2026-02-27 06:46:10.714535+00:00,2026-02-27 12:54:15.004420+00:00
4152,2026-02-27 16:30:00+00:00,D2,Dusseldorf,Bochum,c85,0.6240579805282213,,,,corners_ou_8_5.over,,,2026-02-27 12:54:15.004420+00:00
4152,2026-02-27 16:30:00+00:00,D2,Dusseldorf,Bochum,btts,0.5750051972930712,1.7272727272727273,0.5789473684210527,-0.003942171127981453,btts.yes,latest_pre_match,2026-02-27 06:46:10.714535+00:00,2026-02-27 12:54:15.004420+00:00
4152,2026-02-27 16:30:00+00:00,D2,Dusseldorf,Bochum,1x2_h,0.318267673061261,2.2,0.45454545454545453,-0.1362777814841935,1x2.home,latest_pre_match,2026-02-27 06:46:10.714535+00:00,2026-02-27 12:54:15.004420+00:00
4152,2026-02-27 16:30:00+00:00,D2,Dusseldorf,Bochum,1x2_d,0.23664317401920046,3.5,0.2857142857142857,-0.04907111169508524,1x2.draw,latest_pre_match,2026-02-27 06:46:10.714535+00:00,2026-02-27 12:54:15.004420+00:00
4152,2026-02-27 16:30:00+00:00,D2,Dusseldorf,Bochum,1x2_a,0.34708641929601064,3.0,0.3333333333333333,0.013753085962677325,1x2.away,latest_pre_match,2026-02-27 06:46:10.714535+00:00,2026-02-27 12:54:15.004420+00:00
4152,2026-02-27 16:30:00+00:00,D2,Dusseldorf,Bochum,dc_1x,0.6529135807039893,1.3636363636363638,0.7333333333333333,-0.08041975262934398,dc.home_draw,latest_pre_match,2026-02-27 06:46:10.714535+00:00,2026-02-27 12:54:15.004420+00:00
4152,2026-02-27 16:30:00+00:00,D2,Dusseldorf,Bochum,dc_x2,0.681732326938739,1.6666666666666665,0.6000000000000001,0.08173232693873889,dc.draw_away,latest_pre_match,2026-02-27 06:46:10.714535+00:00,2026-02-27 12:54:15.004420+00:00
4152,2026-02-27 16:30:00+00:00,D2,Dusseldorf,Bochum,dc_12,0.7642975348991774,1.2857142857142856,0.7777777777777779,-0.013480242878600501,dc.home_away,latest_pre_match,2026-02-27 06:46:10.714535+00:00,2026-02-27 12:54:15.004420+00:00
4153,2026-02-27 16:30:00+00:00,D2,SG Dynamo Dresden,Darmstadt,o15,0.7860666084743547,1.2222222222222223,0.8181818181818181,-0.0321152097074634,ou_1_5.over,latest_pre_match,2026-02-27 06:46:10.093088+00:00,2026-02-27 12:54:15.004420+00:00
4153,2026-02-27 16:30:00+00:00,D2,SG Dynamo Dresden,Darmstadt,u15,0.2139333915256453,4.0,0.25,-0.036066608474354694,ou_1_5.under,latest_pre_match,2026-02-27 06:46:10.093088+00:00,2026-02-27 12:54:15.004420+00:00
4153,2026-02-27 16:30:00+00:00,D2,SG Dynamo Dresden,Darmstadt,o25,0.5500207139718718,1.75,0.5714285714285714,-0.021407857456699597,ou_2_5.over,latest_pre_match,2026-02-27 06:46:10.093088+00:00,2026-02-27 12:54:15.004420+00:00
4153,2026-02-27 16:30:00+00:00,D2,SG Dynamo Dresden,Darmstadt,u25,0.4499792860281282,2.05,0.48780487804878053,-0.03782559202065233,ou_2_5.under,latest_pre_match,2026-02-27 06:46:10.093088+00:00,2026-02-27 12:54:15.004420+00:00
4153,2026-02-27 16:30:00+00:00,D2,SG Dynamo Dresden,Darmstadt,c85,0.6133010542605067,,,,corners_ou_8_5.over,,,2026-02-27 12:54:15.004420+00:00
4153,2026-02-27 16:30:00+00:00,D2,SG Dynamo Dresden,Darmstadt,btts,0.5696776682715123,1.6153846153846154,0.6190476190476191,-0.04936995077610673,btts.yes,latest_pre_match,2026-02-27 06:46:10.093088+00:00,2026-02-27 12:54:15.004420+00:00
4153,2026-02-27 16:30:00+00:00,D2,SG Dynamo Dresden,Darmstadt,1x2_h,0.3947380090863822,2.63,0.3802281368821293,0.014509872204252872,1x2.home,latest_pre_match,2026-02-27 06:46:10.093088+00:00,2026-02-27 12:54:15.004420+00:00
4153,2026-02-27 16:30:00+00:00,D2,SG Dynamo Dresden,Darmstadt,1x2_d,0.25689842612683145,3.5,0.2857142857142857,-0.02881585958745425,1x2.draw,latest_pre_match,2026-02-27 06:46:10.093088+00:00,2026-02-27 12:54:15.004420+00:00
4153,2026-02-27 16:30:00+00:00,D2,SG Dynamo Dresden,Darmstadt,1x2_a,0.316979943320986,2.45,0.4081632653061224,-0.0911833219851364,1x2.away,latest_pre_match,2026-02-27 06:46:10.093088+00:00,2026-02-27 12:54:15.004420+00:00
4153,2026-02-27 16:30:00+00:00,D2,SG Dynamo Dresden,Darmstadt,dc_1x,0.683020056679014,1.5333333333333332,0.6521739130434783,0.030846143635535728,dc.home_draw,latest_pre_match,2026-02-27 06:46:10.093088+00:00,2026-02-27 12:54:15.004420+00:00
4153,2026-02-27 16:30:00+00:00,D2,SG Dynamo Dresden,Darmstadt,dc_x2,0.6052619909136178,1.4444444444444444,0.6923076923076923,-0.08704570139407453,dc.draw_away,latest_pre_match,2026-02-27 06:46:10.093088+00:00,2026-02-27 12:54:15.004420+00:00
4153,2026-02-27 16:30:00+00:00,D2,SG Dynamo Dresden,Darmstadt,dc_12,0.7467279942114352,1.2857142857142856,0.7777777777777779,-0.031049783566342692,dc.home_away,latest_pre_match,2026-02-27 06:46:10.093088+00:00,2026-02-27 12:54:15.004420+00:00
4891,2026-02-27 17:00:00+00:00,I2,Monza,Entella,o15,0.7563050969549705,1.3333333333333333,0.75,0.006305096954970502,ou_1_5.over,latest_pre_match,2026-02-27 06:46:11.344621+00:00,2026-02-27 12:54:15.004420+00:00
4891,2026-02-27 17:00:00+00:00,I2,Monza,Entella,u15,0.24339651362886616,3.25,0.3076923076923077,-0.06429579406344155,ou_1_5.under,latest_pre_match,2026-02-27 06:46:11.344621+00:00,2026-02-27 12:54:15.004420+00:00
4891,2026-02-27 17:00:00+00:00,I2,Monza,Entella,o25,0.5132109633876706,2.075,0.48192771084337344,0.031283252544297147,ou_2_5.over,latest_pre_match,2026-02-27 06:46:11.344621+00:00,2026-02-27 12:54:15.004420+00:00
4891,2026-02-27 17:00:00+00:00,I2,Monza,Entella,u25,0.4867890366123295,1.7272727272727273,0.5789473684210527,-0.09215833180872318,ou_2_5.under,latest_pre_match,2026-02-27 06:46:11.344621+00:00,2026-02-27 12:54:15.004420+00:00
4891,2026-02-27 17:00:00+00:00,I2,Monza,Entella,c85,0.6133010542605067,,,,corners_ou_8_5.over,,,2026-02-27 12:54:15.004420+00:00
4891,2026-02-27 17:00:00+00:00,I2,Monza,Entella,btts,0.5666005631173611,2.05,0.48780487804878053,0.07879568506858053,btts.yes,latest_pre_match,2026-02-27 06:46:11.344621+00:00,2026-02-27 12:54:15.004420+00:00
4891,2026-02-27 17:00:00+00:00,I2,Monza,Entella,1x2_h,0.5716441615779364,1.53,0.6535947712418301,-0.08195060966389367,1x2.home,latest_pre_match,2026-02-27 06:46:11.344621+00:00,2026-02-27 12:54:15.004420+00:00
4891,2026-02-27 17:00:00+00:00,I2,Monza,Entella,1x2_d,0.23664317401920046,3.8,0.2631578947368421,-0.026514720717641632,1x2.draw,latest_pre_match,2026-02-27 06:46:11.344621+00:00,2026-02-27 12:54:15.004420+00:00
4891,2026-02-27 17:00:00+00:00,I2,Monza,Entella,1x2_a,0.25785906874881437,6.0,0.16666666666666666,0.09119240208214771,1x2.away,latest_pre_match,2026-02-27 06:46:11.344621+00:00,2026-02-27 12:54:15.004420+00:00
4891,2026-02-27 17:00:00+00:00,I2,Monza,Entella,dc_1x,0.7421409312511855,1.125,0.8888888888888888,-0.14674795763770332,dc.home_draw,latest_pre_match,2026-02-27 06:46:11.344621+00:00,2026-02-27 12:54:15.004420+00:00
4891,2026-02-27 17:00:00+00:00,I2,Monza,Entella,dc_x2,0.4283558384220636,2.3,0.4347826086956522,-0.006426770273588622,dc.draw_away,latest_pre_match,2026-02-27 06:46:11.344621+00:00,2026-02-27 12:54:15.004420+00:00
4891,2026-02-27 17:00:00+00:00,I2,Monza,Entella,dc_12,0.7642975348991774,1.25,0.8,-0.035702465100822645,dc.home_away,latest_pre_match,2026-02-27 06:46:11.344621+00:00,2026-02-27 12:54:15.004420+00:00
22592,2026-02-27 17:30:00+00:00,CH2,Bellinzona,Yverdon,o15,0.8176294184662386,,,,ou_1_5.over,,,2026-02-27 12:54:15.004420+00:00
22592,2026-02-27 17:30:00+00:00,CH2,Bellinzona,Yverdon,u15,0.18237058153376143,,,,ou_1_5.under,,,2026-02-27 12:54:15.004420+00:00
22592,2026-02-27 17:30:00+00:00,CH2,Bellinzona,Yverdon,o25,0.5348709218694452,,,,ou_2_5.over,,,2026-02-27 12:54:15.004420+00:00
22592,2026-02-27 17:30:00+00:00,CH2,Bellinzona,Yverdon,u25,0.4651290781305549,,,,ou_2_5.under,,,2026-02-27 12:54:15.004420+00:00
22592,2026-02-27 17:30:00+00:00,CH2,Bellinzona,Yverdon,c85,0.6133010542605067,,,,corners_ou_8_5.over,,,2026-02-27 12:54:15.004420+00:00
22592,2026-02-27 17:30:00+00:00,CH2,Bellinzona,Yverdon,btts,0.5723536821415561,,,,btts.yes,,,2026-02-27 12:54:15.004420+00:00
22592,2026-02-27 17:30:00+00:00,CH2,Bellinzona,Yverdon,1x2_h,0.41292175458170627,3.1,0.3225806451612903,0.09034110942041595,1x2.home,latest_pre_match,2026-02-27 06:46:11.973521+00:00,2026-02-27 12:54:15.004420+00:00
22592,2026-02-27 17:30:00+00:00,CH2,Bellinzona,Yverdon,1x2_d,0.22938605212674532,3.5,0.2857142857142857,-0.05632823358754038,1x2.draw,latest_pre_match,2026-02-27 06:46:11.973521+00:00,2026-02-27 12:54:15.004420+00:00
22592,2026-02-27 17:30:00+00:00,CH2,Bellinzona,Yverdon,1x2_a,0.4054398640034,2.15,0.46511627906976744,-0.05967641506636745,1x2.away,latest_pre_match,2026-02-27 06:46:11.973521+00:00,2026-02-27 12:54:15.004420+00:00
22592,2026-02-27 17:30:00+00:00,CH2,Bellinzona,Yverdon,dc_1x,0.5945601359966001,,,,dc.home_draw,,,2026-02-27 12:54:15.004420+00:00
22592,2026-02-27 17:30:00+00:00,CH2,Bellinzona,Yverdon,dc_x2,0.5870782454182938,,,,dc.draw_away,,,2026-02-27 12:54:15.004420+00:00
22592,2026-02-27 17:30:00+00:00,CH2,Bellinzona,Yverdon,dc_12,0.7716766675285774,,,,dc.home_away,,,2026-02-27 12:54:15.004420+00:00
12129,2026-02-27 18:00:00+00:00,F2,Grenoble,Boulogne,o15,0.711111826450062,1.4444444444444444,0.6923076923076923,0.0188041341423697,ou_1_5.over,latest_pre_match,2026-02-27 06:46:15.613985+00:00,2026-02-27 12:54:15.004420+00:00
12129,2026-02-27 18:00:00+00:00,F2,Grenoble,Boulogne,u15,0.2890628808136972,2.625,0.38095238095238093,-0.09188950013868374,ou_1_5.under,latest_pre_match,2026-02-27 06:46:15.613985+00:00,2026-02-27 12:54:15.004420+00:00
12129,2026-02-27 18:00:00+00:00,F2,Grenoble,Boulogne,o25,0.46704828595511344,2.4,0.4166666666666667,0.050381619288446755,ou_2_5.over,latest_pre_match,2026-02-27 06:46:15.613985+00:00,2026-02-27 12:54:15.004420+00:00
12129,2026-02-27 18:00:00+00:00,F2,Grenoble,Boulogne,u25,0.5329517140448865,1.5333333333333332,0.6521739130434783,-0.11922219899859177,ou_2_5.under,latest_pre_match,2026-02-27 06:46:15.613985+00:00,2026-02-27 12:54:15.004420+00:00
12129,2026-02-27 18:00:00+00:00,F2,Grenoble,Boulogne,c85,0.6148840600639782,1.7272727272727273,0.5789473684210527,0.03593669164292557,corners_ou_8_5.over,latest_pre_match,2026-02-27 06:46:15.613985+00:00,2026-02-27 12:54:15.004420+00:00
12129,2026-02-27 18:00:00+00:00,F2,Grenoble,Boulogne,btts,0.5458314749350986,2.0,0.5,0.04583147493509865,btts.yes,latest_pre_match,2026-02-27 06:46:15.613985+00:00,2026-02-27 12:54:15.004420+00:00
12129,2026-02-27 18:00:00+00:00,F2,Grenoble,Boulogne,1x2_h,0.2080026455026455,2.5,0.4,-0.19199735449735453,1x2.home,latest_pre_match,2026-02-27 06:46:15.613985+00:00,2026-02-27 12:54:15.004420+00:00
12129,2026-02-27 18:00:00+00:00,F2,Grenoble,Boulogne,1x2_d,0.2507554321763958,2.9,0.3448275862068966,-0.09407215403050079,1x2.draw,latest_pre_match,2026-02-27 06:46:15.613985+00:00,2026-02-27 12:54:15.004420+00:00
12129,2026-02-27 18:00:00+00:00,F2,Grenoble,Boulogne,1x2_a,0.42708183059949495,2.7,0.37037037037037035,0.0567114602291246,1x2.away,latest_pre_match,2026-02-27 06:46:15.613985+00:00,2026-02-27 12:54:15.004420+00:00
12129,2026-02-27 18:00:00+00:00,F2,Grenoble,Boulogne,dc_1x,0.5729181694005051,1.4,0.7142857142857143,-0.1413675448852092,dc.home_draw,latest_pre_match,2026-02-27 06:46:15.613985+00:00,2026-02-27 12:54:15.004420+00:00
12129,2026-02-27 18:00:00+00:00,F2,Grenoble,Boulogne,dc_x2,0.7919973544973545,1.4444444444444444,0.6923076923076923,0.09968966218966224,dc.draw_away,latest_pre_match,2026-02-27 06:46:15.613985+00:00,2026-02-27 12:54:15.004420+00:00
12129,2026-02-27 18:00:00+00:00,F2,Grenoble,Boulogne,dc_12,0.7503072874789268,1.3636363636363638,0.7333333333333333,0.01697395414559355,dc.home_away,latest_pre_match,2026-02-27 06:46:15.613985+00:00,2026-02-27 12:54:15.004420+00:00
12130,2026-02-27 18:00:00+00:00,F2,Laval,Nancy,o15,0.6942803586322969,1.5,0.6666666666666666,0.027613691965630238,ou_1_5.over,latest_pre_match,2026-02-27 06:46:14.983948+00:00,2026-02-27 12:54:15.004420+00:00
12130,2026-02-27 18:00:00+00:00,F2,Laval,Nancy,u15,0.3058943486314622,2.5,0.4,-0.09410565136853782,ou_1_5.under,latest_pre_match,2026-02-27 06:46:14.983948+00:00,2026-02-27 12:54:15.004420+00:00
12130,2026-02-27 18:00:00+00:00,F2,Laval,Nancy,o25,0.43590737435014826,2.5,0.4,0.035907374350148236,ou_2_5.over,latest_pre_match,2026-02-27 06:46:14.983948+00:00,2026-02-27 12:54:15.004420+00:00
12130,2026-02-27 18:00:00+00:00,F2,Laval,Nancy,u25,0.5640926256498516,1.5,0.6666666666666666,-0.102574041016815,ou_2_5.under,latest_pre_match,2026-02-27 06:46:14.983948+00:00,2026-02-27 12:54:15.004420+00:00
12130,2026-02-27 18:00:00+00:00,F2,Laval,Nancy,c85,0.6036700873631614,,,,corners_ou_8_5.over,,,2026-02-27 12:54:15.004420+00:00
12130,2026-02-27 18:00:00+00:00,F2,Laval,Nancy,btts,0.5220154892242919,2.1,0.47619047619047616,0.0458250130338157,btts.yes,latest_pre_match,2026-02-27 06:46:14.983948+00:00,2026-02-27 12:54:15.004420+00:00
12130,2026-02-27 18:00:00+00:00,F2,Laval,Nancy,1x2_h,0.23199348101996076,2.63,0.3802281368821293,-0.14823465586216855,1x2.home,latest_pre_match,2026-02-27 06:46:14.983948+00:00,2026-02-27 12:54:15.004420+00:00
12130,2026-02-27 18:00:00+00:00,F2,Laval,Nancy,1x2_d,0.2589713946177104,2.8,0.35714285714285715,-0.09817146252514675,1x2.draw,latest_pre_match,2026-02-27 06:46:14.983948+00:00,2026-02-27 12:54:15.004420+00:00
12130,2026-02-27 18:00:00+00:00,F2,Laval,Nancy,1x2_a,0.4550887978142077,2.63,0.3802281368821293,0.07486066093207838,1x2.away,latest_pre_match,2026-02-27 06:46:14.983948+00:00,2026-02-27 12:54:15.004420+00:00
12130,2026-02-27 18:00:00+00:00,F2,Laval,Nancy,dc_1x,0.5449112021857924,1.4,0.7142857142857143,-0.16937451209992194,dc.home_draw,latest_pre_match,2026-02-27 06:46:14.983948+00:00,2026-02-27 12:54:15.004420+00:00
12130,2026-02-27 18:00:00+00:00,F2,Laval,Nancy,dc_x2,0.7680065189800391,1.4444444444444444,0.6923076923076923,0.07569882667234684,dc.draw_away,latest_pre_match,2026-02-27 06:46:14.983948+00:00,2026-02-27 12:54:15.004420+00:00
12130,2026-02-27 18:00:00+00:00,F2,Laval,Nancy,dc_12,0.7419693143006674,1.3636363636363638,0.7333333333333333,0.00863598096733409,dc.home_away,latest_pre_match,2026-02-27 06:46:14.983948+00:00,2026-02-27 12:54:15.004420+00:00
12131,2026-02-27 18:00:00+00:00,F2,Montpellier,Reims,o15,0.7019442000158879,1.3333333333333333,0.75,-0.048055799984112135,ou_1_5.over,latest_pre_match,2026-02-27 06:46:14.365677+00:00,2026-02-27 12:54:15.004420+00:00
12131,2026-02-27 18:00:00+00:00,F2,Montpellier,Reims,u15,0.29805579998411214,3.25,0.3076923076923077,-0.009636507708195574,ou_1_5.under,latest_pre_match,2026-02-27 06:46:14.365677+00:00,2026-02-27 12:54:15.004420+00:00
12131,2026-02-27 18:00:00+00:00,F2,Montpellier,Reims,o25,0.41002445224081113,2.1,0.47619047619047616,-0.06616602394966503,ou_2_5.over,latest_pre_match,2026-02-27 06:46:14.365677+00:00,2026-02-27 12:54:15.004420+00:00
12131,2026-02-27 18:00:00+00:00,F2,Montpellier,Reims,u25,0.5899755477591889,1.7,0.5882352941176471,0.0017402536415418446,ou_2_5.under,latest_pre_match,2026-02-27 06:46:14.365677+00:00,2026-02-27 12:54:15.004420+00:00
12131,2026-02-27 18:00:00+00:00,F2,Montpellier,Reims,c85,0.6079007328091182,1.6666666666666665,0.6000000000000001,0.007900732809118072,corners_ou_8_5.over,latest_pre_match,2026-02-27 06:46:14.365677+00:00,2026-02-27 12:54:15.004420+00:00
12131,2026-02-27 18:00:00+00:00,F2,Montpellier,Reims,btts,0.5220154892242919,1.8333333333333335,0.5454545454545454,-0.023439056230253552,btts.yes,latest_pre_match,2026-02-27 06:46:14.365677+00:00,2026-02-27 12:54:15.004420+00:00
12131,2026-02-27 18:00:00+00:00,F2,Montpellier,Reims,1x2_h,0.23552081788063095,2.9,0.3448275862068966,-0.10930676832626562,1x2.home,latest_pre_match,2026-02-27 06:46:14.365677+00:00,2026-02-27 12:54:15.004420+00:00
12131,2026-02-27 18:00:00+00:00,F2,Montpellier,Reims,1x2_d,0.25182853747485323,3.1,0.3225806451612903,-0.07075210768643708,1x2.draw,latest_pre_match,2026-02-27 06:46:14.365677+00:00,2026-02-27 12:54:15.004420+00:00
12131,2026-02-27 18:00:00+00:00,F2,Montpellier,Reims,1x2_a,0.42449842829767537,2.2,0.45454545454545453,-0.030047026247779163,1x2.away,latest_pre_match,2026-02-27 06:46:14.365677+00:00,2026-02-27 12:54:15.004420+00:00
12131,2026-02-27 18:00:00+00:00,F2,Montpellier,Reims,dc_1x,0.5755015717023246,1.5714285714285714,0.6363636363636364,-0.06086206466131172,dc.home_draw,latest_pre_match,2026-02-27 06:46:14.365677+00:00,2026-02-27 12:54:15.004420+00:00
12131,2026-02-27 18:00:00+00:00,F2,Montpellier,Reims,dc_x2,0.764479182119369,1.3636363636363638,0.7333333333333333,0.031145848786035768,dc.draw_away,latest_pre_match,2026-02-27 06:46:14.365677+00:00,2026-02-27 12:54:15.004420+00:00
12131,2026-02-27 18:00:00+00:00,F2,Montpellier,Reims,dc_12,0.7492341821804697,1.3333333333333333,0.75,-0.0007658178195303345,dc.home_away,latest_pre_match,2026-02-27 06:46:14.365677+00:00,2026-02-27 12:54:15.004420+00:00
12132,2026-02-27 18:00:00+00:00,F2,Clermont,Dunkerque,o15,0.6942803586322969,1.3333333333333333,0.75,-0.05571964136770313,ou_1_5.over,latest_pre_match,2026-02-27 06:46:13.729388+00:00,2026-02-27 12:54:15.004420+00:00
12132,2026-02-27 18:00:00+00:00,F2,Clermont,Dunkerque,u15,0.3058943486314622,3.25,0.3076923076923077,-0.001797959060845511,ou_1_5.under,latest_pre_match,2026-02-27 06:46:13.729388+00:00,2026-02-27 12:54:15.004420+00:00
12132,2026-02-27 18:00:00+00:00,F2,Clermont,Dunkerque,o25,0.41660331282972796,2.075,0.48192771084337344,-0.06532439801364548,ou_2_5.over,latest_pre_match,2026-02-27 06:46:13.729388+00:00,2026-02-27 12:54:15.004420+00:00
12132,2026-02-27 18:00:00+00:00,F2,Clermont,Dunkerque,u25,0.583396687170272,1.7272727272727273,0.5789473684210527,0.004449318749219389,ou_2_5.under,latest_pre_match,2026-02-27 06:46:13.729388+00:00,2026-02-27 12:54:15.004420+00:00
12132,2026-02-27 18:00:00+00:00,F2,Clermont,Dunkerque,c85,0.6133010542605067,1.8,0.5555555555555556,0.05774549870495116,corners_ou_8_5.over,latest_pre_match,2026-02-27 06:46:13.729388+00:00,2026-02-27 12:54:15.004420+00:00
12132,2026-02-27 18:00:00+00:00,F2,Clermont,Dunkerque,btts,0.5220154892242919,1.8,0.5555555555555556,-0.03354006633126372,btts.yes,latest_pre_match,2026-02-27 06:46:13.729388+00:00,2026-02-27 12:54:15.004420+00:00
12132,2026-02-27 18:00:00+00:00,F2,Clermont,Dunkerque,1x2_h,0.24957584180407597,2.9,0.3448275862068966,-0.09525174440282061,1x2.home,latest_pre_match,2026-02-27 06:46:13.729388+00:00,2026-02-27 12:54:15.004420+00:00
12132,2026-02-27 18:00:00+00:00,F2,Clermont,Dunkerque,1x2_d,0.26925508256097275,2.9,0.3448275862068966,-0.07557250364592383,1x2.draw,latest_pre_match,2026-02-27 06:46:13.729388+00:00,2026-02-27 12:54:15.004420+00:00
12132,2026-02-27 18:00:00+00:00,F2,Clermont,Dunkerque,1x2_a,0.4229273363887987,2.45,0.4081632653061224,0.0147640710826763,1x2.away,latest_pre_match,2026-02-27 06:46:13.729388+00:00,2026-02-27 12:54:15.004420+00:00
12132,2026-02-27 18:00:00+00:00,F2,Clermont,Dunkerque,dc_1x,0.5770726636112012,1.5,0.6666666666666666,-0.08959400305546539,dc.home_draw,latest_pre_match,2026-02-27 06:46:13.729388+00:00,2026-02-27 12:54:15.004420+00:00
12132,2026-02-27 18:00:00+00:00,F2,Clermont,Dunkerque,dc_x2,0.750424158195924,1.3636363636363638,0.7333333333333333,0.017090824862590726,dc.draw_away,latest_pre_match,2026-02-27 06:46:13.729388+00:00,2026-02-27 12:54:15.004420+00:00
12132,2026-02-27 18:00:00+00:00,F2,Clermont,Dunkerque,dc_12,0.7318076370943499,1.3636363636363638,0.7333333333333333,-0.001525696238983354,dc.home_away,latest_pre_match,2026-02-27 06:46:13.729388+00:00,2026-02-27 12:54:15.004420+00:00
12133,2026-02-27 18:00:00+00:00,F2,Bastia,Annecy,o15,0.6537872811960033,1.5,0.6666666666666666,-0.012879385470663363,ou_1_5.over,latest_pre_match,2026-02-27 06:46:12.576073+00:00,2026-02-27 12:54:15.004420+00:00
12133,2026-02-27 18:00:00+00:00,F2,Bastia,Annecy,u15,0.34621271880399673,2.5,0.4,-0.05378728119600329,ou_1_5.under,latest_pre_match,2026-02-27 06:46:12.576073+00:00,2026-02-27 12:54:15.004420+00:00
12133,2026-02-27 18:00:00+00:00,F2,Bastia,Annecy,o25,0.4672815638502528,2.6,0.3846153846153846,0.08266617923486824,ou_2_5.over,latest_pre_match,2026-02-27 06:46:12.576073+00:00,2026-02-27 12:54:15.004420+00:00
12133,2026-02-27 18:00:00+00:00,F2,Bastia,Annecy,u25,0.5327184361497471,1.475,0.6779661016949152,-0.1452476655451681,ou_2_5.under,latest_pre_match,2026-02-27 06:46:12.576073+00:00,2026-02-27 12:54:15.004420+00:00
12133,2026-02-27 18:00:00+00:00,F2,Bastia,Annecy,c85,0.5635828287361034,,,,corners_ou_8_5.over,,,2026-02-27 12:54:15.004420+00:00
12133,2026-02-27 18:00:00+00:00,F2,Bastia,Annecy,btts,0.526601403914885,2.1,0.47619047619047616,0.050410927724408805,btts.yes,latest_pre_match,2026-02-27 06:46:12.576073+00:00,2026-02-27 12:54:15.004420+00:00
12133,2026-02-27 18:00:00+00:00,F2,Bastia,Annecy,1x2_h,0.23552081788063095,2.4,0.4166666666666667,-0.18114584878603573,1x2.home,latest_pre_match,2026-02-27 06:46:12.576073+00:00,2026-02-27 12:54:15.004420+00:00
12133,2026-02-27 18:00:00+00:00,F2,Bastia,Annecy,1x2_d,0.2589713946177104,2.75,0.36363636363636365,-0.10466496901865324,1x2.draw,latest_pre_match,2026-02-27 06:46:12.576073+00:00,2026-02-27 12:54:15.004420+00:00
12133,2026-02-27 18:00:00+00:00,F2,Bastia,Annecy,1x2_a,0.45396647269109297,3.0,0.3333333333333333,0.12063313935775966,1x2.away,latest_pre_match,2026-02-27 06:46:12.576073+00:00,2026-02-27 12:54:15.004420+00:00
12133,2026-02-27 18:00:00+00:00,F2,Bastia,Annecy,dc_1x,0.5460335273089071,1.3636363636363638,0.7333333333333333,-0.1872998060244262,dc.home_draw,latest_pre_match,2026-02-27 06:46:12.576073+00:00,2026-02-27 12:54:15.004420+00:00
12133,2026-02-27 18:00:00+00:00,F2,Bastia,Annecy,dc_x2,0.764479182119369,1.4444444444444444,0.6923076923076923,0.07217148981167676,dc.draw_away,latest_pre_match,2026-02-27 06:46:12.576073+00:00,2026-02-27 12:54:15.004420+00:00
12133,2026-02-27 18:00:00+00:00,F2,Bastia,Annecy,dc_12,0.7419693143006674,1.3636363636363638,0.7333333333333333,0.00863598096733409,dc.home_away,latest_pre_match,2026-02-27 06:46:12.576073+00:00,2026-02-27 12:54:15.004420+00:00
19051,2026-02-27 18:00:00+00:00,N1,Telstar,NAC Breda,o15,0.8320067078435279,1.25,0.8,0.03200670784352788,ou_1_5.over,latest_pre_match,2026-02-27 06:46:16.279398+00:00,2026-02-27 12:54:15.004420+00:00
19051,2026-02-27 18:00:00+00:00,N1,Telstar,NAC Breda,u15,0.16799329215647207,3.75,0.26666666666666666,-0.09867337451019459,ou_1_5.under,latest_pre_match,2026-02-27 06:46:16.279398+00:00,2026-02-27 12:54:15.004420+00:00
19051,2026-02-27 18:00:00+00:00,N1,Telstar,NAC Breda,o25,0.622774768735415,1.8,0.5555555555555556,0.06721921317985946,ou_2_5.over,latest_pre_match,2026-02-27 06:46:16.279398+00:00,2026-02-27 12:54:15.004420+00:00
19051,2026-02-27 18:00:00+00:00,N1,Telstar,NAC Breda,u25,0.3793210190746585,2.0,0.5,-0.12067898092534152,ou_2_5.under,latest_pre_match,2026-02-27 06:46:16.279398+00:00,2026-02-27 12:54:15.004420+00:00
19051,2026-02-27 18:00:00+00:00,N1,Telstar,NAC Breda,c85,0.6285043032391121,,,,corners_ou_8_5.over,,,2026-02-27 12:54:15.004420+00:00
19051,2026-02-27 18:00:00+00:00,N1,Telstar,NAC Breda,btts,0.5696776682715123,1.6666666666666665,0.6000000000000001,-0.03032233172848775,btts.yes,latest_pre_match,2026-02-27 06:46:16.279398+00:00,2026-02-27 12:54:15.004420+00:00
19051,2026-02-27 18:00:00+00:00,N1,Telstar,NAC Breda,1x2_h,0.17456077872744538,2.45,0.4081632653061224,-0.23360248657867702,1x2.home,latest_pre_match,2026-02-27 06:46:16.279398+00:00,2026-02-27 12:54:15.004420+00:00
19051,2026-02-27 18:00:00+00:00,N1,Telstar,NAC Breda,1x2_d,0.20924527303380133,3.75,0.26666666666666666,-0.05742139363286533,1x2.draw,latest_pre_match,2026-02-27 06:46:16.279398+00:00,2026-02-27 12:54:15.004420+00:00
19051,2026-02-27 18:00:00+00:00,N1,Telstar,NAC Breda,1x2_a,0.6944444444444443,2.63,0.3802281368821293,0.314216307562315,1x2.away,latest_pre_match,2026-02-27 06:46:16.279398+00:00,2026-02-27 12:54:15.004420+00:00
19051,2026-02-27 18:00:00+00:00,N1,Telstar,NAC Breda,dc_1x,0.3055555555555555,1.4444444444444444,0.6923076923076923,-0.38675213675213677,dc.home_draw,latest_pre_match,2026-02-27 06:46:16.279398+00:00,2026-02-27 12:54:15.004420+00:00
19051,2026-02-27 18:00:00+00:00,N1,Telstar,NAC Breda,dc_x2,0.8254392212725546,1.5333333333333332,0.6521739130434783,0.17326530822907638,dc.draw_away,latest_pre_match,2026-02-27 06:46:16.279398+00:00,2026-02-27 12:54:15.004420+00:00
19051,2026-02-27 18:00:00+00:00,N1,Telstar,NAC Breda,dc_12,0.78736194397265,1.25,0.8,-0.01263805602735002,dc.home_away,latest_pre_match,2026-02-27 06:46:16.279398+00:00,2026-02-27 12:54:15.004420+00:00
22593,2026-02-27 18:15:00+00:00,CH2,Aarau,Rapperswil-Jona,o15,0.7220369105574999,,,,ou_1_5.over,,,2026-02-27 12:54:15.004420+00:00
22593,2026-02-27 18:15:00+00:00,CH2,Aarau,Rapperswil-Jona,u15,0.2783571305091146,,,,ou_1_5.under,,,2026-02-27 12:54:15.004420+00:00
22593,2026-02-27 18:15:00+00:00,CH2,Aarau,Rapperswil-Jona,o25,0.5007050035867455,,,,ou_2_5.over,,,2026-02-27 12:54:15.004420+00:00
22593,2026-02-27 18:15:00+00:00,CH2,Aarau,Rapperswil-Jona,u25,0.4992949964132544,,,,ou_2_5.under,,,2026-02-27 12:54:15.004420+00:00
22593,2026-02-27 18:15:00+00:00,CH2,Aarau,Rapperswil-Jona,c85,0.5785274829557315,,,,corners_ou_8_5.over,,,2026-02-27 12:54:15.004420+00:00
22593,2026-02-27 18:15:00+00:00,CH2,Aarau,Rapperswil-Jona,btts,0.5085520100858988,,,,btts.yes,,,2026-02-27 12:54:15.004420+00:00
22593,2026-02-27 18:15:00+00:00,CH2,Aarau,Rapperswil-Jona,1x2_h,0.5716441615779364,1.7,0.5882352941176471,-0.016591132539710673,1x2.home,latest_pre_match,2026-02-27 06:46:16.909561+00:00,2026-02-27 12:54:15.004420+00:00
22593,2026-02-27 18:15:00+00:00,CH2,Aarau,Rapperswil-Jona,1x2_d,0.24547933112564688,3.8,0.2631578947368421,-0.017678563611195214,1x2.draw,latest_pre_match,2026-02-27 06:46:16.909561+00:00,2026-02-27 12:54:15.004420+00:00
22593,2026-02-27 18:15:00+00:00,CH2,Aarau,Rapperswil-Jona,1x2_a,0.22663441307662566,4.333333333333334,0.23076923076923073,-0.0041348176926050695,1x2.away,latest_pre_match,2026-02-27 06:46:16.909561+00:00,2026-02-27 12:54:15.004420+00:00
22593,2026-02-27 18:15:00+00:00,CH2,Aarau,Rapperswil-Jona,dc_1x,0.7733655869233743,,,,dc.home_draw,,,2026-02-27 12:54:15.004420+00:00
22593,2026-02-27 18:15:00+00:00,CH2,Aarau,Rapperswil-Jona,dc_x2,0.4283558384220636,,,,dc.draw_away,,,2026-02-27 12:54:15.004420+00:00
22593,2026-02-27 18:15:00+00:00,CH2,Aarau,Rapperswil-Jona,dc_12,0.755583388529676,,,,dc.home_away,,,2026-02-27 12:54:15.004420+00:00
3845,2026-02-27 18:30:00+00:00,D1,Augsburg,FC Koln,o15,0.8087472469051417,1.2222222222222223,0.8181818181818181,-0.009434571276676462,ou_1_5.over,latest_pre_match,2026-02-27 06:46:17.520081+00:00,2026-02-27 12:54:15.004420+00:00
3845,2026-02-27 18:30:00+00:00,D1,Augsburg,FC Koln,u15,0.19125275309485837,4.333333333333334,0.23076923076923073,-0.03951647767437236,ou_1_5.under,latest_pre_match,2026-02-27 06:46:17.520081+00:00,2026-02-27 12:54:15.004420+00:00
3845,2026-02-27 18:30:00+00:00,D1,Augsburg,FC Koln,o25,0.5302408169239626,1.7272727272727273,0.5789473684210527,-0.04870655149709002,ou_2_5.over,latest_pre_match,2026-02-27 06:46:17.520081+00:00,2026-02-27 12:54:15.004420+00:00
3845,2026-02-27 18:30:00+00:00,D1,Augsburg,FC Koln,u25,0.46975918307603765,2.1,0.47619047619047616,-0.006431293114438519,ou_2_5.under,latest_pre_match,2026-02-27 06:46:17.520081+00:00,2026-02-27 12:54:15.004420+00:00
3845,2026-02-27 18:30:00+00:00,D1,Augsburg,FC Koln,c85,0.6330271324477649,,,,corners_ou_8_5.over,,,2026-02-27 12:54:15.004420+00:00
3845,2026-02-27 18:30:00+00:00,D1,Augsburg,FC Koln,btts,0.5750051972930712,1.5714285714285714,0.6363636363636364,-0.06135843907056515,btts.yes,latest_pre_match,2026-02-27 06:46:17.520081+00:00,2026-02-27 12:54:15.004420+00:00
3845,2026-02-27 18:30:00+00:00,D1,Augsburg,FC Koln,1x2_h,0.46475482379323085,2.2,0.45454545454545453,0.010209369247776323,1x2.home,latest_pre_match,2026-02-27 06:46:17.520081+00:00,2026-02-27 12:54:15.004420+00:00
3845,2026-02-27 18:30:00+00:00,D1,Augsburg,FC Koln,1x2_d,0.26925508256097275,3.6,0.2777777777777778,-0.008522695216805043,1x2.draw,latest_pre_match,2026-02-27 06:46:17.520081+00:00,2026-02-27 12:54:15.004420+00:00
3845,2026-02-27 18:30:00+00:00,D1,Augsburg,FC Koln,1x2_a,0.2832446482795204,3.2,0.3125,-0.029255351720479605,1x2.away,latest_pre_match,2026-02-27 06:46:17.520081+00:00,2026-02-27 12:54:15.004420+00:00
3845,2026-02-27 18:30:00+00:00,D1,Augsburg,FC Koln,dc_1x,0.7167553517204794,1.3636363636363638,0.7333333333333333,-0.016577981612853843,dc.home_draw,latest_pre_match,2026-02-27 06:46:17.520081+00:00,2026-02-27 12:54:15.004420+00:00
3845,2026-02-27 18:30:00+00:00,D1,Augsburg,FC Koln,dc_x2,0.5352451762067691,1.6666666666666665,0.6000000000000001,-0.06475482379323094,dc.draw_away,latest_pre_match,2026-02-27 06:46:17.520081+00:00,2026-02-27 12:54:15.004420+00:00
3845,2026-02-27 18:30:00+00:00,D1,Augsburg,FC Koln,dc_12,0.7318076370943499,1.2857142857142856,0.7777777777777779,-0.045970140683427974,dc.home_away,latest_pre_match,2026-02-27 06:46:17.520081+00:00,2026-02-27 12:54:15.004420+00:00
5527,2026-02-27 18:30:00+00:00,SP2,Albacete,Almeria,o15,0.830129830966651,1.2,0.8333333333333334,-0.0032035023666823204,ou_1_5.over,latest_pre_match,2026-02-27 06:46:18.737042+00:00,2026-02-27 12:54:15.004420+00:00
5527,2026-02-27 18:30:00+00:00,SP2,Albacete,Almeria,u15,0.16987016903334895,4.333333333333334,0.23076923076923073,-0.060899061735881777,ou_1_5.under,latest_pre_match,2026-02-27 06:46:18.737042+00:00,2026-02-27 12:54:15.004420+00:00
5527,2026-02-27 18:30:00+00:00,SP2,Albacete,Almeria,o25,0.6062858355153335,1.7,0.5882352941176471,0.01805054139768647,ou_2_5.over,latest_pre_match,2026-02-27 06:46:18.737042+00:00,2026-02-27 12:54:15.004420+00:00
5527,2026-02-27 18:30:00+00:00,SP2,Albacete,Almeria,u25,0.39371416448466645,2.1,0.47619047619047616,-0.08247631170580971,ou_2_5.under,latest_pre_match,2026-02-27 06:46:18.737042+00:00,2026-02-27 12:54:15.004420+00:00
5527,2026-02-27 18:30:00+00:00,SP2,Albacete,Almeria,c85,0.6079007328091182,,,,corners_ou_8_5.over,,,2026-02-27 12:54:15.004420+00:00
5527,2026-02-27 18:30:00+00:00,SP2,Albacete,Almeria,btts,0.5874699612113234,1.5714285714285714,0.6363636363636364,-0.04889367515231291,btts.yes,latest_pre_match,2026-02-27 06:46:18.737042+00:00,2026-02-27 12:54:15.004420+00:00
5527,2026-02-27 18:30:00+00:00,SP2,Albacete,Almeria,1x2_h,0.4147990324581292,2.3,0.4347826086956522,-0.019983576237523004,1x2.home,latest_pre_match,2026-02-27 06:46:18.737042+00:00,2026-02-27 12:54:15.004420+00:00
5527,2026-02-27 18:30:00+00:00,SP2,Albacete,Almeria,1x2_d,0.2345702055283215,3.6,0.2777777777777778,-0.04320757224945629,1x2.draw,latest_pre_match,2026-02-27 06:46:18.737042+00:00,2026-02-27 12:54:15.004420+00:00
5527,2026-02-27 18:30:00+00:00,SP2,Albacete,Almeria,1x2_a,0.32546465124205776,2.8200000000000003,0.35460992907801414,-0.029145277835956385,1x2.away,latest_pre_match,2026-02-27 06:46:18.737042+00:00,2026-02-27 12:54:15.004420+00:00
5527,2026-02-27 18:30:00+00:00,SP2,Albacete,Almeria,dc_1x,0.6745353487579422,1.4,0.7142857142857143,-0.039750365527772114,dc.home_draw,latest_pre_match,2026-02-27 06:46:18.737042+00:00,2026-02-27 12:54:15.004420+00:00
5527,2026-02-27 18:30:00+00:00,SP2,Albacete,Almeria,dc_x2,0.5852009675418709,1.5714285714285714,0.6363636363636364,-0.051162668821765456,dc.draw_away,latest_pre_match,2026-02-27 06:46:18.737042+00:00,2026-02-27 12:54:15.004420+00:00
5527,2026-02-27 18:30:00+00:00,SP2,Albacete,Almeria,dc_12,0.7668947931608748,1.2857142857142856,0.7777777777777779,-0.010882984616903069,dc.home_away,latest_pre_match,2026-02-27 06:46:18.737042+00:00,2026-02-27 12:54:15.004420+00:00
21691,2026-02-27 18:30:00+00:00,PL1,Arka Gdynia,Lechia Gdansk,o15,0.8320067078435279,1.25,0.8,0.03200670784352788,ou_1_5.over,latest_pre_match,2026-02-27 06:46:18.130062+00:00,2026-02-27 12:54:15.004420+00:00
21691,2026-02-27 18:30:00+00:00,PL1,Arka Gdynia,Lechia Gdansk,u15,0.16799329215647207,3.75,0.26666666666666666,-0.09867337451019459,ou_1_5.under,latest_pre_match,2026-02-27 06:46:18.130062+00:00,2026-02-27 12:54:15.004420+00:00
21691,2026-02-27 18:30:00+00:00,PL1,Arka Gdynia,Lechia Gdansk,o25,0.6080066977955522,1.8,0.5555555555555556,0.052451142239996584,ou_2_5.over,latest_pre_match,2026-02-27 06:46:18.130062+00:00,2026-02-27 12:54:15.004420+00:00
21691,2026-02-27 18:30:00+00:00,PL1,Arka Gdynia,Lechia Gdansk,u25,0.3919933022044477,2.0,0.5,-0.10800669779555228,ou_2_5.under,latest_pre_match,2026-02-27 06:46:18.130062+00:00,2026-02-27 12:54:15.004420+00:00
21691,2026-02-27 18:30:00+00:00,PL1,Arka Gdynia,Lechia Gdansk,c85,0.6295364677561942,,,,corners_ou_8_5.over,,,2026-02-27 12:54:15.004420+00:00
21691,2026-02-27 18:30:00+00:00,PL1,Arka Gdynia,Lechia Gdansk,btts,0.5750051972930712,1.6666666666666665,0.6000000000000001,-0.024994802706928887,btts.yes,latest_pre_match,2026-02-27 06:46:18.130062+00:00,2026-02-27 12:54:15.004420+00:00
21691,2026-02-27 18:30:00+00:00,PL1,Arka Gdynia,Lechia Gdansk,1x2_h,0.24957584180407597,3.25,0.3076923076923077,-0.058116465888231744,1x2.home,latest_pre_match,2026-02-27 06:46:18.130062+00:00,2026-02-27 12:54:15.004420+00:00
21691,2026-02-27 18:30:00+00:00,PL1,Arka Gdynia,Lechia Gdansk,1x2_d,0.24810182940031908,3.25,0.3076923076923077,-0.05959047829198863,1x2.draw,latest_pre_match,2026-02-27 06:46:18.130062+00:00,2026-02-27 12:54:15.004420+00:00
21691,2026-02-27 18:30:00+00:00,PL1,Arka Gdynia,Lechia Gdansk,1x2_a,0.5590407990761576,2.1,0.47619047619047616,0.0828503228856814,1x2.away,latest_pre_match,2026-02-27 06:46:18.130062+00:00,2026-02-27 12:54:15.004420+00:00
21691,2026-02-27 18:30:00+00:00,PL1,Arka Gdynia,Lechia Gdansk,dc_1x,0.44095920092384255,1.5714285714285714,0.6363636363636364,-0.1954044354397938,dc.home_draw,latest_pre_match,2026-02-27 06:46:18.130062+00:00,2026-02-27 12:54:15.004420+00:00
21691,2026-02-27 18:30:00+00:00,PL1,Arka Gdynia,Lechia Gdansk,dc_x2,0.750424158195924,1.4,0.7142857142857143,0.036138443910209705,dc.draw_away,latest_pre_match,2026-02-27 06:46:18.130062+00:00,2026-02-27 12:54:15.004420+00:00
21691,2026-02-27 18:30:00+00:00,PL1,Arka Gdynia,Lechia Gdansk,dc_12,0.7553718876253478,1.3333333333333333,0.75,0.005371887625347793,dc.home_away,latest_pre_match,2026-02-27 06:46:18.130062+00:00,2026-02-27 12:54:15.004420+00:00
4511,2026-02-27 18:45:00+00:00,I1,Parma,Cagliari,o15,0.7611327460404923,1.5,0.6666666666666666,0.09446607937382567,ou_1_5.over,latest_pre_match,2026-02-27 06:46:19.366257+00:00,2026-02-27 12:54:15.004420+00:00
4511,2026-02-27 18:45:00+00:00,I1,Parma,Cagliari,u15,0.23886725395950772,2.625,0.38095238095238093,-0.1420851269928732,ou_1_5.under,latest_pre_match,2026-02-27 06:46:19.366257+00:00,2026-02-27 12:54:15.004420+00:00
4511,2026-02-27 18:45:00+00:00,I1,Parma,Cagliari,o25,0.4943561964078542,2.5,0.4,0.0943561964078542,ou_2_5.over,latest_pre_match,2026-02-27 06:46:19.366257+00:00,2026-02-27 12:54:15.004420+00:00
4511,2026-02-27 18:45:00+00:00,I1,Parma,Cagliari,u25,0.5056438035921457,1.5333333333333332,0.6521739130434783,-0.1465301094513326,ou_2_5.under,latest_pre_match,2026-02-27 06:46:19.366257+00:00,2026-02-27 12:54:15.004420+00:00
4511,2026-02-27 18:45:00+00:00,I1,Parma,Cagliari,c85,0.6214694966755245,,,,corners_ou_8_5.over,,,2026-02-27 12:54:15.004420+00:00
4511,2026-02-27 18:45:00+00:00,I1,Parma,Cagliari,btts,0.526601403914885,2.05,0.48780487804878053,0.03879652586610444,btts.yes,latest_pre_match,2026-02-27 06:46:19.366257+00:00,2026-02-27 12:54:15.004420+00:00
4511,2026-02-27 18:45:00+00:00,I1,Parma,Cagliari,1x2_h,0.3947380090863822,2.3,0.4347826086956522,-0.04004459960927004,1x2.home,latest_pre_match,2026-02-27 06:46:19.366257+00:00,2026-02-27 12:54:15.004420+00:00
4511,2026-02-27 18:45:00+00:00,I1,Parma,Cagliari,1x2_d,0.2589713946177104,3.0,0.3333333333333333,-0.07436193871562291,1x2.draw,latest_pre_match,2026-02-27 06:46:19.366257+00:00,2026-02-27 12:54:15.004420+00:00
4511,2026-02-27 18:45:00+00:00,I1,Parma,Cagliari,1x2_a,0.316979943320986,3.6,0.2777777777777778,0.03920216554320821,1x2.away,latest_pre_match,2026-02-27 06:46:19.366257+00:00,2026-02-27 12:54:15.004420+00:00
4511,2026-02-27 18:45:00+00:00,I1,Parma,Cagliari,dc_1x,0.683020056679014,1.2857142857142856,0.7777777777777779,-0.0947577210987639,dc.home_draw,latest_pre_match,2026-02-27 06:46:19.366257+00:00,2026-02-27 12:54:15.004420+00:00
4511,2026-02-27 18:45:00+00:00,I1,Parma,Cagliari,dc_x2,0.6052619909136178,1.5714285714285714,0.6363636363636364,-0.03110164545001859,dc.draw_away,latest_pre_match,2026-02-27 06:46:19.366257+00:00,2026-02-27 12:54:15.004420+00:00
4511,2026-02-27 18:45:00+00:00,I1,Parma,Cagliari,dc_12,0.7419693143006674,1.3636363636363638,0.7333333333333333,0.00863598096733409,dc.home_away,latest_pre_match,2026-02-27 06:46:19.366257+00:00,2026-02-27 12:54:15.004420+00:00
5899,2026-02-27 18:45:00+00:00,F1,Strasbourg,Lens,o15,0.8253679262047463,1.2,0.8333333333333334,-0.007965407128587065,ou_1_5.over,latest_pre_match,2026-02-27 06:46:20.620631+00:00,2026-02-27 12:54:15.004420+00:00
5899,2026-02-27 18:45:00+00:00,F1,Strasbourg,Lens,u15,0.17463207379525372,4.5,0.2222222222222222,-0.04759014842696849,ou_1_5.under,latest_pre_match,2026-02-27 06:46:20.620631+00:00,2026-02-27 12:54:15.004420+00:00
5899,2026-02-27 18:45:00+00:00,F1,Strasbourg,Lens,o25,0.5594221915981307,1.6666666666666665,0.6000000000000001,-0.04057780840186942,ou_2_5.over,latest_pre_match,2026-02-27 06:46:20.620631+00:00,2026-02-27 12:54:15.004420+00:00
5899,2026-02-27 18:45:00+00:00,F1,Strasbourg,Lens,u25,0.4405778084018694,2.2,0.45454545454545453,-0.013967646143585144,ou_2_5.under,latest_pre_match,2026-02-27 06:46:20.620631+00:00,2026-02-27 12:54:15.004420+00:00
5899,2026-02-27 18:45:00+00:00,F1,Strasbourg,Lens,c85,0.6133010542605067,1.7272727272727273,0.5789473684210527,0.034353685839454084,corners_ou_8_5.over,latest_pre_match,2026-02-27 06:46:20.620631+00:00,2026-02-27 12:54:15.004420+00:00
5899,2026-02-27 18:45:00+00:00,F1,Strasbourg,Lens,btts,0.5723536821415561,1.5333333333333332,0.6521739130434783,-0.07982023090192214,btts.yes,latest_pre_match,2026-02-27 06:46:20.620631+00:00,2026-02-27 12:54:15.004420+00:00
5899,2026-02-27 18:45:00+00:00,F1,Strasbourg,Lens,1x2_h,0.35756566357545605,2.25,0.4444444444444444,-0.08687878086898837,1x2.home,latest_pre_match,2026-02-27 06:46:20.620631+00:00,2026-02-27 12:54:15.004420+00:00
5899,2026-02-27 18:45:00+00:00,F1,Strasbourg,Lens,1x2_d,0.2507554321763958,3.6,0.2777777777777778,-0.027022345601382003,1x2.draw,latest_pre_match,2026-02-27 06:46:20.620631+00:00,2026-02-27 12:54:15.004420+00:00
5899,2026-02-27 18:45:00+00:00,F1,Strasbourg,Lens,1x2_a,0.4035405287707314,3.0,0.3333333333333333,0.07020719543739806,1x2.away,latest_pre_match,2026-02-27 06:46:20.620631+00:00,2026-02-27 12:54:15.004420+00:00
5899,2026-02-27 18:45:00+00:00,F1,Strasbourg,Lens,dc_1x,0.5964594712292687,1.3636363636363638,0.7333333333333333,-0.1368738621040646,dc.home_draw,latest_pre_match,2026-02-27 06:46:20.620631+00:00,2026-02-27 12:54:15.004420+00:00
5899,2026-02-27 18:45:00+00:00,F1,Strasbourg,Lens,dc_x2,0.642434336424544,1.6153846153846154,0.6190476190476191,0.02338671737692488,dc.draw_away,latest_pre_match,2026-02-27 06:46:20.620631+00:00,2026-02-27 12:54:15.004420+00:00
5899,2026-02-27 18:45:00+00:00,F1,Strasbourg,Lens,dc_12,0.7503072874789268,1.2857142857142856,0.7777777777777779,-0.02747049029885107,dc.home_away,latest_pre_match,2026-02-27 06:46:20.620631+00:00,2026-02-27 12:54:15.004420+00:00
19341,2026-02-27 18:45:00+00:00,B1,St. Liege,RAAL La Louviere,o15,0.7740565162726467,1.4444444444444444,0.6923076923076923,0.08174882396495442,ou_1_5.over,latest_pre_match,2026-02-27 06:46:19.993929+00:00,2026-02-27 12:54:15.004420+00:00
19341,2026-02-27 18:45:00+00:00,B1,St. Liege,RAAL La Louviere,u15,0.2259434837273533,2.625,0.38095238095238093,-0.15500889722502764,ou_1_5.under,latest_pre_match,2026-02-27 06:46:19.993929+00:00,2026-02-27 12:54:15.004420+00:00
19341,2026-02-27 18:45:00+00:00,B1,St. Liege,RAAL La Louviere,o25,0.5013193283086134,2.35,0.425531914893617,0.07578741341499634,ou_2_5.over,latest_pre_match,2026-02-27 06:46:19.993929+00:00,2026-02-27 12:54:15.004420+00:00
19341,2026-02-27 18:45:00+00:00,B1,St. Liege,RAAL La Louviere,u25,0.49868067169138675,1.5714285714285714,0.6363636363636364,-0.1376829646722496,ou_2_5.under,latest_pre_match,2026-02-27 06:46:19.993929+00:00,2026-02-27 12:54:15.004420+00:00
19341,2026-02-27 18:45:00+00:00,B1,St. Liege,RAAL La Louviere,c85,0.6138518955468961,,,,corners_ou_8_5.over,,,2026-02-27 12:54:15.004420+00:00
19341,2026-02-27 18:45:00+00:00,B1,St. Liege,RAAL La Louviere,btts,0.5246915030943357,2.0,0.5,0.024691503094335654,btts.yes,latest_pre_match,2026-02-27 06:46:19.993929+00:00,2026-02-27 12:54:15.004420+00:00
19341,2026-02-27 18:45:00+00:00,B1,St. Liege,RAAL La Louviere,1x2_h,0.4494401532912294,2.38,0.42016806722689076,0.02927208606433862,1x2.home,latest_pre_match,2026-02-27 06:46:19.993929+00:00,2026-02-27 12:54:15.004420+00:00
19341,2026-02-27 18:45:00+00:00,B1,St. Liege,RAAL La Louviere,1x2_d,0.25182853747485323,3.0,0.3333333333333333,-0.08150479585848008,1x2.draw,latest_pre_match,2026-02-27 06:46:19.993929+00:00,2026-02-27 12:54:15.004420+00:00
19341,2026-02-27 18:45:00+00:00,B1,St. Liege,RAAL La Louviere,1x2_a,0.3428209765136419,3.0,0.3333333333333333,0.009487643180308591,1x2.away,latest_pre_match,2026-02-27 06:46:19.993929+00:00,2026-02-27 12:54:15.004420+00:00
19341,2026-02-27 18:45:00+00:00,B1,St. Liege,RAAL La Louviere,dc_1x,0.657179023486358,1.3636363636363638,0.7333333333333333,-0.07615430984697524,dc.home_draw,latest_pre_match,2026-02-27 06:46:19.993929+00:00,2026-02-27 12:54:15.004420+00:00
19341,2026-02-27 18:45:00+00:00,B1,St. Liege,RAAL La Louviere,dc_x2,0.5505598467087706,1.5333333333333332,0.6521739130434783,-0.10161406633470771,dc.draw_away,latest_pre_match,2026-02-27 06:46:19.993929+00:00,2026-02-27 12:54:15.004420+00:00
19341,2026-02-27 18:45:00+00:00,B1,St. Liege,RAAL La Louviere,dc_12,0.7492341821804697,1.3636363636363638,0.7333333333333333,0.015900848847136384,dc.home_away,latest_pre_match,2026-02-27 06:46:19.993929+00:00,2026-02-27 12:54:15.004420+00:00
19580,2026-02-27 18:45:00+00:00,P1,FC Porto,Arouca,o15,0.7326755764182336,1.2222222222222223,0.8181818181818181,-0.08550624176358457,ou_1_5.over,latest_pre_match,2026-02-27 06:46:21.246349+00:00,2026-02-27 12:54:15.004420+00:00
19580,2026-02-27 18:45:00+00:00,P1,FC Porto,Arouca,u15,0.26702603416560317,4.0,0.25,0.017026034165603166,ou_1_5.under,latest_pre_match,2026-02-27 06:46:21.246349+00:00,2026-02-27 12:54:15.004420+00:00
19580,2026-02-27 18:45:00+00:00,P1,FC Porto,Arouca,o25,0.5702557499727047,1.7,0.5882352941176471,-0.017979544144942405,ou_2_5.over,latest_pre_match,2026-02-27 06:46:21.246349+00:00,2026-02-27 12:54:15.004420+00:00
19580,2026-02-27 18:45:00+00:00,P1,FC Porto,Arouca,u25,0.4297442500272954,2.1,0.47619047619047616,-0.04644622616318078,ou_2_5.under,latest_pre_match,2026-02-27 06:46:21.246349+00:00,2026-02-27 12:54:15.004420+00:00
19580,2026-02-27 18:45:00+00:00,P1,FC Porto,Arouca,c85,0.6079007328091182,,,,corners_ou_8_5.over,,,2026-02-27 12:54:15.004420+00:00
19580,2026-02-27 18:45:00+00:00,P1,FC Porto,Arouca,btts,0.5458314749350986,2.375,0.42105263157894735,0.1247788433561513,btts.yes,latest_pre_match,2026-02-27 06:46:21.246349+00:00,2026-02-27 12:54:15.004420+00:00
19580,2026-02-27 18:45:00+00:00,P1,FC Porto,Arouca,1x2_h,0.64380255584821,1.19,0.8403361344537815,-0.19653357860557152,1x2.home,latest_pre_match,2026-02-27 06:46:21.246349+00:00,2026-02-27 12:54:15.004420+00:00
19580,2026-02-27 18:45:00+00:00,P1,FC Porto,Arouca,1x2_d,0.18154282647036268,6.25,0.16,0.02154282647036268,1x2.draw,latest_pre_match,2026-02-27 06:46:21.246349+00:00,2026-02-27 12:54:15.004420+00:00
19580,2026-02-27 18:45:00+00:00,P1,FC Porto,Arouca,1x2_a,0.1905652753843308,11.0,0.09090909090909091,0.09965618447523988,1x2.away,latest_pre_match,2026-02-27 06:46:21.246349+00:00,2026-02-27 12:54:15.004420+00:00
19580,2026-02-27 18:45:00+00:00,P1,FC Porto,Arouca,dc_1x,0.8094347246156692,1.05,0.9523809523809523,-0.1429462277652831,dc.home_draw,latest_pre_match,2026-02-27 06:46:21.246349+00:00,2026-02-27 12:54:15.004420+00:00
19580,2026-02-27 18:45:00+00:00,P1,FC Porto,Arouca,dc_x2,0.35619744415179005,4.0,0.25,0.10619744415179005,dc.draw_away,latest_pre_match,2026-02-27 06:46:21.246349+00:00,2026-02-27 12:54:15.004420+00:00
19580,2026-02-27 18:45:00+00:00,P1,FC Porto,Arouca,dc_12,0.8150643905360887,1.125,0.8888888888888888,-0.07382449835280014,dc.home_away,latest_pre_match,2026-02-27 06:46:21.246349+00:00,2026-02-27 12:54:15.004420+00:00
4892,2026-02-27 19:00:00+00:00,I2,Sampdoria,Bari,o15,0.7156768995584862,1.4,0.7142857142857143,0.0013911852727719332,ou_1_5.over,latest_pre_match,2026-02-27 06:46:23.432290+00:00,2026-02-27 12:54:15.004420+00:00
4892,2026-02-27 19:00:00+00:00,I2,Sampdoria,Bari,u15,0.28432310044151365,2.75,0.36363636363636365,-0.07931326319484999,ou_1_5.under,latest_pre_match,2026-02-27 06:46:23.432290+00:00,2026-02-27 12:54:15.004420+00:00
4892,2026-02-27 19:00:00+00:00,I2,Sampdoria,Bari,o25,0.46789588857212067,2.3,0.4347826086956522,0.03311327987646845,ou_2_5.over,latest_pre_match,2026-02-27 06:46:23.432290+00:00,2026-02-27 12:54:15.004420+00:00
4892,2026-02-27 19:00:00+00:00,I2,Sampdoria,Bari,u25,0.5321041114278794,1.6,0.625,-0.09289588857212061,ou_2_5.under,latest_pre_match,2026-02-27 06:46:23.432290+00:00,2026-02-27 12:54:15.004420+00:00
4892,2026-02-27 19:00:00+00:00,I2,Sampdoria,Bari,c85,0.6094837386125896,1.6666666666666665,0.6000000000000001,0.009483738612589554,corners_ou_8_5.over,latest_pre_match,2026-02-26 12:28:39.092960+00:00,2026-02-27 12:54:15.004420+00:00
4892,2026-02-27 19:00:00+00:00,I2,Sampdoria,Bari,btts,0.5220154892242919,2.1,0.47619047619047616,0.0458250130338157,btts.yes,latest_pre_match,2026-02-27 06:46:23.432290+00:00,2026-02-27 12:54:15.004420+00:00
4892,2026-02-27 19:00:00+00:00,I2,Sampdoria,Bari,1x2_h,0.5511771420463255,1.6800000000000002,0.5952380952380952,-0.044060953191769725,1x2.home,latest_pre_match,2026-02-27 06:46:23.432290+00:00,2026-02-27 12:54:15.004420+00:00
4892,2026-02-27 19:00:00+00:00,I2,Sampdoria,Bari,1x2_d,0.26297445981588613,3.3,0.30303030303030304,-0.04005584321441691,1x2.draw,latest_pre_match,2026-02-27 06:46:23.432290+00:00,2026-02-27 12:54:15.004420+00:00
4892,2026-02-27 19:00:00+00:00,I2,Sampdoria,Bari,1x2_a,0.19830460335146707,5.25,0.19047619047619047,0.007828412875276608,1x2.away,latest_pre_match,2026-02-27 06:46:23.432290+00:00,2026-02-27 12:54:15.004420+00:00
4892,2026-02-27 19:00:00+00:00,I2,Sampdoria,Bari,dc_1x,0.8016953966485328,1.1666666666666667,0.8571428571428571,-0.05544746049432425,dc.home_draw,latest_pre_match,2026-02-27 06:46:23.432290+00:00,2026-02-27 12:54:15.004420+00:00
4892,2026-02-27 19:00:00+00:00,I2,Sampdoria,Bari,dc_x2,0.44882285795367444,2.05,0.48780487804878053,-0.038982020095106096,dc.draw_away,latest_pre_match,2026-02-27 06:46:23.432290+00:00,2026-02-27 12:54:15.004420+00:00
4892,2026-02-27 19:00:00+00:00,I2,Sampdoria,Bari,dc_12,0.7336327571905651,1.3333333333333333,0.75,-0.016367242809434912,dc.home_away,latest_pre_match,2026-02-27 06:46:23.432290+00:00,2026-02-27 12:54:15.004420+00:00
5129,2026-02-27 19:00:00+00:00,SP1,Levante,Alaves,o15,0.7103360669797584,1.4444444444444444,0.6923076923076923,0.018028374672066083,ou_1_5.over,latest_pre_match,2026-02-27 06:46:22.580051+00:00,2026-02-27 12:54:15.004420+00:00
5129,2026-02-27 19:00:00+00:00,SP1,Levante,Alaves,u15,0.2896639330202417,2.75,0.36363636363636365,-0.07397243061612196,ou_1_5.under,latest_pre_match,2026-02-27 06:46:22.580051+00:00,2026-02-27 12:54:15.004420+00:00
5129,2026-02-27 19:00:00+00:00,SP1,Levante,Alaves,o25,0.5099243493818791,2.375,0.42105263157894735,0.0888717178029318,ou_2_5.over,latest_pre_match,2026-02-27 06:46:22.580051+00:00,2026-02-27 12:54:15.004420+00:00
5129,2026-02-27 19:00:00+00:00,SP1,Levante,Alaves,u25,0.4900756506181209,1.5714285714285714,0.6363636363636364,-0.14628798574551544,ou_2_5.under,latest_pre_match,2026-02-27 06:46:22.580051+00:00,2026-02-27 12:54:15.004420+00:00
5129,2026-02-27 19:00:00+00:00,SP1,Levante,Alaves,c85,0.6052530931666329,,,,corners_ou_8_5.over,,,2026-02-27 12:54:15.004420+00:00
5129,2026-02-27 19:00:00+00:00,SP1,Levante,Alaves,btts,0.5412455602445055,1.95,0.5128205128205129,0.028425047423992655,btts.yes,latest_pre_match,2026-02-27 06:46:22.580051+00:00,2026-02-27 12:54:15.004420+00:00
5129,2026-02-27 19:00:00+00:00,SP1,Levante,Alaves,1x2_h,0.27557078084249326,2.63,0.3802281368821293,-0.10465735603963605,1x2.home,latest_pre_match,2026-02-27 06:46:22.580051+00:00,2026-02-27 12:54:15.004420+00:00
5129,2026-02-27 19:00:00+00:00,SP1,Levante,Alaves,1x2_d,0.2589713946177104,3.1,0.3225806451612903,-0.06360925054357991,1x2.draw,latest_pre_match,2026-02-27 06:46:22.580051+00:00,2026-02-27 12:54:15.004420+00:00
5129,2026-02-27 19:00:00+00:00,SP1,Levante,Alaves,1x2_a,0.3725013924684371,2.88,0.3472222222222222,0.0252791702462149,1x2.away,latest_pre_match,2026-02-27 06:46:22.580051+00:00,2026-02-27 12:54:15.004420+00:00
5129,2026-02-27 19:00:00+00:00,SP1,Levante,Alaves,dc_1x,0.6274986075315628,1.4,0.7142857142857143,-0.08678710675415147,dc.home_draw,latest_pre_match,2026-02-27 06:46:22.580051+00:00,2026-02-27 12:54:15.004420+00:00
5129,2026-02-27 19:00:00+00:00,SP1,Levante,Alaves,dc_x2,0.7244292191575067,1.4444444444444444,0.6923076923076923,0.0321215268498144,dc.draw_away,latest_pre_match,2026-02-27 06:46:22.580051+00:00,2026-02-27 12:54:15.004420+00:00
5129,2026-02-27 19:00:00+00:00,SP1,Levante,Alaves,dc_12,0.7419693143006674,1.3636363636363638,0.7333333333333333,0.00863598096733409,dc.home_away,latest_pre_match,2026-02-27 06:46:22.580051+00:00,2026-02-27 12:54:15.004420+00:00
21024,2026-02-27 19:00:00+00:00,JP1,Yokohama F. Marinos,Verdy,o15,0.7030870838758871,1.4444444444444444,0.6923076923076923,0.010779391568194852,ou_1_5.over,latest_pre_match,2026-02-27 06:46:21.855127+00:00,2026-02-27 12:54:15.004420+00:00
21024,2026-02-27 19:00:00+00:00,JP1,Yokohama F. Marinos,Verdy,u15,0.2969129161241129,2.625,0.38095238095238093,-0.08403946482826802,ou_1_5.under,latest_pre_match,2026-02-27 06:46:21.855127+00:00,2026-02-27 12:54:15.004420+00:00
21024,2026-02-27 19:00:00+00:00,JP1,Yokohama F. Marinos,Verdy,o25,0.36380527684875513,2.4,0.4166666666666667,-0.05286138981791155,ou_2_5.over,latest_pre_match,2026-02-27 06:46:21.855127+00:00,2026-02-27 12:54:15.004420+00:00
21024,2026-02-27 19:00:00+00:00,JP1,Yokohama F. Marinos,Verdy,u25,0.6361947231512449,1.5333333333333332,0.6521739130434783,-0.015979189892233348,ou_2_5.under,latest_pre_match,2026-02-27 06:46:21.855127+00:00,2026-02-27 12:54:15.004420+00:00
21024,2026-02-27 19:00:00+00:00,JP1,Yokohama F. Marinos,Verdy,c85,0.5835489237506022,,,,corners_ou_8_5.over,,,2026-02-27 12:54:15.004420+00:00
21024,2026-02-27 19:00:00+00:00,JP1,Yokohama F. Marinos,Verdy,btts,0.5408164015735912,2.0,0.5,0.04081640157359123,btts.yes,latest_pre_match,2026-02-27 06:46:21.855127+00:00,2026-02-27 12:54:15.004420+00:00
21024,2026-02-27 19:00:00+00:00,JP1,Yokohama F. Marinos,Verdy,1x2_h,0.4968359623728969,2.4,0.4166666666666667,0.08016929570623021,1x2.home,latest_pre_match,2026-02-27 06:46:21.855127+00:00,2026-02-27 12:54:15.004420+00:00
21024,2026-02-27 19:00:00+00:00,JP1,Yokohama F. Marinos,Verdy,1x2_d,0.2927143446282347,3.0,0.3333333333333333,-0.04061898870509861,1x2.draw,latest_pre_match,2026-02-27 06:46:21.855127+00:00,2026-02-27 12:54:15.004420+00:00
21024,2026-02-27 19:00:00+00:00,JP1,Yokohama F. Marinos,Verdy,1x2_a,0.20317789769844566,3.1,0.3225806451612903,-0.11940274746284466,1x2.away,latest_pre_match,2026-02-27 06:46:21.855127+00:00,2026-02-27 12:54:15.004420+00:00
21024,2026-02-27 19:00:00+00:00,JP1,Yokohama F. Marinos,Verdy,dc_1x,0.7968221023015544,1.3636363636363638,0.7333333333333333,0.06348876896822109,dc.home_draw,latest_pre_match,2026-02-27 06:46:21.855127+00:00,2026-02-27 12:54:15.004420+00:00
21024,2026-02-27 19:00:00+00:00,JP1,Yokohama F. Marinos,Verdy,dc_x2,0.503164037627103,1.5333333333333332,0.6521739130434783,-0.14900987541637523,dc.draw_away,latest_pre_match,2026-02-27 06:46:21.855127+00:00,2026-02-27 12:54:15.004420+00:00
21024,2026-02-27 19:00:00+00:00,JP1,Yokohama F. Marinos,Verdy,dc_12,0.731221759820221,1.3636363636363638,0.7333333333333333,-0.002111573513112308,dc.home_away,latest_pre_match,2026-02-27 06:46:21.855127+00:00,2026-02-27 12:54:15.004420+00:00
2202,2026-02-27 19:45:00+00:00,E3,Harrogate,Cheltenham,o15,0.7299794422248943,1.3333333333333333,0.75,-0.020020557775105696,ou_1_5.over,latest_pre_match,2026-02-27 06:46:25.606940+00:00,2026-02-27 12:54:15.004420+00:00
2202,2026-02-27 19:45:00+00:00,E3,Harrogate,Cheltenham,u15,0.2701952650388649,3.25,0.3076923076923077,-0.037497042653442836,ou_1_5.under,latest_pre_match,2026-02-27 06:46:25.606940+00:00,2026-02-27 12:54:15.004420+00:00
2202,2026-02-27 19:45:00+00:00,E3,Harrogate,Cheltenham,o25,0.5089680895591301,2.075,0.48192771084337344,0.027040378715756652,ou_2_5.over,latest_pre_match,2026-02-27 06:46:25.606940+00:00,2026-02-27 12:54:15.004420+00:00
2202,2026-02-27 19:45:00+00:00,E3,Harrogate,Cheltenham,u25,0.49103191044086997,1.7272727272727273,0.5789473684210527,-0.08791545798018269,ou_2_5.under,latest_pre_match,2026-02-27 06:46:25.606940+00:00,2026-02-27 12:54:15.004420+00:00
2202,2026-02-27 19:45:00+00:00,E3,Harrogate,Cheltenham,c85,0.6148840600639782,,,,corners_ou_8_5.over,,,2026-02-27 12:54:15.004420+00:00
2202,2026-02-27 19:45:00+00:00,E3,Harrogate,Cheltenham,btts,0.5292774177849288,1.8,0.5555555555555556,-0.02627813777062682,btts.yes,latest_pre_match,2026-02-27 06:46:25.606940+00:00,2026-02-27 12:54:15.004420+00:00
2202,2026-02-27 19:45:00+00:00,E3,Harrogate,Cheltenham,1x2_h,0.4792726871631472,2.55,0.3921568627450981,0.0871158244180491,1x2.home,latest_pre_match,2026-02-27 06:46:25.606940+00:00,2026-02-27 12:54:15.004420+00:00
2202,2026-02-27 19:45:00+00:00,E3,Harrogate,Cheltenham,1x2_d,0.2449620374556377,3.2,0.3125,-0.06753796254436231,1x2.draw,latest_pre_match,2026-02-27 06:46:25.606940+00:00,2026-02-27 12:54:15.004420+00:00
2202,2026-02-27 19:45:00+00:00,E3,Harrogate,Cheltenham,1x2_a,0.2803641384299638,2.65,0.37735849056603776,-0.09699435213607394,1x2.away,latest_pre_match,2026-02-27 06:46:25.606940+00:00,2026-02-27 12:54:15.004420+00:00
2202,2026-02-27 19:45:00+00:00,E3,Harrogate,Cheltenham,dc_1x,0.7196358615700363,1.4444444444444444,0.6923076923076923,0.02732816926234405,dc.home_draw,latest_pre_match,2026-02-27 06:46:25.606940+00:00,2026-02-27 12:54:15.004420+00:00
2202,2026-02-27 19:45:00+00:00,E3,Harrogate,Cheltenham,dc_x2,0.5207273128368528,1.5,0.6666666666666666,-0.14593935382981382,dc.draw_away,latest_pre_match,2026-02-27 06:46:25.606940+00:00,2026-02-27 12:54:15.004420+00:00
2202,2026-02-27 19:45:00+00:00,E3,Harrogate,Cheltenham,dc_12,0.7516451795508137,1.3636363636363638,0.7333333333333333,0.018311846217480388,dc.home_away,latest_pre_match,2026-02-27 06:46:25.606940+00:00,2026-02-27 12:54:15.004420+00:00
20824,2026-02-27 19:45:00+00:00,IE1,Drogheda,Shelbourne,o15,0.6990721116368556,1.4444444444444444,0.6923076923076923,0.006764419329163274,ou_1_5.over,latest_pre_match,2026-02-27 06:46:24.238196+00:00,2026-02-27 12:54:15.004420+00:00
20824,2026-02-27 19:45:00+00:00,IE1,Drogheda,Shelbourne,u15,0.30062949894698093,2.625,0.38095238095238093,-0.0803228820054,ou_1_5.under,latest_pre_match,2026-02-27 06:46:24.238196+00:00,2026-02-27 12:54:15.004420+00:00
20824,2026-02-27 19:45:00+00:00,IE1,Drogheda,Shelbourne,o25,0.4834686472030609,2.35,0.425531914893617,0.05793673230944385,ou_2_5.over,latest_pre_match,2026-02-27 06:46:24.238196+00:00,2026-02-27 12:54:15.004420+00:00
20824,2026-02-27 19:45:00+00:00,IE1,Drogheda,Shelbourne,u25,0.516531352796939,1.5714285714285714,0.6363636363636364,-0.1198322835666974,ou_2_5.under,latest_pre_match,2026-02-27 06:46:24.238196+00:00,2026-02-27 12:54:15.004420+00:00
20824,2026-02-27 19:45:00+00:00,IE1,Drogheda,Shelbourne,c85,0.5934328237023775,,,,corners_ou_8_5.over,,,2026-02-27 12:54:15.004420+00:00
20824,2026-02-27 19:45:00+00:00,IE1,Drogheda,Shelbourne,btts,0.5412455602445055,2.05,0.48780487804878053,0.05344068219572501,btts.yes,latest_pre_match,2026-02-27 06:46:24.238196+00:00,2026-02-27 12:54:15.004420+00:00
20824,2026-02-27 19:45:00+00:00,IE1,Drogheda,Shelbourne,1x2_h,0.24805260846450775,3.5,0.2857142857142857,-0.03766167724977795,1x2.home,latest_pre_match,2026-02-27 06:46:24.238196+00:00,2026-02-27 12:54:15.004420+00:00
20824,2026-02-27 19:45:00+00:00,IE1,Drogheda,Shelbourne,1x2_d,0.2623885825417572,3.25,0.3076923076923077,-0.04530372515055053,1x2.draw,latest_pre_match,2026-02-27 06:46:24.238196+00:00,2026-02-27 12:54:15.004420+00:00
20824,2026-02-27 19:45:00+00:00,IE1,Drogheda,Shelbourne,1x2_a,0.3684050667484769,2.0,0.5,-0.1315949332515231,1x2.away,latest_pre_match,2026-02-27 06:46:24.238196+00:00,2026-02-27 12:54:15.004420+00:00
20824,2026-02-27 19:45:00+00:00,IE1,Drogheda,Shelbourne,dc_1x,0.6315949332515232,1.8,0.5555555555555556,0.07603937769596758,dc.home_draw,latest_pre_match,2026-02-27 06:46:24.238196+00:00,2026-02-27 12:54:15.004420+00:00
20824,2026-02-27 19:45:00+00:00,IE1,Drogheda,Shelbourne,dc_x2,0.7519473915354923,1.2857142857142856,0.7777777777777779,-0.02583038624228562,dc.draw_away,latest_pre_match,2026-02-27 06:46:24.238196+00:00,2026-02-27 12:54:15.004420+00:00
20824,2026-02-27 19:45:00+00:00,IE1,Drogheda,Shelbourne,dc_12,0.734218634464694,1.3333333333333333,0.75,-0.015781365535305958,dc.home_away,latest_pre_match,2026-02-27 06:46:24.238196+00:00,2026-02-27 12:54:15.004420+00:00
20825,2026-02-27 19:45:00+00:00,IE1,St. Patricks,Dundalk,o15,0.8622574955908289,1.2222222222222223,0.8181818181818181,0.04407567740901075,ou_1_5.over,latest_pre_match,2026-02-27 06:46:26.241905+00:00,2026-02-27 12:54:15.004420+00:00
20825,2026-02-27 19:45:00+00:00,IE1,St. Patricks,Dundalk,u15,0.13774250440917107,4.0,0.25,-0.11225749559082893,ou_1_5.under,latest_pre_match,2026-02-27 06:46:26.241905+00:00,2026-02-27 12:54:15.004420+00:00
20825,2026-02-27 19:45:00+00:00,IE1,St. Patricks,Dundalk,o25,0.5357716370915853,1.75,0.5714285714285714,-0.035656934336986135,ou_2_5.over,latest_pre_match,2026-02-27 06:46:26.241905+00:00,2026-02-27 12:54:15.004420+00:00
20825,2026-02-27 19:45:00+00:00,IE1,St. Patricks,Dundalk,u25,0.46422836290841474,2.05,0.48780487804878053,-0.023576515140365795,ou_2_5.under,latest_pre_match,2026-02-27 06:46:26.241905+00:00,2026-02-27 12:54:15.004420+00:00
20825,2026-02-27 19:45:00+00:00,IE1,St. Patricks,Dundalk,c85,0.5359461323279587,,,,corners_ou_8_5.over,,,2026-02-27 12:54:15.004420+00:00
20825,2026-02-27 19:45:00+00:00,IE1,St. Patricks,Dundalk,btts,0.5557751262728575,1.8,0.5555555555555556,0.00021957071730194233,btts.yes,latest_pre_match,2026-02-27 06:46:26.241905+00:00,2026-02-27 12:54:15.004420+00:00
20825,2026-02-27 19:45:00+00:00,IE1,St. Patricks,Dundalk,1x2_h,0.64380255584821,1.75,0.5714285714285714,0.0723739844196386,1x2.home,latest_pre_match,2026-02-27 06:46:26.241905+00:00,2026-02-27 12:54:15.004420+00:00
20825,2026-02-27 19:45:00+00:00,IE1,St. Patricks,Dundalk,1x2_d,0.22977667399998492,3.4,0.29411764705882354,-0.06434097305883862,1x2.draw,latest_pre_match,2026-02-27 06:46:26.241905+00:00,2026-02-27 12:54:15.004420+00:00
20825,2026-02-27 19:45:00+00:00,IE1,St. Patricks,Dundalk,1x2_a,0.1367380270365345,4.333333333333334,0.23076923076923073,-0.09403120373269622,1x2.away,latest_pre_match,2026-02-27 06:46:26.241905+00:00,2026-02-27 12:54:15.004420+00:00
20825,2026-02-27 19:45:00+00:00,IE1,St. Patricks,Dundalk,dc_1x,0.8632619729634655,1.125,0.8888888888888888,-0.02562691592542332,dc.home_draw,latest_pre_match,2026-02-27 06:46:26.241905+00:00,2026-02-27 12:54:15.004420+00:00
20825,2026-02-27 19:45:00+00:00,IE1,St. Patricks,Dundalk,dc_x2,0.35619744415179005,2.375,0.42105263157894735,-0.06485518742715729,dc.draw_away,latest_pre_match,2026-02-27 06:46:26.241905+00:00,2026-02-27 12:54:15.004420+00:00
20825,2026-02-27 19:45:00+00:00,IE1,St. Patricks,Dundalk,dc_12,0.7667085322695216,1.2,0.8333333333333334,-0.06662480106381174,dc.home_away,latest_pre_match,2026-02-27 06:46:26.241905+00:00,2026-02-27 12:54:15.004420+00:00
20826,2026-02-27 19:45:00+00:00,IE1,Galway,Sligo Rovers,o15,0.8496188496188496,1.2857142857142856,0.7777777777777779,0.07184107184107169,ou_1_5.over,latest_pre_match,2026-02-27 06:46:26.857693+00:00,2026-02-27 12:54:15.004420+00:00
20826,2026-02-27 19:45:00+00:00,IE1,Galway,Sligo Rovers,u15,0.15038115038115038,3.5,0.2857142857142857,-0.13533313533313532,ou_1_5.under,latest_pre_match,2026-02-27 06:46:26.857693+00:00,2026-02-27 12:54:15.004420+00:00
20826,2026-02-27 19:45:00+00:00,IE1,Galway,Sligo Rovers,o25,0.5500207139718718,1.95,0.5128205128205129,0.037200201151358914,ou_2_5.over,latest_pre_match,2026-02-27 06:46:26.857693+00:00,2026-02-27 12:54:15.004420+00:00
20826,2026-02-27 19:45:00+00:00,IE1,Galway,Sligo Rovers,u25,0.4499792860281282,1.85,0.5405405405405405,-0.09056125451241226,ou_2_5.under,latest_pre_match,2026-02-27 06:46:26.857693+00:00,2026-02-27 12:54:15.004420+00:00
20826,2026-02-27 19:45:00+00:00,IE1,Galway,Sligo Rovers,c85,0.618388117898167,,,,corners_ou_8_5.over,,,2026-02-27 12:54:15.004420+00:00
20826,2026-02-27 19:45:00+00:00,IE1,Galway,Sligo Rovers,btts,0.5524101517987146,1.8,0.5555555555555556,-0.0031454037568410254,btts.yes,latest_pre_match,2026-02-27 06:46:26.857693+00:00,2026-02-27 12:54:15.004420+00:00
20826,2026-02-27 19:45:00+00:00,IE1,Galway,Sligo Rovers,1x2_h,0.5235310670021736,1.7,0.5882352941176471,-0.06470422711547352,1x2.home,latest_pre_match,2026-02-27 06:46:26.857693+00:00,2026-02-27 12:54:15.004420+00:00
20826,2026-02-27 19:45:00+00:00,IE1,Galway,Sligo Rovers,1x2_d,0.22263381685712771,3.5,0.2857142857142857,-0.06308046885715798,1x2.draw,latest_pre_match,2026-02-27 06:46:26.857693+00:00,2026-02-27 12:54:15.004420+00:00
20826,2026-02-27 19:45:00+00:00,IE1,Galway,Sligo Rovers,1x2_a,0.29886325584094803,4.5,0.2222222222222222,0.07664103361872582,1x2.away,latest_pre_match,2026-02-27 06:46:26.857693+00:00,2026-02-27 12:54:15.004420+00:00
20826,2026-02-27 19:45:00+00:00,IE1,Galway,Sligo Rovers,dc_1x,0.701136744159052,1.1666666666666667,0.8571428571428571,-0.15600611298380507,dc.home_draw,latest_pre_match,2026-02-27 06:46:26.857693+00:00,2026-02-27 12:54:15.004420+00:00
20826,2026-02-27 19:45:00+00:00,IE1,Galway,Sligo Rovers,dc_x2,0.47646893299782644,2.0,0.5,-0.023531067002173556,dc.draw_away,latest_pre_match,2026-02-27 06:46:26.857693+00:00,2026-02-27 12:54:15.004420+00:00
20826,2026-02-27 19:45:00+00:00,IE1,Galway,Sligo Rovers,dc_12,0.7739734001493236,1.25,0.8,-0.026026599850676457,dc.home_away,latest_pre_match,2026-02-27 06:46:26.857693+00:00,2026-02-27 12:54:15.004420+00:00
20827,2026-02-27 19:45:00+00:00,IE1,Derry City,Waterford,o15,0.7758852974562237,1.25,0.8,-0.024114702543776345,ou_1_5.over,latest_pre_match,2026-02-27 06:46:24.996735+00:00,2026-02-27 12:54:15.004420+00:00
20827,2026-02-27 19:45:00+00:00,IE1,Derry City,Waterford,u15,0.2241147025437764,3.75,0.26666666666666666,-0.04255196412289025,ou_1_5.under,latest_pre_match,2026-02-27 06:46:24.996735+00:00,2026-02-27 12:54:15.004420+00:00
20827,2026-02-27 19:45:00+00:00,IE1,Derry City,Waterford,o25,0.5172772424350344,1.85,0.5405405405405405,-0.02326329810550609,ou_2_5.over,latest_pre_match,2026-02-27 06:46:24.996735+00:00,2026-02-27 12:54:15.004420+00:00
20827,2026-02-27 19:45:00+00:00,IE1,Derry City,Waterford,u25,0.4827227575649657,1.95,0.5128205128205129,-0.0300977552555472,ou_2_5.under,latest_pre_match,2026-02-27 06:46:24.996735+00:00,2026-02-27 12:54:15.004420+00:00
20827,2026-02-27 19:45:00+00:00,IE1,Derry City,Waterford,c85,0.6096212501009394,,,,corners_ou_8_5.over,,,2026-02-27 12:54:15.004420+00:00
20827,2026-02-27 19:45:00+00:00,IE1,Derry City,Waterford,btts,0.4844198640025332,1.95,0.5128205128205129,-0.028400648817979712,btts.yes,latest_pre_match,2026-02-27 06:46:24.996735+00:00,2026-02-27 12:54:15.004420+00:00
20827,2026-02-27 19:45:00+00:00,IE1,Derry City,Waterford,1x2_h,0.6314855003490069,1.45,0.6896551724137931,-0.05816967206478629,1x2.home,latest_pre_match,2026-02-27 06:46:24.996735+00:00,2026-02-27 12:54:15.004420+00:00
20827,2026-02-27 19:45:00+00:00,IE1,Derry City,Waterford,1x2_d,0.24547933112564688,4.0,0.25,-0.004520668874353123,1x2.draw,latest_pre_match,2026-02-27 06:46:24.996735+00:00,2026-02-27 12:54:15.004420+00:00
20827,2026-02-27 19:45:00+00:00,IE1,Derry City,Waterford,1x2_a,0.1538992408557626,6.5,0.15384615384615385,5.308700960873769e-05,1x2.away,latest_pre_match,2026-02-27 06:46:24.996735+00:00,2026-02-27 12:54:15.004420+00:00
20827,2026-02-27 19:45:00+00:00,IE1,Derry City,Waterford,dc_1x,0.8461007591442374,1.1111111111111112,0.8999999999999999,-0.053899240855762476,dc.home_draw,latest_pre_match,2026-02-27 06:46:24.996735+00:00,2026-02-27 12:54:15.004420+00:00
20827,2026-02-27 19:45:00+00:00,IE1,Derry City,Waterford,dc_x2,0.3685144996509931,2.625,0.38095238095238093,-0.012437881301387843,dc.draw_away,latest_pre_match,2026-02-27 06:46:24.996735+00:00,2026-02-27 12:54:15.004420+00:00
20827,2026-02-27 19:45:00+00:00,IE1,Derry City,Waterford,dc_12,0.75799438590002,1.2222222222222223,0.8181818181818181,-0.060187432281798126,dc.home_away,latest_pre_match,2026-02-27 06:46:24.996735+00:00,2026-02-27 12:54:15.004420+00:00
597,2026-02-27 20:00:00+00:00,E0,Wolves,Aston Villa,o15,0.7908285132362595,1.2857142857142856,0.7777777777777779,0.013050735458481566,ou_1_5.over,latest_pre_match,2026-02-27 06:46:28.106038+00:00,2026-02-27 12:54:15.004420+00:00
597,2026-02-27 20:00:00+00:00,E0,Wolves,Aston Villa,u15,0.20917148676374053,3.75,0.26666666666666666,-0.05749517990292613,ou_1_5.under,latest_pre_match,2026-02-27 06:46:28.106038+00:00,2026-02-27 12:54:15.004420+00:00
597,2026-02-27 20:00:00+00:00,E0,Wolves,Aston Villa,o25,0.5978755058512757,1.9090909090909092,0.5238095238095238,0.07406598204175185,ou_2_5.over,latest_pre_match,2026-02-27 06:46:28.106038+00:00,2026-02-27 12:54:15.004420+00:00
597,2026-02-27 20:00:00+00:00,E0,Wolves,Aston Villa,u25,0.40422028195879783,1.9090909090909092,0.5238095238095238,-0.119589241850726,ou_2_5.under,latest_pre_match,2026-02-27 06:46:28.106038+00:00,2026-02-27 12:54:15.004420+00:00
597,2026-02-27 20:00:00+00:00,E0,Wolves,Aston Villa,c85,0.6148840600639782,,,,corners_ou_8_5.over,,,2026-02-27 12:54:15.004420+00:00
597,2026-02-27 20:00:00+00:00,E0,Wolves,Aston Villa,btts,0.5719280921389199,1.75,0.5714285714285714,0.0004995207103485333,btts.yes,latest_pre_match,2026-02-27 06:46:28.106038+00:00,2026-02-27 12:54:15.004420+00:00
597,2026-02-27 20:00:00+00:00,E0,Wolves,Aston Villa,1x2_h,0.24957584180407597,4.2,0.23809523809523808,0.011480603708837883,1x2.home,latest_pre_match,2026-02-27 06:46:28.106038+00:00,2026-02-27 12:54:15.004420+00:00
597,2026-02-27 20:00:00+00:00,E0,Wolves,Aston Villa,1x2_d,0.2384399936515268,3.6,0.2777777777777778,-0.039337784126250996,1x2.draw,latest_pre_match,2026-02-27 06:46:28.106038+00:00,2026-02-27 12:54:15.004420+00:00
597,2026-02-27 20:00:00+00:00,E0,Wolves,Aston Villa,1x2_a,0.5541193778898696,1.85,0.5405405405405405,0.013578837349329187,1x2.away,latest_pre_match,2026-02-27 06:46:28.106038+00:00,2026-02-27 12:54:15.004420+00:00
597,2026-02-27 20:00:00+00:00,E0,Wolves,Aston Villa,dc_1x,0.44588062211013035,1.9090909090909092,0.5238095238095238,-0.07792890169939348,dc.home_draw,latest_pre_match,2026-02-27 06:46:28.106038+00:00,2026-02-27 12:54:15.004420+00:00
597,2026-02-27 20:00:00+00:00,E0,Wolves,Aston Villa,dc_x2,0.750424158195924,1.2222222222222223,0.8181818181818181,-0.06775765998589411,dc.draw_away,latest_pre_match,2026-02-27 06:46:28.106038+00:00,2026-02-27 12:54:15.004420+00:00
597,2026-02-27 20:00:00+00:00,E0,Wolves,Aston Villa,dc_12,0.762622726003796,1.2857142857142856,0.7777777777777779,-0.015155051773981909,dc.home_away,latest_pre_match,2026-02-27 06:46:28.106038+00:00,2026-02-27 12:54:15.004420+00:00
1112,2026-02-27 20:00:00+00:00,E1,Bristol City,Watford,o15,0.7278838234136747,1.2857142857142856,0.7777777777777779,-0.049893954364103155,ou_1_5.over,latest_pre_match,2026-02-27 06:46:28.730442+00:00,2026-02-27 12:54:15.004420+00:00
1112,2026-02-27 20:00:00+00:00,E1,Bristol City,Watford,u15,0.2722908838500844,3.75,0.26666666666666666,0.005624217183417712,ou_1_5.under,latest_pre_match,2026-02-27 06:46:28.730442+00:00,2026-02-27 12:54:15.004420+00:00
1112,2026-02-27 20:00:00+00:00,E1,Bristol City,Watford,o25,0.4438438822866562,1.9090909090909092,0.5238095238095238,-0.07996564152286761,ou_2_5.over,latest_pre_match,2026-02-27 06:46:28.730442+00:00,2026-02-27 12:54:15.004420+00:00
1112,2026-02-27 20:00:00+00:00,E1,Bristol City,Watford,u25,0.5561561177133437,1.9090909090909092,0.5238095238095238,0.03234659390381989,ou_2_5.under,latest_pre_match,2026-02-27 06:46:28.730442+00:00,2026-02-27 12:54:15.004420+00:00
1112,2026-02-27 20:00:00+00:00,E1,Bristol City,Watford,c85,0.6148840600639782,,,,corners_ou_8_5.over,,,2026-02-27 12:54:15.004420+00:00
1112,2026-02-27 20:00:00+00:00,E1,Bristol City,Watford,btts,0.4978833431409262,1.7272727272727273,0.5789473684210527,-0.08106402528012646,btts.yes,latest_pre_match,2026-02-27 06:46:28.730442+00:00,2026-02-27 12:54:15.004420+00:00
1112,2026-02-27 20:00:00+00:00,E1,Bristol City,Watford,1x2_h,0.3709388266067493,2.45,0.4081632653061224,-0.037224438699373086,1x2.home,latest_pre_match,2026-02-27 06:46:28.730442+00:00,2026-02-27 12:54:15.004420+00:00
1112,2026-02-27 20:00:00+00:00,E1,Bristol City,Watford,1x2_d,0.25689842612683145,3.4,0.29411764705882354,-0.03721922093199209,1x2.draw,latest_pre_match,2026-02-27 06:46:28.730442+00:00,2026-02-27 12:54:15.004420+00:00
1112,2026-02-27 20:00:00+00:00,E1,Bristol City,Watford,1x2_a,0.26475809031920267,2.65,0.37735849056603776,-0.1126004002468351,1x2.away,latest_pre_match,2026-02-27 06:46:28.730442+00:00,2026-02-27 12:54:15.004420+00:00
1112,2026-02-27 20:00:00+00:00,E1,Bristol City,Watford,dc_1x,0.7352419096807973,1.4,0.7142857142857143,0.020956195395082977,dc.home_draw,latest_pre_match,2026-02-27 06:46:28.730442+00:00,2026-02-27 12:54:15.004420+00:00
1112,2026-02-27 20:00:00+00:00,E1,Bristol City,Watford,dc_x2,0.6290611733932506,1.6153846153846154,0.6190476190476191,0.010013554345631559,dc.draw_away,latest_pre_match,2026-02-27 06:46:28.730442+00:00,2026-02-27 12:54:15.004420+00:00
1112,2026-02-27 20:00:00+00:00,E1,Bristol City,Watford,dc_12,0.7445665725623648,1.2857142857142856,0.7777777777777779,-0.0332112052154131,dc.home_away,latest_pre_match,2026-02-27 06:46:28.730442+00:00,2026-02-27 12:54:15.004420+00:00
20828,2026-02-27 20:00:00+00:00,IE1,Bohemians,Shamrock Rovers,o15,0.5765300897513252,1.4444444444444444,0.6923076923076923,-0.11577760255636704,ou_1_5.over,latest_pre_match,2026-02-27 06:46:27.481117+00:00,2026-02-27 12:54:15.004420+00:00
20828,2026-02-27 20:00:00+00:00,IE1,Bohemians,Shamrock Rovers,u15,0.423469910248675,2.625,0.38095238095238093,0.04251752929629404,ou_1_5.under,latest_pre_match,2026-02-27 06:46:27.481117+00:00,2026-02-27 12:54:15.004420+00:00
20828,2026-02-27 20:00:00+00:00,IE1,Bohemians,Shamrock Rovers,o25,0.41456885456885456,2.4,0.4166666666666667,-0.002097812097812124,ou_2_5.over,latest_pre_match,2026-02-27 06:46:27.481117+00:00,2026-02-27 12:54:15.004420+00:00
20828,2026-02-27 20:00:00+00:00,IE1,Bohemians,Shamrock Rovers,u25,0.5854311454311454,1.5333333333333332,0.6521739130434783,-0.06674276761233289,ou_2_5.under,latest_pre_match,2026-02-27 06:46:27.481117+00:00,2026-02-27 12:54:15.004420+00:00
20828,2026-02-27 20:00:00+00:00,IE1,Bohemians,Shamrock Rovers,c85,0.5934328237023775,,,,corners_ou_8_5.over,,,2026-02-27 12:54:15.004420+00:00
20828,2026-02-27 20:00:00+00:00,IE1,Bohemians,Shamrock Rovers,btts,0.565563876321066,2.0,0.5,0.06556387632106597,btts.yes,latest_pre_match,2026-02-27 06:46:27.481117+00:00,2026-02-27 12:54:15.004420+00:00
20828,2026-02-27 20:00:00+00:00,IE1,Bohemians,Shamrock Rovers,1x2_h,0.24957584180407597,2.45,0.4081632653061224,-0.15858742350204644,1x2.home,latest_pre_match,2026-02-27 06:46:27.481117+00:00,2026-02-27 12:54:15.004420+00:00
20828,2026-02-27 20:00:00+00:00,IE1,Bohemians,Shamrock Rovers,1x2_d,0.2623885825417572,3.0,0.3333333333333333,-0.07094475079157614,1x2.draw,latest_pre_match,2026-02-27 06:46:27.481117+00:00,2026-02-27 12:54:15.004420+00:00
20828,2026-02-27 20:00:00+00:00,IE1,Bohemians,Shamrock Rovers,1x2_a,0.4062588451144096,3.1,0.3225806451612903,0.08367819995311926,1x2.away,latest_pre_match,2026-02-27 06:46:27.481117+00:00,2026-02-27 12:54:15.004420+00:00
20828,2026-02-27 20:00:00+00:00,IE1,Bohemians,Shamrock Rovers,dc_1x,0.5937411548855905,1.3636363636363638,0.7333333333333333,-0.13959217844774274,dc.home_draw,latest_pre_match,2026-02-27 06:46:27.481117+00:00,2026-02-27 12:54:15.004420+00:00
20828,2026-02-27 20:00:00+00:00,IE1,Bohemians,Shamrock Rovers,dc_x2,0.750424158195924,1.5333333333333332,0.6521739130434783,0.09825024515244574,dc.draw_away,latest_pre_match,2026-02-27 06:46:27.481117+00:00,2026-02-27 12:54:15.004420+00:00
20828,2026-02-27 20:00:00+00:00,IE1,Bohemians,Shamrock Rovers,dc_12,0.734218634464694,1.3636363636363638,0.7333333333333333,0.0008853011313607606,dc.home_away,latest_pre_match,2026-02-27 06:46:27.481117+00:00,2026-02-27 12:54:15.004420+00:00
21025,2026-02-27 20:00:00+00:00,JP1,Urawa Reds,Kashima Antlers,o15,0.7266093297592033,1.2857142857142856,0.7777777777777779,-0.051168448018574564,ou_1_5.over,latest_pre_match,2026-02-27 06:46:29.354894+00:00,2026-02-27 12:54:15.004420+00:00
21025,2026-02-27 20:00:00+00:00,JP1,Urawa Reds,Kashima Antlers,u15,0.2730922808246334,3.5,0.2857142857142857,-0.012622004889652316,ou_1_5.under,latest_pre_match,2026-02-27 06:46:29.354894+00:00,2026-02-27 12:54:15.004420+00:00
21025,2026-02-27 20:00:00+00:00,JP1,Urawa Reds,Kashima Antlers,o25,0.49157189191416584,1.95,0.5128205128205129,-0.02124862090634705,ou_2_5.over,latest_pre_match,2026-02-27 06:46:29.354894+00:00,2026-02-27 12:54:15.004420+00:00
21025,2026-02-27 20:00:00+00:00,JP1,Urawa Reds,Kashima Antlers,u25,0.5084281080858343,1.85,0.5405405405405405,-0.032112432454706186,ou_2_5.under,latest_pre_match,2026-02-27 06:46:29.354894+00:00,2026-02-27 12:54:15.004420+00:00
21025,2026-02-27 20:00:00+00:00,JP1,Urawa Reds,Kashima Antlers,c85,0.6007274186670681,,,,corners_ou_8_5.over,,,2026-02-27 12:54:15.004420+00:00
21025,2026-02-27 20:00:00+00:00,JP1,Urawa Reds,Kashima Antlers,btts,0.4850979265002775,1.75,0.5714285714285714,-0.0863306449282939,btts.yes,latest_pre_match,2026-02-27 06:46:29.354894+00:00,2026-02-27 12:54:15.004420+00:00
21025,2026-02-27 20:00:00+00:00,JP1,Urawa Reds,Kashima Antlers,1x2_h,0.5158346803814872,2.55,0.3921568627450981,0.12367781763638908,1x2.home,latest_pre_match,2026-02-27 06:46:29.354894+00:00,2026-02-27 12:54:15.004420+00:00
21025,2026-02-27 20:00:00+00:00,JP1,Urawa Reds,Kashima Antlers,1x2_d,0.24064623921737618,3.4,0.29411764705882354,-0.053471407841447355,1x2.draw,latest_pre_match,2026-02-27 06:46:29.354894+00:00,2026-02-27 12:54:15.004420+00:00
21025,2026-02-27 20:00:00+00:00,JP1,Urawa Reds,Kashima Antlers,1x2_a,0.15552781822804704,2.55,0.3921568627450981,-0.23662904451705105,1x2.away,latest_pre_match,2026-02-27 06:46:29.354894+00:00,2026-02-27 12:54:15.004420+00:00
21025,2026-02-27 20:00:00+00:00,JP1,Urawa Reds,Kashima Antlers,dc_1x,0.844472181771953,1.5,0.6666666666666666,0.17780551510528642,dc.home_draw,latest_pre_match,2026-02-27 06:46:29.354894+00:00,2026-02-27 12:54:15.004420+00:00
21025,2026-02-27 20:00:00+00:00,JP1,Urawa Reds,Kashima Antlers,dc_x2,0.4841653196185128,1.5,0.6666666666666666,-0.18250134704815385,dc.draw_away,latest_pre_match,2026-02-27 06:46:29.354894+00:00,2026-02-27 12:54:15.004420+00:00
21025,2026-02-27 20:00:00+00:00,JP1,Urawa Reds,Kashima Antlers,dc_12,0.7559609777890751,1.3,0.7692307692307692,-0.013269791441694045,dc.home_away,latest_pre_match,2026-02-27 06:46:29.354894+00:00,2026-02-27 12:54:15.004420+00:00
19581,2026-02-27 20:45:00+00:00,P1,Sporting CP,Estoril,o15,0.8576540220608018,1.0833333333333333,0.9230769230769231,-0.06542290101612136,ou_1_5.over,latest_pre_match,2026-02-27 06:46:29.980371+00:00,2026-02-27 12:54:15.004420+00:00
19581,2026-02-27 20:45:00+00:00,P1,Sporting CP,Estoril,u15,0.14234597793919826,8.0,0.125,0.01734597793919826,ou_1_5.under,latest_pre_match,2026-02-27 06:46:29.980371+00:00,2026-02-27 12:54:15.004420+00:00
19581,2026-02-27 20:45:00+00:00,P1,Sporting CP,Estoril,o25,0.7326437003856358,1.3,0.7692307692307692,-0.03658706884513341,ou_2_5.over,latest_pre_match,2026-02-27 06:46:29.980371+00:00,2026-02-27 12:54:15.004420+00:00
19581,2026-02-27 20:45:00+00:00,P1,Sporting CP,Estoril,u25,0.26735629961436413,3.5,0.2857142857142857,-0.018357986099921564,ou_2_5.under,latest_pre_match,2026-02-27 06:46:29.980371+00:00,2026-02-27 12:54:15.004420+00:00
19581,2026-02-27 20:45:00+00:00,P1,Sporting CP,Estoril,c85,0.666650573120814,,,,corners_ou_8_5.over,,,2026-02-27 12:54:15.004420+00:00
19581,2026-02-27 20:45:00+00:00,P1,Sporting CP,Estoril,btts,0.47675205849827185,1.8,0.5555555555555556,-0.07880349705728373,btts.yes,latest_pre_match,2026-02-27 06:46:29.980371+00:00,2026-02-27 12:54:15.004420+00:00
19581,2026-02-27 20:45:00+00:00,P1,Sporting CP,Estoril,1x2_h,0.7922668835192069,1.15,0.8695652173913044,-0.0772983338720975,1x2.home,latest_pre_match,2026-02-27 06:46:29.980371+00:00,2026-02-27 12:54:15.004420+00:00
19581,2026-02-27 20:45:00+00:00,P1,Sporting CP,Estoril,1x2_d,0.19950450071843395,7.5,0.13333333333333333,0.06617116738510062,1x2.draw,latest_pre_match,2026-02-27 06:46:29.980371+00:00,2026-02-27 12:54:15.004420+00:00
19581,2026-02-27 20:45:00+00:00,P1,Sporting CP,Estoril,1x2_a,0.001,12.0,0.08333333333333333,-0.08233333333333333,1x2.away,latest_pre_match,2026-02-27 06:46:29.980371+00:00,2026-02-27 12:54:15.004420+00:00
19581,2026-02-27 20:45:00+00:00,P1,Sporting CP,Estoril,dc_1x,0.999,1.05,0.9523809523809523,0.04661904761904767,dc.home_draw,latest_pre_match,2026-02-27 06:46:29.980371+00:00,2026-02-27 12:54:15.004420+00:00
19581,2026-02-27 20:45:00+00:00,P1,Sporting CP,Estoril,dc_x2,0.20773311648079307,4.5,0.2222222222222222,-0.014489105741429142,dc.draw_away,latest_pre_match,2026-02-27 06:46:29.980371+00:00,2026-02-27 12:54:15.004420+00:00
19581,2026-02-27 20:45:00+00:00,P1,Sporting CP,Estoril,dc_12,0.8024562835952915,1.1,0.9090909090909091,-0.10663462549561753,dc.home_away,latest_pre_match,2026-02-27 06:46:29.980371+00:00,2026-02-27 12:54:15.004420+00:00
21026,2026-02-27 21:00:00+00:00,JP1,FC Tokyo,Kashiwa Reysol,o15,0.7675690522978732,1.2222222222222223,0.8181818181818181,-0.05061276588394492,ou_1_5.over,latest_pre_match,2026-02-27 06:46:31.209363+00:00,2026-02-27 12:54:15.004420+00:00
21026,2026-02-27 21:00:00+00:00,JP1,FC Tokyo,Kashiwa Reysol,u15,0.23243094770212683,4.0,0.25,-0.017569052297873172,ou_1_5.under,latest_pre_match,2026-02-27 06:46:31.209363+00:00,2026-02-27 12:54:15.004420+00:00
21026,2026-02-27 21:00:00+00:00,JP1,FC Tokyo,Kashiwa Reysol,o25,0.5445851528877751,1.8,0.5555555555555556,-0.010970402667780488,ou_2_5.over,latest_pre_match,2026-02-27 06:46:31.209363+00:00,2026-02-27 12:54:15.004420+00:00
21026,2026-02-27 21:00:00+00:00,JP1,FC Tokyo,Kashiwa Reysol,u25,0.45541484711222485,2.0,0.5,-0.04458515288777515,ou_2_5.under,latest_pre_match,2026-02-27 06:46:31.209363+00:00,2026-02-27 12:54:15.004420+00:00
21026,2026-02-27 21:00:00+00:00,JP1,FC Tokyo,Kashiwa Reysol,c85,0.6021527044024795,,,,corners_ou_8_5.over,,,2026-02-27 12:54:15.004420+00:00
21026,2026-02-27 21:00:00+00:00,JP1,FC Tokyo,Kashiwa Reysol,btts,0.5509229795993442,1.6153846153846154,0.6190476190476191,-0.06812463944827485,btts.yes,latest_pre_match,2026-02-27 06:46:31.209363+00:00,2026-02-27 12:54:15.004420+00:00
21026,2026-02-27 21:00:00+00:00,JP1,FC Tokyo,Kashiwa Reysol,1x2_h,0.5703563389983684,2.55,0.3921568627450981,0.17819947625327026,1x2.home,latest_pre_match,2026-02-27 06:46:31.209363+00:00,2026-02-27 12:54:15.004420+00:00
21026,2026-02-27 21:00:00+00:00,JP1,FC Tokyo,Kashiwa Reysol,1x2_d,0.22770370550910593,3.4,0.29411764705882354,-0.06641394154971761,1x2.draw,latest_pre_match,2026-02-27 06:46:31.209363+00:00,2026-02-27 12:54:15.004420+00:00
21026,2026-02-27 21:00:00+00:00,JP1,FC Tokyo,Kashiwa Reysol,1x2_a,0.17726827249154054,2.55,0.3921568627450981,-0.21488859025355755,1x2.away,latest_pre_match,2026-02-27 06:46:31.209363+00:00,2026-02-27 12:54:15.004420+00:00
21026,2026-02-27 21:00:00+00:00,JP1,FC Tokyo,Kashiwa Reysol,dc_1x,0.8227317275084595,1.5,0.6666666666666666,0.15606506084179284,dc.home_draw,latest_pre_match,2026-02-27 06:46:31.209363+00:00,2026-02-27 12:54:15.004420+00:00
21026,2026-02-27 21:00:00+00:00,JP1,FC Tokyo,Kashiwa Reysol,dc_x2,0.4296436610016317,1.5,0.6666666666666666,-0.23702300566503492,dc.draw_away,latest_pre_match,2026-02-27 06:46:31.209363+00:00,2026-02-27 12:54:15.004420+00:00
21026,2026-02-27 21:00:00+00:00,JP1,FC Tokyo,Kashiwa Reysol,dc_12,0.769305790531219,1.3,0.7692307692307692,7.502130044978461e-05,dc.home_away,latest_pre_match,2026-02-27 06:46:31.209363+00:00,2026-02-27 12:54:15.004420+00:00
21027,2026-02-27 21:00:00+00:00,JP1,Gamba Osaka,Shimizu S-Pulse,o15,0.8320067078435279,1.2222222222222223,0.8181818181818181,0.013824889661709805,ou_1_5.over,latest_pre_match,2026-02-27 06:46:30.598431+00:00,2026-02-27 12:54:15.004420+00:00
21027,2026-02-27 21:00:00+00:00,JP1,Gamba Osaka,Shimizu S-Pulse,u15,0.16799329215647207,4.0,0.25,-0.08200670784352793,ou_1_5.under,latest_pre_match,2026-02-27 06:46:30.598431+00:00,2026-02-27 12:54:15.004420+00:00
21027,2026-02-27 21:00:00+00:00,JP1,Gamba Osaka,Shimizu S-Pulse,o25,0.5139906284292429,1.8,0.5555555555555556,-0.041564927126312656,ou_2_5.over,latest_pre_match,2026-02-27 06:46:30.598431+00:00,2026-02-27 12:54:15.004420+00:00
21027,2026-02-27 21:00:00+00:00,JP1,Gamba Osaka,Shimizu S-Pulse,u25,0.48600937157075713,2.0,0.5,-0.013990628429242868,ou_2_5.under,latest_pre_match,2026-02-27 06:46:30.598431+00:00,2026-02-27 12:54:15.004420+00:00
21027,2026-02-27 21:00:00+00:00,JP1,Gamba Osaka,Shimizu S-Pulse,c85,0.603735710205951,,,,corners_ou_8_5.over,,,2026-02-27 12:54:15.004420+00:00
21027,2026-02-27 21:00:00+00:00,JP1,Gamba Osaka,Shimizu S-Pulse,btts,0.5557751262728575,1.6666666666666665,0.6000000000000001,-0.044224873727142566,btts.yes,latest_pre_match,2026-02-27 06:46:30.598431+00:00,2026-02-27 12:54:15.004420+00:00
21027,2026-02-27 21:00:00+00:00,JP1,Gamba Osaka,Shimizu S-Pulse,1x2_h,0.5703563389983684,1.8599999999999999,0.5376344086021506,0.032721930396217735,1x2.home,latest_pre_match,2026-02-27 06:46:30.598431+00:00,2026-02-27 12:54:15.004420+00:00
21027,2026-02-27 21:00:00+00:00,JP1,Gamba Osaka,Shimizu S-Pulse,1x2_d,0.2500319261076159,3.75,0.26666666666666666,-0.016634740559050787,1x2.draw,latest_pre_match,2026-02-27 06:46:30.598431+00:00,2026-02-27 12:54:15.004420+00:00
21027,2026-02-27 21:00:00+00:00,JP1,Gamba Osaka,Shimizu S-Pulse,1x2_a,0.2197608859752902,3.7,0.27027027027027023,-0.05050938429498003,1x2.away,latest_pre_match,2026-02-27 06:46:30.598431+00:00,2026-02-27 12:54:15.004420+00:00
21027,2026-02-27 21:00:00+00:00,JP1,Gamba Osaka,Shimizu S-Pulse,dc_1x,0.7802391140247097,1.2857142857142856,0.7777777777777779,0.002461336246931789,dc.home_draw,latest_pre_match,2026-02-27 06:46:30.598431+00:00,2026-02-27 12:54:15.004420+00:00
21027,2026-02-27 21:00:00+00:00,JP1,Gamba Osaka,Shimizu S-Pulse,dc_x2,0.4296436610016317,1.8333333333333335,0.5454545454545454,-0.11581088445291371,dc.draw_away,latest_pre_match,2026-02-27 06:46:30.598431+00:00,2026-02-27 12:54:15.004420+00:00
21027,2026-02-27 21:00:00+00:00,JP1,Gamba Osaka,Shimizu S-Pulse,dc_12,0.7469775699327089,1.25,0.8,-0.053022430067291126,dc.home_away,latest_pre_match,2026-02-27 06:46:30.598431+00:00,2026-02-27 12:54:15.004420+00:00
21028,2026-02-27 23:00:00+00:00,JP1,V-Varen Nagasaki,Cerezo Osaka,o15,0.6942803586322969,1.2222222222222223,0.8181818181818181,-0.12390145954952125,ou_1_5.over,latest_pre_match,2026-02-27 06:46:31.835133+00:00,2026-02-27 12:54:15.004420+00:00
21028,2026-02-27 23:00:00+00:00,JP1,V-Varen Nagasaki,Cerezo Osaka,u15,0.3058943486314622,4.0,0.25,0.0558943486314622,ou_1_5.under,latest_pre_match,2026-02-27 06:46:31.835133+00:00,2026-02-27 12:54:15.004420+00:00
21028,2026-02-27 23:00:00+00:00,JP1,V-Varen Nagasaki,Cerezo Osaka,o25,0.5139906284292429,1.8,0.5555555555555556,-0.041564927126312656,ou_2_5.over,latest_pre_match,2026-02-27 06:46:31.835133+00:00,2026-02-27 12:54:15.004420+00:00
21028,2026-02-27 23:00:00+00:00,JP1,V-Varen Nagasaki,Cerezo Osaka,u25,0.48600937157075713,2.0,0.5,-0.013990628429242868,ou_2_5.under,latest_pre_match,2026-02-27 06:46:31.835133+00:00,2026-02-27 12:54:15.004420+00:00
21028,2026-02-27 23:00:00+00:00,JP1,V-Varen Nagasaki,Cerezo Osaka,c85,0.603735710205951,,,,corners_ou_8_5.over,,,2026-02-27 12:54:15.004420+00:00
21028,2026-02-27 23:00:00+00:00,JP1,V-Varen Nagasaki,Cerezo Osaka,btts,0.4850979265002775,1.6153846153846154,0.6190476190476191,-0.13394969254734157,btts.yes,latest_pre_match,2026-02-27 06:46:31.835133+00:00,2026-02-27 12:54:15.004420+00:00
21028,2026-02-27 23:00:00+00:00,JP1,V-Varen Nagasaki,Cerezo Osaka,1x2_h,0.4152666499470232,2.5700000000000003,0.3891050583657587,0.02616159158126452,1x2.home,latest_pre_match,2026-02-27 06:46:31.835133+00:00,2026-02-27 12:54:15.004420+00:00
21028,2026-02-27 23:00:00+00:00,JP1,V-Varen Nagasaki,Cerezo Osaka,1x2_d,0.25689842612683145,3.4,0.29411764705882354,-0.03721922093199209,1x2.draw,latest_pre_match,2026-02-27 06:46:31.835133+00:00,2026-02-27 12:54:15.004420+00:00
21028,2026-02-27 23:00:00+00:00,JP1,V-Varen Nagasaki,Cerezo Osaka,1x2_a,0.29533702611676893,2.55,0.3921568627450981,-0.09681983662832916,1x2.away,latest_pre_match,2026-02-27 06:46:31.835133+00:00,2026-02-27 12:54:15.004420+00:00
21028,2026-02-27 23:00:00+00:00,JP1,V-Varen Nagasaki,Cerezo Osaka,dc_1x,0.7046629738832312,1.5,0.6666666666666666,0.03799630721656455,dc.home_draw,latest_pre_match,2026-02-27 06:46:31.835133+00:00,2026-02-27 12:54:15.004420+00:00
21028,2026-02-27 23:00:00+00:00,JP1,V-Varen Nagasaki,Cerezo Osaka,dc_x2,0.5847333500529768,1.4444444444444444,0.6923076923076923,-0.10757434225471552,dc.draw_away,latest_pre_match,2026-02-27 06:46:31.835133+00:00,2026-02-27 12:54:15.004420+00:00
21028,2026-02-27 23:00:00+00:00,JP1,V-Varen Nagasaki,Cerezo Osaka,dc_12,0.7445665725623648,1.3,0.7692307692307692,-0.02466419666840436,dc.home_away,latest_pre_match,2026-02-27 06:46:31.835133+00:00,2026-02-27 12:54:15.004420+00:00
22184,2026-02-28 06:00:00+00:00,RU1,Orenburg,Akron Togliatti,o15,0.7628071475359685,,,,ou_1_5.over,,,2026-02-27 12:54:15.004420+00:00
22184,2026-02-28 06:00:00+00:00,RU1,Orenburg,Akron Togliatti,u15,0.23719285246403157,,,,ou_1_5.under,,,2026-02-27 12:54:15.004420+00:00
22184,2026-02-28 06:00:00+00:00,RU1,Orenburg,Akron Togliatti,o25,0.5315843078636537,,,,ou_2_5.over,,,2026-02-27 12:54:15.004420+00:00
22184,2026-02-28 06:00:00+00:00,RU1,Orenburg,Akron Togliatti,u25,0.4684156921363463,,,,ou_2_5.under,,,2026-02-27 12:54:15.004420+00:00
22184,2026-02-28 06:00:00+00:00,RU1,Orenburg,Akron Togliatti,c85,0.6007638579124875,,,,corners_ou_8_5.over,,,2026-02-27 12:54:15.004420+00:00
22184,2026-02-28 06:00:00+00:00,RU1,Orenburg,Akron Togliatti,btts,0.5696776682715123,,,,btts.yes,,,2026-02-27 12:54:15.004420+00:00
22184,2026-02-28 06:00:00+00:00,RU1,Orenburg,Akron Togliatti,1x2_h,0.44509918381894115,,,,1x2.home,,,2026-02-27 12:54:15.004420+00:00
22184,2026-02-28 06:00:00+00:00,RU1,Orenburg,Akron Togliatti,1x2_d,0.2589713946177104,,,,1x2.draw,,,2026-02-27 12:54:15.004420+00:00
22184,2026-02-28 06:00:00+00:00,RU1,Orenburg,Akron Togliatti,1x2_a,0.2499596676262029,,,,1x2.away,,,2026-02-27 12:54:15.004420+00:00
22184,2026-02-28 06:00:00+00:00,RU1,Orenburg,Akron Togliatti,dc_1x,0.7500403323737972,,,,dc.home_draw,,,2026-02-27 12:54:15.004420+00:00
22184,2026-02-28 06:00:00+00:00,RU1,Orenburg,Akron Togliatti,dc_x2,0.5549008161810589,,,,dc.draw_away,,,2026-02-27 12:54:15.004420+00:00
22184,2026-02-28 06:00:00+00:00,RU1,Orenburg,Akron Togliatti,dc_12,0.7419693143006674,,,,dc.home_away,,,2026-02-27 12:54:15.004420+00:00
21404,2026-02-28 07:00:00+00:00,MX1,Mazatlan FC,Pachuca,o15,0.7439395317611361,1.25,0.8,-0.0560604682388639,ou_1_5.over,latest_pre_match,2026-02-27 06:46:33.174873+00:00,2026-02-27 12:54:15.004420+00:00
21404,2026-02-28 07:00:00+00:00,MX1,Mazatlan FC,Pachuca,u15,0.2560604682388638,3.75,0.26666666666666666,-0.01060619842780286,ou_1_5.under,latest_pre_match,2026-02-27 06:46:33.174873+00:00,2026-02-27 12:54:15.004420+00:00
21404,2026-02-28 07:00:00+00:00,MX1,Mazatlan FC,Pachuca,o25,0.46614333219733345,1.9,0.5263157894736842,-0.06017245727635073,ou_2_5.over,latest_pre_match,2026-02-27 06:46:33.174873+00:00,2026-02-27 12:54:15.004420+00:00
21404,2026-02-28 07:00:00+00:00,MX1,Mazatlan FC,Pachuca,u25,0.5338566678026665,1.9,0.5263157894736842,0.0075408783289823145,ou_2_5.under,latest_pre_match,2026-02-27 06:46:33.174873+00:00,2026-02-27 12:54:15.004420+00:00
21404,2026-02-28 07:00:00+00:00,MX1,Mazatlan FC,Pachuca,c85,0.6036700873631614,,,,corners_ou_8_5.over,,,2026-02-27 12:54:15.004420+00:00
21404,2026-02-28 07:00:00+00:00,MX1,Mazatlan FC,Pachuca,btts,0.5304580949761563,1.75,0.5714285714285714,-0.04097047645241514,btts.yes,latest_pre_match,2026-02-27 06:46:33.174873+00:00,2026-02-27 12:54:15.004420+00:00
21404,2026-02-28 07:00:00+00:00,MX1,Mazatlan FC,Pachuca,1x2_h,0.26355820105820105,3.75,0.26666666666666666,-0.003108465608465616,1x2.home,latest_pre_match,2026-02-27 06:46:33.174873+00:00,2026-02-27 12:54:15.004420+00:00
21404,2026-02-28 07:00:00+00:00,MX1,Mazatlan FC,Pachuca,1x2_d,0.26925508256097275,3.5,0.2857142857142857,-0.01645920315331295,1x2.draw,latest_pre_match,2026-02-27 06:46:33.174873+00:00,2026-02-27 12:54:15.004420+00:00
21404,2026-02-28 07:00:00+00:00,MX1,Mazatlan FC,Pachuca,1x2_a,0.3960426942972007,1.96,0.5102040816326531,-0.11416138733545239,1x2.away,latest_pre_match,2026-02-27 06:46:33.174873+00:00,2026-02-27 12:54:15.004420+00:00
21404,2026-02-28 07:00:00+00:00,MX1,Mazatlan FC,Pachuca,dc_1x,0.6039573057027993,1.8,0.5555555555555556,0.04840175014724368,dc.home_draw,latest_pre_match,2026-02-27 06:46:33.174873+00:00,2026-02-27 12:54:15.004420+00:00
21404,2026-02-28 07:00:00+00:00,MX1,Mazatlan FC,Pachuca,dc_x2,0.736441798941799,1.25,0.8,-0.06355820105820109,dc.draw_away,latest_pre_match,2026-02-27 06:46:33.174873+00:00,2026-02-27 12:54:15.004420+00:00
21404,2026-02-28 07:00:00+00:00,MX1,Mazatlan FC,Pachuca,dc_12,0.7318076370943499,1.2857142857142856,0.7777777777777779,-0.045970140683427974,dc.home_away,latest_pre_match,2026-02-27 06:46:33.174873+00:00,2026-02-27 12:54:15.004420+00:00
21405,2026-02-28 07:00:00+00:00,MX1,Queretaro,Santos Laguna,o15,0.7671989926995225,1.2222222222222223,0.8181818181818181,-0.0509828254822956,ou_1_5.over,latest_pre_match,2026-02-27 06:46:33.802724+00:00,2026-02-27 12:54:15.004420+00:00
21405,2026-02-28 07:00:00+00:00,MX1,Queretaro,Santos Laguna,u15,0.2328010073004775,4.0,0.25,-0.017198992699522492,ou_1_5.under,latest_pre_match,2026-02-27 06:46:33.802724+00:00,2026-02-27 12:54:15.004420+00:00
21405,2026-02-28 07:00:00+00:00,MX1,Queretaro,Santos Laguna,o25,0.5007050035867455,1.8,0.5555555555555556,-0.05485055196881006,ou_2_5.over,latest_pre_match,2026-02-27 06:46:33.802724+00:00,2026-02-27 12:54:15.004420+00:00
21405,2026-02-28 07:00:00+00:00,MX1,Queretaro,Santos Laguna,u25,0.4992949964132544,2.0,0.5,-0.0007050035867455784,ou_2_5.under,latest_pre_match,2026-02-27 06:46:33.802724+00:00,2026-02-27 12:54:15.004420+00:00
21405,2026-02-28 07:00:00+00:00,MX1,Queretaro,Santos Laguna,c85,0.6041830474215323,,,,corners_ou_8_5.over,,,2026-02-27 12:54:15.004420+00:00
21405,2026-02-28 07:00:00+00:00,MX1,Queretaro,Santos Laguna,btts,0.5458314749350986,1.7,0.5882352941176471,-0.04240381918254843,btts.yes,latest_pre_match,2026-02-27 06:46:33.802724+00:00,2026-02-27 12:54:15.004420+00:00
21405,2026-02-28 07:00:00+00:00,MX1,Queretaro,Santos Laguna,1x2_h,0.40792970609877505,1.8599999999999999,0.5376344086021506,-0.12970470250337557,1x2.home,latest_pre_match,2026-02-27 06:46:33.802724+00:00,2026-02-27 12:54:15.004420+00:00
21405,2026-02-28 07:00:00+00:00,MX1,Queretaro,Santos Laguna,1x2_d,0.2386128311064313,3.7,0.27027027027027023,-0.031657439163838924,1x2.draw,latest_pre_match,2026-02-27 06:46:33.802724+00:00,2026-02-27 12:54:15.004420+00:00
21405,2026-02-28 07:00:00+00:00,MX1,Queretaro,Santos Laguna,1x2_a,0.3684050667484769,3.9,0.25641025641025644,0.11199481033822045,1x2.away,latest_pre_match,2026-02-27 06:46:33.802724+00:00,2026-02-27 12:54:15.004420+00:00
21405,2026-02-28 07:00:00+00:00,MX1,Queretaro,Santos Laguna,dc_1x,0.6315949332515232,1.25,0.8,-0.16840506674847688,dc.home_draw,latest_pre_match,2026-02-27 06:46:33.802724+00:00,2026-02-27 12:54:15.004420+00:00
21405,2026-02-28 07:00:00+00:00,MX1,Queretaro,Santos Laguna,dc_x2,0.5920702939012249,1.9090909090909092,0.5238095238095238,0.06826077009170106,dc.draw_away,latest_pre_match,2026-02-27 06:46:33.802724+00:00,2026-02-27 12:54:15.004420+00:00
21405,2026-02-28 07:00:00+00:00,MX1,Queretaro,Santos Laguna,dc_12,0.75799438590002,1.2857142857142856,0.7777777777777779,-0.019783391877757905,dc.home_away,latest_pre_match,2026-02-27 06:46:33.802724+00:00,2026-02-27 12:54:15.004420+00:00
19888,2026-02-28 07:30:00+00:00,T1,Kasimpasa,Rizespor,o15,0.7211390757149806,1.25,0.8,-0.07886092428501945,ou_1_5.over,latest_pre_match,2026-02-27 06:46:34.430705+00:00,2026-02-27 12:54:15.004420+00:00
19888,2026-02-28 07:30:00+00:00,T1,Kasimpasa,Rizespor,u15,0.2785625348688561,3.75,0.26666666666666666,0.011895868202189464,ou_1_5.under,latest_pre_match,2026-02-27 06:46:34.430705+00:00,2026-02-27 12:54:15.004420+00:00
19888,2026-02-28 07:30:00+00:00,T1,Kasimpasa,Rizespor,o25,0.45941203526068114,1.85,0.5405405405405405,-0.08112850527985932,ou_2_5.over,latest_pre_match,2026-02-27 06:46:34.430705+00:00,2026-02-27 12:54:15.004420+00:00
19888,2026-02-28 07:30:00+00:00,T1,Kasimpasa,Rizespor,u25,0.5405879647393189,1.95,0.5128205128205129,0.02776745191880603,ou_2_5.under,latest_pre_match,2026-02-27 06:46:34.430705+00:00,2026-02-27 12:54:15.004420+00:00
19888,2026-02-28 07:30:00+00:00,T1,Kasimpasa,Rizespor,c85,0.6094837386125896,,,,corners_ou_8_5.over,,,2026-02-27 12:54:15.004420+00:00
19888,2026-02-28 07:30:00+00:00,T1,Kasimpasa,Rizespor,btts,0.5316929085791305,1.6666666666666665,0.6000000000000001,-0.06830709142086955,btts.yes,latest_pre_match,2026-02-27 06:46:34.430705+00:00,2026-02-27 12:54:15.004420+00:00
19888,2026-02-28 07:30:00+00:00,T1,Kasimpasa,Rizespor,1x2_h,0.45675707441617114,2.4,0.4166666666666667,0.04009040774950445,1x2.home,latest_pre_match,2026-02-27 06:46:34.430705+00:00,2026-02-27 12:54:15.004420+00:00
19888,2026-02-28 07:30:00+00:00,T1,Kasimpasa,Rizespor,1x2_d,0.25182853747485323,3.5,0.2857142857142857,-0.03388574823943247,1x2.draw,latest_pre_match,2026-02-27 06:46:34.430705+00:00,2026-02-27 12:54:15.004420+00:00
19888,2026-02-28 07:30:00+00:00,T1,Kasimpasa,Rizespor,1x2_a,0.31853982570111644,2.65,0.37735849056603776,-0.05881866486492132,1x2.away,latest_pre_match,2026-02-27 06:46:34.430705+00:00,2026-02-27 12:54:15.004420+00:00
19888,2026-02-28 07:30:00+00:00,T1,Kasimpasa,Rizespor,dc_1x,0.6814601742988836,1.4444444444444444,0.6923076923076923,-0.010847518008808676,dc.home_draw,latest_pre_match,2026-02-27 06:46:34.430705+00:00,2026-02-27 12:54:15.004420+00:00
19888,2026-02-28 07:30:00+00:00,T1,Kasimpasa,Rizespor,dc_x2,0.5432429255838288,1.5333333333333332,0.6521739130434783,-0.10893098745964946,dc.draw_away,latest_pre_match,2026-02-27 06:46:34.430705+00:00,2026-02-27 12:54:15.004420+00:00
19888,2026-02-28 07:30:00+00:00,T1,Kasimpasa,Rizespor,dc_12,0.7492341821804697,1.2857142857142856,0.7777777777777779,-0.028543595597308236,dc.home_away,latest_pre_match,2026-02-27 06:46:34.430705+00:00,2026-02-27 12:54:15.004420+00:00
22185,2026-02-28 08:30:00+00:00,RU1,Krasnodar,FK Rostov,o15,0.831059631059631,,,,ou_1_5.over,,,2026-02-27 12:54:15.004420+00:00
22185,2026-02-28 08:30:00+00:00,RU1,Krasnodar,FK Rostov,u15,0.16894036894036893,,,,ou_1_5.under,,,2026-02-27 12:54:15.004420+00:00
22185,2026-02-28 08:30:00+00:00,RU1,Krasnodar,FK Rostov,o25,0.5564376572309203,,,,ou_2_5.over,,,2026-02-27 12:54:15.004420+00:00
22185,2026-02-28 08:30:00+00:00,RU1,Krasnodar,FK Rostov,u25,0.44356234276907974,,,,ou_2_5.under,,,2026-02-27 12:54:15.004420+00:00
22185,2026-02-28 08:30:00+00:00,RU1,Krasnodar,FK Rostov,c85,0.57694447715226,,,,corners_ou_8_5.over,,,2026-02-27 12:54:15.004420+00:00
22185,2026-02-28 08:30:00+00:00,RU1,Krasnodar,FK Rostov,btts,0.5762563451351282,,,,btts.yes,,,2026-02-27 12:54:15.004420+00:00
22185,2026-02-28 08:30:00+00:00,RU1,Krasnodar,FK Rostov,1x2_h,0.43665548030313234,,,,1x2.home,,,2026-02-27 12:54:15.004420+00:00
22185,2026-02-28 08:30:00+00:00,RU1,Krasnodar,FK Rostov,1x2_d,0.2589713946177104,,,,1x2.draw,,,2026-02-27 12:54:15.004420+00:00
22185,2026-02-28 08:30:00+00:00,RU1,Krasnodar,FK Rostov,1x2_a,0.3174060033412154,,,,1x2.away,,,2026-02-27 12:54:15.004420+00:00
22185,2026-02-28 08:30:00+00:00,RU1,Krasnodar,FK Rostov,dc_1x,0.6825939966587846,,,,dc.home_draw,,,2026-02-27 12:54:15.004420+00:00
22185,2026-02-28 08:30:00+00:00,RU1,Krasnodar,FK Rostov,dc_x2,0.5633445196968677,,,,dc.draw_away,,,2026-02-27 12:54:15.004420+00:00
22185,2026-02-28 08:30:00+00:00,RU1,Krasnodar,FK Rostov,dc_12,0.7441307359497378,,,,dc.home_away,,,2026-02-27 12:54:15.004420+00:00
21406,2026-02-28 09:00:00+00:00,MX1,Juarez,Atlas,o15,0.7266093297592033,1.3333333333333333,0.75,-0.023390670240796663,ou_1_5.over,latest_pre_match,2026-02-27 06:46:35.637511+00:00,2026-02-27 12:54:15.004420+00:00
21406,2026-02-28 09:00:00+00:00,MX1,Juarez,Atlas,u15,0.2730922808246334,3.25,0.3076923076923077,-0.03460002686767433,ou_1_5.under,latest_pre_match,2026-02-27 06:46:35.637511+00:00,2026-02-27 12:54:15.004420+00:00
21406,2026-02-28 09:00:00+00:00,MX1,Juarez,Atlas,o25,0.43590737435014826,2.075,0.48192771084337344,-0.04602033649322518,ou_2_5.over,latest_pre_match,2026-02-27 06:46:35.637511+00:00,2026-02-27 12:54:15.004420+00:00
21406,2026-02-28 09:00:00+00:00,MX1,Juarez,Atlas,u25,0.5640926256498516,1.7272727272727273,0.5789473684210527,-0.014854742771201024,ou_2_5.under,latest_pre_match,2026-02-27 06:46:35.637511+00:00,2026-02-27 12:54:15.004420+00:00
21406,2026-02-28 09:00:00+00:00,MX1,Juarez,Atlas,c85,0.6021527044024795,,,,corners_ou_8_5.over,,,2026-02-27 12:54:15.004420+00:00
21406,2026-02-28 09:00:00+00:00,MX1,Juarez,Atlas,btts,0.5085520100858988,1.9090909090909092,0.5238095238095238,-0.015257513723625049,btts.yes,latest_pre_match,2026-02-27 06:46:35.637511+00:00,2026-02-27 12:54:15.004420+00:00
21406,2026-02-28 09:00:00+00:00,MX1,Juarez,Atlas,1x2_h,0.36124095993698685,2.01,0.49751243781094534,-0.1362714778739585,1x2.home,latest_pre_match,2026-02-27 06:46:35.637511+00:00,2026-02-27 12:54:15.004420+00:00
21406,2026-02-28 09:00:00+00:00,MX1,Juarez,Atlas,1x2_d,0.24547933112564688,3.4,0.29411764705882354,-0.04863831593317666,1x2.draw,latest_pre_match,2026-02-27 06:46:35.637511+00:00,2026-02-27 12:54:15.004420+00:00
21406,2026-02-28 09:00:00+00:00,MX1,Juarez,Atlas,1x2_a,0.3684050667484769,3.6,0.2777777777777778,0.0906272889706991,1x2.away,latest_pre_match,2026-02-27 06:46:35.637511+00:00,2026-02-27 12:54:15.004420+00:00
21406,2026-02-28 09:00:00+00:00,MX1,Juarez,Atlas,dc_1x,0.6315949332515232,1.2857142857142856,0.7777777777777779,-0.14618284452625474,dc.home_draw,latest_pre_match,2026-02-27 06:46:35.637511+00:00,2026-02-27 12:54:15.004420+00:00
21406,2026-02-28 09:00:00+00:00,MX1,Juarez,Atlas,dc_x2,0.6387590400630131,1.7272727272727273,0.5789473684210527,0.05981167164196044,dc.draw_away,latest_pre_match,2026-02-27 06:46:35.637511+00:00,2026-02-27 12:54:15.004420+00:00
21406,2026-02-28 09:00:00+00:00,MX1,Juarez,Atlas,dc_12,0.755583388529676,1.3,0.7692307692307692,-0.01364738070109317,dc.home_away,latest_pre_match,2026-02-27 06:46:35.637511+00:00,2026-02-27 12:54:15.004420+00:00
21407,2026-02-28 09:06:00+00:00,MX1,Club Tijuana,UNAM Pumas,o15,0.7284462531099628,1.25,0.8,-0.07155374689003724,ou_1_5.over,latest_pre_match,2026-02-27 06:46:36.252110+00:00,2026-02-27 12:54:15.004420+00:00
21407,2026-02-28 09:06:00+00:00,MX1,Club Tijuana,UNAM Pumas,u15,0.2722908838500844,3.75,0.26666666666666666,0.005624217183417712,ou_1_5.under,latest_pre_match,2026-02-27 06:46:36.252110+00:00,2026-02-27 12:54:15.004420+00:00
21407,2026-02-28 09:06:00+00:00,MX1,Club Tijuana,UNAM Pumas,o25,0.4677221404025527,1.9,0.5263157894736842,-0.05859364907113146,ou_2_5.over,latest_pre_match,2026-02-27 06:46:36.252110+00:00,2026-02-27 12:54:15.004420+00:00
21407,2026-02-28 09:06:00+00:00,MX1,Club Tijuana,UNAM Pumas,u25,0.5322778595974472,1.9,0.5263157894736842,0.005962070123763041,ou_2_5.under,latest_pre_match,2026-02-27 06:46:36.252110+00:00,2026-02-27 12:54:15.004420+00:00
21407,2026-02-28 09:06:00+00:00,MX1,Club Tijuana,UNAM Pumas,c85,0.6045811735604047,,,,corners_ou_8_5.over,,,2026-02-27 12:54:15.004420+00:00
21407,2026-02-28 09:06:00+00:00,MX1,Club Tijuana,UNAM Pumas,btts,0.526601403914885,1.7,0.5882352941176471,-0.06163389020276211,btts.yes,latest_pre_match,2026-02-27 06:46:36.252110+00:00,2026-02-27 12:54:15.004420+00:00
21407,2026-02-28 09:06:00+00:00,MX1,Club Tijuana,UNAM Pumas,1x2_h,0.3456538112824245,2.25,0.4444444444444444,-0.09879063316201991,1x2.home,latest_pre_match,2026-02-27 06:46:36.252110+00:00,2026-02-27 12:54:15.004420+00:00
21407,2026-02-28 09:06:00+00:00,MX1,Club Tijuana,UNAM Pumas,1x2_d,0.2589713946177104,3.4,0.29411764705882354,-0.035146252441113135,1x2.draw,latest_pre_match,2026-02-27 06:46:36.252110+00:00,2026-02-27 12:54:15.004420+00:00
21407,2026-02-28 09:06:00+00:00,MX1,Club Tijuana,UNAM Pumas,1x2_a,0.3483543906034006,3.1,0.3225806451612903,0.025773745442110307,1x2.away,latest_pre_match,2026-02-27 06:46:36.252110+00:00,2026-02-27 12:54:15.004420+00:00
21407,2026-02-28 09:06:00+00:00,MX1,Club Tijuana,UNAM Pumas,dc_1x,0.6516456093965994,1.3636363636363638,0.7333333333333333,-0.08168772393673385,dc.home_draw,latest_pre_match,2026-02-27 06:46:36.252110+00:00,2026-02-27 12:54:15.004420+00:00
21407,2026-02-28 09:06:00+00:00,MX1,Club Tijuana,UNAM Pumas,dc_x2,0.6543461887175755,1.5714285714285714,0.6363636363636364,0.017982552353939196,dc.draw_away,latest_pre_match,2026-02-27 06:46:36.252110+00:00,2026-02-27 12:54:15.004420+00:00
21407,2026-02-28 09:06:00+00:00,MX1,Club Tijuana,UNAM Pumas,dc_12,0.7419693143006674,1.3,0.7692307692307692,-0.02726145493010179,dc.home_away,latest_pre_match,2026-02-27 06:46:36.252110+00:00,2026-02-27 12:54:15.004420+00:00
19889,2026-02-28 10:00:00+00:00,T1,Kocaelispor,Besiktas,o15,0.7494284836691801,1.25,0.8,-0.05057151633081991,ou_1_5.over,latest_pre_match,2026-02-27 06:46:36.860240+00:00,2026-02-27 12:54:15.004420+00:00
19889,2026-02-28 10:00:00+00:00,T1,Kocaelispor,Besiktas,u15,0.25027312691465653,3.75,0.26666666666666666,-0.016393539752010133,ou_1_5.under,latest_pre_match,2026-02-27 06:46:36.860240+00:00,2026-02-27 12:54:15.004420+00:00
19889,2026-02-28 10:00:00+00:00,T1,Kocaelispor,Besiktas,o25,0.4834686472030609,1.85,0.5405405405405405,-0.057071893337479584,ou_2_5.over,latest_pre_match,2026-02-27 06:46:36.860240+00:00,2026-02-27 12:54:15.004420+00:00
19889,2026-02-28 10:00:00+00:00,T1,Kocaelispor,Besiktas,u25,0.516531352796939,1.95,0.5128205128205129,0.0037108399764260724,ou_2_5.under,latest_pre_match,2026-02-27 06:46:36.860240+00:00,2026-02-27 12:54:15.004420+00:00
19889,2026-02-28 10:00:00+00:00,T1,Kocaelispor,Besiktas,c85,0.6241361463048056,,,,corners_ou_8_5.over,,,2026-02-27 12:54:15.004420+00:00
19889,2026-02-28 10:00:00+00:00,T1,Kocaelispor,Besiktas,btts,0.5696776682715123,1.7272727272727273,0.5789473684210527,-0.009269700149540316,btts.yes,latest_pre_match,2026-02-27 06:46:36.860240+00:00,2026-02-27 12:54:15.004420+00:00
19889,2026-02-28 10:00:00+00:00,T1,Kocaelispor,Besiktas,1x2_h,0.3160007297938332,3.5,0.2857142857142857,0.030286444079547503,1x2.home,latest_pre_match,2026-02-27 06:46:36.860240+00:00,2026-02-27 12:54:15.004420+00:00
19889,2026-02-28 10:00:00+00:00,T1,Kocaelispor,Besiktas,1x2_d,0.22950031687634329,3.4,0.29411764705882354,-0.06461733018248025,1x2.draw,latest_pre_match,2026-02-27 06:46:36.860240+00:00,2026-02-27 12:54:15.004420+00:00
19889,2026-02-28 10:00:00+00:00,T1,Kocaelispor,Besiktas,1x2_a,0.4304251708623294,2.01,0.49751243781094534,-0.06708726694861594,1x2.away,latest_pre_match,2026-02-27 06:46:36.860240+00:00,2026-02-27 12:54:15.004420+00:00
19889,2026-02-28 10:00:00+00:00,T1,Kocaelispor,Besiktas,dc_1x,0.5695748291376707,1.8,0.5555555555555556,0.014019273582115077,dc.home_draw,latest_pre_match,2026-02-27 06:46:36.860240+00:00,2026-02-27 12:54:15.004420+00:00
19889,2026-02-28 10:00:00+00:00,T1,Kocaelispor,Besiktas,dc_x2,0.6839992702061667,1.3333333333333333,0.75,-0.06600072979383331,dc.draw_away,latest_pre_match,2026-02-27 06:46:36.860240+00:00,2026-02-27 12:54:15.004420+00:00
19889,2026-02-28 10:00:00+00:00,T1,Kocaelispor,Besiktas,dc_12,0.7715624027789795,1.2857142857142856,0.7777777777777779,-0.006215374998798429,dc.home_away,latest_pre_match,2026-02-27 06:46:36.860240+00:00,2026-02-27 12:54:15.004420+00:00
4154,2026-02-28 11:00:00+00:00,D2,Kaiserslautern,Paderborn,o15,0.8576296793688097,1.1818181818181819,0.8461538461538461,0.011475833214963593,ou_1_5.over,latest_pre_match,2026-02-27 06:46:39.300917+00:00,2026-02-27 12:54:15.004420+00:00
4154,2026-02-28 11:00:00+00:00,D2,Kaiserslautern,Paderborn,u15,0.14237032063119018,4.5,0.2222222222222222,-0.07985190159103203,ou_1_5.under,latest_pre_match,2026-02-27 06:46:39.300917+00:00,2026-02-27 12:54:15.004420+00:00
4154,2026-02-28 11:00:00+00:00,D2,Kaiserslautern,Paderborn,o25,0.6042924491103242,1.6,0.625,-0.020707550889675796,ou_2_5.over,latest_pre_match,2026-02-27 06:46:39.300917+00:00,2026-02-27 12:54:15.004420+00:00
4154,2026-02-28 11:00:00+00:00,D2,Kaiserslautern,Paderborn,u25,0.3978033386997493,2.3,0.4347826086956522,-0.0369792699959029,ou_2_5.under,latest_pre_match,2026-02-27 06:46:39.300917+00:00,2026-02-27 12:54:15.004420+00:00
4154,2026-02-28 11:00:00+00:00,D2,Kaiserslautern,Paderborn,c85,0.6593246519571525,,,,corners_ou_8_5.over,,,2026-02-27 12:54:15.004420+00:00
4154,2026-02-28 11:00:00+00:00,D2,Kaiserslautern,Paderborn,btts,0.5696776682715123,1.5333333333333332,0.6521739130434783,-0.08249624477196593,btts.yes,latest_pre_match,2026-02-27 06:46:39.300917+00:00,2026-02-27 12:54:15.004420+00:00
4154,2026-02-28 11:00:00+00:00,D2,Kaiserslautern,Paderborn,1x2_h,0.31585282658816977,2.88,0.3472222222222222,-0.031369395634052444,1x2.home,latest_pre_match,2026-02-27 06:46:39.300917+00:00,2026-02-27 12:54:15.004420+00:00
4154,2026-02-28 11:00:00+00:00,D2,Kaiserslautern,Paderborn,1x2_d,0.24388893215718024,3.75,0.26666666666666666,-0.02277773450948642,1x2.draw,latest_pre_match,2026-02-27 06:46:39.300917+00:00,2026-02-27 12:54:15.004420+00:00
4154,2026-02-28 11:00:00+00:00,D2,Kaiserslautern,Paderborn,1x2_a,0.4948136884009595,2.2,0.45454545454545453,0.04026823385550499,1x2.away,latest_pre_match,2026-02-27 06:46:39.300917+00:00,2026-02-27 12:54:15.004420+00:00
4154,2026-02-28 11:00:00+00:00,D2,Kaiserslautern,Paderborn,dc_1x,0.5051863115990406,1.6666666666666665,0.6000000000000001,-0.0948136884009595,dc.home_draw,latest_pre_match,2026-02-27 06:46:39.300917+00:00,2026-02-27 12:54:15.004420+00:00
4154,2026-02-28 11:00:00+00:00,D2,Kaiserslautern,Paderborn,dc_x2,0.6841471734118301,1.4,0.7142857142857143,-0.030138540873884234,dc.draw_away,latest_pre_match,2026-02-27 06:46:39.300917+00:00,2026-02-27 12:54:15.004420+00:00
4154,2026-02-28 11:00:00+00:00,D2,Kaiserslautern,Paderborn,dc_12,0.7527182848492711,1.25,0.8,-0.04728171515072899,dc.home_away,latest_pre_match,2026-02-27 06:46:39.300917+00:00,2026-02-27 12:54:15.004420+00:00
4155,2026-02-28 11:00:00+00:00,D2,Holstein Kiel,Elversberg,o15,0.8075814204872062,1.2222222222222223,0.8181818181818181,-0.010600397694611963,ou_1_5.over,latest_pre_match,2026-02-27 06:46:37.469167+00:00,2026-02-27 12:54:15.004420+00:00
4155,2026-02-28 11:00:00+00:00,D2,Holstein Kiel,Elversberg,u15,0.19241857951279392,4.0,0.25,-0.057581420487206075,ou_1_5.under,latest_pre_match,2026-02-27 06:46:37.469167+00:00,2026-02-27 12:54:15.004420+00:00
4155,2026-02-28 11:00:00+00:00,D2,Holstein Kiel,Elversberg,o25,0.5550600443534052,1.75,0.5714285714285714,-0.016368527075166228,ou_2_5.over,latest_pre_match,2026-02-27 06:46:37.469167+00:00,2026-02-27 12:54:15.004420+00:00
4155,2026-02-28 11:00:00+00:00,D2,Holstein Kiel,Elversberg,u25,0.4449399556465947,2.05,0.48780487804878053,-0.04286492240218581,ou_2_5.under,latest_pre_match,2026-02-27 06:46:37.469167+00:00,2026-02-27 12:54:15.004420+00:00
4155,2026-02-28 11:00:00+00:00,D2,Holstein Kiel,Elversberg,c85,0.6094837386125896,,,,corners_ou_8_5.over,,,2026-02-27 12:54:15.004420+00:00
4155,2026-02-28 11:00:00+00:00,D2,Holstein Kiel,Elversberg,btts,0.5504475972512987,1.6153846153846154,0.6190476190476191,-0.06860002179632041,btts.yes,latest_pre_match,2026-02-27 06:46:37.469167+00:00,2026-02-27 12:54:15.004420+00:00
4155,2026-02-28 11:00:00+00:00,D2,Holstein Kiel,Elversberg,1x2_h,0.2044753086419753,3.1,0.3225806451612903,-0.11810533651931501,1x2.home,latest_pre_match,2026-02-27 06:46:37.469167+00:00,2026-02-27 12:54:15.004420+00:00
4155,2026-02-28 11:00:00+00:00,D2,Holstein Kiel,Elversberg,1x2_d,0.2412353293811035,3.5,0.2857142857142857,-0.04447895633318219,1x2.draw,latest_pre_match,2026-02-27 06:46:37.469167+00:00,2026-02-27 12:54:15.004420+00:00
4155,2026-02-28 11:00:00+00:00,D2,Holstein Kiel,Elversberg,1x2_a,0.7048260381593715,2.15,0.46511627906976744,0.23970975908960407,1x2.away,latest_pre_match,2026-02-27 06:46:37.469167+00:00,2026-02-27 12:54:15.004420+00:00
4155,2026-02-28 11:00:00+00:00,D2,Holstein Kiel,Elversberg,dc_1x,0.29517396184062855,1.6666666666666665,0.6000000000000001,-0.30482603815937154,dc.home_draw,latest_pre_match,2026-02-27 06:46:37.469167+00:00,2026-02-27 12:54:15.004420+00:00
4155,2026-02-28 11:00:00+00:00,D2,Holstein Kiel,Elversberg,dc_x2,0.7955246913580246,1.3636363636363638,0.7333333333333333,0.062191358024691334,dc.draw_away,latest_pre_match,2026-02-27 06:46:37.469167+00:00,2026-02-27 12:54:15.004420+00:00
4155,2026-02-28 11:00:00+00:00,D2,Holstein Kiel,Elversberg,dc_12,0.7553718876253478,1.2857142857142856,0.7777777777777779,-0.022405890152430108,dc.home_away,latest_pre_match,2026-02-27 06:46:37.469167+00:00,2026-02-27 12:54:15.004420+00:00
4156,2026-02-28 11:00:00+00:00,D2,Arminia Bielefeld,Hannover,o15,0.7515431921930658,1.2222222222222223,0.8181818181818181,-0.06663862598875236,ou_1_5.over,latest_pre_match,2026-02-27 06:46:39.922909+00:00,2026-02-27 12:54:15.004420+00:00
4156,2026-02-28 11:00:00+00:00,D2,Arminia Bielefeld,Hannover,u15,0.24815841839077094,4.0,0.25,-0.0018415816092290649,ou_1_5.under,latest_pre_match,2026-02-27 06:46:39.922909+00:00,2026-02-27 12:54:15.004420+00:00
4156,2026-02-28 11:00:00+00:00,D2,Arminia Bielefeld,Hannover,o25,0.49666531342351555,1.7,0.5882352941176471,-0.09156998069413153,ou_2_5.over,latest_pre_match,2026-02-27 06:46:39.922909+00:00,2026-02-27 12:54:15.004420+00:00
4156,2026-02-28 11:00:00+00:00,D2,Arminia Bielefeld,Hannover,u25,0.5033346865764844,2.1,0.47619047619047616,0.027144210386008227,ou_2_5.under,latest_pre_match,2026-02-27 06:46:39.922909+00:00,2026-02-27 12:54:15.004420+00:00
4156,2026-02-28 11:00:00+00:00,D2,Arminia Bielefeld,Hannover,c85,0.6148840600639782,,,,corners_ou_8_5.over,,,2026-02-27 12:54:15.004420+00:00
4156,2026-02-28 11:00:00+00:00,D2,Arminia Bielefeld,Hannover,btts,0.5901214763628385,1.6153846153846154,0.6190476190476191,-0.028926142684780554,btts.yes,latest_pre_match,2026-02-27 06:46:39.922909+00:00,2026-02-27 12:54:15.004420+00:00
4156,2026-02-28 11:00:00+00:00,D2,Arminia Bielefeld,Hannover,1x2_h,0.41018940987097857,2.75,0.36363636363636365,0.046553046234614925,1x2.home,latest_pre_match,2026-02-27 06:46:39.922909+00:00,2026-02-27 12:54:15.004420+00:00
4156,2026-02-28 11:00:00+00:00,D2,Arminia Bielefeld,Hannover,1x2_d,0.2345702055283215,3.7,0.27027027027027023,-0.03570006474194873,1x2.draw,latest_pre_match,2026-02-27 06:46:39.922909+00:00,2026-02-27 12:54:15.004420+00:00
4156,2026-02-28 11:00:00+00:00,D2,Arminia Bielefeld,Hannover,1x2_a,0.33454807064068565,2.3,0.4347826086956522,-0.10023453805496657,1x2.away,latest_pre_match,2026-02-27 06:46:39.922909+00:00,2026-02-27 12:54:15.004420+00:00
4156,2026-02-28 11:00:00+00:00,D2,Arminia Bielefeld,Hannover,dc_1x,0.6654519293593144,1.5714285714285714,0.6363636363636364,0.029088292995678056,dc.home_draw,latest_pre_match,2026-02-27 06:46:39.922909+00:00,2026-02-27 12:54:15.004420+00:00
4156,2026-02-28 11:00:00+00:00,D2,Arminia Bielefeld,Hannover,dc_x2,0.5898105901290215,1.4,0.7142857142857143,-0.12447512415669282,dc.draw_away,latest_pre_match,2026-02-27 06:46:39.922909+00:00,2026-02-27 12:54:15.004420+00:00
4156,2026-02-28 11:00:00+00:00,D2,Arminia Bielefeld,Hannover,dc_12,0.7668947931608748,1.2857142857142856,0.7777777777777779,-0.010882984616903069,dc.home_away,latest_pre_match,2026-02-27 06:46:39.922909+00:00,2026-02-27 12:54:15.004420+00:00
22025,2026-02-28 11:00:00+00:00,RO1,Univ. Craiova,Metaloglobus Bucharest,o15,0.8474001094690751,1.1111111111111112,0.8999999999999999,-0.05259989053092484,ou_1_5.over,latest_pre_match,2026-02-27 06:46:38.094294+00:00,2026-02-27 12:54:15.004420+00:00
22025,2026-02-28 11:00:00+00:00,RO1,Univ. Craiova,Metaloglobus Bucharest,u15,0.15259989053092501,6.5,0.15384615384615385,-0.0012462633152288405,ou_1_5.under,latest_pre_match,2026-02-27 06:46:38.094294+00:00,2026-02-27 12:54:15.004420+00:00
22025,2026-02-28 11:00:00+00:00,RO1,Univ. Craiova,Metaloglobus Bucharest,o25,0.7326437003856358,1.4,0.7142857142857143,0.018357986099921453,ou_2_5.over,latest_pre_match,2026-02-27 06:46:38.094294+00:00,2026-02-27 12:54:15.004420+00:00
22025,2026-02-28 11:00:00+00:00,RO1,Univ. Craiova,Metaloglobus Bucharest,u25,0.26735629961436413,2.875,0.34782608695652173,-0.0804697873421576,ou_2_5.under,latest_pre_match,2026-02-27 06:46:38.094294+00:00,2026-02-27 12:54:15.004420+00:00
22025,2026-02-28 11:00:00+00:00,RO1,Univ. Craiova,Metaloglobus Bucharest,c85,0.5684889668614588,,,,corners_ou_8_5.over,,,2026-02-27 12:54:15.004420+00:00
22025,2026-02-28 11:00:00+00:00,RO1,Univ. Craiova,Metaloglobus Bucharest,btts,0.5085520100858988,2.625,0.38095238095238093,0.12759962913351786,btts.yes,latest_pre_match,2026-02-27 06:46:38.094294+00:00,2026-02-27 12:54:15.004420+00:00
22025,2026-02-28 11:00:00+00:00,RO1,Univ. Craiova,Metaloglobus Bucharest,1x2_h,0.8211805555555555,1.08,0.9259259259259258,-0.10474537037037035,1x2.home,latest_pre_match,2026-02-27 06:46:38.094294+00:00,2026-02-27 12:54:15.004420+00:00
22025,2026-02-28 11:00:00+00:00,RO1,Univ. Craiova,Metaloglobus Bucharest,1x2_d,0.23157349363231125,9.0,0.1111111111111111,0.12046238252120015,1x2.draw,latest_pre_match,2026-02-27 06:46:38.094294+00:00,2026-02-27 12:54:15.004420+00:00
22025,2026-02-28 11:00:00+00:00,RO1,Univ. Craiova,Metaloglobus Bucharest,1x2_a,0.08472758472758472,26.0,0.038461538461538464,0.04626604626604626,1x2.away,latest_pre_match,2026-02-27 06:46:38.094294+00:00,2026-02-27 12:54:15.004420+00:00
22025,2026-02-28 11:00:00+00:00,RO1,Univ. Craiova,Metaloglobus Bucharest,dc_1x,0.9152724152724153,1.01,0.9900990099009901,-0.07482659462857477,dc.home_draw,latest_pre_match,2026-02-27 06:46:38.094294+00:00,2026-02-27 12:54:15.004420+00:00
22025,2026-02-28 11:00:00+00:00,RO1,Univ. Craiova,Metaloglobus Bucharest,dc_x2,0.17881944444444442,8.0,0.125,0.05381944444444442,dc.draw_away,latest_pre_match,2026-02-27 06:46:38.094294+00:00,2026-02-27 12:54:15.004420+00:00
22025,2026-02-28 11:00:00+00:00,RO1,Univ. Craiova,Metaloglobus Bucharest,dc_12,0.7680910259597447,1.0714285714285714,0.9333333333333333,-0.1652423073735887,dc.home_away,latest_pre_match,2026-02-27 06:46:38.094294+00:00,2026-02-27 12:54:15.004420+00:00
22186,2026-02-28 11:00:00+00:00,RU1,Lokomotiv Moscow,Pari NN,o15,0.7724344889598823,,,,ou_1_5.over,,,2026-02-27 12:54:15.004420+00:00
22186,2026-02-28 11:00:00+00:00,RU1,Lokomotiv Moscow,Pari NN,u15,0.2275655110401177,,,,ou_1_5.under,,,2026-02-27 12:54:15.004420+00:00
22186,2026-02-28 11:00:00+00:00,RU1,Lokomotiv Moscow,Pari NN,o25,0.5500207139718718,,,,ou_2_5.over,,,2026-02-27 12:54:15.004420+00:00
22186,2026-02-28 11:00:00+00:00,RU1,Lokomotiv Moscow,Pari NN,u25,0.4499792860281282,,,,ou_2_5.under,,,2026-02-27 12:54:15.004420+00:00
22186,2026-02-28 11:00:00+00:00,RU1,Lokomotiv Moscow,Pari NN,c85,0.6148840600639782,,,,corners_ou_8_5.over,,,2026-02-27 12:54:15.004420+00:00
22186,2026-02-28 11:00:00+00:00,RU1,Lokomotiv Moscow,Pari NN,btts,0.5277820811061126,,,,btts.yes,,,2026-02-27 12:54:15.004420+00:00
22186,2026-02-28 11:00:00+00:00,RU1,Lokomotiv Moscow,Pari NN,1x2_h,0.5877391352646656,,,,1x2.home,,,2026-02-27 12:54:15.004420+00:00
22186,2026-02-28 11:00:00+00:00,RU1,Lokomotiv Moscow,Pari NN,1x2_d,0.22315111052713696,,,,1x2.draw,,,2026-02-27 12:54:15.004420+00:00
22186,2026-02-28 11:00:00+00:00,RU1,Lokomotiv Moscow,Pari NN,1x2_a,0.2326232808283342,,,,1x2.away,,,2026-02-27 12:54:15.004420+00:00
22186,2026-02-28 11:00:00+00:00,RU1,Lokomotiv Moscow,Pari NN,dc_1x,0.7673767191716657,,,,dc.home_draw,,,2026-02-27 12:54:15.004420+00:00
22186,2026-02-28 11:00:00+00:00,RU1,Lokomotiv Moscow,Pari NN,dc_x2,0.4122608647353345,,,,dc.draw_away,,,2026-02-27 12:54:15.004420+00:00
22186,2026-02-28 11:00:00+00:00,RU1,Lokomotiv Moscow,Pari NN,dc_12,0.7803226064985299,,,,dc.home_away,,,2026-02-27 12:54:15.004420+00:00
5130,2026-02-28 12:00:00+00:00,SP1,Rayo Vallecano,Ath Bilbao,o15,0.7339655875164953,1.4,0.7142857142857143,0.01967987323078102,ou_1_5.over,latest_pre_match,2026-02-27 06:46:41.156736+00:00,2026-02-27 12:54:15.004420+00:00
5130,2026-02-28 12:00:00+00:00,SP1,Rayo Vallecano,Ath Bilbao,u15,0.2660344124835046,3.0,0.3333333333333333,-0.06729892084982869,ou_1_5.under,latest_pre_match,2026-02-27 06:46:41.156736+00:00,2026-02-27 12:54:15.004420+00:00
5130,2026-02-28 12:00:00+00:00,SP1,Rayo Vallecano,Ath Bilbao,o25,0.5500207139718718,2.3,0.4347826086956522,0.11523810527621958,ou_2_5.over,latest_pre_match,2026-02-27 06:46:41.156736+00:00,2026-02-27 12:54:15.004420+00:00
5130,2026-02-28 12:00:00+00:00,SP1,Rayo Vallecano,Ath Bilbao,u25,0.4499792860281282,1.6153846153846154,0.6190476190476191,-0.16906833301949087,ou_2_5.under,latest_pre_match,2026-02-27 06:46:41.156736+00:00,2026-02-27 12:54:15.004420+00:00
5130,2026-02-28 12:00:00+00:00,SP1,Rayo Vallecano,Ath Bilbao,c85,0.6036700873631614,,,,corners_ou_8_5.over,,,2026-02-27 12:54:15.004420+00:00
5130,2026-02-28 12:00:00+00:00,SP1,Rayo Vallecano,Ath Bilbao,btts,0.5666005631173611,1.95,0.5128205128205129,0.05378005029684818,btts.yes,latest_pre_match,2026-02-27 06:46:41.156736+00:00,2026-02-27 12:54:15.004420+00:00
5130,2026-02-28 12:00:00+00:00,SP1,Rayo Vallecano,Ath Bilbao,1x2_h,0.24957584180407597,2.4,0.4166666666666667,-0.16709082486259072,1x2.home,latest_pre_match,2026-02-27 06:46:41.156736+00:00,2026-02-27 12:54:15.004420+00:00
5130,2026-02-28 12:00:00+00:00,SP1,Rayo Vallecano,Ath Bilbao,1x2_d,0.26925508256097275,3.1,0.3225806451612903,-0.053325562600317566,1x2.draw,latest_pre_match,2026-02-27 06:46:41.156736+00:00,2026-02-27 12:54:15.004420+00:00
5130,2026-02-28 12:00:00+00:00,SP1,Rayo Vallecano,Ath Bilbao,1x2_a,0.42459539310272704,3.2,0.3125,0.11209539310272704,1x2.away,latest_pre_match,2026-02-27 06:46:41.156736+00:00,2026-02-27 12:54:15.004420+00:00
5130,2026-02-28 12:00:00+00:00,SP1,Rayo Vallecano,Ath Bilbao,dc_1x,0.575404606897273,1.3636363636363638,0.7333333333333333,-0.15792872643606026,dc.home_draw,latest_pre_match,2026-02-27 06:46:41.156736+00:00,2026-02-27 12:54:15.004420+00:00
5130,2026-02-28 12:00:00+00:00,SP1,Rayo Vallecano,Ath Bilbao,dc_x2,0.750424158195924,1.5333333333333332,0.6521739130434783,0.09825024515244574,dc.draw_away,latest_pre_match,2026-02-27 06:46:41.156736+00:00,2026-02-27 12:54:15.004420+00:00
5130,2026-02-28 12:00:00+00:00,SP1,Rayo Vallecano,Ath Bilbao,dc_12,0.7318076370943499,1.3636363636363638,0.7333333333333333,-0.001525696238983354,dc.home_away,latest_pre_match,2026-02-27 06:46:41.156736+00:00,2026-02-27 12:54:15.004420+00:00
12134,2026-02-28 12:00:00+00:00,F2,Guingamp,Rodez,o15,0.7628071475359685,1.2222222222222223,0.8181818181818181,-0.055374670645849666,ou_1_5.over,latest_pre_match,2026-02-27 06:46:41.776083+00:00,2026-02-27 12:54:15.004420+00:00
12134,2026-02-28 12:00:00+00:00,F2,Guingamp,Rodez,u15,0.23719285246403157,4.0,0.25,-0.012807147535968427,ou_1_5.under,latest_pre_match,2026-02-27 06:46:41.776083+00:00,2026-02-27 12:54:15.004420+00:00
12134,2026-02-28 12:00:00+00:00,F2,Guingamp,Rodez,o25,0.5878035158902427,1.75,0.5714285714285714,0.016374944461671315,ou_2_5.over,latest_pre_match,2026-02-27 06:46:41.776083+00:00,2026-02-27 12:54:15.004420+00:00
12134,2026-02-28 12:00:00+00:00,F2,Guingamp,Rodez,u25,0.41219648410975723,2.05,0.48780487804878053,-0.0756083939390233,ou_2_5.under,latest_pre_match,2026-02-27 06:46:41.776083+00:00,2026-02-27 12:54:15.004420+00:00
12134,2026-02-28 12:00:00+00:00,F2,Guingamp,Rodez,c85,0.6148840600639782,,,,corners_ou_8_5.over,,,2026-02-27 12:54:15.004420+00:00
12134,2026-02-28 12:00:00+00:00,F2,Guingamp,Rodez,btts,0.5666251494574208,1.7272727272727273,0.5789473684210527,-0.012322218963631837,btts.yes,latest_pre_match,2026-02-27 06:46:41.776083+00:00,2026-02-27 12:54:15.004420+00:00
12134,2026-02-28 12:00:00+00:00,F2,Guingamp,Rodez,1x2_h,0.4254913406816862,1.67,0.5988023952095809,-0.1733110545278947,1x2.home,latest_pre_match,2026-02-27 06:46:41.776083+00:00,2026-02-27 12:54:15.004420+00:00
12134,2026-02-28 12:00:00+00:00,F2,Guingamp,Rodez,1x2_d,0.22275428513031156,3.5,0.2857142857142857,-0.06296000058397414,1x2.draw,latest_pre_match,2026-02-27 06:46:41.776083+00:00,2026-02-27 12:54:15.004420+00:00
12134,2026-02-28 12:00:00+00:00,F2,Guingamp,Rodez,1x2_a,0.2639625788343543,4.2,0.23809523809523808,0.02586734073911623,1x2.away,latest_pre_match,2026-02-27 06:46:41.776083+00:00,2026-02-27 12:54:15.004420+00:00
12134,2026-02-28 12:00:00+00:00,F2,Guingamp,Rodez,dc_1x,0.7360374211656456,1.2,0.8333333333333334,-0.09729591216768774,dc.home_draw,latest_pre_match,2026-02-27 06:46:41.776083+00:00,2026-02-27 12:54:15.004420+00:00
12134,2026-02-28 12:00:00+00:00,F2,Guingamp,Rodez,dc_x2,0.5745086593183139,2.0,0.5,0.07450865931831385,dc.draw_away,latest_pre_match,2026-02-27 06:46:41.776083+00:00,2026-02-27 12:54:15.004420+00:00
12134,2026-02-28 12:00:00+00:00,F2,Guingamp,Rodez,dc_12,0.7783084345250112,1.25,0.8,-0.02169156547498885,dc.home_away,latest_pre_match,2026-02-27 06:46:41.776083+00:00,2026-02-27 12:54:15.004420+00:00
12135,2026-02-28 12:00:00+00:00,F2,Red Star,Le Mans,o15,0.7156768995584862,1.4,0.7142857142857143,0.0013911852727719332,ou_1_5.over,latest_pre_match,2026-02-27 06:46:40.540541+00:00,2026-02-27 12:54:15.004420+00:00
12135,2026-02-28 12:00:00+00:00,F2,Red Star,Le Mans,u15,0.28432310044151365,2.75,0.36363636363636365,-0.07931326319484999,ou_1_5.under,latest_pre_match,2026-02-27 06:46:40.540541+00:00,2026-02-27 12:54:15.004420+00:00
12135,2026-02-28 12:00:00+00:00,F2,Red Star,Le Mans,o25,0.4479775023298325,2.35,0.425531914893617,0.022445587436215497,ou_2_5.over,latest_pre_match,2026-02-27 06:46:40.540541+00:00,2026-02-27 12:54:15.004420+00:00
12135,2026-02-28 12:00:00+00:00,F2,Red Star,Le Mans,u25,0.5520224976701674,1.5714285714285714,0.6363636363636364,-0.08434113869346893,ou_2_5.under,latest_pre_match,2026-02-27 06:46:40.540541+00:00,2026-02-27 12:54:15.004420+00:00
12135,2026-02-28 12:00:00+00:00,F2,Red Star,Le Mans,c85,0.6094837386125896,1.6666666666666665,0.6000000000000001,0.009483738612589554,corners_ou_8_5.over,latest_pre_match,2026-02-27 06:46:40.540541+00:00,2026-02-27 12:54:15.004420+00:00
12135,2026-02-28 12:00:00+00:00,F2,Red Star,Le Mans,btts,0.5220154892242919,2.0,0.5,0.022015489224291862,btts.yes,latest_pre_match,2026-02-27 06:46:40.540541+00:00,2026-02-27 12:54:15.004420+00:00
12135,2026-02-28 12:00:00+00:00,F2,Red Star,Le Mans,1x2_h,0.47497951452789383,2.3,0.4347826086956522,0.040196905832241614,1x2.home,latest_pre_match,2026-02-27 06:46:40.540541+00:00,2026-02-27 12:54:15.004420+00:00
12135,2026-02-28 12:00:00+00:00,F2,Red Star,Le Mans,1x2_d,0.2284272115778859,3.0,0.3333333333333333,-0.10490612175544742,1x2.draw,latest_pre_match,2026-02-27 06:46:40.540541+00:00,2026-02-27 12:54:15.004420+00:00
12135,2026-02-28 12:00:00+00:00,F2,Red Star,Le Mans,1x2_a,0.2422530206380532,2.9,0.3448275862068966,-0.10257456556884337,1x2.away,latest_pre_match,2026-02-27 06:46:40.540541+00:00,2026-02-27 12:54:15.004420+00:00
12135,2026-02-28 12:00:00+00:00,F2,Red Star,Le Mans,dc_1x,0.7577469793619468,1.3636363636363638,0.7333333333333333,0.02441364602861351,dc.home_draw,latest_pre_match,2026-02-27 06:46:40.540541+00:00,2026-02-27 12:54:15.004420+00:00
12135,2026-02-28 12:00:00+00:00,F2,Red Star,Le Mans,dc_x2,0.5250204854721062,1.5333333333333332,0.6521739130434783,-0.12715342757137205,dc.draw_away,latest_pre_match,2026-02-27 06:46:40.540541+00:00,2026-02-27 12:54:15.004420+00:00
12135,2026-02-28 12:00:00+00:00,F2,Red Star,Le Mans,dc_12,0.7726355080774369,1.3333333333333333,0.75,0.02263550807743686,dc.home_away,latest_pre_match,2026-02-27 06:46:40.540541+00:00,2026-02-27 12:54:15.004420+00:00
598,2026-02-28 12:30:00+00:00,E0,Bournemouth,Sunderland,o15,0.7278838234136747,1.25,0.8,-0.0721161765863253,ou_1_5.over,latest_pre_match,2026-02-27 06:46:45.142494+00:00,2026-02-27 12:54:15.004420+00:00
598,2026-02-28 12:30:00+00:00,E0,Bournemouth,Sunderland,u15,0.2722908838500844,4.0,0.25,0.022290883850084375,ou_1_5.under,latest_pre_match,2026-02-27 06:46:45.142494+00:00,2026-02-27 12:54:15.004420+00:00
598,2026-02-28 12:30:00+00:00,E0,Bournemouth,Sunderland,o25,0.5267009872289222,1.8,0.5555555555555556,-0.028854568326633356,ou_2_5.over,latest_pre_match,2026-02-27 06:46:45.142494+00:00,2026-02-27 12:54:15.004420+00:00
598,2026-02-28 12:30:00+00:00,E0,Bournemouth,Sunderland,u25,0.4732990127710777,2.0,0.5,-0.02670098722892228,ou_2_5.under,latest_pre_match,2026-02-27 06:46:45.142494+00:00,2026-02-27 12:54:15.004420+00:00
598,2026-02-28 12:30:00+00:00,E0,Bournemouth,Sunderland,c85,0.6430785451547437,,,,corners_ou_8_5.over,,,2026-02-27 12:54:15.004420+00:00
598,2026-02-28 12:30:00+00:00,E0,Bournemouth,Sunderland,btts,0.5412455602445055,1.7,0.5882352941176471,-0.04698973387314154,btts.yes,latest_pre_match,2026-02-27 06:46:45.142494+00:00,2026-02-27 12:54:15.004420+00:00
598,2026-02-28 12:30:00+00:00,E0,Bournemouth,Sunderland,1x2_h,0.5090275526752047,1.75,0.5714285714285714,-0.06240101875336668,1x2.home,latest_pre_match,2026-02-27 06:46:45.142494+00:00,2026-02-27 12:54:15.004420+00:00
598,2026-02-28 12:30:00+00:00,E0,Bournemouth,Sunderland,1x2_d,0.22315111052713696,3.8,0.2631578947368421,-0.04000678420970513,1x2.draw,latest_pre_match,2026-02-27 06:46:45.142494+00:00,2026-02-27 12:54:15.004420+00:00
598,2026-02-28 12:30:00+00:00,E0,Bournemouth,Sunderland,1x2_a,0.225871636570142,4.5,0.2222222222222222,0.003649414347919794,1x2.away,latest_pre_match,2026-02-27 06:46:45.142494+00:00,2026-02-27 12:54:15.004420+00:00
598,2026-02-28 12:30:00+00:00,E0,Bournemouth,Sunderland,dc_1x,0.7741283634298579,1.1818181818181819,0.8461538461538461,-0.07202548272398823,dc.home_draw,latest_pre_match,2026-02-27 06:46:45.142494+00:00,2026-02-27 12:54:15.004420+00:00
598,2026-02-28 12:30:00+00:00,E0,Bournemouth,Sunderland,dc_x2,0.4909724473247954,2.0,0.5,-0.009027552675204609,dc.draw_away,latest_pre_match,2026-02-27 06:46:45.142494+00:00,2026-02-27 12:54:15.004420+00:00
598,2026-02-28 12:30:00+00:00,E0,Bournemouth,Sunderland,dc_12,0.7779116091281858,1.25,0.8,-0.022088390871814245,dc.home_away,latest_pre_match,2026-02-27 06:46:45.142494+00:00,2026-02-27 12:54:15.004420+00:00
1113,2026-02-28 12:30:00+00:00,E1,Derby,Blackburn,o15,0.6942803586322969,1.3636363636363638,0.7333333333333333,-0.039052974701036414,ou_1_5.over,latest_pre_match,2026-02-27 06:46:43.025577+00:00,2026-02-27 12:54:15.004420+00:00
1113,2026-02-28 12:30:00+00:00,E1,Derby,Blackburn,u15,0.3058943486314622,3.2,0.3125,-0.0066056513685378015,ou_1_5.under,latest_pre_match,2026-02-27 06:46:43.025577+00:00,2026-02-27 12:54:15.004420+00:00
1113,2026-02-28 12:30:00+00:00,E1,Derby,Blackburn,o25,0.465291123923411,2.2,0.45454545454545453,0.010745669377956457,ou_2_5.over,latest_pre_match,2026-02-27 06:46:43.025577+00:00,2026-02-27 12:54:15.004420+00:00
1113,2026-02-28 12:30:00+00:00,E1,Derby,Blackburn,u25,0.534708876076589,1.6666666666666665,0.6000000000000001,-0.06529112392341108,ou_2_5.under,latest_pre_match,2026-02-27 06:46:43.025577+00:00,2026-02-27 12:54:15.004420+00:00
1113,2026-02-28 12:30:00+00:00,E1,Derby,Blackburn,c85,0.6148840600639782,,,,corners_ou_8_5.over,,,2026-02-27 12:54:15.004420+00:00
1113,2026-02-28 12:30:00+00:00,E1,Derby,Blackburn,btts,0.5220154892242919,1.8333333333333335,0.5454545454545454,-0.023439056230253552,btts.yes,latest_pre_match,2026-02-27 06:46:43.025577+00:00,2026-02-27 12:54:15.004420+00:00
1113,2026-02-28 12:30:00+00:00,E1,Derby,Blackburn,1x2_h,0.5511771420463255,2.1,0.47619047619047616,0.07498666585584934,1x2.home,latest_pre_match,2026-02-27 06:46:43.025577+00:00,2026-02-27 12:54:15.004420+00:00
1113,2026-02-28 12:30:00+00:00,E1,Derby,Blackburn,1x2_d,0.24547933112564688,3.25,0.3076923076923077,-0.06221297656666083,1x2.draw,latest_pre_match,2026-02-27 06:46:43.025577+00:00,2026-02-27 12:54:15.004420+00:00
1113,2026-02-28 12:30:00+00:00,E1,Derby,Blackburn,1x2_a,0.2600045724737083,3.4,0.29411764705882354,-0.034113074585115255,1x2.away,latest_pre_match,2026-02-27 06:46:43.025577+00:00,2026-02-27 12:54:15.004420+00:00
1113,2026-02-28 12:30:00+00:00,E1,Derby,Blackburn,dc_1x,0.7399954275262918,1.3,0.7692307692307692,-0.02923534170447739,dc.home_draw,latest_pre_match,2026-02-27 06:46:43.025577+00:00,2026-02-27 12:54:15.004420+00:00
1113,2026-02-28 12:30:00+00:00,E1,Derby,Blackburn,dc_x2,0.44882285795367444,1.6666666666666665,0.6000000000000001,-0.15117714204632565,dc.draw_away,latest_pre_match,2026-02-27 06:46:43.025577+00:00,2026-02-27 12:54:15.004420+00:00
1113,2026-02-28 12:30:00+00:00,E1,Derby,Blackburn,dc_12,0.7577448101787461,1.3333333333333333,0.75,0.007744810178746064,dc.home_away,latest_pre_match,2026-02-27 06:46:43.025577+00:00,2026-02-27 12:54:15.004420+00:00
1114,2026-02-28 12:30:00+00:00,E1,Leicester,Norwich,o15,0.8148498450984297,1.25,0.8,0.014849845098429681,ou_1_5.over,latest_pre_match,2026-02-27 06:46:43.827739+00:00,2026-02-27 12:54:15.004420+00:00
1114,2026-02-28 12:30:00+00:00,E1,Leicester,Norwich,u15,0.18515015490157014,4.0,0.25,-0.06484984509842986,ou_1_5.under,latest_pre_match,2026-02-27 06:46:43.827739+00:00,2026-02-27 12:54:15.004420+00:00
1114,2026-02-28 12:30:00+00:00,E1,Leicester,Norwich,o25,0.49666531342351555,1.8,0.5555555555555556,-0.05889024213204003,ou_2_5.over,latest_pre_match,2026-02-27 06:46:43.827739+00:00,2026-02-27 12:54:15.004420+00:00
1114,2026-02-28 12:30:00+00:00,E1,Leicester,Norwich,u25,0.5033346865764844,2.0,0.5,0.0033346865764843914,ou_2_5.under,latest_pre_match,2026-02-27 06:46:43.827739+00:00,2026-02-27 12:54:15.004420+00:00
1114,2026-02-28 12:30:00+00:00,E1,Leicester,Norwich,c85,0.6133010542605067,,,,corners_ou_8_5.over,,,2026-02-27 12:54:15.004420+00:00
1114,2026-02-28 12:30:00+00:00,E1,Leicester,Norwich,btts,0.5220154892242919,1.6666666666666665,0.6000000000000001,-0.07798451077570823,btts.yes,latest_pre_match,2026-02-27 06:46:43.827739+00:00,2026-02-27 12:54:15.004420+00:00
1114,2026-02-28 12:30:00+00:00,E1,Leicester,Norwich,1x2_h,0.22205766942609048,2.4,0.4166666666666667,-0.1946089972405762,1x2.home,latest_pre_match,2026-02-27 06:46:43.827739+00:00,2026-02-27 12:54:15.004420+00:00
1114,2026-02-28 12:30:00+00:00,E1,Leicester,Norwich,1x2_d,0.2589713946177104,3.4,0.29411764705882354,-0.035146252441113135,1x2.draw,latest_pre_match,2026-02-27 06:46:43.827739+00:00,2026-02-27 12:54:15.004420+00:00
1114,2026-02-28 12:30:00+00:00,E1,Leicester,Norwich,1x2_a,0.4155945065998026,2.7,0.37037037037037035,0.04522413622943228,1x2.away,latest_pre_match,2026-02-27 06:46:43.827739+00:00,2026-02-27 12:54:15.004420+00:00
1114,2026-02-28 12:30:00+00:00,E1,Leicester,Norwich,dc_1x,0.5844054934001973,1.4,0.7142857142857143,-0.12988022088551698,dc.home_draw,latest_pre_match,2026-02-27 06:46:43.827739+00:00,2026-02-27 12:54:15.004420+00:00
1114,2026-02-28 12:30:00+00:00,E1,Leicester,Norwich,dc_x2,0.7779423305739095,1.5333333333333332,0.6521739130434783,0.12576841753043122,dc.draw_away,latest_pre_match,2026-02-27 06:46:43.827739+00:00,2026-02-27 12:54:15.004420+00:00
1114,2026-02-28 12:30:00+00:00,E1,Leicester,Norwich,dc_12,0.7419693143006674,1.3,0.7692307692307692,-0.02726145493010179,dc.home_away,latest_pre_match,2026-02-27 06:46:43.827739+00:00,2026-02-27 12:54:15.004420+00:00
1115,2026-02-28 12:30:00+00:00,E1,Portsmouth,Hull,o15,0.7336817493703226,1.3,0.7692307692307692,-0.03554901986044656,ou_1_5.over,latest_pre_match,2026-02-27 06:46:44.462086+00:00,2026-02-27 12:54:15.004420+00:00
1115,2026-02-28 12:30:00+00:00,E1,Portsmouth,Hull,u15,0.2670553875897246,3.5,0.2857142857142857,-0.01865889812456112,ou_1_5.under,latest_pre_match,2026-02-27 06:46:44.462086+00:00,2026-02-27 12:54:15.004420+00:00
1115,2026-02-28 12:30:00+00:00,E1,Portsmouth,Hull,o25,0.4679554182976922,2.0,0.5,-0.032044581702307784,ou_2_5.over,latest_pre_match,2026-02-27 06:46:44.462086+00:00,2026-02-27 12:54:15.004420+00:00
1115,2026-02-28 12:30:00+00:00,E1,Portsmouth,Hull,u25,0.5320445817023078,1.8,0.5555555555555556,-0.02351097385324774,ou_2_5.under,latest_pre_match,2026-02-27 06:46:44.462086+00:00,2026-02-27 12:54:15.004420+00:00
1115,2026-02-28 12:30:00+00:00,E1,Portsmouth,Hull,c85,0.6214694966755245,,,,corners_ou_8_5.over,,,2026-02-27 12:54:15.004420+00:00
1115,2026-02-28 12:30:00+00:00,E1,Portsmouth,Hull,btts,0.5319289329364438,1.8,0.5555555555555556,-0.023626622619111748,btts.yes,latest_pre_match,2026-02-27 06:46:44.462086+00:00,2026-02-27 12:54:15.004420+00:00
1115,2026-02-28 12:30:00+00:00,E1,Portsmouth,Hull,1x2_h,0.5388600865471226,2.01,0.49751243781094534,0.041347648736177245,1x2.home,latest_pre_match,2026-02-27 06:46:44.462086+00:00,2026-02-27 12:54:15.004420+00:00
1115,2026-02-28 12:30:00+00:00,E1,Portsmouth,Hull,1x2_d,0.26984095983510165,3.5,0.2857142857142857,-0.015873325879184053,1x2.draw,latest_pre_match,2026-02-27 06:46:44.462086+00:00,2026-02-27 12:54:15.004420+00:00
1115,2026-02-28 12:30:00+00:00,E1,Portsmouth,Hull,1x2_a,0.15476454928509722,3.5,0.2857142857142857,-0.13094973642918847,1x2.away,latest_pre_match,2026-02-27 06:46:44.462086+00:00,2026-02-27 12:54:15.004420+00:00
1115,2026-02-28 12:30:00+00:00,E1,Portsmouth,Hull,dc_1x,0.8452354507149028,1.2857142857142856,0.7777777777777779,0.0674576729371249,dc.home_draw,latest_pre_match,2026-02-27 06:46:44.462086+00:00,2026-02-27 12:54:15.004420+00:00
1115,2026-02-28 12:30:00+00:00,E1,Portsmouth,Hull,dc_x2,0.4611399134528775,1.7272727272727273,0.5789473684210527,-0.11780745496817513,dc.draw_away,latest_pre_match,2026-02-27 06:46:44.462086+00:00,2026-02-27 12:54:15.004420+00:00
1115,2026-02-28 12:30:00+00:00,E1,Portsmouth,Hull,dc_12,0.731221759820221,1.2857142857142856,0.7777777777777779,-0.04655601795755693,dc.home_away,latest_pre_match,2026-02-27 06:46:44.462086+00:00,2026-02-27 12:54:15.004420+00:00
1649,2026-02-28 12:30:00+00:00,E2,Leyton Orient,Barnsley,o15,0.7659279352724425,1.2,0.8333333333333334,-0.06740539806089085,ou_1_5.over,latest_pre_match,2026-02-27 06:46:48.035384+00:00,2026-02-27 12:54:15.004420+00:00
1649,2026-02-28 12:30:00+00:00,E2,Leyton Orient,Barnsley,u15,0.2340720647275574,4.333333333333334,0.23076923076923073,0.003302833958326673,ou_1_5.under,latest_pre_match,2026-02-27 06:46:48.035384+00:00,2026-02-27 12:54:15.004420+00:00
1649,2026-02-28 12:30:00+00:00,E2,Leyton Orient,Barnsley,o25,0.5412985388819838,1.6666666666666665,0.6000000000000001,-0.05870146111801633,ou_2_5.over,latest_pre_match,2026-02-27 06:46:48.035384+00:00,2026-02-27 12:54:15.004420+00:00
1649,2026-02-28 12:30:00+00:00,E2,Leyton Orient,Barnsley,u25,0.4587014611180163,2.15,0.46511627906976744,-0.0064148179517511394,ou_2_5.under,latest_pre_match,2026-02-27 06:46:48.035384+00:00,2026-02-27 12:54:15.004420+00:00
1649,2026-02-28 12:30:00+00:00,E2,Leyton Orient,Barnsley,c85,0.616069175224136,,,,corners_ou_8_5.over,,,2026-02-27 12:54:15.004420+00:00
1649,2026-02-28 12:30:00+00:00,E2,Leyton Orient,Barnsley,btts,0.5696776682715123,1.5714285714285714,0.6363636363636364,-0.06668596809212401,btts.yes,latest_pre_match,2026-02-27 06:46:48.035384+00:00,2026-02-27 12:54:15.004420+00:00
1649,2026-02-28 12:30:00+00:00,E2,Leyton Orient,Barnsley,1x2_h,0.38617558896686105,2.4,0.4166666666666667,-0.030491077699805635,1x2.home,latest_pre_match,2026-02-27 06:46:48.035384+00:00,2026-02-27 12:54:15.004420+00:00
1649,2026-02-28 12:30:00+00:00,E2,Leyton Orient,Barnsley,1x2_d,0.26925508256097275,3.5,0.2857142857142857,-0.01645920315331295,1x2.draw,latest_pre_match,2026-02-27 06:46:48.035384+00:00,2026-02-27 12:54:15.004420+00:00
1649,2026-02-28 12:30:00+00:00,E2,Leyton Orient,Barnsley,1x2_a,0.3483543906034006,2.5700000000000003,0.3891050583657587,-0.040750667762358084,1x2.away,latest_pre_match,2026-02-27 06:46:48.035384+00:00,2026-02-27 12:54:15.004420+00:00
1649,2026-02-28 12:30:00+00:00,E2,Leyton Orient,Barnsley,dc_1x,0.6516456093965994,1.4444444444444444,0.6923076923076923,-0.040662082911092856,dc.home_draw,latest_pre_match,2026-02-27 06:46:48.035384+00:00,2026-02-27 12:54:15.004420+00:00
1649,2026-02-28 12:30:00+00:00,E2,Leyton Orient,Barnsley,dc_x2,0.613824411033139,1.5333333333333332,0.6521739130434783,-0.038349502010339265,dc.draw_away,latest_pre_match,2026-02-27 06:46:48.035384+00:00,2026-02-27 12:54:15.004420+00:00
1649,2026-02-28 12:30:00+00:00,E2,Leyton Orient,Barnsley,dc_12,0.7318076370943499,1.2857142857142856,0.7777777777777779,-0.045970140683427974,dc.home_away,latest_pre_match,2026-02-27 06:46:48.035384+00:00,2026-02-27 12:54:15.004420+00:00
1650,2026-02-28 12:30:00+00:00,E2,Northampton,Peterborough,o15,0.80210846526636,1.1818181818181819,0.8461538461538461,-0.04404538088748611,ou_1_5.over,latest_pre_match,2026-02-27 06:46:45.958476+00:00,2026-02-27 12:54:15.004420+00:00
1650,2026-02-28 12:30:00+00:00,E2,Northampton,Peterborough,u15,0.19789153473364,4.5,0.2222222222222222,-0.02433068748858222,ou_1_5.under,latest_pre_match,2026-02-27 06:46:45.958476+00:00,2026-02-27 12:54:15.004420+00:00
1650,2026-02-28 12:30:00+00:00,E2,Northampton,Peterborough,o25,0.5412985388819838,1.65,0.6060606060606061,-0.06476206717862232,ou_2_5.over,latest_pre_match,2026-02-27 06:46:45.958476+00:00,2026-02-27 12:54:15.004420+00:00
1650,2026-02-28 12:30:00+00:00,E2,Northampton,Peterborough,u25,0.4587014611180163,2.2,0.45454545454545453,0.004156006572561766,ou_2_5.under,latest_pre_match,2026-02-27 06:46:45.958476+00:00,2026-02-27 12:54:15.004420+00:00
1650,2026-02-28 12:30:00+00:00,E2,Northampton,Peterborough,c85,0.6148840600639782,,,,corners_ou_8_5.over,,,2026-02-27 12:54:15.004420+00:00
1650,2026-02-28 12:30:00+00:00,E2,Northampton,Peterborough,btts,0.5696776682715123,1.5333333333333332,0.6521739130434783,-0.08249624477196593,btts.yes,latest_pre_match,2026-02-27 06:46:45.958476+00:00,2026-02-27 12:54:15.004420+00:00
1650,2026-02-28 12:30:00+00:00,E2,Northampton,Peterborough,1x2_h,0.3280044108199613,2.7,0.37037037037037035,-0.04236595955040906,1x2.home,latest_pre_match,2026-02-27 06:46:45.958476+00:00,2026-02-27 12:54:15.004420+00:00
1650,2026-02-28 12:30:00+00:00,E2,Northampton,Peterborough,1x2_d,0.2893681412820313,3.4,0.29411764705882354,-0.004749505776792229,1x2.draw,latest_pre_match,2026-02-27 06:46:45.958476+00:00,2026-02-27 12:54:15.004420+00:00
1650,2026-02-28 12:30:00+00:00,E2,Northampton,Peterborough,1x2_a,0.32546465124205776,2.3200000000000003,0.43103448275862066,-0.1055698315165629,1x2.away,latest_pre_match,2026-02-27 06:46:45.958476+00:00,2026-02-27 12:54:15.004420+00:00
1650,2026-02-28 12:30:00+00:00,E2,Northampton,Peterborough,dc_1x,0.6745353487579422,1.5333333333333332,0.6521739130434783,0.022361435714463918,dc.home_draw,latest_pre_match,2026-02-27 06:46:45.958476+00:00,2026-02-27 12:54:15.004420+00:00
1650,2026-02-28 12:30:00+00:00,E2,Northampton,Peterborough,dc_x2,0.6719955891800385,1.4,0.7142857142857143,-0.04229012510567576,dc.draw_away,latest_pre_match,2026-02-27 06:46:45.958476+00:00,2026-02-27 12:54:15.004420+00:00
1650,2026-02-28 12:30:00+00:00,E2,Northampton,Peterborough,dc_12,0.731221759820221,1.3,0.7692307692307692,-0.03800900941054819,dc.home_away,latest_pre_match,2026-02-27 06:46:45.958476+00:00,2026-02-27 12:54:15.004420+00:00
2203,2026-02-28 12:30:00+00:00,E3,Cambridge Utd,MK Dons,o15,0.6570176816813914,1.4444444444444444,0.6923076923076923,-0.03529001062630088,ou_1_5.over,latest_pre_match,2026-02-27 06:46:42.392742+00:00,2026-02-27 12:54:15.004420+00:00
2203,2026-02-28 12:30:00+00:00,E3,Cambridge Utd,MK Dons,u15,0.34298231831860865,2.625,0.38095238095238093,-0.037970062633772284,ou_1_5.under,latest_pre_match,2026-02-27 06:46:42.392742+00:00,2026-02-27 12:54:15.004420+00:00
2203,2026-02-28 12:30:00+00:00,E3,Cambridge Utd,MK Dons,o25,0.4904984780747945,2.35,0.425531914893617,0.0649665631811775,ou_2_5.over,latest_pre_match,2026-02-27 06:46:42.392742+00:00,2026-02-27 12:54:15.004420+00:00
2203,2026-02-28 12:30:00+00:00,E3,Cambridge Utd,MK Dons,u25,0.5095015219252055,1.5714285714285714,0.6363636363636364,-0.12686211443843087,ou_2_5.under,latest_pre_match,2026-02-27 06:46:42.392742+00:00,2026-02-27 12:54:15.004420+00:00
2203,2026-02-28 12:30:00+00:00,E3,Cambridge Utd,MK Dons,c85,0.6079007328091182,1.8,0.5555555555555556,0.05234517725356258,corners_ou_8_5.over,latest_pre_match,2026-02-27 06:46:42.392742+00:00,2026-02-27 12:54:15.004420+00:00
2203,2026-02-28 12:30:00+00:00,E3,Cambridge Utd,MK Dons,btts,0.49320999857226006,2.0,0.5,-0.0067900014277399445,btts.yes,latest_pre_match,2026-02-27 06:46:42.392742+00:00,2026-02-27 12:54:15.004420+00:00
2203,2026-02-28 12:30:00+00:00,E3,Cambridge Utd,MK Dons,1x2_h,0.5091530178720999,2.25,0.4444444444444444,0.06470857342765546,1x2.home,latest_pre_match,2026-02-27 06:46:42.392742+00:00,2026-02-27 12:54:15.004420+00:00
2203,2026-02-28 12:30:00+00:00,E3,Cambridge Utd,MK Dons,1x2_d,0.26984095983510165,3.2,0.3125,-0.042659040164898354,1x2.draw,latest_pre_match,2026-02-27 06:46:42.392742+00:00,2026-02-27 12:54:15.004420+00:00
2203,2026-02-28 12:30:00+00:00,E3,Cambridge Utd,MK Dons,1x2_a,0.20429347110317567,3.1,0.3225806451612903,-0.11828717405811465,1x2.away,latest_pre_match,2026-02-27 06:46:42.392742+00:00,2026-02-27 12:54:15.004420+00:00
2203,2026-02-28 12:30:00+00:00,E3,Cambridge Utd,MK Dons,dc_1x,0.7957065288968243,1.3636363636363638,0.7333333333333333,0.06237319556349097,dc.home_draw,latest_pre_match,2026-02-27 06:46:42.392742+00:00,2026-02-27 12:54:15.004420+00:00
2203,2026-02-28 12:30:00+00:00,E3,Cambridge Utd,MK Dons,dc_x2,0.4908469821279,1.5714285714285714,0.6363636363636364,-0.14551665423573634,dc.draw_away,latest_pre_match,2026-02-27 06:46:42.392742+00:00,2026-02-27 12:54:15.004420+00:00
2203,2026-02-28 12:30:00+00:00,E3,Cambridge Utd,MK Dons,dc_12,0.731221759820221,1.3636363636363638,0.7333333333333333,-0.002111573513112308,dc.home_away,latest_pre_match,2026-02-27 06:46:42.392742+00:00,2026-02-27 12:54:15.004420+00:00
2204,2026-02-28 12:30:00+00:00,E3,Shrewsbury,Walsall,o15,0.6933784320695929,1.4444444444444444,0.6923076923076923,0.001070739761900641,ou_1_5.over,latest_pre_match,2026-02-27 06:46:47.354403+00:00,2026-02-27 12:54:15.004420+00:00
2204,2026-02-28 12:30:00+00:00,E3,Shrewsbury,Walsall,u15,0.3066215679304071,2.625,0.38095238095238093,-0.07433081302197381,ou_1_5.under,latest_pre_match,2026-02-27 06:46:47.354403+00:00,2026-02-27 12:54:15.004420+00:00
2204,2026-02-28 12:30:00+00:00,E3,Shrewsbury,Walsall,o25,0.4479775023298325,2.5,0.4,0.0479775023298325,ou_2_5.over,latest_pre_match,2026-02-27 06:46:47.354403+00:00,2026-02-27 12:54:15.004420+00:00
2204,2026-02-28 12:30:00+00:00,E3,Shrewsbury,Walsall,u25,0.5520224976701674,1.5,0.6666666666666666,-0.11464416899649921,ou_2_5.under,latest_pre_match,2026-02-27 06:46:47.354403+00:00,2026-02-27 12:54:15.004420+00:00
2204,2026-02-28 12:30:00+00:00,E3,Shrewsbury,Walsall,c85,0.5949502066630594,,,,corners_ou_8_5.over,,,2026-02-27 12:54:15.004420+00:00
2204,2026-02-28 12:30:00+00:00,E3,Shrewsbury,Walsall,btts,0.5473704920971474,2.0,0.5,0.04737049209714739,btts.yes,latest_pre_match,2026-02-27 06:46:47.354403+00:00,2026-02-27 12:54:15.004420+00:00
2204,2026-02-28 12:30:00+00:00,E3,Shrewsbury,Walsall,1x2_h,0.5677174902430204,2.2,0.45454545454545453,0.1131720356975659,1x2.home,latest_pre_match,2026-02-27 06:46:47.354403+00:00,2026-02-27 12:54:15.004420+00:00
2204,2026-02-28 12:30:00+00:00,E3,Shrewsbury,Walsall,1x2_d,0.2589713946177104,3.1,0.3225806451612903,-0.06360925054357991,1x2.draw,latest_pre_match,2026-02-27 06:46:47.354403+00:00,2026-02-27 12:54:15.004420+00:00
2204,2026-02-28 12:30:00+00:00,E3,Shrewsbury,Walsall,1x2_a,0.24499667389577037,3.25,0.3076923076923077,-0.06269563379653734,1x2.away,latest_pre_match,2026-02-27 06:46:47.354403+00:00,2026-02-27 12:54:15.004420+00:00
2204,2026-02-28 12:30:00+00:00,E3,Shrewsbury,Walsall,dc_1x,0.7550033261042296,1.3333333333333333,0.75,0.0050033261042295996,dc.home_draw,latest_pre_match,2026-02-27 06:46:47.354403+00:00,2026-02-27 12:54:15.004420+00:00
2204,2026-02-28 12:30:00+00:00,E3,Shrewsbury,Walsall,dc_x2,0.4322825097569795,1.6153846153846154,0.6190476190476191,-0.18676510929063955,dc.draw_away,latest_pre_match,2026-02-27 06:46:47.354403+00:00,2026-02-27 12:54:15.004420+00:00
2204,2026-02-28 12:30:00+00:00,E3,Shrewsbury,Walsall,dc_12,0.7441307359497378,1.3636363636363638,0.7333333333333333,0.010797402616404495,dc.home_away,latest_pre_match,2026-02-27 06:46:47.354403+00:00,2026-02-27 12:54:15.004420+00:00
2205,2026-02-28 12:30:00+00:00,E3,Swindon,Bristol Rovers,o15,0.7860666084743547,1.25,0.8,-0.013933391525645322,ou_1_5.over,latest_pre_match,2026-02-27 06:46:46.621352+00:00,2026-02-27 12:54:15.004420+00:00
2205,2026-02-28 12:30:00+00:00,E3,Swindon,Bristol Rovers,u15,0.2139333915256453,3.75,0.26666666666666666,-0.05273327514102136,ou_1_5.under,latest_pre_match,2026-02-27 06:46:46.621352+00:00,2026-02-27 12:54:15.004420+00:00
2205,2026-02-28 12:30:00+00:00,E3,Swindon,Bristol Rovers,o25,0.5412985388819838,1.85,0.5405405405405405,0.0007579983414433,ou_2_5.over,latest_pre_match,2026-02-27 06:46:46.621352+00:00,2026-02-27 12:54:15.004420+00:00
2205,2026-02-28 12:30:00+00:00,E3,Swindon,Bristol Rovers,u25,0.4587014611180163,1.95,0.5128205128205129,-0.05411905170249659,ou_2_5.under,latest_pre_match,2026-02-27 06:46:46.621352+00:00,2026-02-27 12:54:15.004420+00:00
2205,2026-02-28 12:30:00+00:00,E3,Swindon,Bristol Rovers,c85,0.6243072517476628,,,,corners_ou_8_5.over,,,2026-02-27 12:54:15.004420+00:00
2205,2026-02-28 12:30:00+00:00,E3,Swindon,Bristol Rovers,btts,0.5485074888051424,1.7272727272727273,0.5789473684210527,-0.030439879615910215,btts.yes,latest_pre_match,2026-02-27 06:46:46.621352+00:00,2026-02-27 12:54:15.004420+00:00
2205,2026-02-28 12:30:00+00:00,E3,Swindon,Bristol Rovers,1x2_h,0.4152666499470232,1.8599999999999999,0.5376344086021506,-0.12236775865512739,1x2.home,latest_pre_match,2026-02-27 06:46:46.621352+00:00,2026-02-27 12:54:15.004420+00:00
2205,2026-02-28 12:30:00+00:00,E3,Swindon,Bristol Rovers,1x2_d,0.2589713946177104,3.5,0.2857142857142857,-0.026742891096575294,1x2.draw,latest_pre_match,2026-02-27 06:46:46.621352+00:00,2026-02-27 12:54:15.004420+00:00
2205,2026-02-28 12:30:00+00:00,E3,Swindon,Bristol Rovers,1x2_a,0.35245071632336095,3.7,0.27027027027027023,0.08218044605309072,1x2.away,latest_pre_match,2026-02-27 06:46:46.621352+00:00,2026-02-27 12:54:15.004420+00:00
2205,2026-02-28 12:30:00+00:00,E3,Swindon,Bristol Rovers,dc_1x,0.6475492836766391,1.25,0.8,-0.15245071632336094,dc.home_draw,latest_pre_match,2026-02-27 06:46:46.621352+00:00,2026-02-27 12:54:15.004420+00:00
2205,2026-02-28 12:30:00+00:00,E3,Swindon,Bristol Rovers,dc_x2,0.5847333500529768,1.8333333333333335,0.5454545454545454,0.03927880459843136,dc.draw_away,latest_pre_match,2026-02-27 06:46:46.621352+00:00,2026-02-27 12:54:15.004420+00:00
2205,2026-02-28 12:30:00+00:00,E3,Swindon,Bristol Rovers,dc_12,0.7419693143006674,1.2857142857142856,0.7777777777777779,-0.03580846347711053,dc.home_away,latest_pre_match,2026-02-27 06:46:46.621352+00:00,2026-02-27 12:54:15.004420+00:00
21692,2026-02-28 12:45:00+00:00,PL1,Pogon Szczecin,Widzew Lodz,o15,0.7278838234136747,1.2222222222222223,0.8181818181818181,-0.09029799476814337,ou_1_5.over,latest_pre_match,2026-02-27 06:46:48.702429+00:00,2026-02-27 12:54:15.004420+00:00
21692,2026-02-28 12:45:00+00:00,PL1,Pogon Szczecin,Widzew Lodz,u15,0.2722908838500844,4.0,0.25,0.022290883850084375,ou_1_5.under,latest_pre_match,2026-02-27 06:46:48.702429+00:00,2026-02-27 12:54:15.004420+00:00
21692,2026-02-28 12:45:00+00:00,PL1,Pogon Szczecin,Widzew Lodz,o25,0.4479775023298325,1.8,0.5555555555555556,-0.10757805322572306,ou_2_5.over,latest_pre_match,2026-02-27 06:46:48.702429+00:00,2026-02-27 12:54:15.004420+00:00
21692,2026-02-28 12:45:00+00:00,PL1,Pogon Szczecin,Widzew Lodz,u25,0.5520224976701674,2.0,0.5,0.05202249767016742,ou_2_5.under,latest_pre_match,2026-02-27 06:46:48.702429+00:00,2026-02-27 12:54:15.004420+00:00
21692,2026-02-28 12:45:00+00:00,PL1,Pogon Szczecin,Widzew Lodz,c85,0.6330271324477649,,,,corners_ou_8_5.over,,,2026-02-27 12:54:15.004420+00:00
21692,2026-02-28 12:45:00+00:00,PL1,Pogon Szczecin,Widzew Lodz,btts,0.5220154892242919,1.6153846153846154,0.6190476190476191,-0.0970321298233272,btts.yes,latest_pre_match,2026-02-27 06:46:48.702429+00:00,2026-02-27 12:54:15.004420+00:00
21692,2026-02-28 12:45:00+00:00,PL1,Pogon Szczecin,Widzew Lodz,1x2_h,0.5877391352646656,2.25,0.4444444444444444,0.14329469082022117,1x2.home,latest_pre_match,2026-02-27 06:46:48.702429+00:00,2026-02-27 12:54:15.004420+00:00
21692,2026-02-28 12:45:00+00:00,PL1,Pogon Szczecin,Widzew Lodz,1x2_d,0.21484134857377427,3.3,0.30303030303030304,-0.08818895445652877,1x2.draw,latest_pre_match,2026-02-27 06:46:48.702429+00:00,2026-02-27 12:54:15.004420+00:00
21692,2026-02-28 12:45:00+00:00,PL1,Pogon Szczecin,Widzew Lodz,1x2_a,0.24499667389577037,2.88,0.3472222222222222,-0.10222554832645184,1x2.away,latest_pre_match,2026-02-27 06:46:48.702429+00:00,2026-02-27 12:54:15.004420+00:00
21692,2026-02-28 12:45:00+00:00,PL1,Pogon Szczecin,Widzew Lodz,dc_1x,0.7550033261042296,1.3636363636363638,0.7333333333333333,0.021669992770896318,dc.home_draw,latest_pre_match,2026-02-27 06:46:48.702429+00:00,2026-02-27 12:54:15.004420+00:00
21692,2026-02-28 12:45:00+00:00,PL1,Pogon Szczecin,Widzew Lodz,dc_x2,0.4122608647353345,1.5333333333333332,0.6521739130434783,-0.23991304830814375,dc.draw_away,latest_pre_match,2026-02-27 06:46:48.702429+00:00,2026-02-27 12:54:15.004420+00:00
21692,2026-02-28 12:45:00+00:00,PL1,Pogon Szczecin,Widzew Lodz,dc_12,0.7862213710815485,1.3,0.7692307692307692,0.016990601850779385,dc.home_away,latest_pre_match,2026-02-27 06:46:48.702429+00:00,2026-02-27 12:54:15.004420+00:00
4512,2026-02-28 13:00:00+00:00,I1,Como,Lecce,o15,0.7331193196740347,1.3333333333333333,0.75,-0.016880680325965347,ou_1_5.over,latest_pre_match,2026-02-27 06:46:51.294874+00:00,2026-02-27 12:54:15.004420+00:00
4512,2026-02-28 13:00:00+00:00,I1,Como,Lecce,u15,0.2670553875897246,3.4,0.29411764705882354,-0.02706225946909896,ou_1_5.under,latest_pre_match,2026-02-27 06:46:51.294874+00:00,2026-02-27 12:54:15.004420+00:00
4512,2026-02-28 13:00:00+00:00,I1,Como,Lecce,o25,0.5564376572309203,2.0,0.5,0.05643765723092031,ou_2_5.over,latest_pre_match,2026-02-27 06:46:51.294874+00:00,2026-02-27 12:54:15.004420+00:00
4512,2026-02-28 13:00:00+00:00,I1,Como,Lecce,u25,0.44356234276907974,1.8,0.5555555555555556,-0.11199321278647584,ou_2_5.under,latest_pre_match,2026-02-27 06:46:51.294874+00:00,2026-02-27 12:54:15.004420+00:00
4512,2026-02-28 13:00:00+00:00,I1,Como,Lecce,c85,0.6103583855644135,,,,corners_ou_8_5.over,,,2026-02-27 12:54:15.004420+00:00
4512,2026-02-28 13:00:00+00:00,I1,Como,Lecce,btts,0.5390492104352015,2.25,0.4444444444444444,0.09460476599075707,btts.yes,latest_pre_match,2026-02-27 06:46:51.294874+00:00,2026-02-27 12:54:15.004420+00:00
4512,2026-02-28 13:00:00+00:00,I1,Como,Lecce,1x2_h,0.6058176649221426,1.38,0.7246376811594204,-0.11882001623727778,1x2.home,latest_pre_match,2026-02-27 06:46:51.294874+00:00,2026-02-27 12:54:15.004420+00:00
4512,2026-02-28 13:00:00+00:00,I1,Como,Lecce,1x2_d,0.2589713946177104,4.5,0.2222222222222222,0.036749172395488194,1x2.draw,latest_pre_match,2026-02-27 06:46:51.294874+00:00,2026-02-27 12:54:15.004420+00:00
4512,2026-02-28 13:00:00+00:00,I1,Como,Lecce,1x2_a,0.14392012369231535,9.5,0.10526315789473684,0.03865696579757852,1x2.away,latest_pre_match,2026-02-27 06:46:51.294874+00:00,2026-02-27 12:54:15.004420+00:00
4512,2026-02-28 13:00:00+00:00,I1,Como,Lecce,dc_1x,0.8560798763076848,1.0714285714285714,0.9333333333333333,-0.07725345702564856,dc.home_draw,latest_pre_match,2026-02-27 06:46:51.294874+00:00,2026-02-27 12:54:15.004420+00:00
4512,2026-02-28 13:00:00+00:00,I1,Como,Lecce,dc_x2,0.3941823350778575,3.0,0.3333333333333333,0.06084900174452418,dc.draw_away,latest_pre_match,2026-02-27 06:46:51.294874+00:00,2026-02-27 12:54:15.004420+00:00
4512,2026-02-28 13:00:00+00:00,I1,Como,Lecce,dc_12,0.7419693143006674,1.1818181818181819,0.8461538461538461,-0.10418453185317877,dc.home_away,latest_pre_match,2026-02-27 06:46:51.294874+00:00,2026-02-27 12:54:15.004420+00:00
4893,2026-02-28 13:00:00+00:00,I2,Sudtirol,Venezia,o15,0.8320067078435279,1.2857142857142856,0.7777777777777779,0.054228930065750025,ou_1_5.over,latest_pre_match,2026-02-27 06:46:51.933115+00:00,2026-02-27 12:54:15.004420+00:00
4893,2026-02-28 13:00:00+00:00,I2,Sudtirol,Venezia,u15,0.16799329215647207,3.5,0.2857142857142857,-0.11772099355781362,ou_1_5.under,latest_pre_match,2026-02-27 06:46:51.933115+00:00,2026-02-27 12:54:15.004420+00:00
4893,2026-02-28 13:00:00+00:00,I2,Sudtirol,Venezia,o25,0.5669125486965504,1.95,0.5128205128205129,0.0540920358760375,ou_2_5.over,latest_pre_match,2026-02-27 06:46:51.933115+00:00,2026-02-27 12:54:15.004420+00:00
4893,2026-02-28 13:00:00+00:00,I2,Sudtirol,Venezia,u25,0.43308745130344956,1.85,0.5405405405405405,-0.1074530892370909,ou_2_5.under,latest_pre_match,2026-02-27 06:46:51.933115+00:00,2026-02-27 12:54:15.004420+00:00
4893,2026-02-28 13:00:00+00:00,I2,Sudtirol,Venezia,c85,0.6153380998281192,,,,corners_ou_8_5.over,,,2026-02-27 12:54:15.004420+00:00
4893,2026-02-28 13:00:00+00:00,I2,Sudtirol,Venezia,btts,0.5916423131323146,1.75,0.5714285714285714,0.020213741703743238,btts.yes,latest_pre_match,2026-02-27 06:46:51.933115+00:00,2026-02-27 12:54:15.004420+00:00
4893,2026-02-28 13:00:00+00:00,I2,Sudtirol,Venezia,1x2_h,0.240576187944609,4.2,0.23809523809523808,0.002480949849370917,1x2.home,latest_pre_match,2026-02-27 06:46:51.933115+00:00,2026-02-27 12:54:15.004420+00:00
4893,2026-02-28 13:00:00+00:00,I2,Sudtirol,Venezia,1x2_d,0.21890710878259356,3.0,0.3333333333333333,-0.11442622455073975,1x2.draw,latest_pre_match,2026-02-27 06:46:51.933115+00:00,2026-02-27 12:54:15.004420+00:00
4893,2026-02-28 13:00:00+00:00,I2,Sudtirol,Venezia,1x2_a,0.6337908496732026,1.96,0.5102040816326531,0.12358676804054958,1x2.away,latest_pre_match,2026-02-27 06:46:51.933115+00:00,2026-02-27 12:54:15.004420+00:00
4893,2026-02-28 13:00:00+00:00,I2,Sudtirol,Venezia,dc_1x,0.3662091503267974,1.8,0.5555555555555556,-0.18934640522875817,dc.home_draw,latest_pre_match,2026-02-27 06:46:51.933115+00:00,2026-02-27 12:54:15.004420+00:00
4893,2026-02-28 13:00:00+00:00,I2,Sudtirol,Venezia,dc_x2,0.759423812055391,1.2,0.8333333333333334,-0.07390952127794237,dc.draw_away,latest_pre_match,2026-02-27 06:46:51.933115+00:00,2026-02-27 12:54:15.004420+00:00
4893,2026-02-28 13:00:00+00:00,I2,Sudtirol,Venezia,dc_12,0.7777001082238577,1.3636363636363638,0.7333333333333333,0.04436677489052443,dc.home_away,latest_pre_match,2026-02-27 06:46:51.933115+00:00,2026-02-27 12:54:15.004420+00:00
4894,2026-02-28 13:00:00+00:00,I2,Empoli,Cesena,o15,0.7326755764182336,1.3333333333333333,0.75,-0.017324423581766446,ou_1_5.over,latest_pre_match,2026-02-27 06:46:50.012211+00:00,2026-02-27 12:54:15.004420+00:00
4894,2026-02-28 13:00:00+00:00,I2,Empoli,Cesena,u15,0.26702603416560317,3.25,0.3076923076923077,-0.040666273526704544,ou_1_5.under,latest_pre_match,2026-02-27 06:46:50.012211+00:00,2026-02-27 12:54:15.004420+00:00
4894,2026-02-28 13:00:00+00:00,I2,Empoli,Cesena,o25,0.5139906284292429,2.1,0.47619047619047616,0.03780015223876676,ou_2_5.over,latest_pre_match,2026-02-27 06:46:50.012211+00:00,2026-02-27 12:54:15.004420+00:00
4894,2026-02-28 13:00:00+00:00,I2,Empoli,Cesena,u25,0.48600937157075713,1.7,0.5882352941176471,-0.10222592254688995,ou_2_5.under,latest_pre_match,2026-02-27 06:46:50.012211+00:00,2026-02-27 12:54:15.004420+00:00
4894,2026-02-28 13:00:00+00:00,I2,Empoli,Cesena,c85,0.6330271324477649,1.7272727272727273,0.5789473684210527,0.05407976402671222,corners_ou_8_5.over,latest_pre_match,2026-02-27 06:46:50.012211+00:00,2026-02-27 12:54:15.004420+00:00
4894,2026-02-28 13:00:00+00:00,I2,Empoli,Cesena,btts,0.5504475972512987,1.8,0.5555555555555556,-0.005107958304256921,btts.yes,latest_pre_match,2026-02-27 06:46:50.012211+00:00,2026-02-27 12:54:15.004420+00:00
4894,2026-02-28 13:00:00+00:00,I2,Empoli,Cesena,1x2_h,0.4204141006056415,2.3,0.4347826086956522,-0.014368508090010723,1x2.home,latest_pre_match,2026-02-27 06:46:50.012211+00:00,2026-02-27 12:54:15.004420+00:00
4894,2026-02-28 13:00:00+00:00,I2,Empoli,Cesena,1x2_d,0.22263381685712771,3.1,0.3225806451612903,-0.0999468283041626,1x2.draw,latest_pre_match,2026-02-27 06:46:50.012211+00:00,2026-02-27 12:54:15.004420+00:00
4894,2026-02-28 13:00:00+00:00,I2,Empoli,Cesena,1x2_a,0.35650378754435197,3.2,0.3125,0.04400378754435197,1x2.away,latest_pre_match,2026-02-27 06:46:50.012211+00:00,2026-02-27 12:54:15.004420+00:00
4894,2026-02-28 13:00:00+00:00,I2,Empoli,Cesena,dc_1x,0.643496212455648,1.3636363636363638,0.7333333333333333,-0.08983712087768525,dc.home_draw,latest_pre_match,2026-02-27 06:46:50.012211+00:00,2026-02-27 12:54:15.004420+00:00
4894,2026-02-28 13:00:00+00:00,I2,Empoli,Cesena,dc_x2,0.5795858993943586,1.5714285714285714,0.6363636363636364,-0.05677773696927779,dc.draw_away,latest_pre_match,2026-02-27 06:46:50.012211+00:00,2026-02-27 12:54:15.004420+00:00
4894,2026-02-28 13:00:00+00:00,I2,Empoli,Cesena,dc_12,0.7739734001493236,1.3636363636363638,0.7333333333333333,0.040640066815990306,dc.home_away,latest_pre_match,2026-02-27 06:46:50.012211+00:00,2026-02-27 12:54:15.004420+00:00
4895,2026-02-28 13:00:00+00:00,I2,Modena,Padova,o15,0.7556624919962696,1.25,0.8,-0.044337508003730486,ou_1_5.over,latest_pre_match,2026-02-27 06:46:50.662022+00:00,2026-02-27 12:54:15.004420+00:00
4895,2026-02-28 13:00:00+00:00,I2,Modena,Padova,u15,0.24433750800373052,3.75,0.26666666666666666,-0.02232915866293614,ou_1_5.under,latest_pre_match,2026-02-27 06:46:50.662022+00:00,2026-02-27 12:54:15.004420+00:00
4895,2026-02-28 13:00:00+00:00,I2,Modena,Padova,o25,0.5412985388819838,1.85,0.5405405405405405,0.0007579983414433,ou_2_5.over,latest_pre_match,2026-02-27 06:46:50.662022+00:00,2026-02-27 12:54:15.004420+00:00
4895,2026-02-28 13:00:00+00:00,I2,Modena,Padova,u25,0.4587014611180163,1.95,0.5128205128205129,-0.05411905170249659,ou_2_5.under,latest_pre_match,2026-02-27 06:46:50.662022+00:00,2026-02-27 12:54:15.004420+00:00
4895,2026-02-28 13:00:00+00:00,I2,Modena,Padova,c85,0.6330271324477649,1.8,0.5555555555555556,0.07747157689220929,corners_ou_8_5.over,latest_pre_match,2026-02-27 06:46:50.662022+00:00,2026-02-27 12:54:15.004420+00:00
4895,2026-02-28 13:00:00+00:00,I2,Modena,Padova,btts,0.5458314749350986,1.95,0.5128205128205129,0.03301096211458576,btts.yes,latest_pre_match,2026-02-27 06:46:50.662022+00:00,2026-02-27 12:54:15.004420+00:00
4895,2026-02-28 13:00:00+00:00,I2,Modena,Padova,1x2_h,0.486589608288089,1.49,0.6711409395973155,-0.18455133130922646,1x2.home,latest_pre_match,2026-02-27 06:46:50.662022+00:00,2026-02-27 12:54:15.004420+00:00
4895,2026-02-28 13:00:00+00:00,I2,Modena,Padova,1x2_d,0.24547933112564688,4.0,0.25,-0.004520668874353123,1x2.draw,latest_pre_match,2026-02-27 06:46:50.662022+00:00,2026-02-27 12:54:15.004420+00:00
4895,2026-02-28 13:00:00+00:00,I2,Modena,Padova,1x2_a,0.27437527067825523,6.0,0.16666666666666666,0.10770860401158858,1x2.away,latest_pre_match,2026-02-27 06:46:50.662022+00:00,2026-02-27 12:54:15.004420+00:00
4895,2026-02-28 13:00:00+00:00,I2,Modena,Padova,dc_1x,0.7256247293217447,1.125,0.8888888888888888,-0.16326415956714413,dc.home_draw,latest_pre_match,2026-02-27 06:46:50.662022+00:00,2026-02-27 12:54:15.004420+00:00
4895,2026-02-28 13:00:00+00:00,I2,Modena,Padova,dc_x2,0.5134103917119109,2.375,0.42105263157894735,0.0923577601329636,dc.draw_away,latest_pre_match,2026-02-27 06:46:50.662022+00:00,2026-02-27 12:54:15.004420+00:00
4895,2026-02-28 13:00:00+00:00,I2,Modena,Padova,dc_12,0.755583388529676,1.2222222222222223,0.8181818181818181,-0.06259842965214213,dc.home_away,latest_pre_match,2026-02-27 06:46:50.662022+00:00,2026-02-27 12:54:15.004420+00:00
20137,2026-02-28 13:00:00+00:00,G1,OFI Crete,AEL Larissa,o15,0.6864509213647145,1.3636363636363638,0.7333333333333333,-0.046882411968618753,ou_1_5.over,latest_pre_match,2026-02-27 06:46:49.370472+00:00,2026-02-27 12:54:15.004420+00:00
20137,2026-02-28 13:00:00+00:00,G1,OFI Crete,AEL Larissa,u15,0.3142862155953327,3.0,0.3333333333333333,-0.019047117738000607,ou_1_5.under,latest_pre_match,2026-02-27 06:46:49.370472+00:00,2026-02-27 12:54:15.004420+00:00
20137,2026-02-28 13:00:00+00:00,G1,OFI Crete,AEL Larissa,o25,0.4154131006913177,2.25,0.4444444444444444,-0.029031343753126715,ou_2_5.over,latest_pre_match,2026-02-27 06:46:49.370472+00:00,2026-02-27 12:54:15.004420+00:00
20137,2026-02-28 13:00:00+00:00,G1,OFI Crete,AEL Larissa,u25,0.5845868993086824,1.6153846153846154,0.6190476190476191,-0.03446071973893672,ou_2_5.under,latest_pre_match,2026-02-27 06:46:49.370472+00:00,2026-02-27 12:54:15.004420+00:00
20137,2026-02-28 13:00:00+00:00,G1,OFI Crete,AEL Larissa,c85,0.6133010542605067,1.8333333333333335,0.5454545454545454,0.06784650880596133,corners_ou_8_5.over,latest_pre_match,2026-02-27 06:46:49.370472+00:00,2026-02-27 12:54:15.004420+00:00
20137,2026-02-28 13:00:00+00:00,G1,OFI Crete,AEL Larissa,btts,0.5085520100858988,1.9090909090909092,0.5238095238095238,-0.015257513723625049,btts.yes,latest_pre_match,2026-02-27 06:46:49.370472+00:00,2026-02-27 12:54:15.004420+00:00
20137,2026-02-28 13:00:00+00:00,G1,OFI Crete,AEL Larissa,1x2_h,0.32533980884626806,2.5700000000000003,0.3891050583657587,-0.06376524951949064,1x2.home,latest_pre_match,2026-02-27 06:46:49.370472+00:00,2026-02-27 12:54:15.004420+00:00
20137,2026-02-28 13:00:00+00:00,G1,OFI Crete,AEL Larissa,1x2_d,0.26925508256097275,3.0,0.3333333333333333,-0.06407825077236057,1x2.draw,latest_pre_match,2026-02-27 06:46:49.370472+00:00,2026-02-27 12:54:15.004420+00:00
20137,2026-02-28 13:00:00+00:00,G1,OFI Crete,AEL Larissa,1x2_a,0.35090013824718747,2.8200000000000003,0.35460992907801414,-0.003709790830826676,1x2.away,latest_pre_match,2026-02-27 06:46:49.370472+00:00,2026-02-27 12:54:15.004420+00:00
20137,2026-02-28 13:00:00+00:00,G1,OFI Crete,AEL Larissa,dc_1x,0.6490998617528125,1.4,0.7142857142857143,-0.06518585253290177,dc.home_draw,latest_pre_match,2026-02-27 06:46:49.370472+00:00,2026-02-27 12:54:15.004420+00:00
20137,2026-02-28 13:00:00+00:00,G1,OFI Crete,AEL Larissa,dc_x2,0.6746601911537319,1.4444444444444444,0.6923076923076923,-0.01764750115396041,dc.draw_away,latest_pre_match,2026-02-27 06:46:49.370472+00:00,2026-02-27 12:54:15.004420+00:00
20137,2026-02-28 13:00:00+00:00,G1,OFI Crete,AEL Larissa,dc_12,0.7318076370943499,1.3636363636363638,0.7333333333333333,-0.001525696238983354,dc.home_away,latest_pre_match,2026-02-27 06:46:49.370472+00:00,2026-02-27 12:54:15.004420+00:00
3846,2026-02-28 13:30:00+00:00,D1,B. Monchengladbach,Union Berlin,o15,0.7563050969549705,1.3333333333333333,0.75,0.006305096954970502,ou_1_5.over,latest_pre_match,2026-02-27 06:46:52.554487+00:00,2026-02-27 12:54:15.004420+00:00
3846,2026-02-28 13:30:00+00:00,D1,B. Monchengladbach,Union Berlin,u15,0.24339651362886616,3.4,0.29411764705882354,-0.05072113342995738,ou_1_5.under,latest_pre_match,2026-02-27 06:46:52.554487+00:00,2026-02-27 12:54:15.004420+00:00
3846,2026-02-28 13:30:00+00:00,D1,B. Monchengladbach,Union Berlin,o25,0.5249953316506585,2.0,0.5,0.02499533165065848,ou_2_5.over,latest_pre_match,2026-02-27 06:46:52.554487+00:00,2026-02-27 12:54:15.004420+00:00
3846,2026-02-28 13:30:00+00:00,D1,B. Monchengladbach,Union Berlin,u25,0.47500466834934146,1.8,0.5555555555555556,-0.08055088720621412,ou_2_5.under,latest_pre_match,2026-02-27 06:46:52.554487+00:00,2026-02-27 12:54:15.004420+00:00
3846,2026-02-28 13:30:00+00:00,D1,B. Monchengladbach,Union Berlin,c85,0.6052530931666329,,,,corners_ou_8_5.over,,,2026-02-27 12:54:15.004420+00:00
3846,2026-02-28 13:30:00+00:00,D1,B. Monchengladbach,Union Berlin,btts,0.5524101517987146,1.8,0.5555555555555556,-0.0031454037568410254,btts.yes,latest_pre_match,2026-02-27 06:46:52.554487+00:00,2026-02-27 12:54:15.004420+00:00
3846,2026-02-28 13:30:00+00:00,D1,B. Monchengladbach,Union Berlin,1x2_h,0.41018940987097857,2.38,0.42016806722689076,-0.00997865735591219,1x2.home,latest_pre_match,2026-02-27 06:46:52.554487+00:00,2026-02-27 12:54:15.004420+00:00
3846,2026-02-28 13:30:00+00:00,D1,B. Monchengladbach,Union Berlin,1x2_d,0.2818447794108434,3.3,0.30303030303030304,-0.021185523619459634,1x2.draw,latest_pre_match,2026-02-27 06:46:52.554487+00:00,2026-02-27 12:54:15.004420+00:00
3846,2026-02-28 13:30:00+00:00,D1,B. Monchengladbach,Union Berlin,1x2_a,0.32546465124205776,3.0,0.3333333333333333,-0.007868682091275558,1x2.away,latest_pre_match,2026-02-27 06:46:52.554487+00:00,2026-02-27 12:54:15.004420+00:00
3846,2026-02-28 13:30:00+00:00,D1,B. Monchengladbach,Union Berlin,dc_1x,0.6745353487579422,1.3636363636363638,0.7333333333333333,-0.05879798457539109,dc.home_draw,latest_pre_match,2026-02-27 06:46:52.554487+00:00,2026-02-27 12:54:15.004420+00:00
3846,2026-02-28 13:30:00+00:00,D1,B. Monchengladbach,Union Berlin,dc_x2,0.5898105901290215,1.5333333333333332,0.6521739130434783,-0.06236332291445679,dc.draw_away,latest_pre_match,2026-02-27 06:46:52.554487+00:00,2026-02-27 12:54:15.004420+00:00
3846,2026-02-28 13:30:00+00:00,D1,B. Monchengladbach,Union Berlin,dc_12,0.7419693143006674,1.3333333333333333,0.75,-0.00803068569933263,dc.home_away,latest_pre_match,2026-02-27 06:46:52.554487+00:00,2026-02-27 12:54:15.004420+00:00
3847,2026-02-28 13:30:00+00:00,D1,Bayer Leverkusen,Mainz,o15,0.832936507936508,1.2,0.8333333333333334,-0.0003968253968253954,ou_1_5.over,latest_pre_match,2026-02-27 06:46:53.199871+00:00,2026-02-27 12:54:15.004420+00:00
3847,2026-02-28 13:30:00+00:00,D1,Bayer Leverkusen,Mainz,u15,0.16706349206349205,4.5,0.2222222222222222,-0.05515873015873016,ou_1_5.under,latest_pre_match,2026-02-27 06:46:53.199871+00:00,2026-02-27 12:54:15.004420+00:00
3847,2026-02-28 13:30:00+00:00,D1,Bayer Leverkusen,Mainz,o25,0.5604956054375019,1.6666666666666665,0.6000000000000001,-0.03950439456249821,ou_2_5.over,latest_pre_match,2026-02-27 06:46:53.199871+00:00,2026-02-27 12:54:15.004420+00:00
3847,2026-02-28 13:30:00+00:00,D1,Bayer Leverkusen,Mainz,u25,0.43950439456249807,2.2,0.45454545454545453,-0.015041059982956462,ou_2_5.under,latest_pre_match,2026-02-27 06:46:53.199871+00:00,2026-02-27 12:54:15.004420+00:00
3847,2026-02-28 13:30:00+00:00,D1,Bayer Leverkusen,Mainz,c85,0.6148840600639782,,,,corners_ou_8_5.over,,,2026-02-27 12:54:15.004420+00:00
3847,2026-02-28 13:30:00+00:00,D1,Bayer Leverkusen,Mainz,btts,0.5696776682715123,1.6666666666666665,0.6000000000000001,-0.03032233172848775,btts.yes,latest_pre_match,2026-02-27 06:46:53.199871+00:00,2026-02-27 12:54:15.004420+00:00
3847,2026-02-28 13:30:00+00:00,D1,Bayer Leverkusen,Mainz,1x2_h,0.4945873576651487,1.7,0.5882352941176471,-0.09364793645249836,1x2.home,latest_pre_match,2026-02-27 06:46:53.199871+00:00,2026-02-27 12:54:15.004420+00:00
3847,2026-02-28 13:30:00+00:00,D1,Bayer Leverkusen,Mainz,1x2_d,0.24751273923659176,4.0,0.25,-0.0024872607634082444,1x2.draw,latest_pre_match,2026-02-27 06:46:53.199871+00:00,2026-02-27 12:54:15.004420+00:00
3847,2026-02-28 13:30:00+00:00,D1,Bayer Leverkusen,Mainz,1x2_a,0.3152806156399477,4.5,0.2222222222222222,0.09305839341772548,1x2.away,latest_pre_match,2026-02-27 06:46:53.199871+00:00,2026-02-27 12:54:15.004420+00:00
3847,2026-02-28 13:30:00+00:00,D1,Bayer Leverkusen,Mainz,dc_1x,0.6847193843600522,1.1818181818181819,0.8461538461538461,-0.16143446179379395,dc.home_draw,latest_pre_match,2026-02-27 06:46:53.199871+00:00,2026-02-27 12:54:15.004420+00:00
3847,2026-02-28 13:30:00+00:00,D1,Bayer Leverkusen,Mainz,dc_x2,0.5054126423348513,2.1,0.47619047619047616,0.029222166144375117,dc.draw_away,latest_pre_match,2026-02-27 06:46:53.199871+00:00,2026-02-27 12:54:15.004420+00:00
3847,2026-02-28 13:30:00+00:00,D1,Bayer Leverkusen,Mainz,dc_12,0.753549980418731,1.2222222222222223,0.8181818181818181,-0.06463183776308712,dc.home_away,latest_pre_match,2026-02-27 06:46:53.199871+00:00,2026-02-27 12:54:15.004420+00:00
3848,2026-02-28 13:30:00+00:00,D1,Hoffenheim,St. Pauli,o15,0.830129830966651,1.25,0.8,0.030129830966651006,ou_1_5.over,latest_pre_match,2026-02-27 06:46:55.294894+00:00,2026-02-27 12:54:15.004420+00:00
3848,2026-02-28 13:30:00+00:00,D1,Hoffenheim,St. Pauli,u15,0.16987016903334895,4.0,0.25,-0.08012983096665105,ou_1_5.under,latest_pre_match,2026-02-27 06:46:55.294894+00:00,2026-02-27 12:54:15.004420+00:00
3848,2026-02-28 13:30:00+00:00,D1,Hoffenheim,St. Pauli,o25,0.5500207139718718,1.8,0.5555555555555556,-0.0055348415836837805,ou_2_5.over,latest_pre_match,2026-02-27 06:46:55.294894+00:00,2026-02-27 12:54:15.004420+00:00
3848,2026-02-28 13:30:00+00:00,D1,Hoffenheim,St. Pauli,u25,0.4499792860281282,2.0,0.5,-0.0500207139718718,ou_2_5.under,latest_pre_match,2026-02-27 06:46:55.294894+00:00,2026-02-27 12:54:15.004420+00:00
3848,2026-02-28 13:30:00+00:00,D1,Hoffenheim,St. Pauli,c85,0.6224749747247498,,,,corners_ou_8_5.over,,,2026-02-27 12:54:15.004420+00:00
3848,2026-02-28 13:30:00+00:00,D1,Hoffenheim,St. Pauli,btts,0.5412455602445055,1.95,0.5128205128205129,0.028425047423992655,btts.yes,latest_pre_match,2026-02-27 06:46:55.294894+00:00,2026-02-27 12:54:15.004420+00:00
3848,2026-02-28 13:30:00+00:00,D1,Hoffenheim,St. Pauli,1x2_h,0.5877391352646656,1.48,0.6756756756756757,-0.08793654041101007,1x2.home,latest_pre_match,2026-02-27 06:46:55.294894+00:00,2026-02-27 12:54:15.004420+00:00
3848,2026-02-28 13:30:00+00:00,D1,Hoffenheim,St. Pauli,1x2_d,0.2589713946177104,4.75,0.21052631578947367,0.04844507882823673,1x2.draw,latest_pre_match,2026-02-27 06:46:55.294894+00:00,2026-02-27 12:54:15.004420+00:00
3848,2026-02-28 13:30:00+00:00,D1,Hoffenheim,St. Pauli,1x2_a,0.18792576932111812,6.0,0.16666666666666666,0.021259102654451467,1x2.away,latest_pre_match,2026-02-27 06:46:55.294894+00:00,2026-02-27 12:54:15.004420+00:00
3848,2026-02-28 13:30:00+00:00,D1,Hoffenheim,St. Pauli,dc_1x,0.8120742306788818,1.125,0.8888888888888888,-0.07681465821000699,dc.home_draw,latest_pre_match,2026-02-27 06:46:55.294894+00:00,2026-02-27 12:54:15.004420+00:00
3848,2026-02-28 13:30:00+00:00,D1,Hoffenheim,St. Pauli,dc_x2,0.4122608647353345,2.625,0.38095238095238093,0.03130848378295359,dc.draw_away,latest_pre_match,2026-02-27 06:46:55.294894+00:00,2026-02-27 12:54:15.004420+00:00
3848,2026-02-28 13:30:00+00:00,D1,Hoffenheim,St. Pauli,dc_12,0.7419693143006674,1.1818181818181819,0.8461538461538461,-0.10418453185317877,dc.home_away,latest_pre_match,2026-02-27 06:46:55.294894+00:00,2026-02-27 12:54:15.004420+00:00
3849,2026-02-28 13:30:00+00:00,D1,Werder Bremen,Heidenheim,o15,0.851962317205917,1.2222222222222223,0.8181818181818181,0.03378049902409885,ou_1_5.over,latest_pre_match,2026-02-27 06:46:54.646014+00:00,2026-02-27 12:54:15.004420+00:00
3849,2026-02-28 13:30:00+00:00,D1,Werder Bremen,Heidenheim,u15,0.14803768279408305,4.333333333333334,0.23076923076923073,-0.08273154797514767,ou_1_5.under,latest_pre_match,2026-02-27 06:46:54.646014+00:00,2026-02-27 12:54:15.004420+00:00
3849,2026-02-28 13:30:00+00:00,D1,Werder Bremen,Heidenheim,o25,0.6051624446199745,1.6666666666666665,0.6000000000000001,0.005162444619974393,ou_2_5.over,latest_pre_match,2026-02-27 06:46:54.646014+00:00,2026-02-27 12:54:15.004420+00:00
3849,2026-02-28 13:30:00+00:00,D1,Werder Bremen,Heidenheim,u25,0.3948375553800257,2.2,0.45454545454545453,-0.059707899165428846,ou_2_5.under,latest_pre_match,2026-02-27 06:46:54.646014+00:00,2026-02-27 12:54:15.004420+00:00
3849,2026-02-28 13:30:00+00:00,D1,Werder Bremen,Heidenheim,c85,0.6036700873631614,,,,corners_ou_8_5.over,,,2026-02-27 12:54:15.004420+00:00
3849,2026-02-28 13:30:00+00:00,D1,Werder Bremen,Heidenheim,btts,0.5696776682715123,1.6666666666666665,0.6000000000000001,-0.03032233172848775,btts.yes,latest_pre_match,2026-02-27 06:46:54.646014+00:00,2026-02-27 12:54:15.004420+00:00
3849,2026-02-28 13:30:00+00:00,D1,Werder Bremen,Heidenheim,1x2_h,0.5570658611703387,1.75,0.5714285714285714,-0.014362710258232658,1x2.home,latest_pre_match,2026-02-27 06:46:54.646014+00:00,2026-02-27 12:54:15.004420+00:00
3849,2026-02-28 13:30:00+00:00,D1,Werder Bremen,Heidenheim,1x2_d,0.22263381685712771,4.0,0.25,-0.027366183142872286,1x2.draw,latest_pre_match,2026-02-27 06:46:54.646014+00:00,2026-02-27 12:54:15.004420+00:00
3849,2026-02-28 13:30:00+00:00,D1,Werder Bremen,Heidenheim,1x2_a,0.289233516031229,4.333333333333334,0.23076923076923073,0.05846428526199826,1x2.away,latest_pre_match,2026-02-27 06:46:54.646014+00:00,2026-02-27 12:54:15.004420+00:00
3849,2026-02-28 13:30:00+00:00,D1,Werder Bremen,Heidenheim,dc_1x,0.710766483968771,1.2,0.8333333333333334,-0.12256684936456241,dc.home_draw,latest_pre_match,2026-02-27 06:46:54.646014+00:00,2026-02-27 12:54:15.004420+00:00
3849,2026-02-28 13:30:00+00:00,D1,Werder Bremen,Heidenheim,dc_x2,0.4429341388296612,2.0,0.5,-0.057065861170338794,dc.draw_away,latest_pre_match,2026-02-27 06:46:54.646014+00:00,2026-02-27 12:54:15.004420+00:00
3849,2026-02-28 13:30:00+00:00,D1,Werder Bremen,Heidenheim,dc_12,0.7739734001493236,1.2222222222222223,0.8181818181818181,-0.044208418032494534,dc.home_away,latest_pre_match,2026-02-27 06:46:54.646014+00:00,2026-02-27 12:54:15.004420+00:00
22187,2026-02-28 13:30:00+00:00,RU1,Dynamo Makhachkala,Rubin Kazan,o15,0.7159035794546207,,,,ou_1_5.over,,,2026-02-27 12:54:15.004420+00:00
22187,2026-02-28 13:30:00+00:00,RU1,Dynamo Makhachkala,Rubin Kazan,u15,0.2837980311292159,,,,ou_1_5.under,,,2026-02-27 12:54:15.004420+00:00
22187,2026-02-28 13:30:00+00:00,RU1,Dynamo Makhachkala,Rubin Kazan,o25,0.43590737435014826,,,,ou_2_5.over,,,2026-02-27 12:54:15.004420+00:00
22187,2026-02-28 13:30:00+00:00,RU1,Dynamo Makhachkala,Rubin Kazan,u25,0.5640926256498516,,,,ou_2_5.under,,,2026-02-27 12:54:15.004420+00:00
22187,2026-02-28 13:30:00+00:00,RU1,Dynamo Makhachkala,Rubin Kazan,c85,0.6049580641130249,,,,corners_ou_8_5.over,,,2026-02-27 12:54:15.004420+00:00
22187,2026-02-28 13:30:00+00:00,RU1,Dynamo Makhachkala,Rubin Kazan,btts,0.5220154892242919,,,,btts.yes,,,2026-02-27 12:54:15.004420+00:00
22187,2026-02-28 13:30:00+00:00,RU1,Dynamo Makhachkala,Rubin Kazan,1x2_h,0.369667632186542,,,,1x2.home,,,2026-02-27 12:54:15.004420+00:00
22187,2026-02-28 13:30:00+00:00,RU1,Dynamo Makhachkala,Rubin Kazan,1x2_d,0.2589713946177104,,,,1x2.draw,,,2026-02-27 12:54:15.004420+00:00
22187,2026-02-28 13:30:00+00:00,RU1,Dynamo Makhachkala,Rubin Kazan,1x2_a,0.2994333518367292,,,,1x2.away,,,2026-02-27 12:54:15.004420+00:00
22187,2026-02-28 13:30:00+00:00,RU1,Dynamo Makhachkala,Rubin Kazan,dc_1x,0.7005666481632709,,,,dc.home_draw,,,2026-02-27 12:54:15.004420+00:00
22187,2026-02-28 13:30:00+00:00,RU1,Dynamo Makhachkala,Rubin Kazan,dc_x2,0.630332367813458,,,,dc.draw_away,,,2026-02-27 12:54:15.004420+00:00
22187,2026-02-28 13:30:00+00:00,RU1,Dynamo Makhachkala,Rubin Kazan,dc_12,0.7419693143006674,,,,dc.home_away,,,2026-02-27 12:54:15.004420+00:00
19342,2026-02-28 14:00:00+00:00,B1,KV Mechelen,Waregem,o15,0.8075814204872062,1.2222222222222223,0.8181818181818181,-0.010600397694611963,ou_1_5.over,latest_pre_match,2026-02-27 06:46:57.785735+00:00,2026-02-27 12:54:15.004420+00:00
19342,2026-02-28 14:00:00+00:00,B1,KV Mechelen,Waregem,u15,0.19241857951279392,4.0,0.25,-0.057581420487206075,ou_1_5.under,latest_pre_match,2026-02-27 06:46:57.785735+00:00,2026-02-27 12:54:15.004420+00:00
19342,2026-02-28 14:00:00+00:00,B1,KV Mechelen,Waregem,o25,0.5445851528877751,1.7272727272727273,0.5789473684210527,-0.03436221553327756,ou_2_5.over,latest_pre_match,2026-02-27 06:46:57.785735+00:00,2026-02-27 12:54:15.004420+00:00
19342,2026-02-28 14:00:00+00:00,B1,KV Mechelen,Waregem,u25,0.45541484711222485,2.075,0.48192771084337344,-0.026512863731148584,ou_2_5.under,latest_pre_match,2026-02-27 06:46:57.785735+00:00,2026-02-27 12:54:15.004420+00:00
19342,2026-02-28 14:00:00+00:00,B1,KV Mechelen,Waregem,c85,0.6387103882204372,,,,corners_ou_8_5.over,,,2026-02-27 12:54:15.004420+00:00
19342,2026-02-28 14:00:00+00:00,B1,KV Mechelen,Waregem,btts,0.5478242371081214,1.6153846153846154,0.6190476190476191,-0.07122338193949762,btts.yes,latest_pre_match,2026-02-27 06:46:57.785735+00:00,2026-02-27 12:54:15.004420+00:00
19342,2026-02-28 14:00:00+00:00,B1,KV Mechelen,Waregem,1x2_h,0.37774891671730587,2.1,0.47619047619047616,-0.09844155947317029,1x2.home,latest_pre_match,2026-02-27 06:46:57.785735+00:00,2026-02-27 12:54:15.004420+00:00
19342,2026-02-28 14:00:00+00:00,B1,KV Mechelen,Waregem,1x2_d,0.25689842612683145,3.4,0.29411764705882354,-0.03721922093199209,1x2.draw,latest_pre_match,2026-02-27 06:46:57.785735+00:00,2026-02-27 12:54:15.004420+00:00
19342,2026-02-28 14:00:00+00:00,B1,KV Mechelen,Waregem,1x2_a,0.35499646396714774,3.1,0.3225806451612903,0.03241581880585742,1x2.away,latest_pre_match,2026-02-27 06:46:57.785735+00:00,2026-02-27 12:54:15.004420+00:00
19342,2026-02-28 14:00:00+00:00,B1,KV Mechelen,Waregem,dc_1x,0.6450035360328522,1.3636363636363638,0.7333333333333333,-0.08832979730048107,dc.home_draw,latest_pre_match,2026-02-27 06:46:57.785735+00:00,2026-02-27 12:54:15.004420+00:00
19342,2026-02-28 14:00:00+00:00,B1,KV Mechelen,Waregem,dc_x2,0.6222510832826941,1.7,0.5882352941176471,0.034015789165046995,dc.draw_away,latest_pre_match,2026-02-27 06:46:57.785735+00:00,2026-02-27 12:54:15.004420+00:00
19342,2026-02-28 14:00:00+00:00,B1,KV Mechelen,Waregem,dc_12,0.7445665725623648,1.3,0.7692307692307692,-0.02466419666840436,dc.home_away,latest_pre_match,2026-02-27 06:46:57.785735+00:00,2026-02-27 12:54:15.004420+00:00
19890,2026-02-28 14:00:00+00:00,T1,Galatasaray,Alanyaspor,o15,0.8320067078435279,1.1428571428571428,0.875,-0.042993292156472074,ou_1_5.over,latest_pre_match,2026-02-27 06:46:56.154731+00:00,2026-02-27 12:54:15.004420+00:00
19890,2026-02-28 14:00:00+00:00,T1,Galatasaray,Alanyaspor,u15,0.16799329215647207,5.5,0.18181818181818182,-0.01382488966170975,ou_1_5.under,latest_pre_match,2026-02-27 06:46:56.154731+00:00,2026-02-27 12:54:15.004420+00:00
19890,2026-02-28 14:00:00+00:00,T1,Galatasaray,Alanyaspor,o25,0.5942204591492911,1.475,0.6779661016949152,-0.08374564254562411,ou_2_5.over,latest_pre_match,2026-02-27 06:46:56.154731+00:00,2026-02-27 12:54:15.004420+00:00
19890,2026-02-28 14:00:00+00:00,T1,Galatasaray,Alanyaspor,u25,0.4057795408507088,2.6,0.3846153846153846,0.021164156235324194,ou_2_5.under,latest_pre_match,2026-02-27 06:46:56.154731+00:00,2026-02-27 12:54:15.004420+00:00
19890,2026-02-28 14:00:00+00:00,T1,Galatasaray,Alanyaspor,c85,0.6330271324477649,,,,corners_ou_8_5.over,,,2026-02-27 12:54:15.004420+00:00
19890,2026-02-28 14:00:00+00:00,T1,Galatasaray,Alanyaspor,btts,0.5085520100858988,1.8,0.5555555555555556,-0.04700354546965679,btts.yes,latest_pre_match,2026-02-27 06:46:56.154731+00:00,2026-02-27 12:54:15.004420+00:00
19890,2026-02-28 14:00:00+00:00,T1,Galatasaray,Alanyaspor,1x2_h,0.6629817528002527,1.27,0.7874015748031495,-0.12441982200289681,1x2.home,latest_pre_match,2026-02-27 06:46:56.154731+00:00,2026-02-27 12:54:15.004420+00:00
19890,2026-02-28 14:00:00+00:00,T1,Galatasaray,Alanyaspor,1x2_d,0.21890710878259356,5.5,0.18181818181818182,0.03708892696441174,1x2.draw,latest_pre_match,2026-02-27 06:46:56.154731+00:00,2026-02-27 12:54:15.004420+00:00
19890,2026-02-28 14:00:00+00:00,T1,Galatasaray,Alanyaspor,1x2_a,0.10011138958507378,8.5,0.11764705882352941,-0.017535669238455634,1x2.away,latest_pre_match,2026-02-27 06:46:56.154731+00:00,2026-02-27 12:54:15.004420+00:00
19890,2026-02-28 14:00:00+00:00,T1,Galatasaray,Alanyaspor,dc_1x,0.8998886104149261,1.0833333333333333,0.9230769230769231,-0.023188312661997057,dc.home_draw,latest_pre_match,2026-02-27 06:46:56.154731+00:00,2026-02-27 12:54:15.004420+00:00
19890,2026-02-28 14:00:00+00:00,T1,Galatasaray,Alanyaspor,dc_x2,0.3370182471997473,3.4,0.29411764705882354,0.042900600140923784,dc.draw_away,latest_pre_match,2026-02-27 06:46:56.154731+00:00,2026-02-27 12:54:15.004420+00:00
19890,2026-02-28 14:00:00+00:00,T1,Galatasaray,Alanyaspor,dc_12,0.7777001082238577,1.1428571428571428,0.875,-0.09729989177614229,dc.home_away,latest_pre_match,2026-02-27 06:46:56.154731+00:00,2026-02-27 12:54:15.004420+00:00
19891,2026-02-28 14:00:00+00:00,T1,Goztepe,Eyupspor,o15,0.8087472469051417,1.25,0.8,0.008747246905141615,ou_1_5.over,latest_pre_match,2026-02-27 06:46:56.958171+00:00,2026-02-27 12:54:15.004420+00:00
19891,2026-02-28 14:00:00+00:00,T1,Goztepe,Eyupspor,u15,0.19125275309485837,3.75,0.26666666666666666,-0.0754139135718083,ou_1_5.under,latest_pre_match,2026-02-27 06:46:56.958171+00:00,2026-02-27 12:54:15.004420+00:00
19891,2026-02-28 14:00:00+00:00,T1,Goztepe,Eyupspor,o25,0.5172772424350344,1.85,0.5405405405405405,-0.02326329810550609,ou_2_5.over,latest_pre_match,2026-02-27 06:46:56.958171+00:00,2026-02-27 12:54:15.004420+00:00
19891,2026-02-28 14:00:00+00:00,T1,Goztepe,Eyupspor,u25,0.4827227575649657,1.95,0.5128205128205129,-0.0300977552555472,ou_2_5.under,latest_pre_match,2026-02-27 06:46:56.958171+00:00,2026-02-27 12:54:15.004420+00:00
19891,2026-02-28 14:00:00+00:00,T1,Goztepe,Eyupspor,c85,0.6330271324477649,,,,corners_ou_8_5.over,,,2026-02-27 12:54:15.004420+00:00
19891,2026-02-28 14:00:00+00:00,T1,Goztepe,Eyupspor,btts,0.5762563451351282,1.8333333333333335,0.5454545454545454,0.03080179968058283,btts.yes,latest_pre_match,2026-02-27 06:46:56.958171+00:00,2026-02-27 12:54:15.004420+00:00
19891,2026-02-28 14:00:00+00:00,T1,Goztepe,Eyupspor,1x2_h,0.5107574403054425,1.5699999999999998,0.6369426751592357,-0.1261852348537933,1x2.home,latest_pre_match,2026-02-27 06:46:56.958171+00:00,2026-02-27 12:54:15.004420+00:00
19891,2026-02-28 14:00:00+00:00,T1,Goztepe,Eyupspor,1x2_d,0.25689842612683145,3.75,0.26666666666666666,-0.009768240539835216,1x2.draw,latest_pre_match,2026-02-27 06:46:56.958171+00:00,2026-02-27 12:54:15.004420+00:00
19891,2026-02-28 14:00:00+00:00,T1,Goztepe,Eyupspor,1x2_a,0.2197608859752902,5.75,0.17391304347826086,0.045847842497029334,1x2.away,latest_pre_match,2026-02-27 06:46:56.958171+00:00,2026-02-27 12:54:15.004420+00:00
19891,2026-02-28 14:00:00+00:00,T1,Goztepe,Eyupspor,dc_1x,0.7802391140247097,1.1428571428571428,0.875,-0.09476088597529031,dc.home_draw,latest_pre_match,2026-02-27 06:46:56.958171+00:00,2026-02-27 12:54:15.004420+00:00
19891,2026-02-28 14:00:00+00:00,T1,Goztepe,Eyupspor,dc_x2,0.48924255969455754,2.25,0.4444444444444444,0.044798115250113124,dc.draw_away,latest_pre_match,2026-02-27 06:46:56.958171+00:00,2026-02-27 12:54:15.004420+00:00
19891,2026-02-28 14:00:00+00:00,T1,Goztepe,Eyupspor,dc_12,0.7467279942114352,1.25,0.8,-0.053272005788564836,dc.home_away,latest_pre_match,2026-02-27 06:46:56.958171+00:00,2026-02-27 12:54:15.004420+00:00
5131,2026-02-28 14:15:00+00:00,SP1,Barcelona,Villarreal,o15,0.8068703700282648,1.0833333333333333,0.9230769230769231,-0.11620655304865835,ou_1_5.over,latest_pre_match,2026-02-27 06:46:59.660576+00:00,2026-02-27 12:54:15.004420+00:00
5131,2026-02-28 14:15:00+00:00,SP1,Barcelona,Villarreal,u15,0.19312962997173524,8.0,0.125,0.06812962997173524,ou_1_5.under,latest_pre_match,2026-02-27 06:46:59.660576+00:00,2026-02-27 12:54:15.004420+00:00
5131,2026-02-28 14:15:00+00:00,SP1,Barcelona,Villarreal,o25,0.7326437003856358,1.2857142857142856,0.7777777777777779,-0.04513407739214215,ou_2_5.over,latest_pre_match,2026-02-27 06:46:59.660576+00:00,2026-02-27 12:54:15.004420+00:00
5131,2026-02-28 14:15:00+00:00,SP1,Barcelona,Villarreal,u25,0.26735629961436413,3.75,0.26666666666666666,0.0006896329476974716,ou_2_5.under,latest_pre_match,2026-02-27 06:46:59.660576+00:00,2026-02-27 12:54:15.004420+00:00
5131,2026-02-28 14:15:00+00:00,SP1,Barcelona,Villarreal,c85,0.6148840600639782,,,,corners_ou_8_5.over,,,2026-02-27 12:54:15.004420+00:00
5131,2026-02-28 14:15:00+00:00,SP1,Barcelona,Villarreal,btts,0.526601403914885,1.5333333333333332,0.6521739130434783,-0.1255725091285933,btts.yes,latest_pre_match,2026-02-27 06:46:59.660576+00:00,2026-02-27 12:54:15.004420+00:00
5131,2026-02-28 14:15:00+00:00,SP1,Barcelona,Villarreal,1x2_h,0.6902260671926763,1.3,0.7692307692307692,-0.07900470203809284,1x2.home,latest_pre_match,2026-02-27 06:46:59.660576+00:00,2026-02-27 12:54:15.004420+00:00
5131,2026-02-28 14:15:00+00:00,SP1,Barcelona,Villarreal,1x2_d,0.1983130128057664,6.5,0.15384615384615385,0.044466858959612554,1x2.draw,latest_pre_match,2026-02-27 06:46:59.660576+00:00,2026-02-27 12:54:15.004420+00:00
5131,2026-02-28 14:15:00+00:00,SP1,Barcelona,Villarreal,1x2_a,0.1119877641616772,7.0,0.14285714285714285,-0.030869378695465646,1x2.away,latest_pre_match,2026-02-27 06:46:59.660576+00:00,2026-02-27 12:54:15.004420+00:00
5131,2026-02-28 14:15:00+00:00,SP1,Barcelona,Villarreal,dc_1x,0.8880122358383229,1.1,0.9090909090909091,-0.021078673252586166,dc.home_draw,latest_pre_match,2026-02-27 06:46:59.660576+00:00,2026-02-27 12:54:15.004420+00:00
5131,2026-02-28 14:15:00+00:00,SP1,Barcelona,Villarreal,dc_x2,0.3097739328073237,3.4,0.29411764705882354,0.015656285748500143,dc.draw_away,latest_pre_match,2026-02-27 06:46:59.660576+00:00,2026-02-27 12:54:15.004420+00:00
5131,2026-02-28 14:15:00+00:00,SP1,Barcelona,Villarreal,dc_12,0.798294204200685,1.1111111111111112,0.8999999999999999,-0.10170579579931494,dc.home_away,latest_pre_match,2026-02-27 06:46:59.660576+00:00,2026-02-27 12:54:15.004420+00:00
5528,2026-02-28 14:15:00+00:00,SP2,Zaragoza,Burgos CF,o15,0.6736815678132381,1.6153846153846154,0.6190476190476191,0.054633948765619,ou_1_5.over,latest_pre_match,2026-02-27 06:46:58.584222+00:00,2026-02-27 12:54:15.004420+00:00
5528,2026-02-28 14:15:00+00:00,SP2,Zaragoza,Burgos CF,u15,0.326318432186762,2.2,0.45454545454545453,-0.12822702235869254,ou_1_5.under,latest_pre_match,2026-02-27 06:46:58.584222+00:00,2026-02-27 12:54:15.004420+00:00
5528,2026-02-28 14:15:00+00:00,SP2,Zaragoza,Burgos CF,o25,0.43590737435014826,3.1,0.3225806451612903,0.11332672918885794,ou_2_5.over,latest_pre_match,2026-02-27 06:46:58.584222+00:00,2026-02-27 12:54:15.004420+00:00
5528,2026-02-28 14:15:00+00:00,SP2,Zaragoza,Burgos CF,u25,0.5640926256498516,1.3636363636363638,0.7333333333333333,-0.16924070768348165,ou_2_5.under,latest_pre_match,2026-02-27 06:46:58.584222+00:00,2026-02-27 12:54:15.004420+00:00
5528,2026-02-28 14:15:00+00:00,SP2,Zaragoza,Burgos CF,c85,0.6330271324477649,1.6666666666666665,0.6000000000000001,0.033027132447764784,corners_ou_8_5.over,latest_pre_match,2026-02-27 06:46:58.584222+00:00,2026-02-27 12:54:15.004420+00:00
5528,2026-02-28 14:15:00+00:00,SP2,Zaragoza,Burgos CF,btts,0.5220154892242919,2.375,0.42105263157894735,0.10096285764534452,btts.yes,latest_pre_match,2026-02-27 06:46:58.584222+00:00,2026-02-27 12:54:15.004420+00:00
5528,2026-02-28 14:15:00+00:00,SP2,Zaragoza,Burgos CF,1x2_h,0.4133390456730857,2.65,0.37735849056603776,0.03598055510704795,1x2.home,latest_pre_match,2026-02-27 06:46:58.584222+00:00,2026-02-27 12:54:15.004420+00:00
5528,2026-02-28 14:15:00+00:00,SP2,Zaragoza,Burgos CF,1x2_d,0.25182853747485323,2.85,0.3508771929824561,-0.09904865550760289,1x2.draw,latest_pre_match,2026-02-27 06:46:58.584222+00:00,2026-02-27 12:54:15.004420+00:00
5528,2026-02-28 14:15:00+00:00,SP2,Zaragoza,Burgos CF,1x2_a,0.3265183339415981,2.8200000000000003,0.35460992907801414,-0.028091595136416014,1x2.away,latest_pre_match,2026-02-27 06:46:58.584222+00:00,2026-02-27 12:54:15.004420+00:00
5528,2026-02-28 14:15:00+00:00,SP2,Zaragoza,Burgos CF,dc_1x,0.673481666058402,1.4,0.7142857142857143,-0.04080404822731232,dc.home_draw,latest_pre_match,2026-02-27 06:46:58.584222+00:00,2026-02-27 12:54:15.004420+00:00
5528,2026-02-28 14:15:00+00:00,SP2,Zaragoza,Burgos CF,dc_x2,0.5866609543269142,1.4444444444444444,0.6923076923076923,-0.10564673798077806,dc.draw_away,latest_pre_match,2026-02-27 06:46:58.584222+00:00,2026-02-27 12:54:15.004420+00:00
5528,2026-02-28 14:15:00+00:00,SP2,Zaragoza,Burgos CF,dc_12,0.7492341821804697,1.4,0.7142857142857143,0.034948467894755364,dc.home_away,latest_pre_match,2026-02-27 06:46:58.584222+00:00,2026-02-27 12:54:15.004420+00:00
19052,2026-02-28 14:30:00+00:00,N1,Heerenveen,Sparta Rotterdam,o15,0.8655035577449371,1.1666666666666667,0.8571428571428571,0.008360700602080051,ou_1_5.over,latest_pre_match,2026-02-27 06:47:00.299268+00:00,2026-02-27 12:54:15.004420+00:00
19052,2026-02-28 14:30:00+00:00,N1,Heerenveen,Sparta Rotterdam,u15,0.13449644225506294,5.0,0.2,-0.06550355774493707,ou_1_5.under,latest_pre_match,2026-02-27 06:47:00.299268+00:00,2026-02-27 12:54:15.004420+00:00
19052,2026-02-28 14:30:00+00:00,N1,Heerenveen,Sparta Rotterdam,o25,0.6514154048716261,1.5714285714285714,0.6363636363636364,0.015051768507989727,ou_2_5.over,latest_pre_match,2026-02-27 06:47:00.299268+00:00,2026-02-27 12:54:15.004420+00:00
19052,2026-02-28 14:30:00+00:00,N1,Heerenveen,Sparta Rotterdam,u25,0.35068038293844744,2.35,0.425531914893617,-0.07485153195516958,ou_2_5.under,latest_pre_match,2026-02-27 06:47:00.299268+00:00,2026-02-27 12:54:15.004420+00:00
19052,2026-02-28 14:30:00+00:00,N1,Heerenveen,Sparta Rotterdam,c85,0.625837653609831,,,,corners_ou_8_5.over,,,2026-02-27 12:54:15.004420+00:00
19052,2026-02-28 14:30:00+00:00,N1,Heerenveen,Sparta Rotterdam,btts,0.5913726242048956,1.5,0.6666666666666666,-0.07529404246177107,btts.yes,latest_pre_match,2026-02-27 06:47:00.299268+00:00,2026-02-27 12:54:15.004420+00:00
19052,2026-02-28 14:30:00+00:00,N1,Heerenveen,Sparta Rotterdam,1x2_h,0.37497889136427914,2.05,0.48780487804878053,-0.11282598668450139,1x2.home,latest_pre_match,2026-02-27 06:47:00.299268+00:00,2026-02-27 12:54:15.004420+00:00
19052,2026-02-28 14:30:00+00:00,N1,Heerenveen,Sparta Rotterdam,1x2_d,0.2162846105079214,3.75,0.26666666666666666,-0.050382056158745275,1x2.draw,latest_pre_match,2026-02-27 06:47:00.299268+00:00,2026-02-27 12:54:15.004420+00:00
19052,2026-02-28 14:30:00+00:00,N1,Heerenveen,Sparta Rotterdam,1x2_a,0.4035028741126987,3.25,0.3076923076923077,0.09581056642039099,1x2.away,latest_pre_match,2026-02-27 06:47:00.299268+00:00,2026-02-27 12:54:15.004420+00:00
19052,2026-02-28 14:30:00+00:00,N1,Heerenveen,Sparta Rotterdam,dc_1x,0.5964971258873014,1.3333333333333333,0.75,-0.15350287411269858,dc.home_draw,latest_pre_match,2026-02-27 06:47:00.299268+00:00,2026-02-27 12:54:15.004420+00:00
19052,2026-02-28 14:30:00+00:00,N1,Heerenveen,Sparta Rotterdam,dc_x2,0.6250211086357208,1.7272727272727273,0.5789473684210527,0.046073740214668146,dc.draw_away,latest_pre_match,2026-02-27 06:47:00.299268+00:00,2026-02-27 12:54:15.004420+00:00
19052,2026-02-28 14:30:00+00:00,N1,Heerenveen,Sparta Rotterdam,dc_12,0.7803226064985299,1.25,0.8,-0.01967739350147013,dc.home_away,latest_pre_match,2026-02-27 06:47:00.299268+00:00,2026-02-27 12:54:15.004420+00:00
599,2026-02-28 15:00:00+00:00,E0,Burnley,Brentford,o15,0.8087472469051417,1.25,0.8,0.008747246905141615,ou_1_5.over,latest_pre_match,2026-02-27 04:47:06.864659+00:00,2026-02-27 12:54:15.004420+00:00
599,2026-02-28 15:00:00+00:00,E0,Burnley,Brentford,u15,0.19125275309485837,4.0,0.25,-0.05874724690514163,ou_1_5.under,latest_pre_match,2026-02-27 04:47:06.864659+00:00,2026-02-27 12:54:15.004420+00:00
599,2026-02-28 15:00:00+00:00,E0,Burnley,Brentford,o25,0.5691950768280779,1.8,0.5555555555555556,0.013639521272522326,ou_2_5.over,latest_pre_match,2026-02-27 04:47:06.864659+00:00,2026-02-27 12:54:15.004420+00:00
599,2026-02-28 15:00:00+00:00,E0,Burnley,Brentford,u25,0.43080492317192204,2.0,0.5,-0.06919507682807796,ou_2_5.under,latest_pre_match,2026-02-27 04:47:06.864659+00:00,2026-02-27 12:54:15.004420+00:00
599,2026-02-28 15:00:00+00:00,E0,Burnley,Brentford,c85,0.6096212501009394,,,,corners_ou_8_5.over,,,2026-02-27 12:54:15.004420+00:00
599,2026-02-28 15:00:00+00:00,E0,Burnley,Brentford,btts,0.5504475972512987,1.8,0.5555555555555556,-0.005107958304256921,btts.yes,latest_pre_match,2026-02-27 04:47:06.864659+00:00,2026-02-27 12:54:15.004420+00:00
599,2026-02-28 15:00:00+00:00,E0,Burnley,Brentford,1x2_h,0.22646684050192822,4.5,0.2222222222222222,0.004244618279706014,1x2.home,latest_pre_match,2026-02-27 04:47:06.864659+00:00,2026-02-27 12:54:15.004420+00:00
599,2026-02-28 15:00:00+00:00,E0,Burnley,Brentford,1x2_d,0.25182853747485323,3.9,0.25641025641025644,-0.004581718935403212,1x2.draw,latest_pre_match,2026-02-27 04:47:06.864659+00:00,2026-02-27 12:54:15.004420+00:00
599,2026-02-28 15:00:00+00:00,E0,Burnley,Brentford,1x2_a,0.5139959210997462,1.73,0.5780346820809249,-0.06403876098117867,1x2.away,latest_pre_match,2026-02-27 04:47:06.864659+00:00,2026-02-27 12:54:15.004420+00:00
599,2026-02-28 15:00:00+00:00,E0,Burnley,Brentford,dc_1x,0.48600407890025377,2.05,0.48780487804878053,-0.001800799148526766,dc.home_draw,latest_pre_match,2026-02-27 04:47:06.864659+00:00,2026-02-27 12:54:15.004420+00:00
599,2026-02-28 15:00:00+00:00,E0,Burnley,Brentford,dc_x2,0.7735331594980718,1.1818181818181819,0.8461538461538461,-0.07262068665577437,dc.draw_away,latest_pre_match,2026-02-27 04:47:06.864659+00:00,2026-02-27 12:54:15.004420+00:00
599,2026-02-28 15:00:00+00:00,E0,Burnley,Brentford,dc_12,0.7492341821804697,1.25,0.8,-0.05076581781953038,dc.home_away,latest_pre_match,2026-02-27 04:47:06.864659+00:00,2026-02-27 12:54:15.004420+00:00
600,2026-02-28 15:00:00+00:00,E0,Liverpool,West Ham,o15,0.7675690522978732,1.125,0.8888888888888888,-0.12131983659101564,ou_1_5.over,latest_pre_match,2026-02-27 04:47:30.700927+00:00,2026-02-27 12:54:15.004420+00:00
600,2026-02-28 15:00:00+00:00,E0,Liverpool,West Ham,u15,0.23243094770212683,6.0,0.16666666666666666,0.06576428103546017,ou_1_5.under,latest_pre_match,2026-02-27 04:47:30.700927+00:00,2026-02-27 12:54:15.004420+00:00
600,2026-02-28 15:00:00+00:00,E0,Liverpool,West Ham,o25,0.5604956054375019,1.4444444444444444,0.6923076923076923,-0.13181208687019041,ou_2_5.over,latest_pre_match,2026-02-27 04:47:30.700927+00:00,2026-02-27 12:54:15.004420+00:00
600,2026-02-28 15:00:00+00:00,E0,Liverpool,West Ham,u25,0.43950439456249807,2.75,0.36363636363636365,0.07586803092613442,ou_2_5.under,latest_pre_match,2026-02-27 04:47:30.700927+00:00,2026-02-27 12:54:15.004420+00:00
600,2026-02-28 15:00:00+00:00,E0,Liverpool,West Ham,c85,0.6476795401399809,,,,corners_ou_8_5.over,,,2026-02-27 12:54:15.004420+00:00
600,2026-02-28 15:00:00+00:00,E0,Liverpool,West Ham,btts,0.5220154892242919,1.6153846153846154,0.6190476190476191,-0.0970321298233272,btts.yes,latest_pre_match,2026-02-27 04:47:30.700927+00:00,2026-02-27 12:54:15.004420+00:00
600,2026-02-28 15:00:00+00:00,E0,Liverpool,West Ham,1x2_h,0.6902260671926763,1.4,0.7142857142857143,-0.024059647093037984,1x2.home,latest_pre_match,2026-02-27 04:47:30.700927+00:00,2026-02-27 12:54:15.004420+00:00
600,2026-02-28 15:00:00+00:00,E0,Liverpool,West Ham,1x2_d,0.2053523502798865,5.0,0.2,0.005352350279886481,1x2.draw,latest_pre_match,2026-02-27 04:47:30.700927+00:00,2026-02-27 12:54:15.004420+00:00
600,2026-02-28 15:00:00+00:00,E0,Liverpool,West Ham,1x2_a,0.15185663162882332,7.0,0.14285714285714285,0.00899948877168047,1x2.away,latest_pre_match,2026-02-27 04:47:30.700927+00:00,2026-02-27 12:54:15.004420+00:00
600,2026-02-28 15:00:00+00:00,E0,Liverpool,West Ham,dc_1x,0.8481433683711767,1.1,0.9090909090909091,-0.06094754071973241,dc.home_draw,latest_pre_match,2026-02-27 04:47:30.700927+00:00,2026-02-27 12:54:15.004420+00:00
600,2026-02-28 15:00:00+00:00,E0,Liverpool,West Ham,dc_x2,0.3097739328073237,2.75,0.36363636363636365,-0.053862430829039964,dc.draw_away,latest_pre_match,2026-02-27 04:47:30.700927+00:00,2026-02-27 12:54:15.004420+00:00
600,2026-02-28 15:00:00+00:00,E0,Liverpool,West Ham,dc_12,0.7912548667265648,1.1666666666666667,0.8571428571428571,-0.06588799041629234,dc.home_away,latest_pre_match,2026-02-27 04:47:30.700927+00:00,2026-02-27 12:54:15.004420+00:00
601,2026-02-28 15:00:00+00:00,E0,Newcastle,Everton,o15,0.7628071475359685,1.2222222222222223,0.8181818181818181,-0.055374670645849666,ou_1_5.over,latest_pre_match,2026-02-27 04:47:07.512966+00:00,2026-02-27 12:54:15.004420+00:00
601,2026-02-28 15:00:00+00:00,E0,Newcastle,Everton,u15,0.23719285246403157,4.333333333333334,0.23076923076923073,0.006423621694800846,ou_1_5.under,latest_pre_match,2026-02-27 04:47:07.512966+00:00,2026-02-27 12:54:15.004420+00:00
601,2026-02-28 15:00:00+00:00,E0,Newcastle,Everton,o25,0.5139906284292429,1.7272727272727273,0.5789473684210527,-0.06495673999180973,ou_2_5.over,latest_pre_match,2026-02-27 04:47:07.512966+00:00,2026-02-27 12:54:15.004420+00:00
601,2026-02-28 15:00:00+00:00,E0,Newcastle,Everton,u25,0.48600937157075713,2.1,0.47619047619047616,0.009818895380280968,ou_2_5.under,latest_pre_match,2026-02-27 04:47:07.512966+00:00,2026-02-27 12:54:15.004420+00:00
601,2026-02-28 15:00:00+00:00,E0,Newcastle,Everton,c85,0.6148840600639782,,,,corners_ou_8_5.over,,,2026-02-27 12:54:15.004420+00:00
601,2026-02-28 15:00:00+00:00,E0,Newcastle,Everton,btts,0.526601403914885,1.75,0.5714285714285714,-0.04482716751368643,btts.yes,latest_pre_match,2026-02-27 04:47:07.512966+00:00,2026-02-27 12:54:15.004420+00:00
601,2026-02-28 15:00:00+00:00,E0,Newcastle,Everton,1x2_h,0.47737415054321947,1.7,0.5882352941176471,-0.11086114357442761,1x2.home,latest_pre_match,2026-02-27 04:47:07.512966+00:00,2026-02-27 12:54:15.004420+00:00
601,2026-02-28 15:00:00+00:00,E0,Newcastle,Everton,1x2_d,0.22315111052713696,4.0,0.25,-0.02684888947286304,1x2.draw,latest_pre_match,2026-02-27 04:47:07.512966+00:00,2026-02-27 12:54:15.004420+00:00
601,2026-02-28 15:00:00+00:00,E0,Newcastle,Everton,1x2_a,0.2671130904147712,4.75,0.21052631578947367,0.05658677462529754,1x2.away,latest_pre_match,2026-02-27 04:47:07.512966+00:00,2026-02-27 12:54:15.004420+00:00
601,2026-02-28 15:00:00+00:00,E0,Newcastle,Everton,dc_1x,0.7328869095852287,1.1818181818181819,0.8461538461538461,-0.11326693656861742,dc.home_draw,latest_pre_match,2026-02-27 04:47:07.512966+00:00,2026-02-27 12:54:15.004420+00:00
601,2026-02-28 15:00:00+00:00,E0,Newcastle,Everton,dc_x2,0.5226258494567805,2.1,0.47619047619047616,0.046435373266304314,dc.draw_away,latest_pre_match,2026-02-27 04:47:07.512966+00:00,2026-02-27 12:54:15.004420+00:00
601,2026-02-28 15:00:00+00:00,E0,Newcastle,Everton,dc_12,0.7800730307772561,1.2222222222222223,0.8181818181818181,-0.03810878740456203,dc.home_away,latest_pre_match,2026-02-27 04:47:07.512966+00:00,2026-02-27 12:54:15.004420+00:00
1116,2026-02-28 15:00:00+00:00,E1,Coventry,Stoke,o15,0.720329741900668,1.2222222222222223,0.8181818181818181,-0.09785207628115011,ou_1_5.over,latest_pre_match,2026-02-27 04:47:12.381437+00:00,2026-02-27 12:54:15.004420+00:00
1116,2026-02-28 15:00:00+00:00,E1,Coventry,Stoke,u15,0.27967025809933194,4.333333333333334,0.23076923076923073,0.04890102733010121,ou_1_5.under,latest_pre_match,2026-02-27 04:47:12.381437+00:00,2026-02-27 12:54:15.004420+00:00
1116,2026-02-28 15:00:00+00:00,E1,Coventry,Stoke,o25,0.49816086812716104,1.7272727272727273,0.5789473684210527,-0.08078650029389162,ou_2_5.over,latest_pre_match,2026-02-27 04:47:12.381437+00:00,2026-02-27 12:54:15.004420+00:00
1116,2026-02-28 15:00:00+00:00,E1,Coventry,Stoke,u25,0.501839131872839,2.1,0.47619047619047616,0.025648655682362853,ou_2_5.under,latest_pre_match,2026-02-27 04:47:12.381437+00:00,2026-02-27 12:54:15.004420+00:00
1116,2026-02-28 15:00:00+00:00,E1,Coventry,Stoke,c85,0.6148840600639782,,,,corners_ou_8_5.over,,,2026-02-27 12:54:15.004420+00:00
1116,2026-02-28 15:00:00+00:00,E1,Coventry,Stoke,btts,0.526601403914885,1.8,0.5555555555555556,-0.02895415164067061,btts.yes,latest_pre_match,2026-02-27 04:47:12.381437+00:00,2026-02-27 12:54:15.004420+00:00
1116,2026-02-28 15:00:00+00:00,E1,Coventry,Stoke,1x2_h,0.5877391352646656,1.49,0.6711409395973155,-0.08340180433264988,1x2.home,latest_pre_match,2026-02-27 04:47:12.381437+00:00,2026-02-27 12:54:15.004420+00:00
1116,2026-02-28 15:00:00+00:00,E1,Coventry,Stoke,1x2_d,0.20797484855455872,4.2,0.23809523809523808,-0.03012038954067936,1x2.draw,latest_pre_match,2026-02-27 04:47:12.381437+00:00,2026-02-27 12:54:15.004420+00:00
1116,2026-02-28 15:00:00+00:00,E1,Coventry,Stoke,1x2_a,0.19143107625013167,6.0,0.16666666666666666,0.024764409583465014,1x2.away,latest_pre_match,2026-02-27 04:47:12.381437+00:00,2026-02-27 12:54:15.004420+00:00
1116,2026-02-28 15:00:00+00:00,E1,Coventry,Stoke,dc_1x,0.8085689237498683,1.125,0.8888888888888888,-0.08031996513902051,dc.home_draw,latest_pre_match,2026-02-27 04:47:12.381437+00:00,2026-02-27 12:54:15.004420+00:00
1116,2026-02-28 15:00:00+00:00,E1,Coventry,Stoke,dc_x2,0.4122608647353345,2.375,0.42105263157894735,-0.008791766843612825,dc.draw_away,latest_pre_match,2026-02-27 04:47:12.381437+00:00,2026-02-27 12:54:15.004420+00:00
1116,2026-02-28 15:00:00+00:00,E1,Coventry,Stoke,dc_12,0.7886323684518927,1.2222222222222223,0.8181818181818181,-0.02954944972992546,dc.home_away,latest_pre_match,2026-02-27 04:47:12.381437+00:00,2026-02-27 12:54:15.004420+00:00
1117,2026-02-28 15:00:00+00:00,E1,Sheffield Wed,Southampton,o15,0.7688286808976464,1.1666666666666667,0.8571428571428571,-0.08831417624521065,ou_1_5.over,latest_pre_match,2026-02-27 04:47:11.747861+00:00,2026-02-27 12:54:15.004420+00:00
1117,2026-02-28 15:00:00+00:00,E1,Sheffield Wed,Southampton,u15,0.23190845606240076,5.0,0.2,0.03190845606240075,ou_1_5.under,latest_pre_match,2026-02-27 04:47:11.747861+00:00,2026-02-27 12:54:15.004420+00:00
1117,2026-02-28 15:00:00+00:00,E1,Sheffield Wed,Southampton,o25,0.4672815638502528,1.5333333333333332,0.6521739130434783,-0.18489234919322545,ou_2_5.over,latest_pre_match,2026-02-27 04:47:11.747861+00:00,2026-02-27 12:54:15.004420+00:00
1117,2026-02-28 15:00:00+00:00,E1,Sheffield Wed,Southampton,u25,0.5327184361497471,2.5,0.4,0.1327184361497471,ou_2_5.under,latest_pre_match,2026-02-27 04:47:11.747861+00:00,2026-02-27 12:54:15.004420+00:00
1117,2026-02-28 15:00:00+00:00,E1,Sheffield Wed,Southampton,c85,0.550072283695924,,,,corners_ou_8_5.over,,,2026-02-27 12:54:15.004420+00:00
1117,2026-02-28 15:00:00+00:00,E1,Sheffield Wed,Southampton,btts,0.4721627227591478,1.8333333333333335,0.5454545454545454,-0.07329182269539763,btts.yes,latest_pre_match,2026-02-27 04:47:11.747861+00:00,2026-02-27 12:54:15.004420+00:00
1117,2026-02-28 15:00:00+00:00,E1,Sheffield Wed,Southampton,1x2_h,0.22023481246304663,9.5,0.10526315789473684,0.1149716545683098,1x2.home,latest_pre_match,2026-02-27 04:47:11.747861+00:00,2026-02-27 12:54:15.004420+00:00
1117,2026-02-28 15:00:00+00:00,E1,Sheffield Wed,Southampton,1x2_d,0.24547933112564688,5.25,0.19047619047619047,0.05500314064945641,1x2.draw,latest_pre_match,2026-02-27 04:47:11.747861+00:00,2026-02-27 12:54:15.004420+00:00
1117,2026-02-28 15:00:00+00:00,E1,Sheffield Wed,Southampton,1x2_a,0.612495446265938,1.27,0.7874015748031495,-0.17490612853721155,1x2.away,latest_pre_match,2026-02-27 04:47:11.747861+00:00,2026-02-27 12:54:15.004420+00:00
1117,2026-02-28 15:00:00+00:00,E1,Sheffield Wed,Southampton,dc_1x,0.38750455373406195,3.4,0.29411764705882354,0.09338690667523841,dc.home_draw,latest_pre_match,2026-02-27 04:47:11.747861+00:00,2026-02-27 12:54:15.004420+00:00
1117,2026-02-28 15:00:00+00:00,E1,Sheffield Wed,Southampton,dc_x2,0.7797651875369533,1.0714285714285714,0.9333333333333333,-0.15356814579638,dc.draw_away,latest_pre_match,2026-02-27 04:47:11.747861+00:00,2026-02-27 12:54:15.004420+00:00
1117,2026-02-28 15:00:00+00:00,E1,Sheffield Wed,Southampton,dc_12,0.755583388529676,1.1666666666666667,0.8571428571428571,-0.1015594686131811,dc.home_away,latest_pre_match,2026-02-27 04:47:11.747861+00:00,2026-02-27 12:54:15.004420+00:00
1118,2026-02-28 15:00:00+00:00,E1,Ipswich,Swansea,o15,0.7628071475359685,1.25,0.8,-0.03719285246403159,ou_1_5.over,latest_pre_match,2026-02-27 04:47:13.019725+00:00,2026-02-27 12:54:15.004420+00:00
1118,2026-02-28 15:00:00+00:00,E1,Ipswich,Swansea,u15,0.23719285246403157,4.0,0.25,-0.012807147535968427,ou_1_5.under,latest_pre_match,2026-02-27 04:47:13.019725+00:00,2026-02-27 12:54:15.004420+00:00
1118,2026-02-28 15:00:00+00:00,E1,Ipswich,Swansea,o25,0.5653318652747551,1.8,0.5555555555555556,0.009776309719199516,ou_2_5.over,latest_pre_match,2026-02-27 04:47:13.019725+00:00,2026-02-27 12:54:15.004420+00:00
1118,2026-02-28 15:00:00+00:00,E1,Ipswich,Swansea,u25,0.43466813472524496,2.0,0.5,-0.06533186527475504,ou_2_5.under,latest_pre_match,2026-02-27 04:47:13.019725+00:00,2026-02-27 12:54:15.004420+00:00
1118,2026-02-28 15:00:00+00:00,E1,Ipswich,Swansea,c85,0.5785274829557315,,,,corners_ou_8_5.over,,,2026-02-27 12:54:15.004420+00:00
1118,2026-02-28 15:00:00+00:00,E1,Ipswich,Swansea,btts,0.5473704920971474,1.8,0.5555555555555556,-0.008185063458408193,btts.yes,latest_pre_match,2026-02-27 04:47:13.019725+00:00,2026-02-27 12:54:15.004420+00:00
1118,2026-02-28 15:00:00+00:00,E1,Ipswich,Swansea,1x2_h,0.6058176649221426,1.53,0.6535947712418301,-0.04777710631968746,1x2.home,latest_pre_match,2026-02-27 04:47:13.019725+00:00,2026-02-27 12:54:15.004420+00:00
1118,2026-02-28 15:00:00+00:00,E1,Ipswich,Swansea,1x2_d,0.2162846105079214,4.0,0.25,-0.03371538949207861,1x2.draw,latest_pre_match,2026-02-27 04:47:13.019725+00:00,2026-02-27 12:54:15.004420+00:00
1118,2026-02-28 15:00:00+00:00,E1,Ipswich,Swansea,1x2_a,0.2639625788343543,5.5,0.18181818181818182,0.08214439701617249,1x2.away,latest_pre_match,2026-02-27 04:47:13.019725+00:00,2026-02-27 12:54:15.004420+00:00
1118,2026-02-28 15:00:00+00:00,E1,Ipswich,Swansea,dc_1x,0.7360374211656456,1.1428571428571428,0.875,-0.13896257883435437,dc.home_draw,latest_pre_match,2026-02-27 04:47:13.019725+00:00,2026-02-27 12:54:15.004420+00:00
1118,2026-02-28 15:00:00+00:00,E1,Ipswich,Swansea,dc_x2,0.3941823350778575,2.3,0.4347826086956522,-0.040600273617794724,dc.draw_away,latest_pre_match,2026-02-27 04:47:13.019725+00:00,2026-02-27 12:54:15.004420+00:00
1118,2026-02-28 15:00:00+00:00,E1,Ipswich,Swansea,dc_12,0.7803226064985299,1.2222222222222223,0.8181818181818181,-0.03785921168328821,dc.home_away,latest_pre_match,2026-02-27 04:47:13.019725+00:00,2026-02-27 12:54:15.004420+00:00
1119,2026-02-28 15:00:00+00:00,E1,Oxford Utd,West Brom,o15,0.6547048896186828,1.4,0.7142857142857143,-0.05958082466703152,ou_1_5.over,latest_pre_match,2026-02-27 04:47:13.658655+00:00,2026-02-27 12:54:15.004420+00:00
1119,2026-02-28 15:00:00+00:00,E1,Oxford Utd,West Brom,u15,0.34529511038131727,3.0,0.3333333333333333,0.011961777047983957,ou_1_5.under,latest_pre_match,2026-02-27 04:47:13.658655+00:00,2026-02-27 12:54:15.004420+00:00
1119,2026-02-28 15:00:00+00:00,E1,Oxford Utd,West Brom,o25,0.43590737435014826,2.2,0.45454545454545453,-0.018638080195306272,ou_2_5.over,latest_pre_match,2026-02-27 04:47:13.658655+00:00,2026-02-27 12:54:15.004420+00:00
1119,2026-02-28 15:00:00+00:00,E1,Oxford Utd,West Brom,u25,0.5640926256498516,1.6666666666666665,0.6000000000000001,-0.03590737435014846,ou_2_5.under,latest_pre_match,2026-02-27 04:47:13.658655+00:00,2026-02-27 12:54:15.004420+00:00
1119,2026-02-28 15:00:00+00:00,E1,Oxford Utd,West Brom,c85,0.6148840600639782,,,,corners_ou_8_5.over,,,2026-02-27 12:54:15.004420+00:00
1119,2026-02-28 15:00:00+00:00,E1,Oxford Utd,West Brom,btts,0.5182555359128793,1.8333333333333335,0.5454545454545454,-0.027199009541666097,btts.yes,latest_pre_match,2026-02-27 04:47:13.658655+00:00,2026-02-27 12:54:15.004420+00:00
1119,2026-02-28 15:00:00+00:00,E1,Oxford Utd,West Brom,1x2_h,0.240576187944609,3.2,0.3125,-0.071923812055391,1x2.home,latest_pre_match,2026-02-27 04:47:13.658655+00:00,2026-02-27 12:54:15.004420+00:00
1119,2026-02-28 15:00:00+00:00,E1,Oxford Utd,West Brom,1x2_d,0.21611177305301688,3.2,0.3125,-0.09638822694698312,1x2.draw,latest_pre_match,2026-02-27 04:47:13.658655+00:00,2026-02-27 12:54:15.004420+00:00
1119,2026-02-28 15:00:00+00:00,E1,Oxford Utd,West Brom,1x2_a,0.47653317099331804,2.25,0.4444444444444444,0.032088726548873625,1x2.away,latest_pre_match,2026-02-27 04:47:13.658655+00:00,2026-02-27 12:54:15.004420+00:00
1119,2026-02-28 15:00:00+00:00,E1,Oxford Utd,West Brom,dc_1x,0.5234668290066821,1.5714285714285714,0.6363636363636364,-0.11289680735695429,dc.home_draw,latest_pre_match,2026-02-27 04:47:13.658655+00:00,2026-02-27 12:54:15.004420+00:00
1119,2026-02-28 15:00:00+00:00,E1,Oxford Utd,West Brom,dc_x2,0.759423812055391,1.3636363636363638,0.7333333333333333,0.02609047872205772,dc.draw_away,latest_pre_match,2026-02-27 04:47:13.658655+00:00,2026-02-27 12:54:15.004420+00:00
1119,2026-02-28 15:00:00+00:00,E1,Oxford Utd,West Brom,dc_12,0.7849509466023058,1.3636363636363638,0.7333333333333333,0.05161761326897252,dc.home_away,latest_pre_match,2026-02-27 04:47:13.658655+00:00,2026-02-27 12:54:15.004420+00:00
1120,2026-02-28 15:00:00+00:00,E1,QPR,Sheffield Utd,o15,0.7439395317611361,1.25,0.8,-0.0560604682388639,ou_1_5.over,latest_pre_match,2026-02-27 04:47:36.216599+00:00,2026-02-27 12:54:15.004420+00:00
1120,2026-02-28 15:00:00+00:00,E1,QPR,Sheffield Utd,u15,0.2560604682388638,4.0,0.25,0.006060468238863803,ou_1_5.under,latest_pre_match,2026-02-27 04:47:36.216599+00:00,2026-02-27 12:54:15.004420+00:00
1120,2026-02-28 15:00:00+00:00,E1,QPR,Sheffield Utd,o25,0.5867301020508714,1.8,0.5555555555555556,0.031174546495315814,ou_2_5.over,latest_pre_match,2026-02-27 04:47:36.216599+00:00,2026-02-27 12:54:15.004420+00:00
1120,2026-02-28 15:00:00+00:00,E1,QPR,Sheffield Utd,u25,0.41326989794912855,2.0,0.5,-0.08673010205087145,ou_2_5.under,latest_pre_match,2026-02-27 04:47:36.216599+00:00,2026-02-27 12:54:15.004420+00:00
1120,2026-02-28 15:00:00+00:00,E1,QPR,Sheffield Utd,c85,0.6079007328091182,,,,corners_ou_8_5.over,,,2026-02-27 12:54:15.004420+00:00
1120,2026-02-28 15:00:00+00:00,E1,QPR,Sheffield Utd,btts,0.5511590039566575,1.6666666666666665,0.6000000000000001,-0.04884099604334258,btts.yes,latest_pre_match,2026-02-27 04:47:36.216599+00:00,2026-02-27 12:54:15.004420+00:00
1120,2026-02-28 15:00:00+00:00,E1,QPR,Sheffield Utd,1x2_h,0.3915240800315451,3.0,0.3333333333333333,0.05819074669821178,1x2.home,latest_pre_match,2026-02-27 04:47:36.216599+00:00,2026-02-27 12:54:15.004420+00:00
1120,2026-02-28 15:00:00+00:00,E1,QPR,Sheffield Utd,1x2_d,0.2643719096553539,3.6,0.2777777777777778,-0.013405868122423892,1x2.draw,latest_pre_match,2026-02-27 04:47:36.216599+00:00,2026-02-27 12:54:15.004420+00:00
1120,2026-02-28 15:00:00+00:00,E1,QPR,Sheffield Utd,1x2_a,0.3073180053095292,2.15,0.46511627906976744,-0.15779827376023825,1x2.away,latest_pre_match,2026-02-27 04:47:36.216599+00:00,2026-02-27 12:54:15.004420+00:00
1120,2026-02-28 15:00:00+00:00,E1,QPR,Sheffield Utd,dc_1x,0.6926819946904709,1.6666666666666665,0.6000000000000001,0.09268199469047078,dc.home_draw,latest_pre_match,2026-02-27 04:47:36.216599+00:00,2026-02-27 12:54:15.004420+00:00
1120,2026-02-28 15:00:00+00:00,E1,QPR,Sheffield Utd,dc_x2,0.608475919968455,1.3636363636363638,0.7333333333333333,-0.12485741336487832,dc.draw_away,latest_pre_match,2026-02-27 04:47:36.216599+00:00,2026-02-27 12:54:15.004420+00:00
1120,2026-02-28 15:00:00+00:00,E1,QPR,Sheffield Utd,dc_12,0.7366328736323821,1.2857142857142856,0.7777777777777779,-0.041144904145395844,dc.home_away,latest_pre_match,2026-02-27 04:47:36.216599+00:00,2026-02-27 12:54:15.004420+00:00
1121,2026-02-28 15:00:00+00:00,E1,Charlton,Wrexham,o15,0.6760071881180784,1.3636363636363638,0.7333333333333333,-0.05732614521525492,ou_1_5.over,latest_pre_match,2026-02-27 04:47:14.315224+00:00,2026-02-27 12:54:15.004420+00:00
1121,2026-02-28 15:00:00+00:00,E1,Charlton,Wrexham,u15,0.3239928118819217,3.2,0.3125,0.011492811881921694,ou_1_5.under,latest_pre_match,2026-02-27 04:47:14.315224+00:00,2026-02-27 12:54:15.004420+00:00
1121,2026-02-28 15:00:00+00:00,E1,Charlton,Wrexham,o25,0.43590737435014826,2.2,0.45454545454545453,-0.018638080195306272,ou_2_5.over,latest_pre_match,2026-02-27 04:47:14.315224+00:00,2026-02-27 12:54:15.004420+00:00
1121,2026-02-28 15:00:00+00:00,E1,Charlton,Wrexham,u25,0.5640926256498516,1.6666666666666665,0.6000000000000001,-0.03590737435014846,ou_2_5.under,latest_pre_match,2026-02-27 04:47:14.315224+00:00,2026-02-27 12:54:15.004420+00:00
1121,2026-02-28 15:00:00+00:00,E1,Charlton,Wrexham,c85,0.6133010542605067,,,,corners_ou_8_5.over,,,2026-02-27 12:54:15.004420+00:00
1121,2026-02-28 15:00:00+00:00,E1,Charlton,Wrexham,btts,0.5220154892242919,1.8333333333333335,0.5454545454545454,-0.023439056230253552,btts.yes,latest_pre_match,2026-02-27 04:47:14.315224+00:00,2026-02-27 12:54:15.004420+00:00
1121,2026-02-28 15:00:00+00:00,E1,Charlton,Wrexham,1x2_h,0.31609255852692975,3.1,0.3225806451612903,-0.006488086634360568,1x2.home,latest_pre_match,2026-02-27 04:47:14.315224+00:00,2026-02-27 12:54:15.004420+00:00
1121,2026-02-28 15:00:00+00:00,E1,Charlton,Wrexham,1x2_d,0.26925508256097275,3.3,0.30303030303030304,-0.03377522046933029,1x2.draw,latest_pre_match,2026-02-27 04:47:14.315224+00:00,2026-02-27 12:54:15.004420+00:00
1121,2026-02-28 15:00:00+00:00,E1,Charlton,Wrexham,1x2_a,0.35867334355125696,2.25,0.4444444444444444,-0.08577110089318746,1x2.away,latest_pre_match,2026-02-27 04:47:14.315224+00:00,2026-02-27 12:54:15.004420+00:00
1121,2026-02-28 15:00:00+00:00,E1,Charlton,Wrexham,dc_1x,0.641326656448743,1.5714285714285714,0.6363636363636364,0.004963020085106629,dc.home_draw,latest_pre_match,2026-02-27 04:47:14.315224+00:00,2026-02-27 12:54:15.004420+00:00
1121,2026-02-28 15:00:00+00:00,E1,Charlton,Wrexham,dc_x2,0.6839074414730701,1.3636363636363638,0.7333333333333333,-0.04942589186026314,dc.draw_away,latest_pre_match,2026-02-27 04:47:14.315224+00:00,2026-02-27 12:54:15.004420+00:00
1121,2026-02-28 15:00:00+00:00,E1,Charlton,Wrexham,dc_12,0.7318076370943499,1.3333333333333333,0.75,-0.018192362905650072,dc.home_away,latest_pre_match,2026-02-27 04:47:14.315224+00:00,2026-02-27 12:54:15.004420+00:00
1122,2026-02-28 15:00:00+00:00,E1,Preston,Millwall,o15,0.6990721116368556,1.3636363636363638,0.7333333333333333,-0.03426122169647772,ou_1_5.over,latest_pre_match,2026-02-27 04:47:14.964029+00:00,2026-02-27 12:54:15.004420+00:00
1122,2026-02-28 15:00:00+00:00,E1,Preston,Millwall,u15,0.30062949894698093,3.2,0.3125,-0.011870501053019067,ou_1_5.under,latest_pre_match,2026-02-27 04:47:14.964029+00:00,2026-02-27 12:54:15.004420+00:00
1122,2026-02-28 15:00:00+00:00,E1,Preston,Millwall,o25,0.4672815638502528,2.1,0.47619047619047616,-0.00890891234022334,ou_2_5.over,latest_pre_match,2026-02-27 04:47:14.964029+00:00,2026-02-27 12:54:15.004420+00:00
1122,2026-02-28 15:00:00+00:00,E1,Preston,Millwall,u25,0.5327184361497471,1.7272727272727273,0.5789473684210527,-0.046228932271305534,ou_2_5.under,latest_pre_match,2026-02-27 04:47:14.964029+00:00,2026-02-27 12:54:15.004420+00:00
1122,2026-02-28 15:00:00+00:00,E1,Preston,Millwall,c85,0.6148840600639782,,,,corners_ou_8_5.over,,,2026-02-27 12:54:15.004420+00:00
1122,2026-02-28 15:00:00+00:00,E1,Preston,Millwall,btts,0.5696776682715123,1.8333333333333335,0.5454545454545454,0.024223122816966924,btts.yes,latest_pre_match,2026-02-27 04:47:14.964029+00:00,2026-02-27 12:54:15.004420+00:00
1122,2026-02-28 15:00:00+00:00,E1,Preston,Millwall,1x2_h,0.240576187944609,3.1,0.3225806451612903,-0.08200445721668131,1x2.home,latest_pre_match,2026-02-27 04:47:14.964029+00:00,2026-02-27 12:54:15.004420+00:00
1122,2026-02-28 15:00:00+00:00,E1,Preston,Millwall,1x2_d,0.26925508256097275,3.5,0.2857142857142857,-0.01645920315331295,1x2.draw,latest_pre_match,2026-02-27 04:47:14.964029+00:00,2026-02-27 12:54:15.004420+00:00
1122,2026-02-28 15:00:00+00:00,E1,Preston,Millwall,1x2_a,0.42708183059949495,2.2,0.45454545454545453,-0.02746362394595958,1x2.away,latest_pre_match,2026-02-27 04:47:14.964029+00:00,2026-02-27 12:54:15.004420+00:00
1122,2026-02-28 15:00:00+00:00,E1,Preston,Millwall,dc_1x,0.5729181694005051,1.6666666666666665,0.6000000000000001,-0.027081830599494983,dc.home_draw,latest_pre_match,2026-02-27 04:47:14.964029+00:00,2026-02-27 12:54:15.004420+00:00
1122,2026-02-28 15:00:00+00:00,E1,Preston,Millwall,dc_x2,0.759423812055391,1.3636363636363638,0.7333333333333333,0.02609047872205772,dc.draw_away,latest_pre_match,2026-02-27 04:47:14.964029+00:00,2026-02-27 12:54:15.004420+00:00
1122,2026-02-28 15:00:00+00:00,E1,Preston,Millwall,dc_12,0.7318076370943499,1.2857142857142856,0.7777777777777779,-0.045970140683427974,dc.home_away,latest_pre_match,2026-02-27 04:47:14.964029+00:00,2026-02-27 12:54:15.004420+00:00
1651,2026-02-28 15:00:00+00:00,E2,Stevenage,Stockport County,o15,0.6430220600372684,1.5,0.6666666666666666,-0.023644606629398268,ou_1_5.over,latest_pre_match,2026-02-27 04:47:24.205805+00:00,2026-02-27 12:54:15.004420+00:00
1651,2026-02-28 15:00:00+00:00,E2,Stevenage,Stockport County,u15,0.3569779399627315,2.5,0.4,-0.043022060037268495,ou_1_5.under,latest_pre_match,2026-02-27 04:47:24.205805+00:00,2026-02-27 12:54:15.004420+00:00
1651,2026-02-28 15:00:00+00:00,E2,Stevenage,Stockport County,o25,0.4828497168242778,2.5,0.4,0.08284971682427777,ou_2_5.over,latest_pre_match,2026-02-27 04:47:24.205805+00:00,2026-02-27 12:54:15.004420+00:00
1651,2026-02-28 15:00:00+00:00,E2,Stevenage,Stockport County,u25,0.5171502831757223,1.5,0.6666666666666666,-0.14951638349094432,ou_2_5.under,latest_pre_match,2026-02-27 04:47:24.205805+00:00,2026-02-27 12:54:15.004420+00:00
1651,2026-02-28 15:00:00+00:00,E2,Stevenage,Stockport County,c85,0.6330271324477649,,,,corners_ou_8_5.over,,,2026-02-27 12:54:15.004420+00:00
1651,2026-02-28 15:00:00+00:00,E2,Stevenage,Stockport County,btts,0.5182555359128793,2.1,0.47619047619047616,0.04206505972240315,btts.yes,latest_pre_match,2026-02-27 04:47:24.205805+00:00,2026-02-27 12:54:15.004420+00:00
1651,2026-02-28 15:00:00+00:00,E2,Stevenage,Stockport County,1x2_h,0.49892832713743696,2.55,0.3921568627450981,0.10677146439233887,1x2.home,latest_pre_match,2026-02-27 04:47:24.205805+00:00,2026-02-27 12:54:15.004420+00:00
1651,2026-02-28 15:00:00+00:00,E2,Stevenage,Stockport County,1x2_d,0.2589713946177104,3.1,0.3225806451612903,-0.06360925054357991,1x2.draw,latest_pre_match,2026-02-27 04:47:24.205805+00:00,2026-02-27 12:54:15.004420+00:00
1651,2026-02-28 15:00:00+00:00,E2,Stevenage,Stockport County,1x2_a,0.3029212181396888,2.65,0.37735849056603776,-0.07443727242634895,1x2.away,latest_pre_match,2026-02-27 04:47:24.205805+00:00,2026-02-27 12:54:15.004420+00:00
1651,2026-02-28 15:00:00+00:00,E2,Stevenage,Stockport County,dc_1x,0.697078781860311,1.4444444444444444,0.6923076923076923,0.004771089552618735,dc.home_draw,latest_pre_match,2026-02-27 04:47:24.205805+00:00,2026-02-27 12:54:15.004420+00:00
1651,2026-02-28 15:00:00+00:00,E2,Stevenage,Stockport County,dc_x2,0.5010716728625629,1.5,0.6666666666666666,-0.1655949938041037,dc.draw_away,latest_pre_match,2026-02-27 04:47:24.205805+00:00,2026-02-27 12:54:15.004420+00:00
1651,2026-02-28 15:00:00+00:00,E2,Stevenage,Stockport County,dc_12,0.7441307359497378,1.3636363636363638,0.7333333333333333,0.010797402616404495,dc.home_away,latest_pre_match,2026-02-27 04:47:24.205805+00:00,2026-02-27 12:54:15.004420+00:00
1652,2026-02-28 15:00:00+00:00,E2,Port Vale,Luton,o15,0.6622818326748457,1.3636363636363638,0.7333333333333333,-0.07105150065848753,ou_1_5.over,latest_pre_match,2026-02-27 04:47:24.858315+00:00,2026-02-27 12:54:15.004420+00:00
1652,2026-02-28 15:00:00+00:00,E2,Port Vale,Luton,u15,0.3377181673251542,3.0,0.3333333333333333,0.00438483399182088,ou_1_5.under,latest_pre_match,2026-02-27 04:47:24.858315+00:00,2026-02-27 12:54:15.004420+00:00
1652,2026-02-28 15:00:00+00:00,E2,Port Vale,Luton,o25,0.4766180636620087,2.15,0.46511627906976744,0.011501784592241271,ou_2_5.over,latest_pre_match,2026-02-27 04:47:24.858315+00:00,2026-02-27 12:54:15.004420+00:00
1652,2026-02-28 15:00:00+00:00,E2,Port Vale,Luton,u25,0.5233819363379913,1.6666666666666665,0.6000000000000001,-0.07661806366200874,ou_2_5.under,latest_pre_match,2026-02-27 04:47:24.858315+00:00,2026-02-27 12:54:15.004420+00:00
1652,2026-02-28 15:00:00+00:00,E2,Port Vale,Luton,c85,0.6079007328091182,,,,corners_ou_8_5.over,,,2026-02-27 12:54:15.004420+00:00
1652,2026-02-28 15:00:00+00:00,E2,Port Vale,Luton,btts,0.526601403914885,1.95,0.5128205128205129,0.013780891094372083,btts.yes,latest_pre_match,2026-02-27 04:47:24.858315+00:00,2026-02-27 12:54:15.004420+00:00
1652,2026-02-28 15:00:00+00:00,E2,Port Vale,Luton,1x2_h,0.5287608610093547,3.5,0.2857142857142857,0.243046575295069,1x2.home,latest_pre_match,2026-02-27 04:47:24.858315+00:00,2026-02-27 12:54:15.004420+00:00
1652,2026-02-28 15:00:00+00:00,E2,Port Vale,Luton,1x2_d,0.2412353293811035,3.4,0.29411764705882354,-0.05288231767772003,1x2.draw,latest_pre_match,2026-02-27 04:47:24.858315+00:00,2026-02-27 12:54:15.004420+00:00
1652,2026-02-28 15:00:00+00:00,E2,Port Vale,Luton,1x2_a,0.2422530206380532,1.96,0.5102040816326531,-0.26795106099459987,1x2.away,latest_pre_match,2026-02-27 04:47:24.858315+00:00,2026-02-27 12:54:15.004420+00:00
1652,2026-02-28 15:00:00+00:00,E2,Port Vale,Luton,dc_1x,0.7577469793619468,1.8,0.5555555555555556,0.2021914238063912,dc.home_draw,latest_pre_match,2026-02-27 04:47:24.858315+00:00,2026-02-27 12:54:15.004420+00:00
1652,2026-02-28 15:00:00+00:00,E2,Port Vale,Luton,dc_x2,0.4712391389906452,1.2857142857142856,0.7777777777777779,-0.3065386387871327,dc.draw_away,latest_pre_match,2026-02-27 04:47:24.858315+00:00,2026-02-27 12:54:15.004420+00:00
1652,2026-02-28 15:00:00+00:00,E2,Port Vale,Luton,dc_12,0.7553718876253478,1.3,0.7692307692307692,-0.01385888160542137,dc.home_away,latest_pre_match,2026-02-27 04:47:24.858315+00:00,2026-02-27 12:54:15.004420+00:00
1653,2026-02-28 15:00:00+00:00,E2,Rotherham,Plymouth,o15,0.7278838234136747,1.25,0.8,-0.0721161765863253,ou_1_5.over,latest_pre_match,2026-02-27 04:47:25.511880+00:00,2026-02-27 12:54:15.004420+00:00
1653,2026-02-28 15:00:00+00:00,E2,Rotherham,Plymouth,u15,0.2722908838500844,3.75,0.26666666666666666,0.005624217183417712,ou_1_5.under,latest_pre_match,2026-02-27 04:47:25.511880+00:00,2026-02-27 12:54:15.004420+00:00
1653,2026-02-28 15:00:00+00:00,E2,Rotherham,Plymouth,o25,0.4905529468656462,1.85,0.5405405405405405,-0.04998759367489425,ou_2_5.over,latest_pre_match,2026-02-27 04:47:25.511880+00:00,2026-02-27 12:54:15.004420+00:00
1653,2026-02-28 15:00:00+00:00,E2,Rotherham,Plymouth,u25,0.5094470531343538,1.95,0.5128205128205129,-0.003373459686159097,ou_2_5.under,latest_pre_match,2026-02-27 04:47:25.511880+00:00,2026-02-27 12:54:15.004420+00:00
1653,2026-02-28 15:00:00+00:00,E2,Rotherham,Plymouth,c85,0.5658915900955044,,,,corners_ou_8_5.over,,,2026-02-27 12:54:15.004420+00:00
1653,2026-02-28 15:00:00+00:00,E2,Rotherham,Plymouth,btts,0.5473704920971474,1.7,0.5882352941176471,-0.04086480202049969,btts.yes,latest_pre_match,2026-02-27 04:47:25.511880+00:00,2026-02-27 12:54:15.004420+00:00
1653,2026-02-28 15:00:00+00:00,E2,Rotherham,Plymouth,1x2_h,0.2599644607575393,3.3,0.30303030303030304,-0.04306584227276372,1x2.home,latest_pre_match,2026-02-27 04:47:25.511880+00:00,2026-02-27 12:54:15.004420+00:00
1653,2026-02-28 15:00:00+00:00,E2,Rotherham,Plymouth,1x2_d,0.25182853747485323,3.5,0.2857142857142857,-0.03388574823943247,1x2.draw,latest_pre_match,2026-02-27 04:47:25.511880+00:00,2026-02-27 12:54:15.004420+00:00
1653,2026-02-28 15:00:00+00:00,E2,Rotherham,Plymouth,1x2_a,0.42729000333987804,2.01,0.49751243781094534,-0.0702224344710673,1x2.away,latest_pre_match,2026-02-27 04:47:25.511880+00:00,2026-02-27 12:54:15.004420+00:00
1653,2026-02-28 15:00:00+00:00,E2,Rotherham,Plymouth,dc_1x,0.572709996660122,1.7272727272727273,0.5789473684210527,-0.006237371760930643,dc.home_draw,latest_pre_match,2026-02-27 04:47:25.511880+00:00,2026-02-27 12:54:15.004420+00:00
1653,2026-02-28 15:00:00+00:00,E2,Rotherham,Plymouth,dc_x2,0.7400355392424607,1.3333333333333333,0.75,-0.009964460757539317,dc.draw_away,latest_pre_match,2026-02-27 04:47:25.511880+00:00,2026-02-27 12:54:15.004420+00:00
1653,2026-02-28 15:00:00+00:00,E2,Rotherham,Plymouth,dc_12,0.7492341821804697,1.2857142857142856,0.7777777777777779,-0.028543595597308236,dc.home_away,latest_pre_match,2026-02-27 04:47:25.511880+00:00,2026-02-27 12:54:15.004420+00:00
1654,2026-02-28 15:00:00+00:00,E2,Lincoln,Blackpool,o15,0.831059631059631,1.2222222222222223,0.8181818181818181,0.012877812877812866,ou_1_5.over,latest_pre_match,2026-02-27 04:47:26.150807+00:00,2026-02-27 12:54:15.004420+00:00
1654,2026-02-28 15:00:00+00:00,E2,Lincoln,Blackpool,u15,0.16894036894036893,4.0,0.25,-0.08105963105963107,ou_1_5.under,latest_pre_match,2026-02-27 04:47:26.150807+00:00,2026-02-27 12:54:15.004420+00:00
1654,2026-02-28 15:00:00+00:00,E2,Lincoln,Blackpool,o25,0.5564376572309203,1.7272727272727273,0.5789473684210527,-0.022509711190132342,ou_2_5.over,latest_pre_match,2026-02-27 04:47:26.150807+00:00,2026-02-27 12:54:15.004420+00:00
1654,2026-02-28 15:00:00+00:00,E2,Lincoln,Blackpool,u25,0.44356234276907974,2.075,0.48192771084337344,-0.03836536807429369,ou_2_5.under,latest_pre_match,2026-02-27 04:47:26.150807+00:00,2026-02-27 12:54:15.004420+00:00
1654,2026-02-28 15:00:00+00:00,E2,Lincoln,Blackpool,c85,0.6061827956989247,,,,corners_ou_8_5.over,,,2026-02-27 12:54:15.004420+00:00
1654,2026-02-28 15:00:00+00:00,E2,Lincoln,Blackpool,btts,0.47675205849827185,1.95,0.5128205128205129,-0.03606845432224104,btts.yes,latest_pre_match,2026-02-27 04:47:26.150807+00:00,2026-02-27 12:54:15.004420+00:00
1654,2026-02-28 15:00:00+00:00,E2,Lincoln,Blackpool,1x2_h,0.6629817528002527,1.46,0.684931506849315,-0.021949754049062298,1x2.home,latest_pre_match,2026-02-27 04:47:26.150807+00:00,2026-02-27 12:54:15.004420+00:00
1654,2026-02-28 15:00:00+00:00,E2,Lincoln,Blackpool,1x2_d,0.2386128311064313,4.333333333333334,0.23076923076923073,0.00784360033720058,1x2.draw,latest_pre_match,2026-02-27 04:47:26.150807+00:00,2026-02-27 12:54:15.004420+00:00
1654,2026-02-28 15:00:00+00:00,E2,Lincoln,Blackpool,1x2_a,0.1119877641616772,5.75,0.17391304347826086,-0.06192527931658366,1x2.away,latest_pre_match,2026-02-27 04:47:26.150807+00:00,2026-02-27 12:54:15.004420+00:00
1654,2026-02-28 15:00:00+00:00,E2,Lincoln,Blackpool,dc_1x,0.8880122358383229,1.1428571428571428,0.875,0.013012235838322894,dc.home_draw,latest_pre_match,2026-02-27 04:47:26.150807+00:00,2026-02-27 12:54:15.004420+00:00
1654,2026-02-28 15:00:00+00:00,E2,Lincoln,Blackpool,dc_x2,0.3370182471997473,2.5,0.4,-0.0629817528002527,dc.draw_away,latest_pre_match,2026-02-27 04:47:26.150807+00:00,2026-02-27 12:54:15.004420+00:00
1654,2026-02-28 15:00:00+00:00,E2,Lincoln,Blackpool,dc_12,0.75799438590002,1.2,0.8333333333333334,-0.07533894743331337,dc.home_away,latest_pre_match,2026-02-27 04:47:26.150807+00:00,2026-02-27 12:54:15.004420+00:00
1655,2026-02-28 15:00:00+00:00,E2,Reading,Bradford City,o15,0.6760071881180784,1.3,0.7692307692307692,-0.0932235811126908,ou_1_5.over,latest_pre_match,2026-02-27 04:47:26.897584+00:00,2026-02-27 12:54:15.004420+00:00
1655,2026-02-28 15:00:00+00:00,E2,Reading,Bradford City,u15,0.3239928118819217,3.4,0.29411764705882354,0.029875164823098155,ou_1_5.under,latest_pre_match,2026-02-27 04:47:26.897584+00:00,2026-02-27 12:54:15.004420+00:00
1655,2026-02-28 15:00:00+00:00,E2,Reading,Bradford City,o25,0.4330236740776754,2.0,0.5,-0.06697632592232461,ou_2_5.over,latest_pre_match,2026-02-27 04:47:26.897584+00:00,2026-02-27 12:54:15.004420+00:00
1655,2026-02-28 15:00:00+00:00,E2,Reading,Bradford City,u25,0.5669763259223246,1.8,0.5555555555555556,0.011420770366769029,ou_2_5.under,latest_pre_match,2026-02-27 04:47:26.897584+00:00,2026-02-27 12:54:15.004420+00:00
1655,2026-02-28 15:00:00+00:00,E2,Reading,Bradford City,c85,0.6330271324477649,,,,corners_ou_8_5.over,,,2026-02-27 12:54:15.004420+00:00
1655,2026-02-28 15:00:00+00:00,E2,Reading,Bradford City,btts,0.4850979265002775,1.75,0.5714285714285714,-0.0863306449282939,btts.yes,latest_pre_match,2026-02-27 04:47:26.897584+00:00,2026-02-27 12:54:15.004420+00:00
1655,2026-02-28 15:00:00+00:00,E2,Reading,Bradford City,1x2_h,0.24957584180407597,2.25,0.4444444444444444,-0.19486860264036845,1x2.home,latest_pre_match,2026-02-27 04:47:26.897584+00:00,2026-02-27 12:54:15.004420+00:00
1655,2026-02-28 15:00:00+00:00,E2,Reading,Bradford City,1x2_d,0.26925508256097275,3.25,0.3076923076923077,-0.03843722513133496,1x2.draw,latest_pre_match,2026-02-27 04:47:26.897584+00:00,2026-02-27 12:54:15.004420+00:00
1655,2026-02-28 15:00:00+00:00,E2,Reading,Bradford City,1x2_a,0.4060862764145183,3.0,0.3333333333333333,0.07275294308118496,1x2.away,latest_pre_match,2026-02-27 04:47:26.897584+00:00,2026-02-27 12:54:15.004420+00:00
1655,2026-02-28 15:00:00+00:00,E2,Reading,Bradford City,dc_1x,0.5939137235854818,1.3636363636363638,0.7333333333333333,-0.1394196097478515,dc.home_draw,latest_pre_match,2026-02-27 04:47:26.897584+00:00,2026-02-27 12:54:15.004420+00:00
1655,2026-02-28 15:00:00+00:00,E2,Reading,Bradford City,dc_x2,0.750424158195924,1.5714285714285714,0.6363636363636364,0.11406052183228765,dc.draw_away,latest_pre_match,2026-02-27 04:47:26.897584+00:00,2026-02-27 12:54:15.004420+00:00
1655,2026-02-28 15:00:00+00:00,E2,Reading,Bradford City,dc_12,0.7318076370943499,1.3333333333333333,0.75,-0.018192362905650072,dc.home_away,latest_pre_match,2026-02-27 04:47:26.897584+00:00,2026-02-27 12:54:15.004420+00:00
1656,2026-02-28 15:00:00+00:00,E2,Mansfield,AFC Wimbledon,o15,0.7628071475359685,1.3333333333333333,0.75,0.012807147535968455,ou_1_5.over,latest_pre_match,2026-02-27 04:47:27.683413+00:00,2026-02-27 12:54:15.004420+00:00
1656,2026-02-28 15:00:00+00:00,E2,Mansfield,AFC Wimbledon,u15,0.23719285246403157,3.25,0.3076923076923077,-0.07049945522827614,ou_1_5.under,latest_pre_match,2026-02-27 04:47:27.683413+00:00,2026-02-27 12:54:15.004420+00:00
1656,2026-02-28 15:00:00+00:00,E2,Mansfield,AFC Wimbledon,o25,0.5162731565607704,2.05,0.48780487804878053,0.02846827851198991,ou_2_5.over,latest_pre_match,2026-02-27 04:47:27.683413+00:00,2026-02-27 12:54:15.004420+00:00
1656,2026-02-28 15:00:00+00:00,E2,Mansfield,AFC Wimbledon,u25,0.4837268434392296,1.75,0.5714285714285714,-0.08770172798934178,ou_2_5.under,latest_pre_match,2026-02-27 04:47:27.683413+00:00,2026-02-27 12:54:15.004420+00:00
1656,2026-02-28 15:00:00+00:00,E2,Mansfield,AFC Wimbledon,c85,0.6240579805282213,,,,corners_ou_8_5.over,,,2026-02-27 12:54:15.004420+00:00
1656,2026-02-28 15:00:00+00:00,E2,Mansfield,AFC Wimbledon,btts,0.5696776682715123,1.8,0.5555555555555556,0.014122112715956758,btts.yes,latest_pre_match,2026-02-27 04:47:27.683413+00:00,2026-02-27 12:54:15.004420+00:00
1656,2026-02-28 15:00:00+00:00,E2,Mansfield,AFC Wimbledon,1x2_h,0.37774891671730587,1.96,0.5102040816326531,-0.1324551649153472,1x2.home,latest_pre_match,2026-02-27 04:47:27.683413+00:00,2026-02-27 12:54:15.004420+00:00
1656,2026-02-28 15:00:00+00:00,E2,Mansfield,AFC Wimbledon,1x2_d,0.25182853747485323,3.2,0.3125,-0.06067146252514677,1x2.draw,latest_pre_match,2026-02-27 04:47:27.683413+00:00,2026-02-27 12:54:15.004420+00:00
1656,2026-02-28 15:00:00+00:00,E2,Mansfield,AFC Wimbledon,1x2_a,0.3483543906034006,3.75,0.26666666666666666,0.08168772393673396,1x2.away,latest_pre_match,2026-02-27 04:47:27.683413+00:00,2026-02-27 12:54:15.004420+00:00
1656,2026-02-28 15:00:00+00:00,E2,Mansfield,AFC Wimbledon,dc_1x,0.6516456093965994,1.25,0.8,-0.1483543906034006,dc.home_draw,latest_pre_match,2026-02-27 04:47:27.683413+00:00,2026-02-27 12:54:15.004420+00:00
1656,2026-02-28 15:00:00+00:00,E2,Mansfield,AFC Wimbledon,dc_x2,0.6222510832826941,1.8,0.5555555555555556,0.06669552772713849,dc.draw_away,latest_pre_match,2026-02-27 04:47:27.683413+00:00,2026-02-27 12:54:15.004420+00:00
1656,2026-02-28 15:00:00+00:00,E2,Mansfield,AFC Wimbledon,dc_12,0.7492341821804697,1.3636363636363638,0.7333333333333333,0.015900848847136384,dc.home_away,latest_pre_match,2026-02-27 04:47:27.683413+00:00,2026-02-27 12:54:15.004420+00:00
1657,2026-02-28 15:00:00+00:00,E2,Doncaster,Cardiff,o15,0.8262977262977262,1.2,0.8333333333333334,-0.007035607035607128,ou_1_5.over,latest_pre_match,2026-02-27 04:47:28.532535+00:00,2026-02-27 12:54:15.004420+00:00
1657,2026-02-28 15:00:00+00:00,E2,Doncaster,Cardiff,u15,0.17370227370227367,4.333333333333334,0.23076923076923073,-0.05706695706695705,ou_1_5.under,latest_pre_match,2026-02-27 04:47:28.532535+00:00,2026-02-27 12:54:15.004420+00:00
1657,2026-02-28 15:00:00+00:00,E2,Doncaster,Cardiff,o25,0.5790813408003547,1.6666666666666665,0.6000000000000001,-0.020918659199645417,ou_2_5.over,latest_pre_match,2026-02-27 04:47:28.532535+00:00,2026-02-27 12:54:15.004420+00:00
1657,2026-02-28 15:00:00+00:00,E2,Doncaster,Cardiff,u25,0.4209186591996454,2.15,0.46511627906976744,-0.04419761987012205,ou_2_5.under,latest_pre_match,2026-02-27 04:47:28.532535+00:00,2026-02-27 12:54:15.004420+00:00
1657,2026-02-28 15:00:00+00:00,E2,Doncaster,Cardiff,c85,0.6373952893820714,,,,corners_ou_8_5.over,,,2026-02-27 12:54:15.004420+00:00
1657,2026-02-28 15:00:00+00:00,E2,Doncaster,Cardiff,btts,0.5531236111213423,1.6153846153846154,0.6190476190476191,-0.06592400792627673,btts.yes,latest_pre_match,2026-02-27 04:47:28.532535+00:00,2026-02-27 12:54:15.004420+00:00
1657,2026-02-28 15:00:00+00:00,E2,Doncaster,Cardiff,1x2_h,0.23552081788063095,3.2,0.3125,-0.07697918211936905,1x2.home,latest_pre_match,2026-02-27 04:47:28.532535+00:00,2026-02-27 12:54:15.004420+00:00
1657,2026-02-28 15:00:00+00:00,E2,Doncaster,Cardiff,1x2_d,0.21814949275100096,3.8,0.2631578947368421,-0.045008401985841134,1x2.draw,latest_pre_match,2026-02-27 04:47:28.532535+00:00,2026-02-27 12:54:15.004420+00:00
1657,2026-02-28 15:00:00+00:00,E2,Doncaster,Cardiff,1x2_a,0.6337908496732026,1.96,0.5102040816326531,0.12358676804054958,1x2.away,latest_pre_match,2026-02-27 04:47:28.532535+00:00,2026-02-27 12:54:15.004420+00:00
1657,2026-02-28 15:00:00+00:00,E2,Doncaster,Cardiff,dc_1x,0.3662091503267974,1.8,0.5555555555555556,-0.18934640522875817,dc.home_draw,latest_pre_match,2026-02-27 04:47:28.532535+00:00,2026-02-27 12:54:15.004420+00:00
1657,2026-02-28 15:00:00+00:00,E2,Doncaster,Cardiff,dc_x2,0.764479182119369,1.3636363636363638,0.7333333333333333,0.031145848786035768,dc.draw_away,latest_pre_match,2026-02-27 04:47:28.532535+00:00,2026-02-27 12:54:15.004420+00:00
1657,2026-02-28 15:00:00+00:00,E2,Doncaster,Cardiff,dc_12,0.7829132269043296,1.25,0.8,-0.017086773095670416,dc.home_away,latest_pre_match,2026-02-27 04:47:28.532535+00:00,2026-02-27 12:54:15.004420+00:00
1658,2026-02-28 15:00:00+00:00,E2,Wigan,Huddersfield,o15,0.6797478144722682,1.3636363636363638,0.7333333333333333,-0.05358551886106511,ou_1_5.over,latest_pre_match,2026-02-27 04:47:29.341431+00:00,2026-02-27 12:54:15.004420+00:00
1658,2026-02-28 15:00:00+00:00,E2,Wigan,Huddersfield,u15,0.32025218552773177,3.0,0.3333333333333333,-0.013081147805601545,ou_1_5.under,latest_pre_match,2026-02-27 04:47:29.341431+00:00,2026-02-27 12:54:15.004420+00:00
1658,2026-02-28 15:00:00+00:00,E2,Wigan,Huddersfield,o25,0.4465540122962828,2.15,0.46511627906976744,-0.01856226677348466,ou_2_5.over,latest_pre_match,2026-02-27 04:47:29.341431+00:00,2026-02-27 12:54:15.004420+00:00
1658,2026-02-28 15:00:00+00:00,E2,Wigan,Huddersfield,u25,0.5534459877037171,1.6666666666666665,0.6000000000000001,-0.046554012296282976,ou_2_5.under,latest_pre_match,2026-02-27 04:47:29.341431+00:00,2026-02-27 12:54:15.004420+00:00
1658,2026-02-28 15:00:00+00:00,E2,Wigan,Huddersfield,c85,0.6330271324477649,,,,corners_ou_8_5.over,,,2026-02-27 12:54:15.004420+00:00
1658,2026-02-28 15:00:00+00:00,E2,Wigan,Huddersfield,btts,0.4850979265002775,1.9090909090909092,0.5238095238095238,-0.03871159730924634,btts.yes,latest_pre_match,2026-02-27 04:47:29.341431+00:00,2026-02-27 12:54:15.004420+00:00
1658,2026-02-28 15:00:00+00:00,E2,Wigan,Huddersfield,1x2_h,0.2874826331355248,2.8200000000000003,0.35460992907801414,-0.06712729594248934,1x2.home,latest_pre_match,2026-02-27 04:47:29.341431+00:00,2026-02-27 12:54:15.004420+00:00
1658,2026-02-28 15:00:00+00:00,E2,Wigan,Huddersfield,1x2_d,0.25182853747485323,3.25,0.3076923076923077,-0.05586377021745448,1x2.draw,latest_pre_match,2026-02-27 04:47:29.341431+00:00,2026-02-27 12:54:15.004420+00:00
1658,2026-02-28 15:00:00+00:00,E2,Wigan,Huddersfield,1x2_a,0.4508313051686416,2.35,0.425531914893617,0.02529939027502459,1x2.away,latest_pre_match,2026-02-27 04:47:29.341431+00:00,2026-02-27 12:54:15.004420+00:00
1658,2026-02-28 15:00:00+00:00,E2,Wigan,Huddersfield,dc_1x,0.5491686948313584,1.5333333333333332,0.6521739130434783,-0.10300521821211983,dc.home_draw,latest_pre_match,2026-02-27 04:47:29.341431+00:00,2026-02-27 12:54:15.004420+00:00
1658,2026-02-28 15:00:00+00:00,E2,Wigan,Huddersfield,dc_x2,0.7125173668644752,1.4,0.7142857142857143,-0.0017683474212391026,dc.draw_away,latest_pre_match,2026-02-27 04:47:29.341431+00:00,2026-02-27 12:54:15.004420+00:00
1658,2026-02-28 15:00:00+00:00,E2,Wigan,Huddersfield,dc_12,0.7516451795508137,1.3333333333333333,0.75,0.001645179550813669,dc.home_away,latest_pre_match,2026-02-27 04:47:29.341431+00:00,2026-02-27 12:54:15.004420+00:00
1659,2026-02-28 15:00:00+00:00,E2,Exeter,Bolton,o15,0.7491750280214959,1.2857142857142856,0.7777777777777779,-0.028602749756281964,ou_1_5.over,latest_pre_match,2026-02-27 04:47:30.058935+00:00,2026-02-27 12:54:15.004420+00:00
1659,2026-02-28 15:00:00+00:00,E2,Exeter,Bolton,u15,0.250824971978504,3.5,0.2857142857142857,-0.03488931373578169,ou_1_5.under,latest_pre_match,2026-02-27 04:47:30.058935+00:00,2026-02-27 12:54:15.004420+00:00
1659,2026-02-28 15:00:00+00:00,E2,Exeter,Bolton,o25,0.5249953316506585,1.95,0.5128205128205129,0.012174818830145595,ou_2_5.over,latest_pre_match,2026-02-27 04:47:30.058935+00:00,2026-02-27 12:54:15.004420+00:00
1659,2026-02-28 15:00:00+00:00,E2,Exeter,Bolton,u25,0.47500466834934146,1.85,0.5405405405405405,-0.065535872191199,ou_2_5.under,latest_pre_match,2026-02-27 04:47:30.058935+00:00,2026-02-27 12:54:15.004420+00:00
1659,2026-02-28 15:00:00+00:00,E2,Exeter,Bolton,c85,0.6330271324477649,,,,corners_ou_8_5.over,,,2026-02-27 12:54:15.004420+00:00
1659,2026-02-28 15:00:00+00:00,E2,Exeter,Bolton,btts,0.5458314749350986,1.75,0.5714285714285714,-0.02559709649347275,btts.yes,latest_pre_match,2026-02-27 04:47:30.058935+00:00,2026-02-27 12:54:15.004420+00:00
1659,2026-02-28 15:00:00+00:00,E2,Exeter,Bolton,1x2_h,0.45554875371782266,3.25,0.3076923076923077,0.14785644602551495,1x2.home,latest_pre_match,2026-02-27 04:47:30.058935+00:00,2026-02-27 12:54:15.004420+00:00
1659,2026-02-28 15:00:00+00:00,E2,Exeter,Bolton,1x2_d,0.2507554321763958,3.4,0.29411764705882354,-0.04336221488242775,1x2.draw,latest_pre_match,2026-02-27 04:47:30.058935+00:00,2026-02-27 12:54:15.004420+00:00
1659,2026-02-28 15:00:00+00:00,E2,Exeter,Bolton,1x2_a,0.32546465124205776,2.1,0.47619047619047616,-0.1507258249484184,1x2.away,latest_pre_match,2026-02-27 04:47:30.058935+00:00,2026-02-27 12:54:15.004420+00:00
1659,2026-02-28 15:00:00+00:00,E2,Exeter,Bolton,dc_1x,0.6745353487579422,1.6666666666666665,0.6000000000000001,0.0745353487579421,dc.home_draw,latest_pre_match,2026-02-27 04:47:30.058935+00:00,2026-02-27 12:54:15.004420+00:00
1659,2026-02-28 15:00:00+00:00,E2,Exeter,Bolton,dc_x2,0.5444512462821773,1.3333333333333333,0.75,-0.20554875371782266,dc.draw_away,latest_pre_match,2026-02-27 04:47:30.058935+00:00,2026-02-27 12:54:15.004420+00:00
1659,2026-02-28 15:00:00+00:00,E2,Exeter,Bolton,dc_12,0.7503072874789268,1.3,0.7692307692307692,-0.01892348175184233,dc.home_away,latest_pre_match,2026-02-27 04:47:30.058935+00:00,2026-02-27 12:54:15.004420+00:00
1660,2026-02-28 15:00:00+00:00,E2,Wycombe,Burton,o15,0.7131479744071293,1.2857142857142856,0.7777777777777779,-0.06462980337064861,ou_1_5.over,latest_pre_match,2026-02-27 04:47:08.811849+00:00,2026-02-27 12:54:15.004420+00:00
1660,2026-02-28 15:00:00+00:00,E2,Wycombe,Burton,u15,0.28702673285663,3.5,0.2857142857142857,0.0013124471423442974,ou_1_5.under,latest_pre_match,2026-02-27 04:47:08.811849+00:00,2026-02-27 12:54:15.004420+00:00
1660,2026-02-28 15:00:00+00:00,E2,Wycombe,Burton,o25,0.5216393896797596,1.9,0.5263157894736842,-0.004676399793924535,ou_2_5.over,latest_pre_match,2026-02-27 04:47:08.811849+00:00,2026-02-27 12:54:15.004420+00:00
1660,2026-02-28 15:00:00+00:00,E2,Wycombe,Burton,u25,0.4783606103202403,1.9,0.5263157894736842,-0.04795517915344388,ou_2_5.under,latest_pre_match,2026-02-27 04:47:08.811849+00:00,2026-02-27 12:54:15.004420+00:00
1660,2026-02-28 15:00:00+00:00,E2,Wycombe,Burton,c85,0.6330271324477649,,,,corners_ou_8_5.over,,,2026-02-27 12:54:15.004420+00:00
1660,2026-02-28 15:00:00+00:00,E2,Wycombe,Burton,btts,0.526601403914885,1.8,0.5555555555555556,-0.02895415164067061,btts.yes,latest_pre_match,2026-02-27 04:47:08.811849+00:00,2026-02-27 12:54:15.004420+00:00
1660,2026-02-28 15:00:00+00:00,E2,Wycombe,Burton,1x2_h,0.5311554970246805,1.71,0.5847953216374269,-0.05363982461274641,1x2.home,latest_pre_match,2026-02-27 04:47:08.811849+00:00,2026-02-27 12:54:15.004420+00:00
1660,2026-02-28 15:00:00+00:00,E2,Wycombe,Burton,1x2_d,0.2589713946177104,3.6,0.2777777777777778,-0.018806383160067386,1x2.draw,latest_pre_match,2026-02-27 04:47:08.811849+00:00,2026-02-27 12:54:15.004420+00:00
1660,2026-02-28 15:00:00+00:00,E2,Wycombe,Burton,1x2_a,0.19143107625013167,4.5,0.2222222222222222,-0.03079114597209054,1x2.away,latest_pre_match,2026-02-27 04:47:08.811849+00:00,2026-02-27 12:54:15.004420+00:00
1660,2026-02-28 15:00:00+00:00,E2,Wycombe,Burton,dc_1x,0.8085689237498683,1.1818181818181819,0.8461538461538461,-0.037584922403977816,dc.home_draw,latest_pre_match,2026-02-27 04:47:08.811849+00:00,2026-02-27 12:54:15.004420+00:00
1660,2026-02-28 15:00:00+00:00,E2,Wycombe,Burton,dc_x2,0.4688445029753195,2.0,0.5,-0.031155497024680512,dc.draw_away,latest_pre_match,2026-02-27 04:47:08.811849+00:00,2026-02-27 12:54:15.004420+00:00
1660,2026-02-28 15:00:00+00:00,E2,Wycombe,Burton,dc_12,0.7419693143006674,1.2857142857142856,0.7777777777777779,-0.03580846347711053,dc.home_away,latest_pre_match,2026-02-27 04:47:08.811849+00:00,2026-02-27 12:54:15.004420+00:00
2206,2026-02-28 15:00:00+00:00,E3,Oldham,Crawley,o15,0.830129830966651,1.25,0.8,0.030129830966651006,ou_1_5.over,latest_pre_match,2026-02-27 04:47:02.251346+00:00,2026-02-27 12:54:15.004420+00:00
2206,2026-02-28 15:00:00+00:00,E3,Oldham,Crawley,u15,0.16987016903334895,3.75,0.26666666666666666,-0.09679649763331771,ou_1_5.under,latest_pre_match,2026-02-27 04:47:02.251346+00:00,2026-02-27 12:54:15.004420+00:00
2206,2026-02-28 15:00:00+00:00,E3,Oldham,Crawley,o25,0.5564376572309203,1.8,0.5555555555555556,0.0008821016753647326,ou_2_5.over,latest_pre_match,2026-02-27 04:47:02.251346+00:00,2026-02-27 12:54:15.004420+00:00
2206,2026-02-28 15:00:00+00:00,E3,Oldham,Crawley,u25,0.44356234276907974,2.0,0.5,-0.05643765723092026,ou_2_5.under,latest_pre_match,2026-02-27 04:47:02.251346+00:00,2026-02-27 12:54:15.004420+00:00
2206,2026-02-28 15:00:00+00:00,E3,Oldham,Crawley,c85,0.6373952893820714,,,,corners_ou_8_5.over,,,2026-02-27 12:54:15.004420+00:00
2206,2026-02-28 15:00:00+00:00,E3,Oldham,Crawley,btts,0.5458314749350986,1.6666666666666665,0.6000000000000001,-0.05416852506490144,btts.yes,latest_pre_match,2026-02-27 04:47:02.251346+00:00,2026-02-27 12:54:15.004420+00:00
2206,2026-02-28 15:00:00+00:00,E3,Oldham,Crawley,1x2_h,0.4992305983882226,1.9100000000000001,0.5235602094240838,-0.024329611035861176,1x2.home,latest_pre_match,2026-02-27 04:47:02.251346+00:00,2026-02-27 12:54:15.004420+00:00
2206,2026-02-28 15:00:00+00:00,E3,Oldham,Crawley,1x2_d,0.2449620374556377,3.4,0.29411764705882354,-0.04915560960318585,1x2.draw,latest_pre_match,2026-02-27 04:47:02.251346+00:00,2026-02-27 12:54:15.004420+00:00
2206,2026-02-28 15:00:00+00:00,E3,Oldham,Crawley,1x2_a,0.26123186059502357,3.75,0.26666666666666666,-0.005434806071643095,1x2.away,latest_pre_match,2026-02-27 04:47:02.251346+00:00,2026-02-27 12:54:15.004420+00:00
2206,2026-02-28 15:00:00+00:00,E3,Oldham,Crawley,dc_1x,0.7387681394049764,1.2857142857142856,0.7777777777777779,-0.03900963837280147,dc.home_draw,latest_pre_match,2026-02-27 04:47:02.251346+00:00,2026-02-27 12:54:15.004420+00:00
2206,2026-02-28 15:00:00+00:00,E3,Oldham,Crawley,dc_x2,0.5007694016117774,1.8333333333333335,0.5454545454545454,-0.044685143842768005,dc.draw_away,latest_pre_match,2026-02-27 04:47:02.251346+00:00,2026-02-27 12:54:15.004420+00:00
2206,2026-02-28 15:00:00+00:00,E3,Oldham,Crawley,dc_12,0.7516451795508137,1.2857142857142856,0.7777777777777779,-0.026132598226964232,dc.home_away,latest_pre_match,2026-02-27 04:47:02.251346+00:00,2026-02-27 12:54:15.004420+00:00
2207,2026-02-28 15:00:00+00:00,E3,Fleetwood,Newport,o15,0.7515431921930658,1.25,0.8,-0.04845680780693429,ou_1_5.over,latest_pre_match,2026-02-27 04:47:03.541702+00:00,2026-02-27 12:54:15.004420+00:00
2207,2026-02-28 15:00:00+00:00,E3,Fleetwood,Newport,u15,0.24815841839077094,3.75,0.26666666666666666,-0.018508248275895728,ou_1_5.under,latest_pre_match,2026-02-27 04:47:03.541702+00:00,2026-02-27 12:54:15.004420+00:00
2207,2026-02-28 15:00:00+00:00,E3,Fleetwood,Newport,o25,0.5239219178112872,1.85,0.5405405405405405,-0.016618622729253296,ou_2_5.over,latest_pre_match,2026-02-27 04:47:03.541702+00:00,2026-02-27 12:54:15.004420+00:00
2207,2026-02-28 15:00:00+00:00,E3,Fleetwood,Newport,u25,0.4760780821887128,1.95,0.5128205128205129,-0.036742430631800105,ou_2_5.under,latest_pre_match,2026-02-27 04:47:03.541702+00:00,2026-02-27 12:54:15.004420+00:00
2207,2026-02-28 15:00:00+00:00,E3,Fleetwood,Newport,c85,0.6094837386125896,,,,corners_ou_8_5.over,,,2026-02-27 12:54:15.004420+00:00
2207,2026-02-28 15:00:00+00:00,E3,Fleetwood,Newport,btts,0.5458314749350986,1.8,0.5555555555555556,-0.009724080620456932,btts.yes,latest_pre_match,2026-02-27 04:47:03.541702+00:00,2026-02-27 12:54:15.004420+00:00
2207,2026-02-28 15:00:00+00:00,E3,Fleetwood,Newport,1x2_h,0.6058176649221426,1.6600000000000001,0.6024096385542168,0.0034080263679258094,1x2.home,latest_pre_match,2026-02-27 04:47:03.541702+00:00,2026-02-27 12:54:15.004420+00:00
2207,2026-02-28 15:00:00+00:00,E3,Fleetwood,Newport,1x2_d,0.25182853747485323,3.7,0.27027027027027023,-0.018441732795417,1x2.draw,latest_pre_match,2026-02-27 04:47:03.541702+00:00,2026-02-27 12:54:15.004420+00:00
2207,2026-02-28 15:00:00+00:00,E3,Fleetwood,Newport,1x2_a,0.19830460335146707,4.75,0.21052631578947367,-0.012221712438006599,1x2.away,latest_pre_match,2026-02-27 04:47:03.541702+00:00,2026-02-27 12:54:15.004420+00:00
2207,2026-02-28 15:00:00+00:00,E3,Fleetwood,Newport,dc_1x,0.8016953966485328,1.1818181818181819,0.8461538461538461,-0.0444584495053133,dc.home_draw,latest_pre_match,2026-02-27 04:47:03.541702+00:00,2026-02-27 12:54:15.004420+00:00
2207,2026-02-28 15:00:00+00:00,E3,Fleetwood,Newport,dc_x2,0.3941823350778575,2.15,0.46511627906976744,-0.07093394399190994,dc.draw_away,latest_pre_match,2026-02-27 04:47:03.541702+00:00,2026-02-27 12:54:15.004420+00:00
2207,2026-02-28 15:00:00+00:00,E3,Fleetwood,Newport,dc_12,0.7516451795508137,1.25,0.8,-0.048354820449186375,dc.home_away,latest_pre_match,2026-02-27 04:47:03.541702+00:00,2026-02-27 12:54:15.004420+00:00
2208,2026-02-28 15:00:00+00:00,E3,Notts Co,Grimsby,o15,0.7878679069468544,1.3,0.7692307692307692,0.018637137716085217,ou_1_5.over,latest_pre_match,2026-02-27 04:47:04.193123+00:00,2026-02-27 12:54:15.004420+00:00
2208,2026-02-28 15:00:00+00:00,E3,Notts Co,Grimsby,u15,0.2118337036369823,3.4,0.29411764705882354,-0.08228394342184123,ou_1_5.under,latest_pre_match,2026-02-27 04:47:04.193123+00:00,2026-02-27 12:54:15.004420+00:00
2208,2026-02-28 15:00:00+00:00,E3,Notts Co,Grimsby,o25,0.5826859333387623,2.0,0.5,0.08268593333876229,ou_2_5.over,latest_pre_match,2026-02-27 04:47:04.193123+00:00,2026-02-27 12:54:15.004420+00:00
2208,2026-02-28 15:00:00+00:00,E3,Notts Co,Grimsby,u25,0.41731406666123777,1.8,0.5555555555555556,-0.1382414888943178,ou_2_5.under,latest_pre_match,2026-02-27 04:47:04.193123+00:00,2026-02-27 12:54:15.004420+00:00
2208,2026-02-28 15:00:00+00:00,E3,Notts Co,Grimsby,c85,0.5991808521090162,,,,corners_ou_8_5.over,,,2026-02-27 12:54:15.004420+00:00
2208,2026-02-28 15:00:00+00:00,E3,Notts Co,Grimsby,btts,0.5473950784372071,1.7272727272727273,0.5789473684210527,-0.031552289983845516,btts.yes,latest_pre_match,2026-02-27 04:47:04.193123+00:00,2026-02-27 12:54:15.004420+00:00
2208,2026-02-28 15:00:00+00:00,E3,Notts Co,Grimsby,1x2_h,0.5877391352646656,2.05,0.48780487804878053,0.09993425721588506,1x2.home,latest_pre_match,2026-02-27 04:47:04.193123+00:00,2026-02-27 12:54:15.004420+00:00
2208,2026-02-28 15:00:00+00:00,E3,Notts Co,Grimsby,1x2_d,0.1983130128057664,3.4,0.29411764705882354,-0.09580463425305713,1x2.draw,latest_pre_match,2026-02-27 04:47:04.193123+00:00,2026-02-27 12:54:15.004420+00:00
2208,2026-02-28 15:00:00+00:00,E3,Notts Co,Grimsby,1x2_a,0.3111842899199874,3.3,0.30303030303030304,0.008153986889684384,1x2.away,latest_pre_match,2026-02-27 04:47:04.193123+00:00,2026-02-27 12:54:15.004420+00:00
2208,2026-02-28 15:00:00+00:00,E3,Notts Co,Grimsby,dc_1x,0.6888157100800125,1.3333333333333333,0.75,-0.06118428991998748,dc.home_draw,latest_pre_match,2026-02-27 04:47:04.193123+00:00,2026-02-27 12:54:15.004420+00:00
2208,2026-02-28 15:00:00+00:00,E3,Notts Co,Grimsby,dc_x2,0.4122608647353345,1.7,0.5882352941176471,-0.17597442938231256,dc.draw_away,latest_pre_match,2026-02-27 04:47:04.193123+00:00,2026-02-27 12:54:15.004420+00:00
2208,2026-02-28 15:00:00+00:00,E3,Notts Co,Grimsby,dc_12,0.798294204200685,1.3,0.7692307692307692,0.029063434969915813,dc.home_away,latest_pre_match,2026-02-27 04:47:04.193123+00:00,2026-02-27 12:54:15.004420+00:00
2209,2026-02-28 15:00:00+00:00,E3,Bromley,Accrington,o15,0.6346301930733979,1.3333333333333333,0.75,-0.11536980692660215,ou_1_5.over,latest_pre_match,2026-02-27 04:47:04.845321+00:00,2026-02-27 12:54:15.004420+00:00
2209,2026-02-28 15:00:00+00:00,E3,Bromley,Accrington,u15,0.3653698069266021,3.25,0.3076923076923077,0.05767749923429438,ou_1_5.under,latest_pre_match,2026-02-27 04:47:04.845321+00:00,2026-02-27 12:54:15.004420+00:00
2209,2026-02-28 15:00:00+00:00,E3,Bromley,Accrington,o25,0.41660331282972796,2.05,0.48780487804878053,-0.07120156521905258,ou_2_5.over,latest_pre_match,2026-02-27 04:47:04.845321+00:00,2026-02-27 12:54:15.004420+00:00
2209,2026-02-28 15:00:00+00:00,E3,Bromley,Accrington,u25,0.583396687170272,1.75,0.5714285714285714,0.011968115741700647,ou_2_5.under,latest_pre_match,2026-02-27 04:47:04.845321+00:00,2026-02-27 12:54:15.004420+00:00
2209,2026-02-28 15:00:00+00:00,E3,Bromley,Accrington,c85,0.6148840600639782,,,,corners_ou_8_5.over,,,2026-02-27 12:54:15.004420+00:00
2209,2026-02-28 15:00:00+00:00,E3,Bromley,Accrington,btts,0.4844198640025332,2.0,0.5,-0.015580135997466826,btts.yes,latest_pre_match,2026-02-27 04:47:04.845321+00:00,2026-02-27 12:54:15.004420+00:00
2209,2026-02-28 15:00:00+00:00,E3,Bromley,Accrington,1x2_h,0.46475482379323085,1.62,0.6172839506172839,-0.15252912682405306,1x2.home,latest_pre_match,2026-02-27 04:47:04.845321+00:00,2026-02-27 12:54:15.004420+00:00
2209,2026-02-28 15:00:00+00:00,E3,Bromley,Accrington,1x2_d,0.2589713946177104,3.6,0.2777777777777778,-0.018806383160067386,1x2.draw,latest_pre_match,2026-02-27 04:47:04.845321+00:00,2026-02-27 12:54:15.004420+00:00
2209,2026-02-28 15:00:00+00:00,E3,Bromley,Accrington,1x2_a,0.2724647373073523,5.25,0.19047619047619047,0.08198854683116186,1x2.away,latest_pre_match,2026-02-27 04:47:04.845321+00:00,2026-02-27 12:54:15.004420+00:00
2209,2026-02-28 15:00:00+00:00,E3,Bromley,Accrington,dc_1x,0.7275352626926477,1.1666666666666667,0.8571428571428571,-0.12960759445020942,dc.home_draw,latest_pre_match,2026-02-27 04:47:04.845321+00:00,2026-02-27 12:54:15.004420+00:00
2209,2026-02-28 15:00:00+00:00,E3,Bromley,Accrington,dc_x2,0.5352451762067691,2.2,0.45454545454545453,0.08069972166131462,dc.draw_away,latest_pre_match,2026-02-27 04:47:04.845321+00:00,2026-02-27 12:54:15.004420+00:00
2209,2026-02-28 15:00:00+00:00,E3,Bromley,Accrington,dc_12,0.7419693143006674,1.2857142857142856,0.7777777777777779,-0.03580846347711053,dc.home_away,latest_pre_match,2026-02-27 04:47:04.845321+00:00,2026-02-27 12:54:15.004420+00:00
2210,2026-02-28 15:00:00+00:00,E3,Crewe,Tranmere,o15,0.7600090631018466,1.25,0.8,-0.03999093689815347,ou_1_5.over,latest_pre_match,2026-02-27 04:47:05.478019+00:00,2026-02-27 12:54:15.004420+00:00
2210,2026-02-28 15:00:00+00:00,E3,Crewe,Tranmere,u15,0.24072807385820053,3.75,0.26666666666666666,-0.025938592808466138,ou_1_5.under,latest_pre_match,2026-02-27 04:47:05.478019+00:00,2026-02-27 12:54:15.004420+00:00
2210,2026-02-28 15:00:00+00:00,E3,Crewe,Tranmere,o25,0.5412985388819838,1.85,0.5405405405405405,0.0007579983414433,ou_2_5.over,latest_pre_match,2026-02-27 04:47:05.478019+00:00,2026-02-27 12:54:15.004420+00:00
2210,2026-02-28 15:00:00+00:00,E3,Crewe,Tranmere,u25,0.4587014611180163,1.95,0.5128205128205129,-0.05411905170249659,ou_2_5.under,latest_pre_match,2026-02-27 04:47:05.478019+00:00,2026-02-27 12:54:15.004420+00:00
2210,2026-02-28 15:00:00+00:00,E3,Crewe,Tranmere,c85,0.6295364677561942,,,,corners_ou_8_5.over,,,2026-02-27 12:54:15.004420+00:00
2210,2026-02-28 15:00:00+00:00,E3,Crewe,Tranmere,btts,0.5666005631173611,1.6666666666666665,0.6000000000000001,-0.03339943688263902,btts.yes,latest_pre_match,2026-02-27 04:47:05.478019+00:00,2026-02-27 12:54:15.004420+00:00
2210,2026-02-28 15:00:00+00:00,E3,Crewe,Tranmere,1x2_h,0.4031646813359373,1.96,0.5102040816326531,-0.10703940029671577,1x2.home,latest_pre_match,2026-02-27 04:47:05.478019+00:00,2026-02-27 12:54:15.004420+00:00
2210,2026-02-28 15:00:00+00:00,E3,Crewe,Tranmere,1x2_d,0.2386128311064313,3.5,0.2857142857142857,-0.04710145460785439,1x2.draw,latest_pre_match,2026-02-27 04:47:05.478019+00:00,2026-02-27 12:54:15.004420+00:00
2210,2026-02-28 15:00:00+00:00,E3,Crewe,Tranmere,1x2_a,0.31952569096477285,3.5,0.2857142857142857,0.03381140525048715,1x2.away,latest_pre_match,2026-02-27 04:47:05.478019+00:00,2026-02-27 12:54:15.004420+00:00
2210,2026-02-28 15:00:00+00:00,E3,Crewe,Tranmere,dc_1x,0.6804743090352273,1.2857142857142856,0.7777777777777779,-0.09730346874255058,dc.home_draw,latest_pre_match,2026-02-27 04:47:05.478019+00:00,2026-02-27 12:54:15.004420+00:00
2210,2026-02-28 15:00:00+00:00,E3,Crewe,Tranmere,dc_x2,0.5968353186640627,1.8,0.5555555555555556,0.04127976310850712,dc.draw_away,latest_pre_match,2026-02-27 04:47:05.478019+00:00,2026-02-27 12:54:15.004420+00:00
2210,2026-02-28 15:00:00+00:00,E3,Crewe,Tranmere,dc_12,0.75799438590002,1.2857142857142856,0.7777777777777779,-0.019783391877757905,dc.home_away,latest_pre_match,2026-02-27 04:47:05.478019+00:00,2026-02-27 12:54:15.004420+00:00
2211,2026-02-28 15:00:00+00:00,E3,Barrow,Gillingham,o15,0.7501375233881366,1.3333333333333333,0.75,0.00013752338813655118,ou_1_5.over,latest_pre_match,2026-02-27 06:47:00.914208+00:00,2026-02-27 12:54:15.004420+00:00
2211,2026-02-28 15:00:00+00:00,E3,Barrow,Gillingham,u15,0.24986247661186342,3.25,0.3076923076923077,-0.05782983108044429,ou_1_5.under,latest_pre_match,2026-02-27 06:47:00.914208+00:00,2026-02-27 12:54:15.004420+00:00
2211,2026-02-28 15:00:00+00:00,E3,Barrow,Gillingham,o25,0.4848989670606659,2.075,0.48192771084337344,0.0029712562172924395,ou_2_5.over,latest_pre_match,2026-02-27 06:47:00.914208+00:00,2026-02-27 12:54:15.004420+00:00
2211,2026-02-28 15:00:00+00:00,E3,Barrow,Gillingham,u25,0.5151010329393342,1.7272727272727273,0.5789473684210527,-0.06384633548171847,ou_2_5.under,latest_pre_match,2026-02-27 06:47:00.914208+00:00,2026-02-27 12:54:15.004420+00:00
2211,2026-02-28 15:00:00+00:00,E3,Barrow,Gillingham,c85,0.6148840600639782,,,,corners_ou_8_5.over,,,2026-02-27 12:54:15.004420+00:00
2211,2026-02-28 15:00:00+00:00,E3,Barrow,Gillingham,btts,0.5412455602445055,1.8,0.5555555555555556,-0.014309995311050039,btts.yes,latest_pre_match,2026-02-27 06:47:00.914208+00:00,2026-02-27 12:54:15.004420+00:00
2211,2026-02-28 15:00:00+00:00,E3,Barrow,Gillingham,1x2_h,0.3588368579956634,2.75,0.36363636363636365,-0.004799505640700252,1x2.home,latest_pre_match,2026-02-27 06:47:00.914208+00:00,2026-02-27 12:54:15.004420+00:00
2211,2026-02-28 15:00:00+00:00,E3,Barrow,Gillingham,1x2_d,0.2386128311064313,3.25,0.3076923076923077,-0.0690794765858764,1x2.draw,latest_pre_match,2026-02-27 06:47:00.914208+00:00,2026-02-27 12:54:15.004420+00:00
2211,2026-02-28 15:00:00+00:00,E3,Barrow,Gillingham,1x2_a,0.3919463685772404,2.4,0.4166666666666667,-0.024720298089426274,1x2.away,latest_pre_match,2026-02-27 06:47:00.914208+00:00,2026-02-27 12:54:15.004420+00:00
2211,2026-02-28 15:00:00+00:00,E3,Barrow,Gillingham,dc_1x,0.6080536314227596,1.5333333333333332,0.6521739130434783,-0.04412028162071868,dc.home_draw,latest_pre_match,2026-02-27 06:47:00.914208+00:00,2026-02-27 12:54:15.004420+00:00
2211,2026-02-28 15:00:00+00:00,E3,Barrow,Gillingham,dc_x2,0.6411631420043366,1.4,0.7142857142857143,-0.07312257228137775,dc.draw_away,latest_pre_match,2026-02-27 06:47:00.914208+00:00,2026-02-27 12:54:15.004420+00:00
2211,2026-02-28 15:00:00+00:00,E3,Barrow,Gillingham,dc_12,0.75799438590002,1.3333333333333333,0.75,0.007994385900019996,dc.home_away,latest_pre_match,2026-02-27 06:47:00.914208+00:00,2026-02-27 12:54:15.004420+00:00
2212,2026-02-28 15:00:00+00:00,E3,Colchester,Salford,o15,0.7096106528994562,1.2857142857142856,0.7777777777777779,-0.06816712487832166,ou_1_5.over,latest_pre_match,2026-02-27 04:47:08.161936+00:00,2026-02-27 12:54:15.004420+00:00
2212,2026-02-28 15:00:00+00:00,E3,Colchester,Salford,u15,0.29038934710054387,3.5,0.2857142857142857,0.0046750613862581725,ou_1_5.under,latest_pre_match,2026-02-27 04:47:08.161936+00:00,2026-02-27 12:54:15.004420+00:00
2212,2026-02-28 15:00:00+00:00,E3,Colchester,Salford,o25,0.5139906284292429,1.9,0.5263157894736842,-0.012325161044441257,ou_2_5.over,latest_pre_match,2026-02-27 04:47:08.161936+00:00,2026-02-27 12:54:15.004420+00:00
2212,2026-02-28 15:00:00+00:00,E3,Colchester,Salford,u25,0.48600937157075713,1.9,0.5263157894736842,-0.04030641790292705,ou_2_5.under,latest_pre_match,2026-02-27 04:47:08.161936+00:00,2026-02-27 12:54:15.004420+00:00
2212,2026-02-28 15:00:00+00:00,E3,Colchester,Salford,c85,0.6174442239144647,,,,corners_ou_8_5.over,,,2026-02-27 12:54:15.004420+00:00
2212,2026-02-28 15:00:00+00:00,E3,Colchester,Salford,btts,0.526601403914885,1.7272727272727273,0.5789473684210527,-0.052345964506167686,btts.yes,latest_pre_match,2026-02-27 04:47:08.161936+00:00,2026-02-27 12:54:15.004420+00:00
2212,2026-02-28 15:00:00+00:00,E3,Colchester,Salford,1x2_h,0.5213446081744076,2.15,0.46511627906976744,0.05622832910464021,1x2.home,latest_pre_match,2026-02-27 04:47:08.161936+00:00,2026-02-27 12:54:15.004420+00:00
2212,2026-02-28 15:00:00+00:00,E3,Colchester,Salford,1x2_d,0.2469268619624628,3.5,0.2857142857142857,-0.0387874237518229,1x2.draw,latest_pre_match,2026-02-27 04:47:08.161936+00:00,2026-02-27 12:54:15.004420+00:00
2212,2026-02-28 15:00:00+00:00,E3,Colchester,Salford,1x2_a,0.21552634781550442,3.0,0.3333333333333333,-0.1178069855178289,1x2.away,latest_pre_match,2026-02-27 04:47:08.161936+00:00,2026-02-27 12:54:15.004420+00:00
2212,2026-02-28 15:00:00+00:00,E3,Colchester,Salford,dc_1x,0.7844736521844956,1.3636363636363638,0.7333333333333333,0.051140318851162325,dc.home_draw,latest_pre_match,2026-02-27 04:47:08.161936+00:00,2026-02-27 12:54:15.004420+00:00
2212,2026-02-28 15:00:00+00:00,E3,Colchester,Salford,dc_x2,0.4786553918255923,1.6666666666666665,0.6000000000000001,-0.12134460817440779,dc.draw_away,latest_pre_match,2026-02-27 04:47:08.161936+00:00,2026-02-27 12:54:15.004420+00:00
2212,2026-02-28 15:00:00+00:00,E3,Colchester,Salford,dc_12,0.7565468550632041,1.2857142857142856,0.7777777777777779,-0.02123092271457383,dc.home_away,latest_pre_match,2026-02-27 04:47:08.161936+00:00,2026-02-27 12:54:15.004420+00:00
2213,2026-02-28 15:00:00+00:00,E3,Barnet,Chesterfield,o15,0.7278838234136747,1.2222222222222223,0.8181818181818181,-0.09029799476814337,ou_1_5.over,latest_pre_match,2026-02-27 06:47:01.537379+00:00,2026-02-27 12:54:15.004420+00:00
2213,2026-02-28 15:00:00+00:00,E3,Barnet,Chesterfield,u15,0.2722908838500844,4.0,0.25,0.022290883850084375,ou_1_5.under,latest_pre_match,2026-02-27 06:47:01.537379+00:00,2026-02-27 12:54:15.004420+00:00
2213,2026-02-28 15:00:00+00:00,E3,Barnet,Chesterfield,o25,0.5627781335690294,1.7,0.5882352941176471,-0.025457160548617686,ou_2_5.over,latest_pre_match,2026-02-27 06:47:01.537379+00:00,2026-02-27 12:54:15.004420+00:00
2213,2026-02-28 15:00:00+00:00,E3,Barnet,Chesterfield,u25,0.43722186643097055,2.1,0.47619047619047616,-0.03896860975950561,ou_2_5.under,latest_pre_match,2026-02-27 06:47:01.537379+00:00,2026-02-27 12:54:15.004420+00:00
2213,2026-02-28 15:00:00+00:00,E3,Barnet,Chesterfield,c85,0.6036700873631614,,,,corners_ou_8_5.over,,,2026-02-27 12:54:15.004420+00:00
2213,2026-02-28 15:00:00+00:00,E3,Barnet,Chesterfield,btts,0.5696776682715123,1.6153846153846154,0.6190476190476191,-0.04936995077610673,btts.yes,latest_pre_match,2026-02-27 06:47:01.537379+00:00,2026-02-27 12:54:15.004420+00:00
2213,2026-02-28 15:00:00+00:00,E3,Barnet,Chesterfield,1x2_h,0.49093057776037724,1.81,0.5524861878453039,-0.06155561008492666,1x2.home,latest_pre_match,2026-02-27 06:47:01.537379+00:00,2026-02-27 12:54:15.004420+00:00
2213,2026-02-28 15:00:00+00:00,E3,Barnet,Chesterfield,1x2_d,0.2386128311064313,3.8,0.2631578947368421,-0.024545063630410785,1x2.draw,latest_pre_match,2026-02-27 06:47:01.537379+00:00,2026-02-27 12:54:15.004420+00:00
2213,2026-02-28 15:00:00+00:00,E3,Barnet,Chesterfield,1x2_a,0.3226361514210767,3.7,0.27027027027027023,0.05236588115080648,1x2.away,latest_pre_match,2026-02-27 06:47:01.537379+00:00,2026-02-27 12:54:15.004420+00:00
2213,2026-02-28 15:00:00+00:00,E3,Barnet,Chesterfield,dc_1x,0.6773638485789233,1.2857142857142856,0.7777777777777779,-0.10041392919885461,dc.home_draw,latest_pre_match,2026-02-27 06:47:01.537379+00:00,2026-02-27 12:54:15.004420+00:00
2213,2026-02-28 15:00:00+00:00,E3,Barnet,Chesterfield,dc_x2,0.5090694222396227,1.9090909090909092,0.5238095238095238,-0.014740101569901132,dc.draw_away,latest_pre_match,2026-02-27 06:47:01.537379+00:00,2026-02-27 12:54:15.004420+00:00
2213,2026-02-28 15:00:00+00:00,E3,Barnet,Chesterfield,dc_12,0.75799438590002,1.25,0.8,-0.04200561409998005,dc.home_away,latest_pre_match,2026-02-27 06:47:01.537379+00:00,2026-02-27 12:54:15.004420+00:00
2759,2026-02-28 15:00:00+00:00,EC,Aldershot,Rochdale,o15,0.8320067078435279,1.1818181818181819,0.8461538461538461,-0.014147138310318219,ou_1_5.over,latest_pre_match,2026-02-27 04:47:39.152465+00:00,2026-02-27 12:54:15.004420+00:00
2759,2026-02-28 15:00:00+00:00,EC,Aldershot,Rochdale,u15,0.16799329215647207,4.5,0.2222222222222222,-0.054228930065750136,ou_1_5.under,latest_pre_match,2026-02-27 04:47:39.152465+00:00,2026-02-27 12:54:15.004420+00:00
2759,2026-02-28 15:00:00+00:00,EC,Aldershot,Rochdale,o25,0.6434371291514148,1.65,0.6060606060606061,0.037376523090808744,ou_2_5.over,latest_pre_match,2026-02-27 04:47:39.152465+00:00,2026-02-27 12:54:15.004420+00:00
2759,2026-02-28 15:00:00+00:00,EC,Aldershot,Rochdale,u25,0.35865865865865865,2.2,0.45454545454545453,-0.09588679588679588,ou_2_5.under,latest_pre_match,2026-02-27 04:47:39.152465+00:00,2026-02-27 12:54:15.004420+00:00
2759,2026-02-28 15:00:00+00:00,EC,Aldershot,Rochdale,c85,0.6079007328091182,,,,corners_ou_8_5.over,,,2026-02-27 12:54:15.004420+00:00
2759,2026-02-28 15:00:00+00:00,EC,Aldershot,Rochdale,btts,0.5557751262728575,1.6666666666666665,0.6000000000000001,-0.044224873727142566,btts.yes,latest_pre_match,2026-02-27 04:47:39.152465+00:00,2026-02-27 12:54:15.004420+00:00
2759,2026-02-28 15:00:00+00:00,EC,Aldershot,Rochdale,1x2_h,0.45675707441617114,4.0,0.25,0.20675707441617114,1x2.home,latest_pre_match,2026-02-27 04:47:39.152465+00:00,2026-02-27 12:54:15.004420+00:00
2759,2026-02-28 15:00:00+00:00,EC,Aldershot,Rochdale,1x2_d,0.2589713946177104,3.6,0.2777777777777778,-0.018806383160067386,1x2.draw,latest_pre_match,2026-02-27 04:47:39.152465+00:00,2026-02-27 12:54:15.004420+00:00
2759,2026-02-28 15:00:00+00:00,EC,Aldershot,Rochdale,1x2_a,0.2639625788343543,1.75,0.5714285714285714,-0.3074659925942171,1x2.away,latest_pre_match,2026-02-27 04:47:39.152465+00:00,2026-02-27 12:54:15.004420+00:00
2759,2026-02-28 15:00:00+00:00,EC,Aldershot,Rochdale,dc_1x,0.7360374211656456,1.9090909090909092,0.5238095238095238,0.2122278973561218,dc.home_draw,latest_pre_match,2026-02-27 04:47:39.152465+00:00,2026-02-27 12:54:15.004420+00:00
2759,2026-02-28 15:00:00+00:00,EC,Aldershot,Rochdale,dc_x2,0.5432429255838288,1.2,0.8333333333333334,-0.29009040774950456,dc.draw_away,latest_pre_match,2026-02-27 04:47:39.152465+00:00,2026-02-27 12:54:15.004420+00:00
2759,2026-02-28 15:00:00+00:00,EC,Aldershot,Rochdale,dc_12,0.7419693143006674,1.25,0.8,-0.058030685699332674,dc.home_away,latest_pre_match,2026-02-27 04:47:39.152465+00:00,2026-02-27 12:54:15.004420+00:00
2760,2026-02-28 15:00:00+00:00,EC,Truro,Braintree,o15,0.7467514391885071,1.2857142857142856,0.7777777777777779,-0.03102633858927084,ou_1_5.over,latest_pre_match,2026-02-27 04:47:39.911783+00:00,2026-02-27 12:54:15.004420+00:00
2760,2026-02-28 15:00:00+00:00,EC,Truro,Braintree,u15,0.2534232680752521,3.5,0.2857142857142857,-0.03229101763903358,ou_1_5.under,latest_pre_match,2026-02-27 04:47:39.911783+00:00,2026-02-27 12:54:15.004420+00:00
2760,2026-02-28 15:00:00+00:00,EC,Truro,Braintree,o25,0.5564376572309203,1.9,0.5263157894736842,0.03012186775723613,ou_2_5.over,latest_pre_match,2026-02-27 04:47:39.911783+00:00,2026-02-27 12:54:15.004420+00:00
2760,2026-02-28 15:00:00+00:00,EC,Truro,Braintree,u25,0.44356234276907974,1.9,0.5263157894736842,-0.08275344670460444,ou_2_5.under,latest_pre_match,2026-02-27 04:47:39.911783+00:00,2026-02-27 12:54:15.004420+00:00
2760,2026-02-28 15:00:00+00:00,EC,Truro,Braintree,c85,0.6045811735604047,,,,corners_ou_8_5.over,,,2026-02-27 12:54:15.004420+00:00
2760,2026-02-28 15:00:00+00:00,EC,Truro,Braintree,btts,0.5666251494574208,1.75,0.5714285714285714,-0.004803421971150579,btts.yes,latest_pre_match,2026-02-27 04:47:39.911783+00:00,2026-02-27 12:54:15.004420+00:00
2760,2026-02-28 15:00:00+00:00,EC,Truro,Braintree,1x2_h,0.5658526727299962,1.85,0.5405405405405405,0.025312132189455716,1x2.home,latest_pre_match,2026-02-27 04:47:39.911783+00:00,2026-02-27 12:54:15.004420+00:00
2760,2026-02-28 15:00:00+00:00,EC,Truro,Braintree,1x2_d,0.2589713946177104,3.4,0.29411764705882354,-0.035146252441113135,1x2.draw,latest_pre_match,2026-02-27 04:47:39.911783+00:00,2026-02-27 12:54:15.004420+00:00
2760,2026-02-28 15:00:00+00:00,EC,Truro,Braintree,1x2_a,0.23099376268761895,3.8,0.2631578947368421,-0.03216413204922314,1x2.away,latest_pre_match,2026-02-27 04:47:39.911783+00:00,2026-02-27 12:54:15.004420+00:00
2760,2026-02-28 15:00:00+00:00,EC,Truro,Braintree,dc_1x,0.769006237312381,1.2222222222222223,0.8181818181818181,-0.049175580869437074,dc.home_draw,latest_pre_match,2026-02-27 04:47:39.911783+00:00,2026-02-27 12:54:15.004420+00:00
2760,2026-02-28 15:00:00+00:00,EC,Truro,Braintree,dc_x2,0.4341473272700038,1.8,0.5555555555555556,-0.12140822828555176,dc.draw_away,latest_pre_match,2026-02-27 04:47:39.911783+00:00,2026-02-27 12:54:15.004420+00:00
2760,2026-02-28 15:00:00+00:00,EC,Truro,Braintree,dc_12,0.7443803116710116,1.2857142857142856,0.7777777777777779,-0.033397466106766305,dc.home_away,latest_pre_match,2026-02-27 04:47:39.911783+00:00,2026-02-27 12:54:15.004420+00:00
2761,2026-02-28 15:00:00+00:00,EC,Scunthorpe,Solihull Moors,o15,0.8223913232281433,1.1666666666666667,0.8571428571428571,-0.03475153391471375,ou_1_5.over,latest_pre_match,2026-02-27 04:47:40.548305+00:00,2026-02-27 12:54:15.004420+00:00
2761,2026-02-28 15:00:00+00:00,EC,Scunthorpe,Solihull Moors,u15,0.17760867677185668,5.0,0.2,-0.02239132322814333,ou_1_5.under,latest_pre_match,2026-02-27 04:47:40.548305+00:00,2026-02-27 12:54:15.004420+00:00
2761,2026-02-28 15:00:00+00:00,EC,Scunthorpe,Solihull Moors,o25,0.6403925126539968,1.5714285714285714,0.6363636363636364,0.004028876290360417,ou_2_5.over,latest_pre_match,2026-02-27 04:47:40.548305+00:00,2026-02-27 12:54:15.004420+00:00
2761,2026-02-28 15:00:00+00:00,EC,Scunthorpe,Solihull Moors,u25,0.3596074873460033,2.35,0.425531914893617,-0.06592442754761374,ou_2_5.under,latest_pre_match,2026-02-27 04:47:40.548305+00:00,2026-02-27 12:54:15.004420+00:00
2761,2026-02-28 15:00:00+00:00,EC,Scunthorpe,Solihull Moors,c85,0.6330271324477649,,,,corners_ou_8_5.over,,,2026-02-27 12:54:15.004420+00:00
2761,2026-02-28 15:00:00+00:00,EC,Scunthorpe,Solihull Moors,btts,0.5666251494574208,1.5333333333333332,0.6521739130434783,-0.08554876358605745,btts.yes,latest_pre_match,2026-02-27 04:47:40.548305+00:00,2026-02-27 12:54:15.004420+00:00
2761,2026-02-28 15:00:00+00:00,EC,Scunthorpe,Solihull Moors,1x2_h,0.5311493508834887,1.8,0.5555555555555556,-0.02440620467206689,1x2.home,latest_pre_match,2026-02-27 04:47:40.548305+00:00,2026-02-27 12:54:15.004420+00:00
2761,2026-02-28 15:00:00+00:00,EC,Scunthorpe,Solihull Moors,1x2_d,0.21611177305301688,3.7,0.27027027027027023,-0.054158497217253354,1x2.draw,latest_pre_match,2026-02-27 04:47:40.548305+00:00,2026-02-27 12:54:15.004420+00:00
2761,2026-02-28 15:00:00+00:00,EC,Scunthorpe,Solihull Moors,1x2_a,0.29886325584094803,3.8,0.2631578947368421,0.03570536110410594,1x2.away,latest_pre_match,2026-02-27 04:47:40.548305+00:00,2026-02-27 12:54:15.004420+00:00
2761,2026-02-28 15:00:00+00:00,EC,Scunthorpe,Solihull Moors,dc_1x,0.701136744159052,1.25,0.8,-0.09886325584094802,dc.home_draw,latest_pre_match,2026-02-27 04:47:40.548305+00:00,2026-02-27 12:54:15.004420+00:00
2761,2026-02-28 15:00:00+00:00,EC,Scunthorpe,Solihull Moors,dc_x2,0.46885064911651125,1.95,0.5128205128205129,-0.04396986370400163,dc.draw_away,latest_pre_match,2026-02-27 04:47:40.548305+00:00,2026-02-27 12:54:15.004420+00:00
2761,2026-02-28 15:00:00+00:00,EC,Scunthorpe,Solihull Moors,dc_12,0.78736194397265,1.2857142857142856,0.7777777777777779,0.009584166194872124,dc.home_away,latest_pre_match,2026-02-27 04:47:40.548305+00:00,2026-02-27 12:54:15.004420+00:00
2762,2026-02-28 15:00:00+00:00,EC,Tamworth,Boreham Wood,o15,0.832936507936508,1.1818181818181819,0.8461538461538461,-0.01321733821733817,ou_1_5.over,latest_pre_match,2026-02-27 04:47:41.306057+00:00,2026-02-27 12:54:15.004420+00:00
2762,2026-02-28 15:00:00+00:00,EC,Tamworth,Boreham Wood,u15,0.16706349206349205,4.5,0.2222222222222222,-0.05515873015873016,ou_1_5.under,latest_pre_match,2026-02-27 04:47:41.306057+00:00,2026-02-27 12:54:15.004420+00:00
2762,2026-02-28 15:00:00+00:00,EC,Tamworth,Boreham Wood,o25,0.7300795978215332,1.6153846153846154,0.6190476190476191,0.11103197877391413,ou_2_5.over,latest_pre_match,2026-02-27 04:47:41.306057+00:00,2026-02-27 12:54:15.004420+00:00
2762,2026-02-28 15:00:00+00:00,EC,Tamworth,Boreham Wood,u25,0.2699204021784667,2.25,0.4444444444444444,-0.17452404226597773,ou_2_5.under,latest_pre_match,2026-02-27 04:47:41.306057+00:00,2026-02-27 12:54:15.004420+00:00
2762,2026-02-28 15:00:00+00:00,EC,Tamworth,Boreham Wood,c85,0.6373952893820714,,,,corners_ou_8_5.over,,,2026-02-27 12:54:15.004420+00:00
2762,2026-02-28 15:00:00+00:00,EC,Tamworth,Boreham Wood,btts,0.5504475972512987,1.6153846153846154,0.6190476190476191,-0.06860002179632041,btts.yes,latest_pre_match,2026-02-27 04:47:41.306057+00:00,2026-02-27 12:54:15.004420+00:00
2762,2026-02-28 15:00:00+00:00,EC,Tamworth,Boreham Wood,1x2_h,0.2370488510839388,3.9,0.25641025641025644,-0.019361405326317638,1x2.home,latest_pre_match,2026-02-27 04:47:41.306057+00:00,2026-02-27 12:54:15.004420+00:00
2762,2026-02-28 15:00:00+00:00,EC,Tamworth,Boreham Wood,1x2_d,0.1745034889962426,3.5,0.2857142857142857,-0.1112107967180431,1x2.draw,latest_pre_match,2026-02-27 04:47:41.306057+00:00,2026-02-27 12:54:15.004420+00:00
2762,2026-02-28 15:00:00+00:00,EC,Tamworth,Boreham Wood,1x2_a,0.7449494949494949,1.8,0.5555555555555556,0.18939393939393934,1x2.away,latest_pre_match,2026-02-27 04:47:41.306057+00:00,2026-02-27 12:54:15.004420+00:00
2762,2026-02-28 15:00:00+00:00,EC,Tamworth,Boreham Wood,dc_1x,0.255050505050505,1.8333333333333335,0.5454545454545454,-0.2904040404040404,dc.home_draw,latest_pre_match,2026-02-27 04:47:41.306057+00:00,2026-02-27 12:54:15.004420+00:00
2762,2026-02-28 15:00:00+00:00,EC,Tamworth,Boreham Wood,dc_x2,0.7629511489160611,1.2222222222222223,0.8181818181818181,-0.05523066926575704,dc.draw_away,latest_pre_match,2026-02-27 04:47:41.306057+00:00,2026-02-27 12:54:15.004420+00:00
2762,2026-02-28 15:00:00+00:00,EC,Tamworth,Boreham Wood,dc_12,0.8251610305958131,1.25,0.8,0.025161030595813094,dc.home_away,latest_pre_match,2026-02-27 04:47:41.306057+00:00,2026-02-27 12:54:15.004420+00:00
2763,2026-02-28 15:00:00+00:00,EC,Eastleigh,Carlisle,o15,0.7908285132362595,1.2222222222222223,0.8181818181818181,-0.027353304945558654,ou_1_5.over,latest_pre_match,2026-02-27 04:47:09.577554+00:00,2026-02-27 12:54:15.004420+00:00
2763,2026-02-28 15:00:00+00:00,EC,Eastleigh,Carlisle,u15,0.20917148676374053,4.0,0.25,-0.04082851323625947,ou_1_5.under,latest_pre_match,2026-02-27 04:47:09.577554+00:00,2026-02-27 12:54:15.004420+00:00
2763,2026-02-28 15:00:00+00:00,EC,Eastleigh,Carlisle,o25,0.6042924491103242,1.7,0.5882352941176471,0.016057154992677125,ou_2_5.over,latest_pre_match,2026-02-27 04:47:09.577554+00:00,2026-02-27 12:54:15.004420+00:00
2763,2026-02-28 15:00:00+00:00,EC,Eastleigh,Carlisle,u25,0.3978033386997493,2.1,0.47619047619047616,-0.07838713749072684,ou_2_5.under,latest_pre_match,2026-02-27 04:47:09.577554+00:00,2026-02-27 12:54:15.004420+00:00
2763,2026-02-28 15:00:00+00:00,EC,Eastleigh,Carlisle,c85,0.6148840600639782,,,,corners_ou_8_5.over,,,2026-02-27 12:54:15.004420+00:00
2763,2026-02-28 15:00:00+00:00,EC,Eastleigh,Carlisle,btts,0.5723536821415561,1.7,0.5882352941176471,-0.015881611976090948,btts.yes,latest_pre_match,2026-02-27 04:47:09.577554+00:00,2026-02-27 12:54:15.004420+00:00
2763,2026-02-28 15:00:00+00:00,EC,Eastleigh,Carlisle,1x2_h,0.3856030467530262,4.5,0.2222222222222222,0.163380824530804,1x2.home,latest_pre_match,2026-02-27 04:47:09.577554+00:00,2026-02-27 12:54:15.004420+00:00
2763,2026-02-28 15:00:00+00:00,EC,Eastleigh,Carlisle,1x2_d,0.20032341375242738,3.75,0.26666666666666666,-0.06634325291423929,1x2.draw,latest_pre_match,2026-02-27 04:47:09.577554+00:00,2026-02-27 12:54:15.004420+00:00
2763,2026-02-28 15:00:00+00:00,EC,Eastleigh,Carlisle,1x2_a,0.45672039307526296,1.65,0.6060606060606061,-0.1493402129853431,1x2.away,latest_pre_match,2026-02-27 04:47:09.577554+00:00,2026-02-27 12:54:15.004420+00:00
2763,2026-02-28 15:00:00+00:00,EC,Eastleigh,Carlisle,dc_1x,0.5432796069247371,2.2,0.45454545454545453,0.08873415237928256,dc.home_draw,latest_pre_match,2026-02-27 04:47:09.577554+00:00,2026-02-27 12:54:15.004420+00:00
2763,2026-02-28 15:00:00+00:00,EC,Eastleigh,Carlisle,dc_x2,0.6143969532469739,1.1818181818181819,0.8461538461538461,-0.2317568929068723,dc.draw_away,latest_pre_match,2026-02-27 04:47:09.577554+00:00,2026-02-27 12:54:15.004420+00:00
2763,2026-02-28 15:00:00+00:00,EC,Eastleigh,Carlisle,dc_12,0.796283803254027,1.25,0.8,-0.0037161967459730105,dc.home_away,latest_pre_match,2026-02-27 04:47:09.577554+00:00,2026-02-27 12:54:15.004420+00:00
2764,2026-02-28 15:00:00+00:00,EC,Gateshead,Forest Green,o15,0.9087802904284494,1.125,0.8888888888888888,0.019891401539560594,ou_1_5.over,latest_pre_match,2026-02-27 04:47:10.334385+00:00,2026-02-27 12:54:15.004420+00:00
2764,2026-02-28 15:00:00+00:00,EC,Gateshead,Forest Green,u15,0.09121970957155061,6.0,0.16666666666666666,-0.07544695709511605,ou_1_5.under,latest_pre_match,2026-02-27 04:47:10.334385+00:00,2026-02-27 12:54:15.004420+00:00
2764,2026-02-28 15:00:00+00:00,EC,Gateshead,Forest Green,o25,0.7055643967105875,1.4444444444444444,0.6923076923076923,0.01325670440289517,ou_2_5.over,latest_pre_match,2026-02-27 04:47:10.334385+00:00,2026-02-27 12:54:15.004420+00:00
2764,2026-02-28 15:00:00+00:00,EC,Gateshead,Forest Green,u25,0.2944356032894125,2.7,0.37037037037037035,-0.07593476708095787,ou_2_5.under,latest_pre_match,2026-02-27 04:47:10.334385+00:00,2026-02-27 12:54:15.004420+00:00
2764,2026-02-28 15:00:00+00:00,EC,Gateshead,Forest Green,c85,0.6828680457923277,,,,corners_ou_8_5.over,,,2026-02-27 12:54:15.004420+00:00
2764,2026-02-28 15:00:00+00:00,EC,Gateshead,Forest Green,btts,0.5696776682715123,1.5333333333333332,0.6521739130434783,-0.08249624477196593,btts.yes,latest_pre_match,2026-02-27 04:47:10.334385+00:00,2026-02-27 12:54:15.004420+00:00
2764,2026-02-28 15:00:00+00:00,EC,Gateshead,Forest Green,1x2_h,0.2185303325654203,5.0,0.2,0.018530332565420277,1x2.home,latest_pre_match,2026-02-27 04:47:10.334385+00:00,2026-02-27 12:54:15.004420+00:00
2764,2026-02-28 15:00:00+00:00,EC,Gateshead,Forest Green,1x2_d,0.05714285714285714,4.1,0.24390243902439027,-0.18675958188153313,1x2.draw,latest_pre_match,2026-02-27 04:47:10.334385+00:00,2026-02-27 12:54:15.004420+00:00
2764,2026-02-28 15:00:00+00:00,EC,Gateshead,Forest Green,1x2_a,0.7449494949494949,1.53,0.6535947712418301,0.09135472370766484,1x2.away,latest_pre_match,2026-02-27 04:47:10.334385+00:00,2026-02-27 12:54:15.004420+00:00
2764,2026-02-28 15:00:00+00:00,EC,Gateshead,Forest Green,dc_1x,0.255050505050505,2.25,0.4444444444444444,-0.1893939393939394,dc.home_draw,latest_pre_match,2026-02-27 04:47:10.334385+00:00,2026-02-27 12:54:15.004420+00:00
2764,2026-02-28 15:00:00+00:00,EC,Gateshead,Forest Green,dc_x2,0.7814696674345797,1.1428571428571428,0.875,-0.09353033256542032,dc.draw_away,latest_pre_match,2026-02-27 04:47:10.334385+00:00,2026-02-27 12:54:15.004420+00:00
2764,2026-02-28 15:00:00+00:00,EC,Gateshead,Forest Green,dc_12,0.942857142857143,1.2,0.8333333333333334,0.10952380952380958,dc.home_away,latest_pre_match,2026-02-27 04:47:10.334385+00:00,2026-02-27 12:54:15.004420+00:00
2765,2026-02-28 15:00:00+00:00,EC,FC Halifax,Sutton,o15,0.7860666084743547,1.25,0.8,-0.013933391525645322,ou_1_5.over,latest_pre_match,2026-02-27 04:47:11.114239+00:00,2026-02-27 12:54:15.004420+00:00
2765,2026-02-28 15:00:00+00:00,EC,FC Halifax,Sutton,u15,0.2139333915256453,3.75,0.26666666666666666,-0.05273327514102136,ou_1_5.under,latest_pre_match,2026-02-27 04:47:11.114239+00:00,2026-02-27 12:54:15.004420+00:00
2765,2026-02-28 15:00:00+00:00,EC,FC Halifax,Sutton,o25,0.5445851528877751,1.8,0.5555555555555556,-0.010970402667780488,ou_2_5.over,latest_pre_match,2026-02-27 04:47:11.114239+00:00,2026-02-27 12:54:15.004420+00:00
2765,2026-02-28 15:00:00+00:00,EC,FC Halifax,Sutton,u25,0.45541484711222485,2.0,0.5,-0.04458515288777515,ou_2_5.under,latest_pre_match,2026-02-27 04:47:11.114239+00:00,2026-02-27 12:54:15.004420+00:00
2765,2026-02-28 15:00:00+00:00,EC,FC Halifax,Sutton,c85,0.6214694966755245,,,,corners_ou_8_5.over,,,2026-02-27 12:54:15.004420+00:00
2765,2026-02-28 15:00:00+00:00,EC,FC Halifax,Sutton,btts,0.5504475972512987,1.7,0.5882352941176471,-0.03778769686634842,btts.yes,latest_pre_match,2026-02-27 04:47:11.114239+00:00,2026-02-27 12:54:15.004420+00:00
2765,2026-02-28 15:00:00+00:00,EC,FC Halifax,Sutton,1x2_h,0.4147990324581292,1.95,0.5128205128205129,-0.09802148036238367,1x2.home,latest_pre_match,2026-02-27 04:47:11.114239+00:00,2026-02-27 12:54:15.004420+00:00
2765,2026-02-28 15:00:00+00:00,EC,FC Halifax,Sutton,1x2_d,0.24547933112564688,3.4,0.29411764705882354,-0.04863831593317666,1x2.draw,latest_pre_match,2026-02-27 04:47:11.114239+00:00,2026-02-27 12:54:15.004420+00:00
2765,2026-02-28 15:00:00+00:00,EC,FC Halifax,Sutton,1x2_a,0.3483543906034006,3.5,0.2857142857142857,0.06264010488911492,1x2.away,latest_pre_match,2026-02-27 04:47:11.114239+00:00,2026-02-27 12:54:15.004420+00:00
2765,2026-02-28 15:00:00+00:00,EC,FC Halifax,Sutton,dc_1x,0.6516456093965994,1.2857142857142856,0.7777777777777779,-0.12613216838117847,dc.home_draw,latest_pre_match,2026-02-27 04:47:11.114239+00:00,2026-02-27 12:54:15.004420+00:00
2765,2026-02-28 15:00:00+00:00,EC,FC Halifax,Sutton,dc_x2,0.5852009675418709,1.8,0.5555555555555556,0.029645411986315318,dc.draw_away,latest_pre_match,2026-02-27 04:47:11.114239+00:00,2026-02-27 12:54:15.004420+00:00
2765,2026-02-28 15:00:00+00:00,EC,FC Halifax,Sutton,dc_12,0.75799438590002,1.3,0.7692307692307692,-0.011236383330749167,dc.home_away,latest_pre_match,2026-02-27 04:47:11.114239+00:00,2026-02-27 12:54:15.004420+00:00
2766,2026-02-28 15:00:00+00:00,EC,Brackley Town,Altrincham,o15,0.7439395317611361,1.25,0.8,-0.0560604682388639,ou_1_5.over,latest_pre_match,2026-02-27 04:47:38.506103+00:00,2026-02-27 12:54:15.004420+00:00
2766,2026-02-28 15:00:00+00:00,EC,Brackley Town,Altrincham,u15,0.2560604682388638,3.75,0.26666666666666666,-0.01060619842780286,ou_1_5.under,latest_pre_match,2026-02-27 04:47:38.506103+00:00,2026-02-27 12:54:15.004420+00:00
2766,2026-02-28 15:00:00+00:00,EC,Brackley Town,Altrincham,o25,0.532220321399372,1.9,0.5263157894736842,0.00590453192568785,ou_2_5.over,latest_pre_match,2026-02-27 04:47:38.506103+00:00,2026-02-27 12:54:15.004420+00:00
2766,2026-02-28 15:00:00+00:00,EC,Brackley Town,Altrincham,u25,0.4677796786006279,1.9,0.5263157894736842,-0.05853611087305627,ou_2_5.under,latest_pre_match,2026-02-27 04:47:38.506103+00:00,2026-02-27 12:54:15.004420+00:00
2766,2026-02-28 15:00:00+00:00,EC,Brackley Town,Altrincham,c85,0.6330271324477649,,,,corners_ou_8_5.over,,,2026-02-27 12:54:15.004420+00:00
2766,2026-02-28 15:00:00+00:00,EC,Brackley Town,Altrincham,btts,0.5277820811061126,1.7,0.5882352941176471,-0.0604532130115345,btts.yes,latest_pre_match,2026-02-27 04:47:38.506103+00:00,2026-02-27 12:54:15.004420+00:00
2766,2026-02-28 15:00:00+00:00,EC,Brackley Town,Altrincham,1x2_h,0.5311554970246805,2.2,0.45454545454545453,0.07661004247922593,1x2.home,latest_pre_match,2026-02-27 04:47:38.506103+00:00,2026-02-27 12:54:15.004420+00:00
2766,2026-02-28 15:00:00+00:00,EC,Brackley Town,Altrincham,1x2_d,0.23157349363231125,3.2,0.3125,-0.08092650636768875,1x2.draw,latest_pre_match,2026-02-27 04:47:38.506103+00:00,2026-02-27 12:54:15.004420+00:00
2766,2026-02-28 15:00:00+00:00,EC,Brackley Town,Altrincham,1x2_a,0.2740074836818597,3.1,0.3225806451612903,-0.04857316147943064,1x2.away,latest_pre_match,2026-02-27 04:47:38.506103+00:00,2026-02-27 12:54:15.004420+00:00
2766,2026-02-28 15:00:00+00:00,EC,Brackley Town,Altrincham,dc_1x,0.7259925163181403,1.3636363636363638,0.7333333333333333,-0.0073408170151929575,dc.home_draw,latest_pre_match,2026-02-27 04:47:38.506103+00:00,2026-02-27 12:54:15.004420+00:00
2766,2026-02-28 15:00:00+00:00,EC,Brackley Town,Altrincham,dc_x2,0.4688445029753195,1.6666666666666665,0.6000000000000001,-0.1311554970246806,dc.draw_away,latest_pre_match,2026-02-27 04:47:38.506103+00:00,2026-02-27 12:54:15.004420+00:00
2766,2026-02-28 15:00:00+00:00,EC,Brackley Town,Altrincham,dc_12,0.76503372337414,1.3636363636363638,0.7333333333333333,0.031700390040806714,dc.home_away,latest_pre_match,2026-02-27 04:47:38.506103+00:00,2026-02-27 12:54:15.004420+00:00
3071,2026-02-28 15:00:00+00:00,SC0,Dundee FC,Hibernian,o15,0.7379110726785933,1.2857142857142856,0.7777777777777779,-0.03986670509918455,ou_1_5.over,latest_pre_match,2026-02-27 04:47:34.038360+00:00,2026-02-27 12:54:15.004420+00:00
3071,2026-02-28 15:00:00+00:00,SC0,Dundee FC,Hibernian,u15,0.26179053790524337,3.75,0.26666666666666666,-0.004876128761423293,ou_1_5.under,latest_pre_match,2026-02-27 04:47:34.038360+00:00,2026-02-27 12:54:15.004420+00:00
3071,2026-02-28 15:00:00+00:00,SC0,Dundee FC,Hibernian,o25,0.5139906284292429,1.9090909090909092,0.5238095238095238,-0.009818895380280912,ou_2_5.over,latest_pre_match,2026-02-27 04:47:34.038360+00:00,2026-02-27 12:54:15.004420+00:00
3071,2026-02-28 15:00:00+00:00,SC0,Dundee FC,Hibernian,u25,0.48600937157075713,1.9090909090909092,0.5238095238095238,-0.037800152238766704,ou_2_5.under,latest_pre_match,2026-02-27 04:47:34.038360+00:00,2026-02-27 12:54:15.004420+00:00
3071,2026-02-28 15:00:00+00:00,SC0,Dundee FC,Hibernian,c85,0.6133010542605067,,,,corners_ou_8_5.over,,,2026-02-27 12:54:15.004420+00:00
3071,2026-02-28 15:00:00+00:00,SC0,Dundee FC,Hibernian,btts,0.526601403914885,1.7,0.5882352941176471,-0.06163389020276211,btts.yes,latest_pre_match,2026-02-27 04:47:34.038360+00:00,2026-02-27 12:54:15.004420+00:00
3071,2026-02-28 15:00:00+00:00,SC0,Dundee FC,Hibernian,1x2_h,0.34692500570263185,3.25,0.3076923076923077,0.03923269801032414,1x2.home,latest_pre_match,2026-02-27 04:47:34.038360+00:00,2026-02-27 12:54:15.004420+00:00
3071,2026-02-28 15:00:00+00:00,SC0,Dundee FC,Hibernian,1x2_d,0.2449620374556377,3.6,0.2777777777777778,-0.0328157403221401,1x2.draw,latest_pre_match,2026-02-27 04:47:34.038360+00:00,2026-02-27 12:54:15.004420+00:00
3071,2026-02-28 15:00:00+00:00,SC0,Dundee FC,Hibernian,1x2_a,0.4440502406002773,2.05,0.48780487804878053,-0.04375463744850322,1x2.away,latest_pre_match,2026-02-27 04:47:34.038360+00:00,2026-02-27 12:54:15.004420+00:00
3071,2026-02-28 15:00:00+00:00,SC0,Dundee FC,Hibernian,dc_1x,0.5559497593997227,1.7,0.5882352941176471,-0.03228553471792439,dc.home_draw,latest_pre_match,2026-02-27 04:47:34.038360+00:00,2026-02-27 12:54:15.004420+00:00
3071,2026-02-28 15:00:00+00:00,SC0,Dundee FC,Hibernian,dc_x2,0.6530749942973681,1.3333333333333333,0.75,-0.09692500570263185,dc.draw_away,latest_pre_match,2026-02-27 04:47:34.038360+00:00,2026-02-27 12:54:15.004420+00:00
3071,2026-02-28 15:00:00+00:00,SC0,Dundee FC,Hibernian,dc_12,0.7516451795508137,1.2857142857142856,0.7777777777777779,-0.026132598226964232,dc.home_away,latest_pre_match,2026-02-27 04:47:34.038360+00:00,2026-02-27 12:54:15.004420+00:00
3072,2026-02-28 15:00:00+00:00,SC0,Hearts,Aberdeen,o15,0.7491750280214959,1.2222222222222223,0.8181818181818181,-0.06900679016032218,ou_1_5.over,latest_pre_match,2026-02-27 04:47:33.393134+00:00,2026-02-27 12:54:15.004420+00:00
3072,2026-02-28 15:00:00+00:00,SC0,Hearts,Aberdeen,u15,0.250824971978504,4.333333333333334,0.23076923076923073,0.02005574120927328,ou_1_5.under,latest_pre_match,2026-02-27 04:47:33.393134+00:00,2026-02-27 12:54:15.004420+00:00
3072,2026-02-28 15:00:00+00:00,SC0,Hearts,Aberdeen,o25,0.5571619306342321,1.7272727272727273,0.5789473684210527,-0.021785437786820516,ou_2_5.over,latest_pre_match,2026-02-27 04:47:33.393134+00:00,2026-02-27 12:54:15.004420+00:00
3072,2026-02-28 15:00:00+00:00,SC0,Hearts,Aberdeen,u25,0.4428380693657678,2.1,0.47619047619047616,-0.03335240682470836,ou_2_5.under,latest_pre_match,2026-02-27 04:47:33.393134+00:00,2026-02-27 12:54:15.004420+00:00
3072,2026-02-28 15:00:00+00:00,SC0,Hearts,Aberdeen,c85,0.6330271324477649,,,,corners_ou_8_5.over,,,2026-02-27 12:54:15.004420+00:00
3072,2026-02-28 15:00:00+00:00,SC0,Hearts,Aberdeen,btts,0.5458314749350986,1.95,0.5128205128205129,0.03301096211458576,btts.yes,latest_pre_match,2026-02-27 04:47:33.393134+00:00,2026-02-27 12:54:15.004420+00:00
3072,2026-02-28 15:00:00+00:00,SC0,Hearts,Aberdeen,1x2_h,0.4147990324581292,1.37,0.7299270072992701,-0.31512797484114086,1x2.home,latest_pre_match,2026-02-27 04:47:33.393134+00:00,2026-02-27 12:54:15.004420+00:00
3072,2026-02-28 15:00:00+00:00,SC0,Hearts,Aberdeen,1x2_d,0.26984095983510165,4.2,0.23809523809523808,0.031745721739863564,1x2.draw,latest_pre_match,2026-02-27 04:47:33.393134+00:00,2026-02-27 12:54:15.004420+00:00
3072,2026-02-28 15:00:00+00:00,SC0,Hearts,Aberdeen,1x2_a,0.3208140297297064,9.0,0.1111111111111111,0.2097029186185953,1x2.away,latest_pre_match,2026-02-27 04:47:33.393134+00:00,2026-02-27 12:54:15.004420+00:00
3072,2026-02-28 15:00:00+00:00,SC0,Hearts,Aberdeen,dc_1x,0.6791859702702935,1.0714285714285714,0.9333333333333333,-0.25414736306303987,dc.home_draw,latest_pre_match,2026-02-27 04:47:33.393134+00:00,2026-02-27 12:54:15.004420+00:00
3072,2026-02-28 15:00:00+00:00,SC0,Hearts,Aberdeen,dc_x2,0.5852009675418709,2.75,0.36363636363636365,0.22156460390550725,dc.draw_away,latest_pre_match,2026-02-27 04:47:33.393134+00:00,2026-02-27 12:54:15.004420+00:00
3072,2026-02-28 15:00:00+00:00,SC0,Hearts,Aberdeen,dc_12,0.731221759820221,1.2222222222222223,0.8181818181818181,-0.08696005836159715,dc.home_away,latest_pre_match,2026-02-27 04:47:33.393134+00:00,2026-02-27 12:54:15.004420+00:00
3073,2026-02-28 15:00:00+00:00,SC0,Falkirk,Kilmarnock,o15,0.7326755764182336,1.25,0.8,-0.06732442358176649,ou_1_5.over,latest_pre_match,2026-02-27 04:47:32.743892+00:00,2026-02-27 12:54:15.004420+00:00
3073,2026-02-28 15:00:00+00:00,SC0,Falkirk,Kilmarnock,u15,0.26702603416560317,4.0,0.25,0.017026034165603166,ou_1_5.under,latest_pre_match,2026-02-27 04:47:32.743892+00:00,2026-02-27 12:54:15.004420+00:00
3073,2026-02-28 15:00:00+00:00,SC0,Falkirk,Kilmarnock,o25,0.46704828595511344,1.8,0.5555555555555556,-0.08850726960044214,ou_2_5.over,latest_pre_match,2026-02-27 04:47:32.743892+00:00,2026-02-27 12:54:15.004420+00:00
3073,2026-02-28 15:00:00+00:00,SC0,Falkirk,Kilmarnock,u25,0.5329517140448865,2.0,0.5,0.032951714044886504,ou_2_5.under,latest_pre_match,2026-02-27 04:47:32.743892+00:00,2026-02-27 12:54:15.004420+00:00
3073,2026-02-28 15:00:00+00:00,SC0,Falkirk,Kilmarnock,c85,0.666650573120814,,,,corners_ou_8_5.over,,,2026-02-27 12:54:15.004420+00:00
3073,2026-02-28 15:00:00+00:00,SC0,Falkirk,Kilmarnock,btts,0.5412455602445055,1.75,0.5714285714285714,-0.030183011184065855,btts.yes,latest_pre_match,2026-02-27 04:47:32.743892+00:00,2026-02-27 12:54:15.004420+00:00
3073,2026-02-28 15:00:00+00:00,SC0,Falkirk,Kilmarnock,1x2_h,0.45675707441617114,1.62,0.6172839506172839,-0.16052687620111278,1x2.home,latest_pre_match,2026-02-27 04:47:32.743892+00:00,2026-02-27 12:54:15.004420+00:00
3073,2026-02-28 15:00:00+00:00,SC0,Falkirk,Kilmarnock,1x2_d,0.26984095983510165,4.2,0.23809523809523808,0.031745721739863564,1x2.draw,latest_pre_match,2026-02-27 04:47:32.743892+00:00,2026-02-27 12:54:15.004420+00:00
3073,2026-02-28 15:00:00+00:00,SC0,Falkirk,Kilmarnock,1x2_a,0.25785906874881437,4.5,0.2222222222222222,0.03563684652659216,1x2.away,latest_pre_match,2026-02-27 04:47:32.743892+00:00,2026-02-27 12:54:15.004420+00:00
3073,2026-02-28 15:00:00+00:00,SC0,Falkirk,Kilmarnock,dc_1x,0.7421409312511855,1.1818181818181819,0.8461538461538461,-0.10401291490266062,dc.home_draw,latest_pre_match,2026-02-27 04:47:32.743892+00:00,2026-02-27 12:54:15.004420+00:00
3073,2026-02-28 15:00:00+00:00,SC0,Falkirk,Kilmarnock,dc_x2,0.5432429255838288,2.15,0.46511627906976744,0.07812664651406137,dc.draw_away,latest_pre_match,2026-02-27 04:47:32.743892+00:00,2026-02-27 12:54:15.004420+00:00
3073,2026-02-28 15:00:00+00:00,SC0,Falkirk,Kilmarnock,dc_12,0.731221759820221,1.2222222222222223,0.8181818181818181,-0.08696005836159715,dc.home_away,latest_pre_match,2026-02-27 04:47:32.743892+00:00,2026-02-27 12:54:15.004420+00:00
3074,2026-02-28 15:00:00+00:00,SC0,Livingston,St. Mirren,o15,0.7908285132362595,1.3,0.7692307692307692,0.021597744005490305,ou_1_5.over,latest_pre_match,2026-02-27 04:47:31.995667+00:00,2026-02-27 12:54:15.004420+00:00
3074,2026-02-28 15:00:00+00:00,SC0,Livingston,St. Mirren,u15,0.20917148676374053,3.5,0.2857142857142857,-0.07654279895054517,ou_1_5.under,latest_pre_match,2026-02-27 04:47:31.995667+00:00,2026-02-27 12:54:15.004420+00:00
3074,2026-02-28 15:00:00+00:00,SC0,Livingston,St. Mirren,o25,0.6570591793206635,1.9090909090909092,0.5238095238095238,0.13324965551113965,ou_2_5.over,latest_pre_match,2026-02-27 04:47:31.995667+00:00,2026-02-27 12:54:15.004420+00:00
3074,2026-02-28 15:00:00+00:00,SC0,Livingston,St. Mirren,u25,0.34294082067933657,1.9090909090909092,0.5238095238095238,-0.18086870313018727,ou_2_5.under,latest_pre_match,2026-02-27 04:47:31.995667+00:00,2026-02-27 12:54:15.004420+00:00
3074,2026-02-28 15:00:00+00:00,SC0,Livingston,St. Mirren,c85,0.6241361463048056,,,,corners_ou_8_5.over,,,2026-02-27 12:54:15.004420+00:00
3074,2026-02-28 15:00:00+00:00,SC0,Livingston,St. Mirren,btts,0.5600464725938049,1.75,0.5714285714285714,-0.011382098834766485,btts.yes,latest_pre_match,2026-02-27 04:47:31.995667+00:00,2026-02-27 12:54:15.004420+00:00
3074,2026-02-28 15:00:00+00:00,SC0,Livingston,St. Mirren,1x2_h,0.3061657044501751,3.3,0.30303030303030304,0.0031354014198720637,1x2.home,latest_pre_match,2026-02-27 04:47:31.995667+00:00,2026-02-27 12:54:15.004420+00:00
3074,2026-02-28 15:00:00+00:00,SC0,Livingston,St. Mirren,1x2_d,0.23157349363231125,3.4,0.29411764705882354,-0.06254415342651229,1x2.draw,latest_pre_match,2026-02-27 04:47:31.995667+00:00,2026-02-27 12:54:15.004420+00:00
3074,2026-02-28 15:00:00+00:00,SC0,Livingston,St. Mirren,1x2_a,0.5215780489697294,2.1,0.47619047619047616,0.045387572779253205,1x2.away,latest_pre_match,2026-02-27 04:47:31.995667+00:00,2026-02-27 12:54:15.004420+00:00
3074,2026-02-28 15:00:00+00:00,SC0,Livingston,St. Mirren,dc_1x,0.4784219510302708,1.6666666666666665,0.6000000000000001,-0.12157804896972929,dc.home_draw,latest_pre_match,2026-02-27 04:47:31.995667+00:00,2026-02-27 12:54:15.004420+00:00
3074,2026-02-28 15:00:00+00:00,SC0,Livingston,St. Mirren,dc_x2,0.6938342955498249,1.3333333333333333,0.75,-0.0561657044501751,dc.draw_away,latest_pre_match,2026-02-27 04:47:31.995667+00:00,2026-02-27 12:54:15.004420+00:00
3074,2026-02-28 15:00:00+00:00,SC0,Livingston,St. Mirren,dc_12,0.76503372337414,1.3,0.7692307692307692,-0.004197045856629167,dc.home_away,latest_pre_match,2026-02-27 04:47:31.995667+00:00,2026-02-27 12:54:15.004420+00:00
3075,2026-02-28 15:00:00+00:00,SC0,Motherwell,Dundee Utd,o15,0.7594466334055586,1.2222222222222223,0.8181818181818181,-0.0587351847762595,ou_1_5.over,latest_pre_match,2026-02-27 04:47:31.354499+00:00,2026-02-27 12:54:15.004420+00:00
3075,2026-02-28 15:00:00+00:00,SC0,Motherwell,Dundee Utd,u15,0.24072807385820053,4.333333333333334,0.23076923076923073,0.009958843088969799,ou_1_5.under,latest_pre_match,2026-02-27 04:47:31.354499+00:00,2026-02-27 12:54:15.004420+00:00
3075,2026-02-28 15:00:00+00:00,SC0,Motherwell,Dundee Utd,o25,0.47498479389162135,1.7272727272727273,0.5789473684210527,-0.1039625745294313,ou_2_5.over,latest_pre_match,2026-02-27 04:47:31.354499+00:00,2026-02-27 12:54:15.004420+00:00
3075,2026-02-28 15:00:00+00:00,SC0,Motherwell,Dundee Utd,u25,0.5250152061083786,2.1,0.47619047619047616,0.04882472991790243,ou_2_5.under,latest_pre_match,2026-02-27 04:47:31.354499+00:00,2026-02-27 12:54:15.004420+00:00
3075,2026-02-28 15:00:00+00:00,SC0,Motherwell,Dundee Utd,c85,0.6314441266442934,,,,corners_ou_8_5.over,,,2026-02-27 12:54:15.004420+00:00
3075,2026-02-28 15:00:00+00:00,SC0,Motherwell,Dundee Utd,btts,0.2974308300395257,1.8,0.5555555555555556,-0.2581247255160299,btts.yes,latest_pre_match,2026-02-27 04:47:31.354499+00:00,2026-02-27 12:54:15.004420+00:00
3075,2026-02-28 15:00:00+00:00,SC0,Motherwell,Dundee Utd,1x2_h,0.6249968618741853,1.45,0.6896551724137931,-0.0646583105396078,1x2.home,latest_pre_match,2026-02-27 04:47:31.354499+00:00,2026-02-27 12:54:15.004420+00:00
3075,2026-02-28 15:00:00+00:00,SC0,Motherwell,Dundee Utd,1x2_d,0.23664317401920046,4.2,0.23809523809523808,-0.0014520640760376236,1x2.draw,latest_pre_match,2026-02-27 04:47:31.354499+00:00,2026-02-27 12:54:15.004420+00:00
3075,2026-02-28 15:00:00+00:00,SC0,Motherwell,Dundee Utd,1x2_a,0.11605590552958973,6.5,0.15384615384615385,-0.03779024831656412,1x2.away,latest_pre_match,2026-02-27 04:47:31.354499+00:00,2026-02-27 12:54:15.004420+00:00
3075,2026-02-28 15:00:00+00:00,SC0,Motherwell,Dundee Utd,dc_1x,0.8839440944704103,1.1111111111111112,0.8999999999999999,-0.016055905529589576,dc.home_draw,latest_pre_match,2026-02-27 04:47:31.354499+00:00,2026-02-27 12:54:15.004420+00:00
3075,2026-02-28 15:00:00+00:00,SC0,Motherwell,Dundee Utd,dc_x2,0.3750031381258147,2.625,0.38095238095238093,-0.005949242826566226,dc.draw_away,latest_pre_match,2026-02-27 04:47:31.354499+00:00,2026-02-27 12:54:15.004420+00:00
3075,2026-02-28 15:00:00+00:00,SC0,Motherwell,Dundee Utd,dc_12,0.7667085322695216,1.2222222222222223,0.8181818181818181,-0.051473285912296496,dc.home_away,latest_pre_match,2026-02-27 04:47:31.354499+00:00,2026-02-27 12:54:15.004420+00:00
3230,2026-02-28 15:00:00+00:00,SC1,Partick Thistle,Arbroath,o15,0.6570305099235231,1.2857142857142856,0.7777777777777779,-0.12074726785425483,ou_1_5.over,latest_pre_match,2026-02-27 04:47:19.769803+00:00,2026-02-27 12:54:15.004420+00:00
3230,2026-02-28 15:00:00+00:00,SC1,Partick Thistle,Arbroath,u15,0.342969490076477,3.5,0.2857142857142857,0.05725520436219128,ou_1_5.under,latest_pre_match,2026-02-27 04:47:19.769803+00:00,2026-02-27 12:54:15.004420+00:00
3230,2026-02-28 15:00:00+00:00,SC1,Partick Thistle,Arbroath,o25,0.4672815638502528,1.95,0.5128205128205129,-0.04553894897026006,ou_2_5.over,latest_pre_match,2026-02-27 04:47:19.769803+00:00,2026-02-27 12:54:15.004420+00:00
3230,2026-02-28 15:00:00+00:00,SC1,Partick Thistle,Arbroath,u25,0.5327184361497471,1.85,0.5405405405405405,-0.007822104390793339,ou_2_5.under,latest_pre_match,2026-02-27 04:47:19.769803+00:00,2026-02-27 12:54:15.004420+00:00
3230,2026-02-28 15:00:00+00:00,SC1,Partick Thistle,Arbroath,c85,0.6148840600639782,,,,corners_ou_8_5.over,,,2026-02-27 12:54:15.004420+00:00
3230,2026-02-28 15:00:00+00:00,SC1,Partick Thistle,Arbroath,btts,0.4850979265002775,1.8,0.5555555555555556,-0.07045762905527808,btts.yes,latest_pre_match,2026-02-27 04:47:19.769803+00:00,2026-02-27 12:54:15.004420+00:00
3230,2026-02-28 15:00:00+00:00,SC1,Partick Thistle,Arbroath,1x2_h,0.46723280150969293,1.83,0.5464480874316939,-0.079215285922001,1x2.home,latest_pre_match,2026-02-27 04:47:19.769803+00:00,2026-02-27 12:54:15.004420+00:00
3230,2026-02-28 15:00:00+00:00,SC1,Partick Thistle,Arbroath,1x2_d,0.26984095983510165,3.3,0.30303030303030304,-0.03318934319520139,1x2.draw,latest_pre_match,2026-02-27 04:47:19.769803+00:00,2026-02-27 12:54:15.004420+00:00
3230,2026-02-28 15:00:00+00:00,SC1,Partick Thistle,Arbroath,1x2_a,0.276371121178185,3.7,0.27027027027027023,0.00610085090791479,1x2.away,latest_pre_match,2026-02-27 04:47:19.769803+00:00,2026-02-27 12:54:15.004420+00:00
3230,2026-02-28 15:00:00+00:00,SC1,Partick Thistle,Arbroath,dc_1x,0.723628878821815,1.2222222222222223,0.8181818181818181,-0.09455293936000309,dc.home_draw,latest_pre_match,2026-02-27 04:47:19.769803+00:00,2026-02-27 12:54:15.004420+00:00
3230,2026-02-28 15:00:00+00:00,SC1,Partick Thistle,Arbroath,dc_x2,0.5327671984903071,1.8,0.5555555555555556,-0.02278835706524851,dc.draw_away,latest_pre_match,2026-02-27 04:47:19.769803+00:00,2026-02-27 12:54:15.004420+00:00
3230,2026-02-28 15:00:00+00:00,SC1,Partick Thistle,Arbroath,dc_12,0.731221759820221,1.25,0.8,-0.06877824017977907,dc.home_away,latest_pre_match,2026-02-27 04:47:19.769803+00:00,2026-02-27 12:54:15.004420+00:00
3231,2026-02-28 15:00:00+00:00,SC1,Airdrieonians,Morton,o15,0.7515431921930658,1.3636363636363638,0.7333333333333333,0.018209858859732475,ou_1_5.over,latest_pre_match,2026-02-27 04:47:19.011509+00:00,2026-02-27 12:54:15.004420+00:00
3231,2026-02-28 15:00:00+00:00,SC1,Airdrieonians,Morton,u15,0.24815841839077094,3.0,0.3333333333333333,-0.08517491494256238,ou_1_5.under,latest_pre_match,2026-02-27 04:47:19.011509+00:00,2026-02-27 12:54:15.004420+00:00
3231,2026-02-28 15:00:00+00:00,SC1,Airdrieonians,Morton,o25,0.4848989670606659,2.15,0.46511627906976744,0.01978268799089844,ou_2_5.over,latest_pre_match,2026-02-27 04:47:19.011509+00:00,2026-02-27 12:54:15.004420+00:00
3231,2026-02-28 15:00:00+00:00,SC1,Airdrieonians,Morton,u25,0.5151010329393342,1.6666666666666665,0.6000000000000001,-0.08489896706066591,ou_2_5.under,latest_pre_match,2026-02-27 04:47:19.011509+00:00,2026-02-27 12:54:15.004420+00:00
3231,2026-02-28 15:00:00+00:00,SC1,Airdrieonians,Morton,c85,0.6396125690593112,,,,corners_ou_8_5.over,,,2026-02-27 12:54:15.004420+00:00
3231,2026-02-28 15:00:00+00:00,SC1,Airdrieonians,Morton,btts,0.5504475972512987,1.8333333333333335,0.5454545454545454,0.004993051796753245,btts.yes,latest_pre_match,2026-02-27 04:47:19.011509+00:00,2026-02-27 12:54:15.004420+00:00
3231,2026-02-28 15:00:00+00:00,SC1,Airdrieonians,Morton,1x2_h,0.4152666499470232,2.3,0.4347826086956522,-0.019515958748628992,1x2.home,latest_pre_match,2026-02-27 04:47:19.011509+00:00,2026-02-27 12:54:15.004420+00:00
3231,2026-02-28 15:00:00+00:00,SC1,Airdrieonians,Morton,1x2_d,0.2589713946177104,3.1,0.3225806451612903,-0.06360925054357991,1x2.draw,latest_pre_match,2026-02-27 04:47:19.011509+00:00,2026-02-27 12:54:15.004420+00:00
3231,2026-02-28 15:00:00+00:00,SC1,Airdrieonians,Morton,1x2_a,0.3483543906034006,2.8,0.35714285714285715,-0.00878846653945653,1x2.away,latest_pre_match,2026-02-27 04:47:19.011509+00:00,2026-02-27 12:54:15.004420+00:00
3231,2026-02-28 15:00:00+00:00,SC1,Airdrieonians,Morton,dc_1x,0.6516456093965994,1.3333333333333333,0.75,-0.09835439060340057,dc.home_draw,latest_pre_match,2026-02-27 04:47:19.011509+00:00,2026-02-27 12:54:15.004420+00:00
3231,2026-02-28 15:00:00+00:00,SC1,Airdrieonians,Morton,dc_x2,0.5847333500529768,1.5,0.6666666666666666,-0.08193331661368985,dc.draw_away,latest_pre_match,2026-02-27 04:47:19.011509+00:00,2026-02-27 12:54:15.004420+00:00
3231,2026-02-28 15:00:00+00:00,SC1,Airdrieonians,Morton,dc_12,0.7419693143006674,1.2857142857142856,0.7777777777777779,-0.03580846347711053,dc.home_away,latest_pre_match,2026-02-27 04:47:19.011509+00:00,2026-02-27 12:54:15.004420+00:00
3232,2026-02-28 15:00:00+00:00,SC1,St Johnstone,Ayr,o15,0.7467514391885071,1.2857142857142856,0.7777777777777779,-0.03102633858927084,ou_1_5.over,latest_pre_match,2026-02-27 04:47:18.077646+00:00,2026-02-27 12:54:15.004420+00:00
3232,2026-02-28 15:00:00+00:00,SC1,St Johnstone,Ayr,u15,0.2534232680752521,3.5,0.2857142857142857,-0.03229101763903358,ou_1_5.under,latest_pre_match,2026-02-27 04:47:18.077646+00:00,2026-02-27 12:54:15.004420+00:00
3232,2026-02-28 15:00:00+00:00,SC1,St Johnstone,Ayr,o25,0.531412274909707,1.9,0.5263157894736842,0.005096485436022813,ou_2_5.over,latest_pre_match,2026-02-27 04:47:18.077646+00:00,2026-02-27 12:54:15.004420+00:00
3232,2026-02-28 15:00:00+00:00,SC1,St Johnstone,Ayr,u25,0.468587725090293,1.9,0.5263157894736842,-0.057728064383391176,ou_2_5.under,latest_pre_match,2026-02-27 04:47:18.077646+00:00,2026-02-27 12:54:15.004420+00:00
3232,2026-02-28 15:00:00+00:00,SC1,St Johnstone,Ayr,c85,0.6476795401399809,,,,corners_ou_8_5.over,,,2026-02-27 12:54:15.004420+00:00
3232,2026-02-28 15:00:00+00:00,SC1,St Johnstone,Ayr,btts,0.4850979265002775,1.9090909090909092,0.5238095238095238,-0.03871159730924634,btts.yes,latest_pre_match,2026-02-27 04:47:18.077646+00:00,2026-02-27 12:54:15.004420+00:00
3232,2026-02-28 15:00:00+00:00,SC1,St Johnstone,Ayr,1x2_h,0.5868966871950633,1.5,0.6666666666666666,-0.07976997947160336,1x2.home,latest_pre_match,2026-02-27 04:47:18.077646+00:00,2026-02-27 12:54:15.004420+00:00
3232,2026-02-28 15:00:00+00:00,SC1,St Johnstone,Ayr,1x2_d,0.23664317401920046,3.6,0.2777777777777778,-0.04113460375857733,1x2.draw,latest_pre_match,2026-02-27 04:47:18.077646+00:00,2026-02-27 12:54:15.004420+00:00
3232,2026-02-28 15:00:00+00:00,SC1,St Johnstone,Ayr,1x2_a,0.19143107625013167,5.25,0.19047619047619047,0.0009548857739412053,1x2.away,latest_pre_match,2026-02-27 04:47:18.077646+00:00,2026-02-27 12:54:15.004420+00:00
3232,2026-02-28 15:00:00+00:00,SC1,St Johnstone,Ayr,dc_1x,0.8085689237498683,1.1111111111111112,0.8999999999999999,-0.09143107625013158,dc.home_draw,latest_pre_match,2026-02-27 04:47:18.077646+00:00,2026-02-27 12:54:15.004420+00:00
3232,2026-02-28 15:00:00+00:00,SC1,St Johnstone,Ayr,dc_x2,0.4131033128049368,2.3,0.4347826086956522,-0.021679295890715433,dc.draw_away,latest_pre_match,2026-02-27 04:47:18.077646+00:00,2026-02-27 12:54:15.004420+00:00
3232,2026-02-28 15:00:00+00:00,SC1,St Johnstone,Ayr,dc_12,0.7667085322695216,1.2222222222222223,0.8181818181818181,-0.051473285912296496,dc.home_away,latest_pre_match,2026-02-27 04:47:18.077646+00:00,2026-02-27 12:54:15.004420+00:00
3233,2026-02-28 15:00:00+00:00,SC1,Ross County,Raith,o15,0.711111826450062,1.4,0.7142857142857143,-0.0031738878356523115,ou_1_5.over,latest_pre_match,2026-02-27 04:47:16.495311+00:00,2026-02-27 12:54:15.004420+00:00
3233,2026-02-28 15:00:00+00:00,SC1,Ross County,Raith,u15,0.2890628808136972,2.75,0.36363636363636365,-0.07457348282266646,ou_1_5.under,latest_pre_match,2026-02-27 04:47:16.495311+00:00,2026-02-27 12:54:15.004420+00:00
3233,2026-02-28 15:00:00+00:00,SC1,Ross County,Raith,o25,0.4154131006913177,2.25,0.4444444444444444,-0.029031343753126715,ou_2_5.over,latest_pre_match,2026-02-27 04:47:16.495311+00:00,2026-02-27 12:54:15.004420+00:00
3233,2026-02-28 15:00:00+00:00,SC1,Ross County,Raith,u25,0.5845868993086824,1.6153846153846154,0.6190476190476191,-0.03446071973893672,ou_2_5.under,latest_pre_match,2026-02-27 04:47:16.495311+00:00,2026-02-27 12:54:15.004420+00:00
3233,2026-02-28 15:00:00+00:00,SC1,Ross County,Raith,c85,0.6148840600639782,,,,corners_ou_8_5.over,,,2026-02-27 12:54:15.004420+00:00
3233,2026-02-28 15:00:00+00:00,SC1,Ross County,Raith,btts,0.5085520100858988,1.9090909090909092,0.5238095238095238,-0.015257513723625049,btts.yes,latest_pre_match,2026-02-27 04:47:16.495311+00:00,2026-02-27 12:54:15.004420+00:00
3233,2026-02-28 15:00:00+00:00,SC1,Ross County,Raith,1x2_h,0.3155200163130949,2.45,0.4081632653061224,-0.0926432489930275,1x2.home,latest_pre_match,2026-02-27 04:47:16.495311+00:00,2026-02-27 12:54:15.004420+00:00
3233,2026-02-28 15:00:00+00:00,SC1,Ross County,Raith,1x2_d,0.26984095983510165,3.0,0.3333333333333333,-0.06349237349823167,1x2.draw,latest_pre_match,2026-02-27 04:47:16.495311+00:00,2026-02-27 12:54:15.004420+00:00
3233,2026-02-28 15:00:00+00:00,SC1,Ross County,Raith,1x2_a,0.3684050667484769,2.63,0.3802281368821293,-0.011823070133652414,1x2.away,latest_pre_match,2026-02-27 04:47:16.495311+00:00,2026-02-27 12:54:15.004420+00:00
3233,2026-02-28 15:00:00+00:00,SC1,Ross County,Raith,dc_1x,0.6315949332515232,1.4,0.7142857142857143,-0.08269078103419114,dc.home_draw,latest_pre_match,2026-02-27 04:47:16.495311+00:00,2026-02-27 12:54:15.004420+00:00
3233,2026-02-28 15:00:00+00:00,SC1,Ross County,Raith,dc_x2,0.684479983686905,1.4444444444444444,0.6923076923076923,-0.0078277086207873,dc.draw_away,latest_pre_match,2026-02-27 04:47:16.495311+00:00,2026-02-27 12:54:15.004420+00:00
3233,2026-02-28 15:00:00+00:00,SC1,Ross County,Raith,dc_12,0.731221759820221,1.3,0.7692307692307692,-0.03800900941054819,dc.home_away,latest_pre_match,2026-02-27 04:47:16.495311+00:00,2026-02-27 12:54:15.004420+00:00
3234,2026-02-28 15:00:00+00:00,SC1,Dunfermline,Queen's Park,o15,0.7908285132362595,1.2857142857142856,0.7777777777777779,0.013050735458481566,ou_1_5.over,latest_pre_match,2026-02-27 04:47:17.251746+00:00,2026-02-27 12:54:15.004420+00:00
3234,2026-02-28 15:00:00+00:00,SC1,Dunfermline,Queen's Park,u15,0.20917148676374053,3.5,0.2857142857142857,-0.07654279895054517,ou_1_5.under,latest_pre_match,2026-02-27 04:47:17.251746+00:00,2026-02-27 12:54:15.004420+00:00
3234,2026-02-28 15:00:00+00:00,SC1,Dunfermline,Queen's Park,o25,0.5015576500870619,1.95,0.5128205128205129,-0.011262862733451007,ou_2_5.over,latest_pre_match,2026-02-27 04:47:17.251746+00:00,2026-02-27 12:54:15.004420+00:00
3234,2026-02-28 15:00:00+00:00,SC1,Dunfermline,Queen's Park,u25,0.4984423499129382,1.85,0.5405405405405405,-0.04209819062760228,ou_2_5.under,latest_pre_match,2026-02-27 04:47:17.251746+00:00,2026-02-27 12:54:15.004420+00:00
3234,2026-02-28 15:00:00+00:00,SC1,Dunfermline,Queen's Park,c85,0.6148840600639782,,,,corners_ou_8_5.over,,,2026-02-27 12:54:15.004420+00:00
3234,2026-02-28 15:00:00+00:00,SC1,Dunfermline,Queen's Park,btts,0.5762563451351282,1.8333333333333335,0.5454545454545454,0.03080179968058283,btts.yes,latest_pre_match,2026-02-27 04:47:17.251746+00:00,2026-02-27 12:54:15.004420+00:00
3234,2026-02-28 15:00:00+00:00,SC1,Dunfermline,Queen's Park,1x2_h,0.2753310489037333,1.73,0.5780346820809249,-0.3027036331771916,1x2.home,latest_pre_match,2026-02-27 04:47:17.251746+00:00,2026-02-27 12:54:15.004420+00:00
3234,2026-02-28 15:00:00+00:00,SC1,Dunfermline,Queen's Park,1x2_d,0.25689842612683145,3.3,0.30303030303030304,-0.04613187690347159,1x2.draw,latest_pre_match,2026-02-27 04:47:17.251746+00:00,2026-02-27 12:54:15.004420+00:00
3234,2026-02-28 15:00:00+00:00,SC1,Dunfermline,Queen's Park,1x2_a,0.4793840039741679,4.2,0.23809523809523808,0.24128876587892983,1x2.away,latest_pre_match,2026-02-27 04:47:17.251746+00:00,2026-02-27 12:54:15.004420+00:00
3234,2026-02-28 15:00:00+00:00,SC1,Dunfermline,Queen's Park,dc_1x,0.5206159960258321,1.1666666666666667,0.8571428571428571,-0.336526861117025,dc.home_draw,latest_pre_match,2026-02-27 04:47:17.251746+00:00,2026-02-27 12:54:15.004420+00:00
3234,2026-02-28 15:00:00+00:00,SC1,Dunfermline,Queen's Park,dc_x2,0.7246689510962666,1.9090909090909092,0.5238095238095238,0.20085942728674278,dc.draw_away,latest_pre_match,2026-02-27 04:47:17.251746+00:00,2026-02-27 12:54:15.004420+00:00
3234,2026-02-28 15:00:00+00:00,SC1,Dunfermline,Queen's Park,dc_12,0.7445665725623648,1.25,0.8,-0.05543342743763524,dc.home_away,latest_pre_match,2026-02-27 04:47:17.251746+00:00,2026-02-27 12:54:15.004420+00:00
3409,2026-02-28 15:00:00+00:00,SC2,Hamilton,Montrose,o15,0.7730580042059172,1.2,0.8333333333333334,-0.06027532912741618,ou_1_5.over,latest_pre_match,2026-02-27 04:47:21.987160+00:00,2026-02-27 12:54:15.004420+00:00
3409,2026-02-28 15:00:00+00:00,SC2,Hamilton,Montrose,u15,0.22664360637791955,4.333333333333334,0.23076923076923073,-0.004125624391311172,ou_1_5.under,latest_pre_match,2026-02-27 04:47:21.987160+00:00,2026-02-27 12:54:15.004420+00:00
3409,2026-02-28 15:00:00+00:00,SC2,Hamilton,Montrose,o25,0.49666531342351555,1.6666666666666665,0.6000000000000001,-0.10333468657648454,ou_2_5.over,latest_pre_match,2026-02-27 04:47:21.987160+00:00,2026-02-27 12:54:15.004420+00:00
3409,2026-02-28 15:00:00+00:00,SC2,Hamilton,Montrose,u25,0.5033346865764844,2.15,0.46511627906976744,0.038218407506716956,ou_2_5.under,latest_pre_match,2026-02-27 04:47:21.987160+00:00,2026-02-27 12:54:15.004420+00:00
3409,2026-02-28 15:00:00+00:00,SC2,Hamilton,Montrose,c85,0.6052530931666329,,,,corners_ou_8_5.over,,,2026-02-27 12:54:15.004420+00:00
3409,2026-02-28 15:00:00+00:00,SC2,Hamilton,Montrose,btts,0.5504475972512987,1.6153846153846154,0.6190476190476191,-0.06860002179632041,btts.yes,latest_pre_match,2026-02-27 04:47:21.987160+00:00,2026-02-27 12:54:15.004420+00:00
3409,2026-02-28 15:00:00+00:00,SC2,Hamilton,Montrose,1x2_h,0.4152666499470232,2.1,0.47619047619047616,-0.06092382624345294,1x2.home,latest_pre_match,2026-02-27 04:47:21.987160+00:00,2026-02-27 12:54:15.004420+00:00
3409,2026-02-28 15:00:00+00:00,SC2,Hamilton,Montrose,1x2_d,0.2469268619624628,3.5,0.2857142857142857,-0.0387874237518229,1x2.draw,latest_pre_match,2026-02-27 04:47:21.987160+00:00,2026-02-27 12:54:15.004420+00:00
3409,2026-02-28 15:00:00+00:00,SC2,Hamilton,Montrose,1x2_a,0.32136832552209743,2.8,0.35714285714285715,-0.03577453162075972,1x2.away,latest_pre_match,2026-02-27 04:47:21.987160+00:00,2026-02-27 12:54:15.004420+00:00
3409,2026-02-28 15:00:00+00:00,SC2,Hamilton,Montrose,dc_1x,0.6786316744779025,1.3333333333333333,0.75,-0.07136832552209749,dc.home_draw,latest_pre_match,2026-02-27 04:47:21.987160+00:00,2026-02-27 12:54:15.004420+00:00
3409,2026-02-28 15:00:00+00:00,SC2,Hamilton,Montrose,dc_x2,0.5847333500529768,1.6,0.625,-0.040266649947023225,dc.draw_away,latest_pre_match,2026-02-27 04:47:21.987160+00:00,2026-02-27 12:54:15.004420+00:00
3409,2026-02-28 15:00:00+00:00,SC2,Hamilton,Montrose,dc_12,0.75413585769286,1.2222222222222223,0.8181818181818181,-0.06404596048895816,dc.home_away,latest_pre_match,2026-02-27 04:47:21.987160+00:00,2026-02-27 12:54:15.004420+00:00
3410,2026-02-28 15:00:00+00:00,SC2,Queen of South,Peterhead,o15,0.7563050969549705,1.2,0.8333333333333334,-0.07702823637836287,ou_1_5.over,latest_pre_match,2026-02-27 04:47:22.770077+00:00,2026-02-27 12:54:15.004420+00:00
3410,2026-02-28 15:00:00+00:00,SC2,Queen of South,Peterhead,u15,0.24339651362886616,4.333333333333334,0.23076923076923073,0.012627282859635436,ou_1_5.under,latest_pre_match,2026-02-27 04:47:22.770077+00:00,2026-02-27 12:54:15.004420+00:00
3410,2026-02-28 15:00:00+00:00,SC2,Queen of South,Peterhead,o25,0.5445851528877751,1.6666666666666665,0.6000000000000001,-0.055414847112224996,ou_2_5.over,latest_pre_match,2026-02-27 04:47:22.770077+00:00,2026-02-27 12:54:15.004420+00:00
3410,2026-02-28 15:00:00+00:00,SC2,Queen of South,Peterhead,u25,0.45541484711222485,2.15,0.46511627906976744,-0.009701431957542583,ou_2_5.under,latest_pre_match,2026-02-27 04:47:22.770077+00:00,2026-02-27 12:54:15.004420+00:00
3410,2026-02-28 15:00:00+00:00,SC2,Queen of South,Peterhead,c85,0.6339046246905008,,,,corners_ou_8_5.over,,,2026-02-27 12:54:15.004420+00:00
3410,2026-02-28 15:00:00+00:00,SC2,Queen of South,Peterhead,btts,0.526601403914885,1.7272727272727273,0.5789473684210527,-0.052345964506167686,btts.yes,latest_pre_match,2026-02-27 04:47:22.770077+00:00,2026-02-27 12:54:15.004420+00:00
3410,2026-02-28 15:00:00+00:00,SC2,Queen of South,Peterhead,1x2_h,0.4152666499470232,1.65,0.6060606060606061,-0.19079395611358285,1x2.home,latest_pre_match,2026-02-27 04:47:22.770077+00:00,2026-02-27 12:54:15.004420+00:00
3410,2026-02-28 15:00:00+00:00,SC2,Queen of South,Peterhead,1x2_d,0.23664317401920046,3.7,0.27027027027027023,-0.03362709625106977,1x2.draw,latest_pre_match,2026-02-27 04:47:22.770077+00:00,2026-02-27 12:54:15.004420+00:00
3410,2026-02-28 15:00:00+00:00,SC2,Queen of South,Peterhead,1x2_a,0.35245071632336095,4.2,0.23809523809523808,0.11435547822812286,1x2.away,latest_pre_match,2026-02-27 04:47:22.770077+00:00,2026-02-27 12:54:15.004420+00:00
3410,2026-02-28 15:00:00+00:00,SC2,Queen of South,Peterhead,dc_1x,0.6475492836766391,1.1666666666666667,0.8571428571428571,-0.209593573466218,dc.home_draw,latest_pre_match,2026-02-27 04:47:22.770077+00:00,2026-02-27 12:54:15.004420+00:00
3410,2026-02-28 15:00:00+00:00,SC2,Queen of South,Peterhead,dc_x2,0.5847333500529768,2.1,0.47619047619047616,0.10854287386250061,dc.draw_away,latest_pre_match,2026-02-27 04:47:22.770077+00:00,2026-02-27 12:54:15.004420+00:00
3410,2026-02-28 15:00:00+00:00,SC2,Queen of South,Peterhead,dc_12,0.7642975348991774,1.2222222222222223,0.8181818181818181,-0.05388428328264072,dc.home_away,latest_pre_match,2026-02-27 04:47:22.770077+00:00,2026-02-27 12:54:15.004420+00:00
3411,2026-02-28 15:00:00+00:00,SC2,East Fife,Alloa,o15,0.747313868884795,1.25,0.8,-0.05268613111520504,ou_1_5.over,latest_pre_match,2026-02-27 04:47:21.208978+00:00,2026-02-27 12:54:15.004420+00:00
3411,2026-02-28 15:00:00+00:00,SC2,East Fife,Alloa,u15,0.2534232680752521,3.75,0.26666666666666666,-0.013243398591414546,ou_1_5.under,latest_pre_match,2026-02-27 04:47:21.208978+00:00,2026-02-27 12:54:15.004420+00:00
3411,2026-02-28 15:00:00+00:00,SC2,East Fife,Alloa,o25,0.4826164389291383,1.85,0.5405405405405405,-0.05792410161140216,ou_2_5.over,latest_pre_match,2026-02-27 04:47:21.208978+00:00,2026-02-27 12:54:15.004420+00:00
3411,2026-02-28 15:00:00+00:00,SC2,East Fife,Alloa,u25,0.5173835610708617,1.95,0.5128205128205129,0.004563048250348811,ou_2_5.under,latest_pre_match,2026-02-27 04:47:21.208978+00:00,2026-02-27 12:54:15.004420+00:00
3411,2026-02-28 15:00:00+00:00,SC2,East Fife,Alloa,c85,0.6094837386125896,,,,corners_ou_8_5.over,,,2026-02-27 12:54:15.004420+00:00
3411,2026-02-28 15:00:00+00:00,SC2,East Fife,Alloa,btts,0.5277820811061126,1.7272727272727273,0.5789473684210527,-0.05116528731494008,btts.yes,latest_pre_match,2026-02-27 04:47:21.208978+00:00,2026-02-27 12:54:15.004420+00:00
3411,2026-02-28 15:00:00+00:00,SC2,East Fife,Alloa,1x2_h,0.4068399776974681,3.7,0.27027027027027023,0.13656970742719787,1x2.home,latest_pre_match,2026-02-27 04:47:21.208978+00:00,2026-02-27 12:54:15.004420+00:00
3411,2026-02-28 15:00:00+00:00,SC2,East Fife,Alloa,1x2_d,0.2589713946177104,3.4,0.29411764705882354,-0.035146252441113135,1x2.draw,latest_pre_match,2026-02-27 04:47:21.208978+00:00,2026-02-27 12:54:15.004420+00:00
3411,2026-02-28 15:00:00+00:00,SC2,East Fife,Alloa,1x2_a,0.3480648577935426,1.8,0.5555555555555556,-0.20749069776201295,1x2.away,latest_pre_match,2026-02-27 04:47:21.208978+00:00,2026-02-27 12:54:15.004420+00:00
3411,2026-02-28 15:00:00+00:00,SC2,East Fife,Alloa,dc_1x,0.6519351422064574,1.8333333333333335,0.5454545454545454,0.10648059675191202,dc.home_draw,latest_pre_match,2026-02-27 04:47:21.208978+00:00,2026-02-27 12:54:15.004420+00:00
3411,2026-02-28 15:00:00+00:00,SC2,East Fife,Alloa,dc_x2,0.5931600223025318,1.2222222222222223,0.8181818181818181,-0.22502179587928628,dc.draw_away,latest_pre_match,2026-02-27 04:47:21.208978+00:00,2026-02-27 12:54:15.004420+00:00
3411,2026-02-28 15:00:00+00:00,SC2,East Fife,Alloa,dc_12,0.7419693143006674,1.25,0.8,-0.058030685699332674,dc.home_away,latest_pre_match,2026-02-27 04:47:21.208978+00:00,2026-02-27 12:54:15.004420+00:00
3412,2026-02-28 15:00:00+00:00,SC2,Stenhousemuir,Cove Rangers,o15,0.6630967565825533,1.3636363636363638,0.7333333333333333,-0.07023657675077999,ou_1_5.over,latest_pre_match,2026-02-27 04:47:23.547272+00:00,2026-02-27 12:54:15.004420+00:00
3412,2026-02-28 15:00:00+00:00,SC2,Stenhousemuir,Cove Rangers,u15,0.33690324341744676,3.0,0.3333333333333333,0.003569910084113448,ou_1_5.under,latest_pre_match,2026-02-27 04:47:23.547272+00:00,2026-02-27 12:54:15.004420+00:00
3412,2026-02-28 15:00:00+00:00,SC2,Stenhousemuir,Cove Rangers,o25,0.4677221404025527,2.1,0.47619047619047616,-0.008468335787923442,ou_2_5.over,latest_pre_match,2026-02-27 04:47:23.547272+00:00,2026-02-27 12:54:15.004420+00:00
3412,2026-02-28 15:00:00+00:00,SC2,Stenhousemuir,Cove Rangers,u25,0.5322778595974472,1.7,0.5882352941176471,-0.055957434520199856,ou_2_5.under,latest_pre_match,2026-02-27 04:47:23.547272+00:00,2026-02-27 12:54:15.004420+00:00
3412,2026-02-28 15:00:00+00:00,SC2,Stenhousemuir,Cove Rangers,c85,0.6241361463048056,,,,corners_ou_8_5.over,,,2026-02-27 12:54:15.004420+00:00
3412,2026-02-28 15:00:00+00:00,SC2,Stenhousemuir,Cove Rangers,btts,0.4850979265002775,1.9090909090909092,0.5238095238095238,-0.03871159730924634,btts.yes,latest_pre_match,2026-02-27 04:47:23.547272+00:00,2026-02-27 12:54:15.004420+00:00
3412,2026-02-28 15:00:00+00:00,SC2,Stenhousemuir,Cove Rangers,1x2_h,0.4068399776974681,1.85,0.5405405405405405,-0.13370056284307236,1x2.home,latest_pre_match,2026-02-27 04:47:23.547272+00:00,2026-02-27 12:54:15.004420+00:00
3412,2026-02-28 15:00:00+00:00,SC2,Stenhousemuir,Cove Rangers,1x2_d,0.25689842612683145,3.2,0.3125,-0.05560157387316855,1x2.draw,latest_pre_match,2026-02-27 04:47:23.547272+00:00,2026-02-27 12:54:15.004420+00:00
3412,2026-02-28 15:00:00+00:00,SC2,Stenhousemuir,Cove Rangers,1x2_a,0.3480648577935426,3.7,0.27027027027027023,0.0777945875232724,1x2.away,latest_pre_match,2026-02-27 04:47:23.547272+00:00,2026-02-27 12:54:15.004420+00:00
3412,2026-02-28 15:00:00+00:00,SC2,Stenhousemuir,Cove Rangers,dc_1x,0.6519351422064574,1.2222222222222223,0.8181818181818181,-0.1662466759753607,dc.home_draw,latest_pre_match,2026-02-27 04:47:23.547272+00:00,2026-02-27 12:54:15.004420+00:00
3412,2026-02-28 15:00:00+00:00,SC2,Stenhousemuir,Cove Rangers,dc_x2,0.5931600223025318,1.8,0.5555555555555556,0.03760446674697626,dc.draw_away,latest_pre_match,2026-02-27 04:47:23.547272+00:00,2026-02-27 12:54:15.004420+00:00
3412,2026-02-28 15:00:00+00:00,SC2,Stenhousemuir,Cove Rangers,dc_12,0.7445665725623648,1.2857142857142856,0.7777777777777779,-0.0332112052154131,dc.home_away,latest_pre_match,2026-02-27 04:47:23.547272+00:00,2026-02-27 12:54:15.004420+00:00
3413,2026-02-28 15:00:00+00:00,SC2,Kelty Hearts,Inverness,o15,0.7515431921930658,1.2,0.8333333333333334,-0.08179014114026761,ou_1_5.over,latest_pre_match,2026-02-27 04:47:15.709343+00:00,2026-02-27 12:54:15.004420+00:00
3413,2026-02-28 15:00:00+00:00,SC2,Kelty Hearts,Inverness,u15,0.24815841839077094,4.333333333333334,0.23076923076923073,0.01738918762154021,ou_1_5.under,latest_pre_match,2026-02-27 04:47:15.709343+00:00,2026-02-27 12:54:15.004420+00:00
3413,2026-02-28 15:00:00+00:00,SC2,Kelty Hearts,Inverness,o25,0.5195597705665619,1.7,0.5882352941176471,-0.0686755235510852,ou_2_5.over,latest_pre_match,2026-02-27 04:47:15.709343+00:00,2026-02-27 12:54:15.004420+00:00
3413,2026-02-28 15:00:00+00:00,SC2,Kelty Hearts,Inverness,u25,0.48044022943343817,2.1,0.47619047619047616,0.004249753242962007,ou_2_5.under,latest_pre_match,2026-02-27 04:47:15.709343+00:00,2026-02-27 12:54:15.004420+00:00
3413,2026-02-28 15:00:00+00:00,SC2,Kelty Hearts,Inverness,c85,0.6339046246905008,,,,corners_ou_8_5.over,,,2026-02-27 12:54:15.004420+00:00
3413,2026-02-28 15:00:00+00:00,SC2,Kelty Hearts,Inverness,btts,0.526601403914885,2.1,0.47619047619047616,0.050410927724408805,btts.yes,latest_pre_match,2026-02-27 04:47:15.709343+00:00,2026-02-27 12:54:15.004420+00:00
3413,2026-02-28 15:00:00+00:00,SC2,Kelty Hearts,Inverness,1x2_h,0.4152666499470232,8.5,0.11764705882352941,0.2976195911234938,1x2.home,latest_pre_match,2026-02-27 04:47:15.709343+00:00,2026-02-27 12:54:15.004420+00:00
3413,2026-02-28 15:00:00+00:00,SC2,Kelty Hearts,Inverness,1x2_d,0.23664317401920046,4.5,0.2222222222222222,0.014420951796978249,1x2.draw,latest_pre_match,2026-02-27 04:47:15.709343+00:00,2026-02-27 12:54:15.004420+00:00
3413,2026-02-28 15:00:00+00:00,SC2,Kelty Hearts,Inverness,1x2_a,0.35245071632336095,1.29,0.7751937984496123,-0.4227430821262514,1x2.away,latest_pre_match,2026-02-27 04:47:15.709343+00:00,2026-02-27 12:54:15.004420+00:00
3413,2026-02-28 15:00:00+00:00,SC2,Kelty Hearts,Inverness,dc_1x,0.6475492836766391,3.2,0.3125,0.3350492836766391,dc.home_draw,latest_pre_match,2026-02-27 04:47:15.709343+00:00,2026-02-27 12:54:15.004420+00:00
3413,2026-02-28 15:00:00+00:00,SC2,Kelty Hearts,Inverness,dc_x2,0.5847333500529768,1.04,0.9615384615384615,-0.3768051114854847,dc.draw_away,latest_pre_match,2026-02-27 04:47:15.709343+00:00,2026-02-27 12:54:15.004420+00:00
3413,2026-02-28 15:00:00+00:00,SC2,Kelty Hearts,Inverness,dc_12,0.7642975348991774,1.125,0.8888888888888888,-0.12459135398971144,dc.home_away,latest_pre_match,2026-02-27 04:47:15.709343+00:00,2026-02-27 12:54:15.004420+00:00
3587,2026-02-28 15:00:00+00:00,SC3,Edinburgh City,Forfar Athletic,o15,0.7675690522978732,1.25,0.8,-0.032430947702126844,ou_1_5.over,latest_pre_match,2026-02-27 04:47:06.227414+00:00,2026-02-27 12:54:15.004420+00:00
3587,2026-02-28 15:00:00+00:00,SC3,Edinburgh City,Forfar Athletic,u15,0.23243094770212683,3.75,0.26666666666666666,-0.034235718964539835,ou_1_5.under,latest_pre_match,2026-02-27 04:47:06.227414+00:00,2026-02-27 12:54:15.004420+00:00
3587,2026-02-28 15:00:00+00:00,SC3,Edinburgh City,Forfar Athletic,o25,0.5195597705665619,1.85,0.5405405405405405,-0.020980769973978575,ou_2_5.over,latest_pre_match,2026-02-27 04:47:06.227414+00:00,2026-02-27 12:54:15.004420+00:00
3587,2026-02-28 15:00:00+00:00,SC3,Edinburgh City,Forfar Athletic,u25,0.48044022943343817,1.95,0.5128205128205129,-0.032380283387074715,ou_2_5.under,latest_pre_match,2026-02-27 04:47:06.227414+00:00,2026-02-27 12:54:15.004420+00:00
3587,2026-02-28 15:00:00+00:00,SC3,Edinburgh City,Forfar Athletic,c85,0.6199055008588489,,,,corners_ou_8_5.over,,,2026-02-27 12:54:15.004420+00:00
3587,2026-02-28 15:00:00+00:00,SC3,Edinburgh City,Forfar Athletic,btts,0.5750051972930712,1.6666666666666665,0.6000000000000001,-0.024994802706928887,btts.yes,latest_pre_match,2026-02-27 04:47:06.227414+00:00,2026-02-27 12:54:15.004420+00:00
3587,2026-02-28 15:00:00+00:00,SC3,Edinburgh City,Forfar Athletic,1x2_h,0.4068399776974681,2.8,0.35714285714285715,0.04969712055461095,1x2.home,latest_pre_match,2026-02-27 04:47:06.227414+00:00,2026-02-27 12:54:15.004420+00:00
3587,2026-02-28 15:00:00+00:00,SC3,Edinburgh City,Forfar Athletic,1x2_d,0.2589713946177104,3.3,0.30303030303030304,-0.044058908412592634,1x2.draw,latest_pre_match,2026-02-27 04:47:06.227414+00:00,2026-02-27 12:54:15.004420+00:00
3587,2026-02-28 15:00:00+00:00,SC3,Edinburgh City,Forfar Athletic,1x2_a,0.3483543906034006,2.15,0.46511627906976744,-0.11676188846636681,1x2.away,latest_pre_match,2026-02-27 04:47:06.227414+00:00,2026-02-27 12:54:15.004420+00:00
3587,2026-02-28 15:00:00+00:00,SC3,Edinburgh City,Forfar Athletic,dc_1x,0.6516456093965994,1.5714285714285714,0.6363636363636364,0.015281973032963081,dc.home_draw,latest_pre_match,2026-02-27 04:47:06.227414+00:00,2026-02-27 12:54:15.004420+00:00
3587,2026-02-28 15:00:00+00:00,SC3,Edinburgh City,Forfar Athletic,dc_x2,0.5931600223025318,1.3333333333333333,0.75,-0.15683997769746816,dc.draw_away,latest_pre_match,2026-02-27 04:47:06.227414+00:00,2026-02-27 12:54:15.004420+00:00
3587,2026-02-28 15:00:00+00:00,SC3,Edinburgh City,Forfar Athletic,dc_12,0.7419693143006674,1.25,0.8,-0.058030685699332674,dc.home_away,latest_pre_match,2026-02-27 04:47:06.227414+00:00,2026-02-27 12:54:15.004420+00:00
3588,2026-02-28 15:00:00+00:00,SC3,Stranraer,Elgin City,o15,0.7675690522978732,1.2222222222222223,0.8181818181818181,-0.05061276588394492,ou_1_5.over,latest_pre_match,2026-02-27 04:47:37.749268+00:00,2026-02-27 12:54:15.004420+00:00
3588,2026-02-28 15:00:00+00:00,SC3,Stranraer,Elgin City,u15,0.23243094770212683,4.0,0.25,-0.017569052297873172,ou_1_5.under,latest_pre_match,2026-02-27 04:47:37.749268+00:00,2026-02-27 12:54:15.004420+00:00
3588,2026-02-28 15:00:00+00:00,SC3,Stranraer,Elgin City,o25,0.5598963041906584,1.75,0.5714285714285714,-0.011532267237913008,ou_2_5.over,latest_pre_match,2026-02-27 04:47:37.749268+00:00,2026-02-27 12:54:15.004420+00:00
3588,2026-02-28 15:00:00+00:00,SC3,Stranraer,Elgin City,u25,0.4401036958093416,2.05,0.48780487804878053,-0.04770118223943892,ou_2_5.under,latest_pre_match,2026-02-27 04:47:37.749268+00:00,2026-02-27 12:54:15.004420+00:00
3588,2026-02-28 15:00:00+00:00,SC3,Stranraer,Elgin City,c85,0.6199055008588489,,,,corners_ou_8_5.over,,,2026-02-27 12:54:15.004420+00:00
3588,2026-02-28 15:00:00+00:00,SC3,Stranraer,Elgin City,btts,0.5750051972930712,1.6153846153846154,0.6190476190476191,-0.04404242175454787,btts.yes,latest_pre_match,2026-02-27 04:47:37.749268+00:00,2026-02-27 12:54:15.004420+00:00
3588,2026-02-28 15:00:00+00:00,SC3,Stranraer,Elgin City,1x2_h,0.4068399776974681,2.1,0.47619047619047616,-0.06935049849300806,1x2.home,latest_pre_match,2026-02-27 04:47:37.749268+00:00,2026-02-27 12:54:15.004420+00:00
3588,2026-02-28 15:00:00+00:00,SC3,Stranraer,Elgin City,1x2_d,0.2589713946177104,3.4,0.29411764705882354,-0.035146252441113135,1x2.draw,latest_pre_match,2026-02-27 04:47:37.749268+00:00,2026-02-27 12:54:15.004420+00:00
3588,2026-02-28 15:00:00+00:00,SC3,Stranraer,Elgin City,1x2_a,0.3483543906034006,2.9,0.3448275862068966,0.0035268043965040463,1x2.away,latest_pre_match,2026-02-27 04:47:37.749268+00:00,2026-02-27 12:54:15.004420+00:00
3588,2026-02-28 15:00:00+00:00,SC3,Stranraer,Elgin City,dc_1x,0.6516456093965994,1.3,0.7692307692307692,-0.11758515983416973,dc.home_draw,latest_pre_match,2026-02-27 04:47:37.749268+00:00,2026-02-27 12:54:15.004420+00:00
3588,2026-02-28 15:00:00+00:00,SC3,Stranraer,Elgin City,dc_x2,0.5931600223025318,1.6,0.625,-0.03183997769746816,dc.draw_away,latest_pre_match,2026-02-27 04:47:37.749268+00:00,2026-02-27 12:54:15.004420+00:00
3588,2026-02-28 15:00:00+00:00,SC3,Stranraer,Elgin City,dc_12,0.7419693143006674,1.25,0.8,-0.058030685699332674,dc.home_away,latest_pre_match,2026-02-27 04:47:37.749268+00:00,2026-02-27 12:54:15.004420+00:00
3589,2026-02-28 15:00:00+00:00,SC3,Spartans,Annan,o15,0.7675690522978732,1.25,0.8,-0.032430947702126844,ou_1_5.over,latest_pre_match,2026-02-27 04:47:34.803794+00:00,2026-02-27 12:54:15.004420+00:00
3589,2026-02-28 15:00:00+00:00,SC3,Spartans,Annan,u15,0.23243094770212683,3.75,0.26666666666666666,-0.034235718964539835,ou_1_5.under,latest_pre_match,2026-02-27 04:47:34.803794+00:00,2026-02-27 12:54:15.004420+00:00
3589,2026-02-28 15:00:00+00:00,SC3,Spartans,Annan,o25,0.5195597705665619,1.85,0.5405405405405405,-0.020980769973978575,ou_2_5.over,latest_pre_match,2026-02-27 04:47:34.803794+00:00,2026-02-27 12:54:15.004420+00:00
3589,2026-02-28 15:00:00+00:00,SC3,Spartans,Annan,u25,0.48044022943343817,1.95,0.5128205128205129,-0.032380283387074715,ou_2_5.under,latest_pre_match,2026-02-27 04:47:34.803794+00:00,2026-02-27 12:54:15.004420+00:00
3589,2026-02-28 15:00:00+00:00,SC3,Spartans,Annan,c85,0.6199055008588489,,,,corners_ou_8_5.over,,,2026-02-27 12:54:15.004420+00:00
3589,2026-02-28 15:00:00+00:00,SC3,Spartans,Annan,btts,0.5750051972930712,1.7272727272727273,0.5789473684210527,-0.003942171127981453,btts.yes,latest_pre_match,2026-02-27 04:47:34.803794+00:00,2026-02-27 12:54:15.004420+00:00
3589,2026-02-28 15:00:00+00:00,SC3,Spartans,Annan,1x2_h,0.4068399776974681,1.75,0.5714285714285714,-0.1645885937311033,1x2.home,latest_pre_match,2026-02-27 04:47:34.803794+00:00,2026-02-27 12:54:15.004420+00:00
3589,2026-02-28 15:00:00+00:00,SC3,Spartans,Annan,1x2_d,0.2589713946177104,3.4,0.29411764705882354,-0.035146252441113135,1x2.draw,latest_pre_match,2026-02-27 04:47:34.803794+00:00,2026-02-27 12:54:15.004420+00:00
3589,2026-02-28 15:00:00+00:00,SC3,Spartans,Annan,1x2_a,0.3483543906034006,3.9,0.25641025641025644,0.09194413419314418,1x2.away,latest_pre_match,2026-02-27 04:47:34.803794+00:00,2026-02-27 12:54:15.004420+00:00
3589,2026-02-28 15:00:00+00:00,SC3,Spartans,Annan,dc_1x,0.6516456093965994,1.1818181818181819,0.8461538461538461,-0.1945082367572467,dc.home_draw,latest_pre_match,2026-02-27 04:47:34.803794+00:00,2026-02-27 12:54:15.004420+00:00
3589,2026-02-28 15:00:00+00:00,SC3,Spartans,Annan,dc_x2,0.5931600223025318,1.9090909090909092,0.5238095238095238,0.069350498493008,dc.draw_away,latest_pre_match,2026-02-27 04:47:34.803794+00:00,2026-02-27 12:54:15.004420+00:00
3589,2026-02-28 15:00:00+00:00,SC3,Spartans,Annan,dc_12,0.7419693143006674,1.25,0.8,-0.058030685699332674,dc.home_away,latest_pre_match,2026-02-27 04:47:34.803794+00:00,2026-02-27 12:54:15.004420+00:00
3590,2026-02-28 15:00:00+00:00,SC3,Stirling,Dumbarton,o15,0.7675690522978732,1.2222222222222223,0.8181818181818181,-0.05061276588394492,ou_1_5.over,latest_pre_match,2026-02-27 04:47:35.576112+00:00,2026-02-27 12:54:15.004420+00:00
3590,2026-02-28 15:00:00+00:00,SC3,Stirling,Dumbarton,u15,0.23243094770212683,4.0,0.25,-0.017569052297873172,ou_1_5.under,latest_pre_match,2026-02-27 04:47:35.576112+00:00,2026-02-27 12:54:15.004420+00:00
3590,2026-02-28 15:00:00+00:00,SC3,Stirling,Dumbarton,o25,0.5573425724849329,1.7272727272727273,0.5789473684210527,-0.021604795936119747,ou_2_5.over,latest_pre_match,2026-02-27 04:47:35.576112+00:00,2026-02-27 12:54:15.004420+00:00
3590,2026-02-28 15:00:00+00:00,SC3,Stirling,Dumbarton,u25,0.4426574275150672,2.075,0.48192771084337344,-0.03927028332830623,ou_2_5.under,latest_pre_match,2026-02-27 04:47:35.576112+00:00,2026-02-27 12:54:15.004420+00:00
3590,2026-02-28 15:00:00+00:00,SC3,Stirling,Dumbarton,c85,0.6118385297781792,,,,corners_ou_8_5.over,,,2026-02-27 12:54:15.004420+00:00
3590,2026-02-28 15:00:00+00:00,SC3,Stirling,Dumbarton,btts,0.5719280921389199,1.6153846153846154,0.6190476190476191,-0.04711952690869914,btts.yes,latest_pre_match,2026-02-27 04:47:35.576112+00:00,2026-02-27 12:54:15.004420+00:00
3590,2026-02-28 15:00:00+00:00,SC3,Stirling,Dumbarton,1x2_h,0.4152666499470232,2.38,0.42016806722689076,-0.004901417279867537,1x2.home,latest_pre_match,2026-02-27 04:47:35.576112+00:00,2026-02-27 12:54:15.004420+00:00
3590,2026-02-28 15:00:00+00:00,SC3,Stirling,Dumbarton,1x2_d,0.2589713946177104,3.5,0.2857142857142857,-0.026742891096575294,1x2.draw,latest_pre_match,2026-02-27 04:47:35.576112+00:00,2026-02-27 12:54:15.004420+00:00
3590,2026-02-28 15:00:00+00:00,SC3,Stirling,Dumbarton,1x2_a,0.32136832552209743,2.45,0.4081632653061224,-0.08679493978402497,1x2.away,latest_pre_match,2026-02-27 04:47:35.576112+00:00,2026-02-27 12:54:15.004420+00:00
3590,2026-02-28 15:00:00+00:00,SC3,Stirling,Dumbarton,dc_1x,0.6786316744779025,1.4444444444444444,0.6923076923076923,-0.013676017829789777,dc.home_draw,latest_pre_match,2026-02-27 04:47:35.576112+00:00,2026-02-27 12:54:15.004420+00:00
3590,2026-02-28 15:00:00+00:00,SC3,Stirling,Dumbarton,dc_x2,0.5847333500529768,1.5,0.6666666666666666,-0.08193331661368985,dc.draw_away,latest_pre_match,2026-02-27 04:47:35.576112+00:00,2026-02-27 12:54:15.004420+00:00
3590,2026-02-28 15:00:00+00:00,SC3,Stirling,Dumbarton,dc_12,0.7419693143006674,1.2222222222222223,0.8181818181818181,-0.07621250388115075,dc.home_away,latest_pre_match,2026-02-27 04:47:35.576112+00:00,2026-02-27 12:54:15.004420+00:00
3591,2026-02-28 15:00:00+00:00,SC3,Clyde,East Kilbride,o15,0.7675690522978732,1.2222222222222223,0.8181818181818181,-0.05061276588394492,ou_1_5.over,latest_pre_match,2026-02-27 04:47:36.970006+00:00,2026-02-27 12:54:15.004420+00:00
3591,2026-02-28 15:00:00+00:00,SC3,Clyde,East Kilbride,u15,0.23243094770212683,4.0,0.25,-0.017569052297873172,ou_1_5.under,latest_pre_match,2026-02-27 04:47:36.970006+00:00,2026-02-27 12:54:15.004420+00:00
3591,2026-02-28 15:00:00+00:00,SC3,Clyde,East Kilbride,o25,0.5573425724849329,1.7272727272727273,0.5789473684210527,-0.021604795936119747,ou_2_5.over,latest_pre_match,2026-02-27 04:47:36.970006+00:00,2026-02-27 12:54:15.004420+00:00
3591,2026-02-28 15:00:00+00:00,SC3,Clyde,East Kilbride,u25,0.4426574275150672,2.075,0.48192771084337344,-0.03927028332830623,ou_2_5.under,latest_pre_match,2026-02-27 04:47:36.970006+00:00,2026-02-27 12:54:15.004420+00:00
3591,2026-02-28 15:00:00+00:00,SC3,Clyde,East Kilbride,c85,0.6118385297781792,,,,corners_ou_8_5.over,,,2026-02-27 12:54:15.004420+00:00
3591,2026-02-28 15:00:00+00:00,SC3,Clyde,East Kilbride,btts,0.5719280921389199,1.6153846153846154,0.6190476190476191,-0.04711952690869914,btts.yes,latest_pre_match,2026-02-27 04:47:36.970006+00:00,2026-02-27 12:54:15.004420+00:00
3591,2026-02-28 15:00:00+00:00,SC3,Clyde,East Kilbride,1x2_h,0.4152666499470232,2.5,0.4,0.015266649947023203,1x2.home,latest_pre_match,2026-02-27 04:47:36.970006+00:00,2026-02-27 12:54:15.004420+00:00
3591,2026-02-28 15:00:00+00:00,SC3,Clyde,East Kilbride,1x2_d,0.2589713946177104,3.4,0.29411764705882354,-0.035146252441113135,1x2.draw,latest_pre_match,2026-02-27 04:47:36.970006+00:00,2026-02-27 12:54:15.004420+00:00
3591,2026-02-28 15:00:00+00:00,SC3,Clyde,East Kilbride,1x2_a,0.32136832552209743,2.38,0.42016806722689076,-0.09879974170479333,1x2.away,latest_pre_match,2026-02-27 04:47:36.970006+00:00,2026-02-27 12:54:15.004420+00:00
3591,2026-02-28 15:00:00+00:00,SC3,Clyde,East Kilbride,dc_1x,0.6786316744779025,1.5,0.6666666666666666,0.011965007811235884,dc.home_draw,latest_pre_match,2026-02-27 04:47:36.970006+00:00,2026-02-27 12:54:15.004420+00:00
3591,2026-02-28 15:00:00+00:00,SC3,Clyde,East Kilbride,dc_x2,0.5847333500529768,1.4444444444444444,0.6923076923076923,-0.10757434225471552,dc.draw_away,latest_pre_match,2026-02-27 04:47:36.970006+00:00,2026-02-27 12:54:15.004420+00:00
3591,2026-02-28 15:00:00+00:00,SC3,Clyde,East Kilbride,dc_12,0.7419693143006674,1.25,0.8,-0.058030685699332674,dc.home_away,latest_pre_match,2026-02-27 04:47:36.970006+00:00,2026-02-27 12:54:15.004420+00:00
5900,2026-02-28 15:00:00+00:00,F1,Rennes,Toulouse,o15,0.7908285132362595,1.2857142857142856,0.7777777777777779,0.013050735458481566,ou_1_5.over,latest_pre_match,2026-02-27 04:47:20.450400+00:00,2026-02-27 12:54:15.004420+00:00
5900,2026-02-28 15:00:00+00:00,F1,Rennes,Toulouse,u15,0.20917148676374053,3.75,0.26666666666666666,-0.05749517990292613,ou_1_5.under,latest_pre_match,2026-02-27 04:47:20.450400+00:00,2026-02-27 12:54:15.004420+00:00
5900,2026-02-28 15:00:00+00:00,F1,Rennes,Toulouse,o25,0.5362709634405398,1.9090909090909092,0.5238095238095238,0.01246143963101598,ou_2_5.over,latest_pre_match,2026-02-27 04:47:20.450400+00:00,2026-02-27 12:54:15.004420+00:00
5900,2026-02-28 15:00:00+00:00,F1,Rennes,Toulouse,u25,0.46372903655946013,1.9090909090909092,0.5238095238095238,-0.06008048725006371,ou_2_5.under,latest_pre_match,2026-02-27 04:47:20.450400+00:00,2026-02-27 12:54:15.004420+00:00
5900,2026-02-28 15:00:00+00:00,F1,Rennes,Toulouse,c85,0.6295364677561942,,,,corners_ou_8_5.over,,,2026-02-27 12:54:15.004420+00:00
5900,2026-02-28 15:00:00+00:00,F1,Rennes,Toulouse,btts,0.5762563451351282,1.7,0.5882352941176471,-0.011978948982518833,btts.yes,latest_pre_match,2026-02-27 04:47:20.450400+00:00,2026-02-27 12:54:15.004420+00:00
5900,2026-02-28 15:00:00+00:00,F1,Rennes,Toulouse,1x2_h,0.3042789148137851,2.0,0.5,-0.1957210851862149,1x2.home,latest_pre_match,2026-02-27 04:47:20.450400+00:00,2026-02-27 12:54:15.004420+00:00
5900,2026-02-28 15:00:00+00:00,F1,Rennes,Toulouse,1x2_d,0.2589713946177104,3.5,0.2857142857142857,-0.026742891096575294,1x2.draw,latest_pre_match,2026-02-27 04:47:20.450400+00:00,2026-02-27 12:54:15.004420+00:00
5900,2026-02-28 15:00:00+00:00,F1,Rennes,Toulouse,1x2_a,0.4735182849936949,3.6,0.2777777777777778,0.19574050721591713,1x2.away,latest_pre_match,2026-02-27 04:47:20.450400+00:00,2026-02-27 12:54:15.004420+00:00
5900,2026-02-28 15:00:00+00:00,F1,Rennes,Toulouse,dc_1x,0.5264817150063051,1.2857142857142856,0.7777777777777779,-0.25129606277147276,dc.home_draw,latest_pre_match,2026-02-27 04:47:20.450400+00:00,2026-02-27 12:54:15.004420+00:00
5900,2026-02-28 15:00:00+00:00,F1,Rennes,Toulouse,dc_x2,0.6957210851862149,1.8,0.5555555555555556,0.1401655296306593,dc.draw_away,latest_pre_match,2026-02-27 04:47:20.450400+00:00,2026-02-27 12:54:15.004420+00:00
5900,2026-02-28 15:00:00+00:00,F1,Rennes,Toulouse,dc_12,0.7419693143006674,1.2857142857142856,0.7777777777777779,-0.03580846347711053,dc.home_away,latest_pre_match,2026-02-27 04:47:20.450400+00:00,2026-02-27 12:54:15.004420+00:00
4896,2026-02-28 15:15:00+00:00,I2,Spezia,Reggiana,o15,0.7671989926995225,1.3636363636363638,0.7333333333333333,0.03386565936618924,ou_1_5.over,latest_pre_match,2026-02-27 04:47:42.057439+00:00,2026-02-27 12:54:15.004420+00:00
4896,2026-02-28 15:15:00+00:00,I2,Spezia,Reggiana,u15,0.2328010073004775,3.0,0.3333333333333333,-0.1005323260328558,ou_1_5.under,latest_pre_match,2026-02-27 04:47:42.057439+00:00,2026-02-27 12:54:15.004420+00:00
4896,2026-02-28 15:15:00+00:00,I2,Spezia,Reggiana,o25,0.4928354749971738,2.2,0.45454545454545453,0.03829002045171925,ou_2_5.over,latest_pre_match,2026-02-27 04:47:42.057439+00:00,2026-02-27 12:54:15.004420+00:00
4896,2026-02-28 15:15:00+00:00,I2,Spezia,Reggiana,u25,0.5071645250028263,1.65,0.6060606060606061,-0.0988960810577798,ou_2_5.under,latest_pre_match,2026-02-27 04:47:42.057439+00:00,2026-02-27 12:54:15.004420+00:00
4896,2026-02-28 15:15:00+00:00,I2,Spezia,Reggiana,c85,0.6330271324477649,,,,corners_ou_8_5.over,,,2026-02-27 12:54:15.004420+00:00
4896,2026-02-28 15:15:00+00:00,I2,Spezia,Reggiana,btts,0.5666005631173611,1.95,0.5128205128205129,0.05378005029684818,btts.yes,latest_pre_match,2026-02-27 04:47:42.057439+00:00,2026-02-27 12:54:15.004420+00:00
4896,2026-02-28 15:15:00+00:00,I2,Spezia,Reggiana,1x2_h,0.4031646813359373,1.9100000000000001,0.5235602094240838,-0.12039552808814646,1x2.home,latest_pre_match,2026-02-27 04:47:42.057439+00:00,2026-02-27 12:54:15.004420+00:00
4896,2026-02-28 15:15:00+00:00,I2,Spezia,Reggiana,1x2_d,0.24388893215718024,3.25,0.3076923076923077,-0.06380337553512747,1x2.draw,latest_pre_match,2026-02-27 04:47:42.057439+00:00,2026-02-27 12:54:15.004420+00:00
4896,2026-02-28 15:15:00+00:00,I2,Spezia,Reggiana,1x2_a,0.30949025859236806,4.1,0.24390243902439027,0.0655878195679778,1x2.away,latest_pre_match,2026-02-27 04:47:42.057439+00:00,2026-02-27 12:54:15.004420+00:00
4896,2026-02-28 15:15:00+00:00,I2,Spezia,Reggiana,dc_1x,0.6905097414076321,1.2222222222222223,0.8181818181818181,-0.12767207677418602,dc.home_draw,latest_pre_match,2026-02-27 04:47:42.057439+00:00,2026-02-27 12:54:15.004420+00:00
4896,2026-02-28 15:15:00+00:00,I2,Spezia,Reggiana,dc_x2,0.5968353186640627,1.8,0.5555555555555556,0.04127976310850712,dc.draw_away,latest_pre_match,2026-02-27 04:47:42.057439+00:00,2026-02-27 12:54:15.004420+00:00
4896,2026-02-28 15:15:00+00:00,I2,Spezia,Reggiana,dc_12,0.7524687091279972,1.3333333333333333,0.75,0.0024687091279972373,dc.home_away,latest_pre_match,2026-02-27 04:47:42.057439+00:00,2026-02-27 12:54:15.004420+00:00
19582,2026-02-28 15:30:00+00:00,P1,AFS,Estrela,o15,0.7860666084743547,1.3636363636363638,0.7333333333333333,0.05273327514102144,ou_1_5.over,latest_pre_match,2026-02-27 04:47:43.996251+00:00,2026-02-27 12:54:15.004420+00:00
19582,2026-02-28 15:30:00+00:00,P1,AFS,Estrela,u15,0.2139333915256453,3.0,0.3333333333333333,-0.11939994180768801,ou_1_5.under,latest_pre_match,2026-02-27 04:47:43.996251+00:00,2026-02-27 12:54:15.004420+00:00
19582,2026-02-28 15:30:00+00:00,P1,AFS,Estrela,o25,0.4772673220231489,2.2,0.45454545454545453,0.02272186747769439,ou_2_5.over,latest_pre_match,2026-02-27 04:47:43.996251+00:00,2026-02-27 12:54:15.004420+00:00
19582,2026-02-28 15:30:00+00:00,P1,AFS,Estrela,u25,0.5227326779768511,1.65,0.6060606060606061,-0.083327928083755,ou_2_5.under,latest_pre_match,2026-02-27 04:47:43.996251+00:00,2026-02-27 12:54:15.004420+00:00
19582,2026-02-28 15:30:00+00:00,P1,AFS,Estrela,c85,0.603735710205951,,,,corners_ou_8_5.over,,,2026-02-27 12:54:15.004420+00:00
19582,2026-02-28 15:30:00+00:00,P1,AFS,Estrela,btts,0.5509229795993442,1.9090909090909092,0.5238095238095238,0.027113455789820384,btts.yes,latest_pre_match,2026-02-27 04:47:43.996251+00:00,2026-02-27 12:54:15.004420+00:00
19582,2026-02-28 15:30:00+00:00,P1,AFS,Estrela,1x2_h,0.43606215927679987,2.55,0.3921568627450981,0.043905296531701776,1x2.home,latest_pre_match,2026-02-27 04:47:43.996251+00:00,2026-02-27 12:54:15.004420+00:00
19582,2026-02-28 15:30:00+00:00,P1,AFS,Estrela,1x2_d,0.24547933112564688,3.2,0.3125,-0.06702066887435312,1x2.draw,latest_pre_match,2026-02-27 04:47:43.996251+00:00,2026-02-27 12:54:15.004420+00:00
19582,2026-02-28 15:30:00+00:00,P1,AFS,Estrela,1x2_a,0.2803641384299638,2.65,0.37735849056603776,-0.09699435213607394,1x2.away,latest_pre_match,2026-02-27 04:47:43.996251+00:00,2026-02-27 12:54:15.004420+00:00
19582,2026-02-28 15:30:00+00:00,P1,AFS,Estrela,dc_1x,0.7196358615700363,1.4444444444444444,0.6923076923076923,0.02732816926234405,dc.home_draw,latest_pre_match,2026-02-27 04:47:43.996251+00:00,2026-02-27 12:54:15.004420+00:00
19582,2026-02-28 15:30:00+00:00,P1,AFS,Estrela,dc_x2,0.5639378407232002,1.5,0.6666666666666666,-0.10272882594346644,dc.draw_away,latest_pre_match,2026-02-27 04:47:43.996251+00:00,2026-02-27 12:54:15.004420+00:00
19582,2026-02-28 15:30:00+00:00,P1,AFS,Estrela,dc_12,0.755583388529676,1.3636363636363638,0.7333333333333333,0.02225005519634271,dc.home_away,latest_pre_match,2026-02-27 04:47:43.996251+00:00,2026-02-27 12:54:15.004420+00:00
20138,2026-02-28 15:30:00+00:00,G1,Atromitos,Panetolikos,o15,0.7472397095503701,1.4,0.7142857142857143,0.03295399526465581,ou_1_5.over,latest_pre_match,2026-02-27 04:47:42.697645+00:00,2026-02-27 12:54:15.004420+00:00
20138,2026-02-28 15:30:00+00:00,G1,Atromitos,Panetolikos,u15,0.25276029044962983,2.75,0.36363636363636365,-0.11087607318673381,ou_1_5.under,latest_pre_match,2026-02-27 04:47:42.697645+00:00,2026-02-27 12:54:15.004420+00:00
20138,2026-02-28 15:30:00+00:00,G1,Atromitos,Panetolikos,o25,0.5114504121032409,2.25,0.4444444444444444,0.06700596765879652,ou_2_5.over,latest_pre_match,2026-02-27 04:47:42.697645+00:00,2026-02-27 12:54:15.004420+00:00
20138,2026-02-28 15:30:00+00:00,G1,Atromitos,Panetolikos,u25,0.488549587896759,1.6153846153846154,0.6190476190476191,-0.13049803115086006,ou_2_5.under,latest_pre_match,2026-02-27 04:47:42.697645+00:00,2026-02-27 12:54:15.004420+00:00
20138,2026-02-28 15:30:00+00:00,G1,Atromitos,Panetolikos,c85,0.6148840600639782,1.9090909090909092,0.5238095238095238,0.09107453625445439,corners_ou_8_5.over,latest_pre_match,2026-02-27 04:47:42.697645+00:00,2026-02-27 12:54:15.004420+00:00
20138,2026-02-28 15:30:00+00:00,G1,Atromitos,Panetolikos,btts,0.4850979265002775,2.0,0.5,-0.014902073499722501,btts.yes,latest_pre_match,2026-02-27 04:47:42.697645+00:00,2026-02-27 12:54:15.004420+00:00
20138,2026-02-28 15:30:00+00:00,G1,Atromitos,Panetolikos,1x2_h,0.5530057987284919,1.81,0.5524861878453039,0.0005196108831879709,1x2.home,latest_pre_match,2026-02-27 04:47:42.697645+00:00,2026-02-27 12:54:15.004420+00:00
20138,2026-02-28 15:30:00+00:00,G1,Atromitos,Panetolikos,1x2_d,0.2589713946177104,3.3,0.30303030303030304,-0.044058908412592634,1x2.draw,latest_pre_match,2026-02-27 04:47:42.697645+00:00,2026-02-27 12:54:15.004420+00:00
20138,2026-02-28 15:30:00+00:00,G1,Atromitos,Panetolikos,1x2_a,0.2315077074236042,4.5,0.2222222222222222,0.009285485201381977,1x2.away,latest_pre_match,2026-02-27 04:47:42.697645+00:00,2026-02-27 12:54:15.004420+00:00
20138,2026-02-28 15:30:00+00:00,G1,Atromitos,Panetolikos,dc_1x,0.7684922925763957,1.1818181818181819,0.8461538461538461,-0.07766155357745042,dc.home_draw,latest_pre_match,2026-02-27 04:47:42.697645+00:00,2026-02-27 12:54:15.004420+00:00
20138,2026-02-28 15:30:00+00:00,G1,Atromitos,Panetolikos,dc_x2,0.4469942012715082,1.9090909090909092,0.5238095238095238,-0.07681532253801565,dc.draw_away,latest_pre_match,2026-02-27 04:47:42.697645+00:00,2026-02-27 12:54:15.004420+00:00
20138,2026-02-28 15:30:00+00:00,G1,Atromitos,Panetolikos,dc_12,0.7419693143006674,1.3333333333333333,0.75,-0.00803068569933263,dc.home_away,latest_pre_match,2026-02-27 04:47:42.697645+00:00,2026-02-27 12:54:15.004420+00:00
21693,2026-02-28 15:30:00+00:00,PL1,Motor Lublin,Korona Kielce,o15,0.7671989926995225,1.25,0.8,-0.032801007300477525,ou_1_5.over,latest_pre_match,2026-02-27 04:47:43.339837+00:00,2026-02-27 12:54:15.004420+00:00
21693,2026-02-28 15:30:00+00:00,PL1,Motor Lublin,Korona Kielce,u15,0.2328010073004775,3.75,0.26666666666666666,-0.033865659366189155,ou_1_5.under,latest_pre_match,2026-02-27 04:47:43.339837+00:00,2026-02-27 12:54:15.004420+00:00
21693,2026-02-28 15:30:00+00:00,PL1,Motor Lublin,Korona Kielce,o25,0.5162731565607704,1.85,0.5405405405405405,-0.02426738397977002,ou_2_5.over,latest_pre_match,2026-02-27 04:47:43.339837+00:00,2026-02-27 12:54:15.004420+00:00
21693,2026-02-28 15:30:00+00:00,PL1,Motor Lublin,Korona Kielce,u25,0.4837268434392296,1.95,0.5128205128205129,-0.02909366938128327,ou_2_5.under,latest_pre_match,2026-02-27 04:47:43.339837+00:00,2026-02-27 12:54:15.004420+00:00
21693,2026-02-28 15:30:00+00:00,PL1,Motor Lublin,Korona Kielce,c85,0.6330271324477649,,,,corners_ou_8_5.over,,,2026-02-27 12:54:15.004420+00:00
21693,2026-02-28 15:30:00+00:00,PL1,Motor Lublin,Korona Kielce,btts,0.5750051972930712,1.7,0.5882352941176471,-0.013230096824575877,btts.yes,latest_pre_match,2026-02-27 04:47:43.339837+00:00,2026-02-27 12:54:15.004420+00:00
21693,2026-02-28 15:30:00+00:00,PL1,Motor Lublin,Korona Kielce,1x2_h,0.28796334661626316,2.38,0.42016806722689076,-0.1322047206106276,1x2.home,latest_pre_match,2026-02-27 04:47:43.339837+00:00,2026-02-27 12:54:15.004420+00:00
21693,2026-02-28 15:30:00+00:00,PL1,Motor Lublin,Korona Kielce,1x2_d,0.27849857606464007,3.3,0.30303030303030304,-0.02453172696566297,1x2.draw,latest_pre_match,2026-02-27 04:47:43.339837+00:00,2026-02-27 12:54:15.004420+00:00
21693,2026-02-28 15:30:00+00:00,PL1,Motor Lublin,Korona Kielce,1x2_a,0.35090013824718747,2.7,0.37037037037037035,-0.019470232123182885,1x2.away,latest_pre_match,2026-02-27 04:47:43.339837+00:00,2026-02-27 12:54:15.004420+00:00
21693,2026-02-28 15:30:00+00:00,PL1,Motor Lublin,Korona Kielce,dc_1x,0.6490998617528125,1.4444444444444444,0.6923076923076923,-0.043207830554879756,dc.home_draw,latest_pre_match,2026-02-27 04:47:43.339837+00:00,2026-02-27 12:54:15.004420+00:00
21693,2026-02-28 15:30:00+00:00,PL1,Motor Lublin,Korona Kielce,dc_x2,0.7120366533837368,1.5333333333333332,0.6521739130434783,0.05986274034025851,dc.draw_away,latest_pre_match,2026-02-27 04:47:43.339837+00:00,2026-02-27 12:54:15.004420+00:00
21693,2026-02-28 15:30:00+00:00,PL1,Motor Lublin,Korona Kielce,dc_12,0.7419693143006674,1.3333333333333333,0.75,-0.00803068569933263,dc.home_away,latest_pre_match,2026-02-27 04:47:43.339837+00:00,2026-02-27 12:54:15.004420+00:00
4513,2026-02-28 16:00:00+00:00,I1,Verona,Napoli,o15,0.5946739807033925,1.4,0.7142857142857143,-0.1196117335823218,ou_1_5.over,latest_pre_match,2026-02-27 04:47:45.929967+00:00,2026-02-27 12:54:15.004420+00:00
4513,2026-02-28 16:00:00+00:00,I1,Verona,Napoli,u15,0.4053260192966075,3.0,0.3333333333333333,0.07199268596327418,ou_1_5.under,latest_pre_match,2026-02-27 04:47:45.929967+00:00,2026-02-27 12:54:15.004420+00:00
4513,2026-02-28 16:00:00+00:00,I1,Verona,Napoli,o25,0.3902785265049416,2.3,0.4347826086956522,-0.044504082190710614,ou_2_5.over,latest_pre_match,2026-02-27 04:47:45.929967+00:00,2026-02-27 12:54:15.004420+00:00
4513,2026-02-28 16:00:00+00:00,I1,Verona,Napoli,u25,0.6097214734950583,1.6153846153846154,0.6190476190476191,-0.009326145552560727,ou_2_5.under,latest_pre_match,2026-02-27 04:47:45.929967+00:00,2026-02-27 12:54:15.004420+00:00
4513,2026-02-28 16:00:00+00:00,I1,Verona,Napoli,c85,0.5353046594982079,1.8,0.5555555555555556,-0.020250896057347645,corners_ou_8_5.over,latest_pre_match,2026-02-27 04:47:45.929967+00:00,2026-02-27 12:54:15.004420+00:00
4513,2026-02-28 16:00:00+00:00,I1,Verona,Napoli,btts,0.5085520100858988,2.375,0.42105263157894735,0.08749937850695144,btts.yes,latest_pre_match,2026-02-27 04:47:45.929967+00:00,2026-02-27 12:54:15.004420+00:00
4513,2026-02-28 16:00:00+00:00,I1,Verona,Napoli,1x2_h,0.22205766942609048,7.5,0.13333333333333333,0.08872433609275715,1x2.home,latest_pre_match,2026-02-27 04:47:45.929967+00:00,2026-02-27 12:54:15.004420+00:00
4513,2026-02-28 16:00:00+00:00,I1,Verona,Napoli,1x2_d,0.25182853747485323,4.0,0.25,0.0018285374748532313,1x2.draw,latest_pre_match,2026-02-27 04:47:45.929967+00:00,2026-02-27 12:54:15.004420+00:00
4513,2026-02-28 16:00:00+00:00,I1,Verona,Napoli,1x2_a,0.45249936188256995,1.5,0.6666666666666666,-0.21416730478409668,1x2.away,latest_pre_match,2026-02-27 04:47:45.929967+00:00,2026-02-27 12:54:15.004420+00:00
4513,2026-02-28 16:00:00+00:00,I1,Verona,Napoli,dc_1x,0.54750063811743,2.5,0.4,0.14750063811742997,dc.home_draw,latest_pre_match,2026-02-27 04:47:45.929967+00:00,2026-02-27 12:54:15.004420+00:00
4513,2026-02-28 16:00:00+00:00,I1,Verona,Napoli,dc_x2,0.7779423305739095,1.1,0.9090909090909091,-0.13114857851699957,dc.draw_away,latest_pre_match,2026-02-27 04:47:45.929967+00:00,2026-02-27 12:54:15.004420+00:00
4513,2026-02-28 16:00:00+00:00,I1,Verona,Napoli,dc_12,0.7492341821804697,1.2222222222222223,0.8181818181818181,-0.06894763600134846,dc.home_away,latest_pre_match,2026-02-27 04:47:45.929967+00:00,2026-02-27 12:54:15.004420+00:00
20139,2026-02-28 16:00:00+00:00,G1,Kifisia,Levadiakos,o15,0.7507970553342603,1.3333333333333333,0.75,0.0007970553342603326,ou_1_5.over,latest_pre_match,2026-02-27 04:47:48.161062+00:00,2026-02-27 12:54:15.004420+00:00
20139,2026-02-28 16:00:00+00:00,G1,Kifisia,Levadiakos,u15,0.24920294466573958,3.25,0.3076923076923077,-0.058489363026568125,ou_1_5.under,latest_pre_match,2026-02-27 04:47:48.161062+00:00,2026-02-27 12:54:15.004420+00:00
20139,2026-02-28 16:00:00+00:00,G1,Kifisia,Levadiakos,o25,0.49903680017708574,2.075,0.48192771084337344,0.017109089333712302,ou_2_5.over,latest_pre_match,2026-02-27 04:47:48.161062+00:00,2026-02-27 12:54:15.004420+00:00
20139,2026-02-28 16:00:00+00:00,G1,Kifisia,Levadiakos,u25,0.5009631998229143,1.7272727272727273,0.5789473684210527,-0.07798416859813839,ou_2_5.under,latest_pre_match,2026-02-27 04:47:48.161062+00:00,2026-02-27 12:54:15.004420+00:00
20139,2026-02-28 16:00:00+00:00,G1,Kifisia,Levadiakos,c85,0.6330271324477649,1.8333333333333335,0.5454545454545454,0.08757258699321946,corners_ou_8_5.over,latest_pre_match,2026-02-27 04:47:48.161062+00:00,2026-02-27 12:54:15.004420+00:00
20139,2026-02-28 16:00:00+00:00,G1,Kifisia,Levadiakos,btts,0.5220154892242919,1.8,0.5555555555555556,-0.03354006633126372,btts.yes,latest_pre_match,2026-02-27 04:47:48.161062+00:00,2026-02-27 12:54:15.004420+00:00
20139,2026-02-28 16:00:00+00:00,G1,Kifisia,Levadiakos,1x2_h,0.5084460561330921,2.8200000000000003,0.35460992907801414,0.153836127055078,1x2.home,latest_pre_match,2026-02-27 04:47:48.161062+00:00,2026-02-27 12:54:15.004420+00:00
20139,2026-02-28 16:00:00+00:00,G1,Kifisia,Levadiakos,1x2_d,0.2589713946177104,3.1,0.3225806451612903,-0.06360925054357991,1x2.draw,latest_pre_match,2026-02-27 04:47:48.161062+00:00,2026-02-27 12:54:15.004420+00:00
20139,2026-02-28 16:00:00+00:00,G1,Kifisia,Levadiakos,1x2_a,0.26123186059502357,2.5700000000000003,0.3891050583657587,-0.12787319777073514,1x2.away,latest_pre_match,2026-02-27 04:47:48.161062+00:00,2026-02-27 12:54:15.004420+00:00
20139,2026-02-28 16:00:00+00:00,G1,Kifisia,Levadiakos,dc_1x,0.7387681394049764,1.4444444444444444,0.6923076923076923,0.04646044709728414,dc.home_draw,latest_pre_match,2026-02-27 04:47:48.161062+00:00,2026-02-27 12:54:15.004420+00:00
20139,2026-02-28 16:00:00+00:00,G1,Kifisia,Levadiakos,dc_x2,0.49155394386690787,1.4,0.7142857142857143,-0.22273177041880643,dc.draw_away,latest_pre_match,2026-02-27 04:47:48.161062+00:00,2026-02-27 12:54:15.004420+00:00
20139,2026-02-28 16:00:00+00:00,G1,Kifisia,Levadiakos,dc_12,0.7419693143006674,1.3636363636363638,0.7333333333333333,0.00863598096733409,dc.home_away,latest_pre_match,2026-02-27 04:47:48.161062+00:00,2026-02-27 12:54:15.004420+00:00
22026,2026-02-28 16:00:00+00:00,RO1,Farul Constanta,CFR Cluj,o15,0.7908285132362595,1.2857142857142856,0.7777777777777779,0.013050735458481566,ou_1_5.over,latest_pre_match,2026-02-27 04:47:44.635510+00:00,2026-02-27 12:54:15.004420+00:00
22026,2026-02-28 16:00:00+00:00,RO1,Farul Constanta,CFR Cluj,u15,0.20917148676374053,3.5,0.2857142857142857,-0.07654279895054517,ou_1_5.under,latest_pre_match,2026-02-27 04:47:44.635510+00:00,2026-02-27 12:54:15.004420+00:00
22026,2026-02-28 16:00:00+00:00,RO1,Farul Constanta,CFR Cluj,o25,0.5366550223693081,1.9,0.5263157894736842,0.010339232895623884,ou_2_5.over,latest_pre_match,2026-02-27 04:47:44.635510+00:00,2026-02-27 12:54:15.004420+00:00
22026,2026-02-28 16:00:00+00:00,RO1,Farul Constanta,CFR Cluj,u25,0.46544076544076546,1.9,0.5263157894736842,-0.06087502403291872,ou_2_5.under,latest_pre_match,2026-02-27 04:47:44.635510+00:00,2026-02-27 12:54:15.004420+00:00
22026,2026-02-28 16:00:00+00:00,RO1,Farul Constanta,CFR Cluj,c85,0.6148840600639782,,,,corners_ou_8_5.over,,,2026-02-27 12:54:15.004420+00:00
22026,2026-02-28 16:00:00+00:00,RO1,Farul Constanta,CFR Cluj,btts,0.567796119795901,1.7272727272727273,0.5789473684210527,-0.0111512486251516,btts.yes,latest_pre_match,2026-02-27 04:47:44.635510+00:00,2026-02-27 12:54:15.004420+00:00
22026,2026-02-28 16:00:00+00:00,RO1,Farul Constanta,CFR Cluj,1x2_h,0.32822748517340244,3.1,0.3225806451612903,0.005646840012112131,1x2.home,latest_pre_match,2026-02-27 04:47:44.635510+00:00,2026-02-27 12:54:15.004420+00:00
22026,2026-02-28 16:00:00+00:00,RO1,Farul Constanta,CFR Cluj,1x2_d,0.25182853747485323,3.3,0.30303030303030304,-0.05120176555544981,1x2.draw,latest_pre_match,2026-02-27 04:47:44.635510+00:00,2026-02-27 12:54:15.004420+00:00
22026,2026-02-28 16:00:00+00:00,RO1,Farul Constanta,CFR Cluj,1x2_a,0.4009571264689118,2.05,0.48780487804878053,-0.08684775157986874,1x2.away,latest_pre_match,2026-02-27 04:47:44.635510+00:00,2026-02-27 12:54:15.004420+00:00
22026,2026-02-28 16:00:00+00:00,RO1,Farul Constanta,CFR Cluj,dc_1x,0.5990428735310882,1.6666666666666665,0.6000000000000001,-0.0009571264689118841,dc.home_draw,latest_pre_match,2026-02-27 04:47:44.635510+00:00,2026-02-27 12:54:15.004420+00:00
22026,2026-02-28 16:00:00+00:00,RO1,Farul Constanta,CFR Cluj,dc_x2,0.6717725148265975,1.3333333333333333,0.75,-0.0782274851734025,dc.draw_away,latest_pre_match,2026-02-27 04:47:44.635510+00:00,2026-02-27 12:54:15.004420+00:00
22026,2026-02-28 16:00:00+00:00,RO1,Farul Constanta,CFR Cluj,dc_12,0.7492341821804697,1.3,0.7692307692307692,-0.019996587050299497,dc.home_away,latest_pre_match,2026-02-27 04:47:44.635510+00:00,2026-02-27 12:54:15.004420+00:00
22435,2026-02-28 16:00:00+00:00,CH1,St. Gallen,Winterthur,o15,0.8039853421432369,1.1111111111111112,0.8999999999999999,-0.096014657856763,ou_1_5.over,latest_pre_match,2026-02-27 04:47:45.282723+00:00,2026-02-27 12:54:15.004420+00:00
22435,2026-02-28 16:00:00+00:00,CH1,St. Gallen,Winterthur,u15,0.1960146578567631,6.5,0.15384615384615385,0.04216850401060926,ou_1_5.under,latest_pre_match,2026-02-27 04:47:45.282723+00:00,2026-02-27 12:54:15.004420+00:00
22435,2026-02-28 16:00:00+00:00,CH1,St. Gallen,Winterthur,o25,0.5445851528877751,1.3636363636363638,0.7333333333333333,-0.1887481804455582,ou_2_5.over,latest_pre_match,2026-02-27 04:47:45.282723+00:00,2026-02-27 12:54:15.004420+00:00
22435,2026-02-28 16:00:00+00:00,CH1,St. Gallen,Winterthur,u25,0.45541484711222485,3.1,0.3225806451612903,0.13283420195093454,ou_2_5.under,latest_pre_match,2026-02-27 04:47:45.282723+00:00,2026-02-27 12:54:15.004420+00:00
22435,2026-02-28 16:00:00+00:00,CH1,St. Gallen,Winterthur,c85,0.6924140919241409,,,,corners_ou_8_5.over,,,2026-02-27 12:54:15.004420+00:00
22435,2026-02-28 16:00:00+00:00,CH1,St. Gallen,Winterthur,btts,0.5412455602445055,1.6666666666666665,0.6000000000000001,-0.05875443975549455,btts.yes,latest_pre_match,2026-02-27 04:47:45.282723+00:00,2026-02-27 12:54:15.004420+00:00
22435,2026-02-28 16:00:00+00:00,CH1,St. Gallen,Winterthur,1x2_h,0.6263666584123125,1.25,0.8,-0.1736333415876875,1x2.home,latest_pre_match,2026-02-27 04:47:45.282723+00:00,2026-02-27 12:54:15.004420+00:00
22435,2026-02-28 16:00:00+00:00,CH1,St. Gallen,Winterthur,1x2_d,0.2162846105079214,6.0,0.16666666666666666,0.04961794384125473,1x2.draw,latest_pre_match,2026-02-27 04:47:45.282723+00:00,2026-02-27 12:54:15.004420+00:00
22435,2026-02-28 16:00:00+00:00,CH1,St. Gallen,Winterthur,1x2_a,0.20226356735437742,8.0,0.125,0.07726356735437742,1x2.away,latest_pre_match,2026-02-27 04:47:45.282723+00:00,2026-02-27 12:54:15.004420+00:00
22435,2026-02-28 16:00:00+00:00,CH1,St. Gallen,Winterthur,dc_1x,0.7977364326456226,1.0833333333333333,0.9230769230769231,-0.12534049043130058,dc.home_draw,latest_pre_match,2026-02-27 04:47:45.282723+00:00,2026-02-27 12:54:15.004420+00:00
22435,2026-02-28 16:00:00+00:00,CH1,St. Gallen,Winterthur,dc_x2,0.3736333415876875,3.5,0.2857142857142857,0.08791905587340182,dc.draw_away,latest_pre_match,2026-02-27 04:47:45.282723+00:00,2026-02-27 12:54:15.004420+00:00
22435,2026-02-28 16:00:00+00:00,CH1,St. Gallen,Winterthur,dc_12,0.7803226064985299,1.125,0.8888888888888888,-0.10856628239035893,dc.home_away,latest_pre_match,2026-02-27 04:47:45.282723+00:00,2026-02-27 12:54:15.004420+00:00
22436,2026-02-28 16:00:00+00:00,CH1,Thun,Luzern,o15,0.9073867624592262,1.125,0.8888888888888888,0.018497873570337386,ou_1_5.over,latest_pre_match,2026-02-27 04:47:46.576606+00:00,2026-02-27 12:54:15.004420+00:00
22436,2026-02-28 16:00:00+00:00,CH1,Thun,Luzern,u15,0.09261323754077377,6.0,0.16666666666666666,-0.07405342912589288,ou_1_5.under,latest_pre_match,2026-02-27 04:47:46.576606+00:00,2026-02-27 12:54:15.004420+00:00
22436,2026-02-28 16:00:00+00:00,CH1,Thun,Luzern,o25,0.6120463239059065,1.4444444444444444,0.6923076923076923,-0.08026136840178577,ou_2_5.over,latest_pre_match,2026-02-27 04:47:46.576606+00:00,2026-02-27 12:54:15.004420+00:00
22436,2026-02-28 16:00:00+00:00,CH1,Thun,Luzern,u25,0.38613294780277707,2.7,0.37037037037037035,0.01576257743240672,ou_2_5.under,latest_pre_match,2026-02-27 04:47:46.576606+00:00,2026-02-27 12:54:15.004420+00:00
22436,2026-02-28 16:00:00+00:00,CH1,Thun,Luzern,c85,0.6389596594398789,,,,corners_ou_8_5.over,,,2026-02-27 12:54:15.004420+00:00
22436,2026-02-28 16:00:00+00:00,CH1,Thun,Luzern,btts,0.5913726242048956,1.4,0.7142857142857143,-0.12291309008081874,btts.yes,latest_pre_match,2026-02-27 04:47:46.576606+00:00,2026-02-27 12:54:15.004420+00:00
22436,2026-02-28 16:00:00+00:00,CH1,Thun,Luzern,1x2_h,0.5677174902430204,1.8599999999999999,0.5376344086021506,0.030083081640869813,1x2.home,latest_pre_match,2026-02-27 04:47:46.576606+00:00,2026-02-27 12:54:15.004420+00:00
22436,2026-02-28 16:00:00+00:00,CH1,Thun,Luzern,1x2_d,0.22950031687634329,3.75,0.26666666666666666,-0.03716634979032338,1x2.draw,latest_pre_match,2026-02-27 04:47:46.576606+00:00,2026-02-27 12:54:15.004420+00:00
22436,2026-02-28 16:00:00+00:00,CH1,Thun,Luzern,1x2_a,0.2262795610986165,3.6,0.2777777777777778,-0.051498216679161296,1x2.away,latest_pre_match,2026-02-27 04:47:46.576606+00:00,2026-02-27 12:54:15.004420+00:00
22436,2026-02-28 16:00:00+00:00,CH1,Thun,Luzern,dc_1x,0.7737204389013835,1.2857142857142856,0.7777777777777779,-0.004057338876394367,dc.home_draw,latest_pre_match,2026-02-27 04:47:46.576606+00:00,2026-02-27 12:54:15.004420+00:00
22436,2026-02-28 16:00:00+00:00,CH1,Thun,Luzern,dc_x2,0.4322825097569795,1.8333333333333335,0.5454545454545454,-0.1131720356975659,dc.draw_away,latest_pre_match,2026-02-27 04:47:46.576606+00:00,2026-02-27 12:54:15.004420+00:00
22436,2026-02-28 16:00:00+00:00,CH1,Thun,Luzern,dc_12,0.7715624027789795,1.25,0.8,-0.028437597221020572,dc.home_away,latest_pre_match,2026-02-27 04:47:46.576606+00:00,2026-02-27 12:54:15.004420+00:00
22594,2026-02-28 16:00:00+00:00,CH2,Lausanne Ouchy,Etoile-Carouge,o15,0.7659279352724425,,,,ou_1_5.over,,,2026-02-27 12:54:15.004420+00:00
22594,2026-02-28 16:00:00+00:00,CH2,Lausanne Ouchy,Etoile-Carouge,u15,0.2340720647275574,,,,ou_1_5.under,,,2026-02-27 12:54:15.004420+00:00
22594,2026-02-28 16:00:00+00:00,CH2,Lausanne Ouchy,Etoile-Carouge,o25,0.5403064829535418,,,,ou_2_5.over,,,2026-02-27 12:54:15.004420+00:00
22594,2026-02-28 16:00:00+00:00,CH2,Lausanne Ouchy,Etoile-Carouge,u25,0.4596935170464582,,,,ou_2_5.under,,,2026-02-27 12:54:15.004420+00:00
22594,2026-02-28 16:00:00+00:00,CH2,Lausanne Ouchy,Etoile-Carouge,c85,0.6079007328091182,,,,corners_ou_8_5.over,,,2026-02-27 12:54:15.004420+00:00
22594,2026-02-28 16:00:00+00:00,CH2,Lausanne Ouchy,Etoile-Carouge,btts,0.5085520100858988,,,,btts.yes,,,2026-02-27 12:54:15.004420+00:00
22594,2026-02-28 16:00:00+00:00,CH2,Lausanne Ouchy,Etoile-Carouge,1x2_h,0.5845020511797375,1.5714285714285714,0.6363636363636364,-0.05186158518389883,1x2.home,latest_pre_match,2026-02-27 04:47:47.330364+00:00,2026-02-27 12:54:15.004420+00:00
22594,2026-02-28 16:00:00+00:00,CH2,Lausanne Ouchy,Etoile-Carouge,1x2_d,0.2500319261076159,3.9,0.25641025641025644,-0.006378330302640567,1x2.draw,latest_pre_match,2026-02-27 04:47:47.330364+00:00,2026-02-27 12:54:15.004420+00:00
22594,2026-02-28 16:00:00+00:00,CH2,Lausanne Ouchy,Etoile-Carouge,1x2_a,0.19143107625013167,5.0,0.2,-0.00856892374986834,1x2.away,latest_pre_match,2026-02-27 04:47:47.330364+00:00,2026-02-27 12:54:15.004420+00:00
22594,2026-02-28 16:00:00+00:00,CH2,Lausanne Ouchy,Etoile-Carouge,dc_1x,0.8085689237498683,,,,dc.home_draw,,,2026-02-27 12:54:15.004420+00:00
22594,2026-02-28 16:00:00+00:00,CH2,Lausanne Ouchy,Etoile-Carouge,dc_x2,0.4154979488202624,,,,dc.draw_away,,,2026-02-27 12:54:15.004420+00:00
22594,2026-02-28 16:00:00+00:00,CH2,Lausanne Ouchy,Etoile-Carouge,dc_12,0.7469775699327089,,,,dc.home_away,,,2026-02-27 12:54:15.004420+00:00
19343,2026-02-28 16:15:00+00:00,B1,Antwerp,St. Truiden,o15,0.7572250484548816,1.2857142857142856,0.7777777777777779,-0.020552729322896313,ou_1_5.over,latest_pre_match,2026-02-27 04:47:48.801652+00:00,2026-02-27 12:54:15.004420+00:00
19343,2026-02-28 16:15:00+00:00,B1,Antwerp,St. Truiden,u15,0.24277495154511838,3.5,0.2857142857142857,-0.042939334169167315,ou_1_5.under,latest_pre_match,2026-02-27 04:47:48.801652+00:00,2026-02-27 12:54:15.004420+00:00
19343,2026-02-28 16:15:00+00:00,B1,Antwerp,St. Truiden,o25,0.5195597705665619,1.9,0.5263157894736842,-0.0067560189071222965,ou_2_5.over,latest_pre_match,2026-02-27 04:47:48.801652+00:00,2026-02-27 12:54:15.004420+00:00
19343,2026-02-28 16:15:00+00:00,B1,Antwerp,St. Truiden,u25,0.48044022943343817,1.9,0.5263157894736842,-0.04587556004024601,ou_2_5.under,latest_pre_match,2026-02-27 04:47:48.801652+00:00,2026-02-27 12:54:15.004420+00:00
19343,2026-02-28 16:15:00+00:00,B1,Antwerp,St. Truiden,c85,0.6330271324477649,,,,corners_ou_8_5.over,,,2026-02-27 12:54:15.004420+00:00
19343,2026-02-28 16:15:00+00:00,B1,Antwerp,St. Truiden,btts,0.5696776682715123,1.7,0.5882352941176471,-0.01855762584613474,btts.yes,latest_pre_match,2026-02-27 04:47:48.801652+00:00,2026-02-27 12:54:15.004420+00:00
19343,2026-02-28 16:15:00+00:00,B1,Antwerp,St. Truiden,1x2_h,0.27828397577536784,3.0,0.3333333333333333,-0.05504935755796547,1x2.home,latest_pre_match,2026-02-27 04:47:48.801652+00:00,2026-02-27 12:54:15.004420+00:00
19343,2026-02-28 16:15:00+00:00,B1,Antwerp,St. Truiden,1x2_d,0.24547933112564688,3.3,0.30303030303030304,-0.05755097190465616,1x2.draw,latest_pre_match,2026-02-27 04:47:48.801652+00:00,2026-02-27 12:54:15.004420+00:00
19343,2026-02-28 16:15:00+00:00,B1,Antwerp,St. Truiden,1x2_a,0.5139959210997462,2.2,0.45454545454545453,0.0594504665542917,1x2.away,latest_pre_match,2026-02-27 04:47:48.801652+00:00,2026-02-27 12:54:15.004420+00:00
19343,2026-02-28 16:15:00+00:00,B1,Antwerp,St. Truiden,dc_1x,0.48600407890025377,1.6666666666666665,0.6000000000000001,-0.11399592109974632,dc.home_draw,latest_pre_match,2026-02-27 04:47:48.801652+00:00,2026-02-27 12:54:15.004420+00:00
19343,2026-02-28 16:15:00+00:00,B1,Antwerp,St. Truiden,dc_x2,0.7217160242246322,1.3636363636363638,0.7333333333333333,-0.011617309108701068,dc.draw_away,latest_pre_match,2026-02-27 04:47:48.801652+00:00,2026-02-27 12:54:15.004420+00:00
19343,2026-02-28 16:15:00+00:00,B1,Antwerp,St. Truiden,dc_12,0.75799438590002,1.3333333333333333,0.75,0.007994385900019996,dc.home_away,latest_pre_match,2026-02-27 04:47:48.801652+00:00,2026-02-27 12:54:15.004420+00:00
3850,2026-02-28 16:30:00+00:00,D1,Dortmund,Bayern Munich,o15,0.8410782703886152,1.0833333333333333,0.9230769230769231,-0.08199865268830797,ou_1_5.over,latest_pre_match,2026-02-27 04:47:51.437358+00:00,2026-02-27 12:54:15.004420+00:00
3850,2026-02-28 16:30:00+00:00,D1,Dortmund,Bayern Munich,u15,0.1589217296113848,8.0,0.125,0.03392172961138479,ou_1_5.under,latest_pre_match,2026-02-27 04:47:51.437358+00:00,2026-02-27 12:54:15.004420+00:00
3850,2026-02-28 16:30:00+00:00,D1,Dortmund,Bayern Munich,o25,0.6800795978215334,1.3,0.7692307692307692,-0.08915117140923579,ou_2_5.over,latest_pre_match,2026-02-27 04:47:51.437358+00:00,2026-02-27 12:54:15.004420+00:00
3850,2026-02-28 16:30:00+00:00,D1,Dortmund,Bayern Munich,u25,0.31809967388715016,3.5,0.2857142857142857,0.03238538817286446,ou_2_5.under,latest_pre_match,2026-02-27 04:47:51.437358+00:00,2026-02-27 12:54:15.004420+00:00
3850,2026-02-28 16:30:00+00:00,D1,Dortmund,Bayern Munich,c85,0.7001304631441618,,,,corners_ou_8_5.over,,,2026-02-27 12:54:15.004420+00:00
3850,2026-02-28 16:30:00+00:00,D1,Dortmund,Bayern Munich,btts,0.5913726242048956,1.4,0.7142857142857143,-0.12291309008081874,btts.yes,latest_pre_match,2026-02-27 04:47:51.437358+00:00,2026-02-27 12:54:15.004420+00:00
3850,2026-02-28 16:30:00+00:00,D1,Dortmund,Bayern Munich,1x2_h,0.22809687553065036,4.5,0.2222222222222222,0.005874653308428152,1x2.home,latest_pre_match,2026-02-27 04:47:51.437358+00:00,2026-02-27 12:54:15.004420+00:00
3850,2026-02-28 16:30:00+00:00,D1,Dortmund,Bayern Munich,1x2_d,0.23157349363231125,4.75,0.21052631578947367,0.021047177842837578,1x2.draw,latest_pre_match,2026-02-27 04:47:51.437358+00:00,2026-02-27 12:54:15.004420+00:00
3850,2026-02-28 16:30:00+00:00,D1,Dortmund,Bayern Munich,1x2_a,0.6328770399808651,1.6,0.625,0.007877039980865086,1x2.away,latest_pre_match,2026-02-27 04:47:51.437358+00:00,2026-02-27 12:54:15.004420+00:00
3850,2026-02-28 16:30:00+00:00,D1,Dortmund,Bayern Munich,dc_1x,0.36712296001913486,2.3,0.4347826086956522,-0.06765964867651736,dc.home_draw,latest_pre_match,2026-02-27 04:47:51.437358+00:00,2026-02-27 12:54:15.004420+00:00
3850,2026-02-28 16:30:00+00:00,D1,Dortmund,Bayern Munich,dc_x2,0.7719031244693496,1.1818181818181819,0.8461538461538461,-0.07425072168449653,dc.draw_away,latest_pre_match,2026-02-27 04:47:51.437358+00:00,2026-02-27 12:54:15.004420+00:00
3850,2026-02-28 16:30:00+00:00,D1,Dortmund,Bayern Munich,dc_12,0.76503372337414,1.1818181818181819,0.8461538461538461,-0.08112012277970615,dc.home_away,latest_pre_match,2026-02-27 04:47:51.437358+00:00,2026-02-27 12:54:15.004420+00:00
5132,2026-02-28 16:30:00+00:00,SP1,Mallorca,Real Sociedad,o15,0.6925171680237446,1.3636363636363638,0.7333333333333333,-0.04081616530958865,ou_1_5.over,latest_pre_match,2026-02-27 04:47:50.118287+00:00,2026-02-27 12:54:15.004420+00:00
5132,2026-02-28 16:30:00+00:00,SP1,Mallorca,Real Sociedad,u15,0.3082199689363025,3.2,0.3125,-0.004280031063697509,ou_1_5.under,latest_pre_match,2026-02-27 04:47:50.118287+00:00,2026-02-27 12:54:15.004420+00:00
5132,2026-02-28 16:30:00+00:00,SP1,Mallorca,Real Sociedad,o25,0.4848989670606659,2.1,0.47619047619047616,0.008708490870189711,ou_2_5.over,latest_pre_match,2026-02-27 04:47:50.118287+00:00,2026-02-27 12:54:15.004420+00:00
5132,2026-02-28 16:30:00+00:00,SP1,Mallorca,Real Sociedad,u25,0.5151010329393342,1.7272727272727273,0.5789473684210527,-0.06384633548171847,ou_2_5.under,latest_pre_match,2026-02-27 04:47:50.118287+00:00,2026-02-27 12:54:15.004420+00:00
5132,2026-02-28 16:30:00+00:00,SP1,Mallorca,Real Sociedad,c85,0.6148840600639782,,,,corners_ou_8_5.over,,,2026-02-27 12:54:15.004420+00:00
5132,2026-02-28 16:30:00+00:00,SP1,Mallorca,Real Sociedad,btts,0.5465730892660644,1.8,0.5555555555555556,-0.008982466289491176,btts.yes,latest_pre_match,2026-02-27 04:47:50.118287+00:00,2026-02-27 12:54:15.004420+00:00
5132,2026-02-28 16:30:00+00:00,SP1,Mallorca,Real Sociedad,1x2_h,0.32936337111972064,3.0,0.3333333333333333,-0.003969962213612677,1x2.home,latest_pre_match,2026-02-27 04:47:50.118287+00:00,2026-02-27 12:54:15.004420+00:00
5132,2026-02-28 16:30:00+00:00,SP1,Mallorca,Real Sociedad,1x2_d,0.26925508256097275,3.3,0.30303030303030304,-0.03377522046933029,1x2.draw,latest_pre_match,2026-02-27 04:47:50.118287+00:00,2026-02-27 12:54:15.004420+00:00
5132,2026-02-28 16:30:00+00:00,SP1,Mallorca,Real Sociedad,1x2_a,0.3602239216274304,2.38,0.42016806722689076,-0.059944145599460374,1x2.away,latest_pre_match,2026-02-27 04:47:50.118287+00:00,2026-02-27 12:54:15.004420+00:00
5132,2026-02-28 16:30:00+00:00,SP1,Mallorca,Real Sociedad,dc_1x,0.6397760783725696,1.5333333333333332,0.6521739130434783,-0.012397834670908714,dc.home_draw,latest_pre_match,2026-02-27 04:47:50.118287+00:00,2026-02-27 12:54:15.004420+00:00
5132,2026-02-28 16:30:00+00:00,SP1,Mallorca,Real Sociedad,dc_x2,0.6706366288802793,1.3636363636363638,0.7333333333333333,-0.06269670445305398,dc.draw_away,latest_pre_match,2026-02-27 04:47:50.118287+00:00,2026-02-27 12:54:15.004420+00:00
5132,2026-02-28 16:30:00+00:00,SP1,Mallorca,Real Sociedad,dc_12,0.7318076370943499,1.3333333333333333,0.75,-0.018192362905650072,dc.home_away,latest_pre_match,2026-02-27 04:47:50.118287+00:00,2026-02-27 12:54:15.004420+00:00
5529,2026-02-28 16:30:00+00:00,SP2,Granada CF,Malaga,o15,0.7284462531099628,1.4,0.7142857142857143,0.014160538824248503,ou_1_5.over,latest_pre_match,2026-02-27 04:47:50.778098+00:00,2026-02-27 12:54:15.004420+00:00
5529,2026-02-28 16:30:00+00:00,SP2,Granada CF,Malaga,u15,0.2722908838500844,2.75,0.36363636363636365,-0.09134547978627927,ou_1_5.under,latest_pre_match,2026-02-27 04:47:50.778098+00:00,2026-02-27 12:54:15.004420+00:00
5529,2026-02-28 16:30:00+00:00,SP2,Granada CF,Malaga,o25,0.4438438822866562,2.25,0.4444444444444444,-0.0006005621577881981,ou_2_5.over,latest_pre_match,2026-02-27 04:47:50.778098+00:00,2026-02-27 12:54:15.004420+00:00
5529,2026-02-28 16:30:00+00:00,SP2,Granada CF,Malaga,u25,0.5561561177133437,1.6153846153846154,0.6190476190476191,-0.06289150133427535,ou_2_5.under,latest_pre_match,2026-02-27 04:47:50.778098+00:00,2026-02-27 12:54:15.004420+00:00
5529,2026-02-28 16:30:00+00:00,SP2,Granada CF,Malaga,c85,0.6133010542605067,,,,corners_ou_8_5.over,,,2026-02-27 12:54:15.004420+00:00
5529,2026-02-28 16:30:00+00:00,SP2,Granada CF,Malaga,btts,0.5666005631173611,1.9090909090909092,0.5238095238095238,0.04279103930783723,btts.yes,latest_pre_match,2026-02-27 04:47:50.778098+00:00,2026-02-27 12:54:15.004420+00:00
5529,2026-02-28 16:30:00+00:00,SP2,Granada CF,Malaga,1x2_h,0.2900976194885125,2.05,0.48780487804878053,-0.19770725856026805,1x2.home,latest_pre_match,2026-02-27 04:47:50.778098+00:00,2026-02-27 12:54:15.004420+00:00
5529,2026-02-28 16:30:00+00:00,SP2,Granada CF,Malaga,1x2_d,0.2589713946177104,3.25,0.3076923076923077,-0.048720913074597305,1x2.draw,latest_pre_match,2026-02-27 04:47:50.778098+00:00,2026-02-27 12:54:15.004420+00:00
5529,2026-02-28 16:30:00+00:00,SP2,Granada CF,Malaga,1x2_a,0.39938603456003513,3.6,0.2777777777777778,0.12160825678225734,1x2.away,latest_pre_match,2026-02-27 04:47:50.778098+00:00,2026-02-27 12:54:15.004420+00:00
5529,2026-02-28 16:30:00+00:00,SP2,Granada CF,Malaga,dc_1x,0.6006139654399648,1.2857142857142856,0.7777777777777779,-0.1771638123378131,dc.home_draw,latest_pre_match,2026-02-27 04:47:50.778098+00:00,2026-02-27 12:54:15.004420+00:00
5529,2026-02-28 16:30:00+00:00,SP2,Granada CF,Malaga,dc_x2,0.7099023805114876,1.7,0.5882352941176471,0.1216670863938405,dc.draw_away,latest_pre_match,2026-02-27 04:47:50.778098+00:00,2026-02-27 12:54:15.004420+00:00
5529,2026-02-28 16:30:00+00:00,SP2,Granada CF,Malaga,dc_12,0.7419693143006674,1.3333333333333333,0.75,-0.00803068569933263,dc.home_away,latest_pre_match,2026-02-27 04:47:50.778098+00:00,2026-02-27 12:54:15.004420+00:00
5530,2026-02-28 16:30:00+00:00,SP2,Valladolid,Huesca,o15,0.6919547383274566,1.4444444444444444,0.6923076923076923,-0.0003529539802357151,ou_1_5.over,latest_pre_match,2026-02-27 04:47:49.459092+00:00,2026-02-27 12:54:15.004420+00:00
5530,2026-02-28 16:30:00+00:00,SP2,Valladolid,Huesca,u15,0.3082199689363025,2.625,0.38095238095238093,-0.07273241201607844,ou_1_5.under,latest_pre_match,2026-02-27 04:47:49.459092+00:00,2026-02-27 12:54:15.004420+00:00
5530,2026-02-28 16:30:00+00:00,SP2,Valladolid,Huesca,o25,0.46704828595511344,2.4,0.4166666666666667,0.050381619288446755,ou_2_5.over,latest_pre_match,2026-02-27 04:47:49.459092+00:00,2026-02-27 12:54:15.004420+00:00
5530,2026-02-28 16:30:00+00:00,SP2,Valladolid,Huesca,u25,0.5329517140448865,1.5333333333333332,0.6521739130434783,-0.11922219899859177,ou_2_5.under,latest_pre_match,2026-02-27 04:47:49.459092+00:00,2026-02-27 12:54:15.004420+00:00
5530,2026-02-28 16:30:00+00:00,SP2,Valladolid,Huesca,c85,0.5949502066630594,,,,corners_ou_8_5.over,,,2026-02-27 12:54:15.004420+00:00
5530,2026-02-28 16:30:00+00:00,SP2,Valladolid,Huesca,btts,0.5085520100858988,2.25,0.4444444444444444,0.06410756564145437,btts.yes,latest_pre_match,2026-02-27 04:47:49.459092+00:00,2026-02-27 12:54:15.004420+00:00
5530,2026-02-28 16:30:00+00:00,SP2,Valladolid,Huesca,1x2_h,0.4068399776974681,1.62,0.6172839506172839,-0.2104439729198158,1x2.home,latest_pre_match,2026-02-27 04:47:49.459092+00:00,2026-02-27 12:54:15.004420+00:00
5530,2026-02-28 16:30:00+00:00,SP2,Valladolid,Huesca,1x2_d,0.18154282647036268,3.5,0.2857142857142857,-0.10417145924392301,1x2.draw,latest_pre_match,2026-02-27 04:47:49.459092+00:00,2026-02-27 12:54:15.004420+00:00
5530,2026-02-28 16:30:00+00:00,SP2,Valladolid,Huesca,1x2_a,0.3960426942972007,5.5,0.18181818181818182,0.21422451247901886,1x2.away,latest_pre_match,2026-02-27 04:47:49.459092+00:00,2026-02-27 12:54:15.004420+00:00
5530,2026-02-28 16:30:00+00:00,SP2,Valladolid,Huesca,dc_1x,0.6039573057027993,1.1428571428571428,0.875,-0.27104269429720074,dc.home_draw,latest_pre_match,2026-02-27 04:47:49.459092+00:00,2026-02-27 12:54:15.004420+00:00
5530,2026-02-28 16:30:00+00:00,SP2,Valladolid,Huesca,dc_x2,0.5931600223025318,2.15,0.46511627906976744,0.1280437432327644,dc.draw_away,latest_pre_match,2026-02-27 04:47:49.459092+00:00,2026-02-27 12:54:15.004420+00:00
5530,2026-02-28 16:30:00+00:00,SP2,Valladolid,Huesca,dc_12,0.8150643905360887,1.2857142857142856,0.7777777777777779,0.0372866127583108,dc.home_away,latest_pre_match,2026-02-27 04:47:49.459092+00:00,2026-02-27 12:54:15.004420+00:00
19053,2026-02-28 16:45:00+00:00,N1,Heracles,PSV,o15,0.8595065562456866,1.0833333333333333,0.9230769230769231,-0.06357036683123651,ou_1_5.over,latest_pre_match,2026-02-27 04:47:52.093718+00:00,2026-02-27 12:54:15.004420+00:00
19053,2026-02-28 16:45:00+00:00,N1,Heracles,PSV,u15,0.1404934437543133,8.0,0.125,0.015493443754313302,ou_1_5.under,latest_pre_match,2026-02-27 04:47:52.093718+00:00,2026-02-27 12:54:15.004420+00:00
19053,2026-02-28 16:45:00+00:00,N1,Heracles,PSV,o25,0.760782228524164,1.3,0.7692307692307692,-0.008448540706605168,ou_2_5.over,latest_pre_match,2026-02-27 04:47:52.093718+00:00,2026-02-27 12:54:15.004420+00:00
19053,2026-02-28 16:45:00+00:00,N1,Heracles,PSV,u25,0.23921777147583598,3.5,0.2857142857142857,-0.04649651423844972,ou_2_5.under,latest_pre_match,2026-02-27 04:47:52.093718+00:00,2026-02-27 12:54:15.004420+00:00
19053,2026-02-28 16:45:00+00:00,N1,Heracles,PSV,c85,0.6510350484479716,,,,corners_ou_8_5.over,,,2026-02-27 12:54:15.004420+00:00
19053,2026-02-28 16:45:00+00:00,N1,Heracles,PSV,btts,0.526601403914885,1.6153846153846154,0.6190476190476191,-0.0924462151327341,btts.yes,latest_pre_match,2026-02-27 04:47:52.093718+00:00,2026-02-27 12:54:15.004420+00:00
19053,2026-02-28 16:45:00+00:00,N1,Heracles,PSV,1x2_h,0.23552081788063095,8.0,0.125,0.11052081788063095,1x2.home,latest_pre_match,2026-02-27 04:47:52.093718+00:00,2026-02-27 12:54:15.004420+00:00
19053,2026-02-28 16:45:00+00:00,N1,Heracles,PSV,1x2_d,0.03333333333333333,6.5,0.15384615384615385,-0.12051282051282053,1x2.draw,latest_pre_match,2026-02-27 04:47:52.093718+00:00,2026-02-27 12:54:15.004420+00:00
19053,2026-02-28 16:45:00+00:00,N1,Heracles,PSV,1x2_a,0.734949494949495,1.29,0.7751937984496123,-0.04024430350011732,1x2.away,latest_pre_match,2026-02-27 04:47:52.093718+00:00,2026-02-27 12:54:15.004420+00:00
19053,2026-02-28 16:45:00+00:00,N1,Heracles,PSV,dc_1x,0.26505050505050504,3.5,0.2857142857142857,-0.020663780663780662,dc.home_draw,latest_pre_match,2026-02-27 04:47:52.093718+00:00,2026-02-27 12:54:15.004420+00:00
19053,2026-02-28 16:45:00+00:00,N1,Heracles,PSV,dc_x2,0.764479182119369,1.0833333333333333,0.9230769230769231,-0.15859774095755408,dc.draw_away,latest_pre_match,2026-02-27 04:47:52.093718+00:00,2026-02-27 12:54:15.004420+00:00
19053,2026-02-28 16:45:00+00:00,N1,Heracles,PSV,dc_12,0.9666666666666667,1.1111111111111112,0.8999999999999999,0.06666666666666676,dc.home_away,latest_pre_match,2026-02-27 04:47:52.093718+00:00,2026-02-27 12:54:15.004420+00:00
5901,2026-02-28 17:00:00+00:00,F1,Monaco,Angers,o15,0.7628071475359685,1.2222222222222223,0.8181818181818181,-0.055374670645849666,ou_1_5.over,latest_pre_match,2026-02-27 04:47:52.764453+00:00,2026-02-27 12:54:15.004420+00:00
5901,2026-02-28 17:00:00+00:00,F1,Monaco,Angers,u15,0.23719285246403157,4.333333333333334,0.23076923076923073,0.006423621694800846,ou_1_5.under,latest_pre_match,2026-02-27 04:47:52.764453+00:00,2026-02-27 12:54:15.004420+00:00
5901,2026-02-28 17:00:00+00:00,F1,Monaco,Angers,o25,0.4679554182976922,1.6666666666666665,0.6000000000000001,-0.13204458170230787,ou_2_5.over,latest_pre_match,2026-02-27 04:47:52.764453+00:00,2026-02-27 12:54:15.004420+00:00
5901,2026-02-28 17:00:00+00:00,F1,Monaco,Angers,u25,0.5320445817023078,2.2,0.45454545454545453,0.07749912715685331,ou_2_5.under,latest_pre_match,2026-02-27 04:47:52.764453+00:00,2026-02-27 12:54:15.004420+00:00
5901,2026-02-28 17:00:00+00:00,F1,Monaco,Angers,c85,0.6294858221629595,,,,corners_ou_8_5.over,,,2026-02-27 12:54:15.004420+00:00
5901,2026-02-28 17:00:00+00:00,F1,Monaco,Angers,btts,0.5666005631173611,1.8,0.5555555555555556,0.011045007561805487,btts.yes,latest_pre_match,2026-02-27 04:47:52.764453+00:00,2026-02-27 12:54:15.004420+00:00
5901,2026-02-28 17:00:00+00:00,F1,Monaco,Angers,1x2_h,0.5647704506927808,1.5,0.6666666666666666,-0.10189621597388587,1x2.home,latest_pre_match,2026-02-27 04:47:52.764453+00:00,2026-02-27 12:54:15.004420+00:00
5901,2026-02-28 17:00:00+00:00,F1,Monaco,Angers,1x2_d,0.23664317401920046,4.333333333333334,0.23076923076923073,0.005873943249969732,1x2.draw,latest_pre_match,2026-02-27 04:47:52.764453+00:00,2026-02-27 12:54:15.004420+00:00
5901,2026-02-28 17:00:00+00:00,F1,Monaco,Angers,1x2_a,0.2315077074236042,6.5,0.15384615384615385,0.07766155357745033,1x2.away,latest_pre_match,2026-02-27 04:47:52.764453+00:00,2026-02-27 12:54:15.004420+00:00
5901,2026-02-28 17:00:00+00:00,F1,Monaco,Angers,dc_1x,0.7684922925763957,1.1111111111111112,0.8999999999999999,-0.13150770742360418,dc.home_draw,latest_pre_match,2026-02-27 04:47:52.764453+00:00,2026-02-27 12:54:15.004420+00:00
5901,2026-02-28 17:00:00+00:00,F1,Monaco,Angers,dc_x2,0.4352295493072192,2.5,0.4,0.035229549307219166,dc.draw_away,latest_pre_match,2026-02-27 04:47:52.764453+00:00,2026-02-27 12:54:15.004420+00:00
5901,2026-02-28 17:00:00+00:00,F1,Monaco,Angers,dc_12,0.7642975348991774,1.2,0.8333333333333334,-0.06903579843415597,dc.home_away,latest_pre_match,2026-02-27 04:47:52.764453+00:00,2026-02-27 12:54:15.004420+00:00
602,2026-02-28 17:30:00+00:00,E0,Leeds,Manchester City,o15,0.7917583133292395,1.2,0.8333333333333334,-0.041575020004093854,ou_1_5.over,latest_pre_match,2026-02-27 04:47:54.855441+00:00,2026-02-27 12:54:15.004420+00:00
602,2026-02-28 17:30:00+00:00,E0,Leeds,Manchester City,u15,0.2082416866707605,4.5,0.2222222222222222,-0.013980535551461698,ou_1_5.under,latest_pre_match,2026-02-27 04:47:54.855441+00:00,2026-02-27 12:54:15.004420+00:00
602,2026-02-28 17:30:00+00:00,E0,Leeds,Manchester City,o25,0.5942204591492911,1.6153846153846154,0.6190476190476191,-0.024827159898327955,ou_2_5.over,latest_pre_match,2026-02-27 04:47:54.855441+00:00,2026-02-27 12:54:15.004420+00:00
602,2026-02-28 17:30:00+00:00,E0,Leeds,Manchester City,u25,0.4057795408507088,2.3,0.4347826086956522,-0.029003067844943442,ou_2_5.under,latest_pre_match,2026-02-27 04:47:54.855441+00:00,2026-02-27 12:54:15.004420+00:00
602,2026-02-28 17:30:00+00:00,E0,Leeds,Manchester City,c85,0.6148840600639782,,,,corners_ou_8_5.over,,,2026-02-27 12:54:15.004420+00:00
602,2026-02-28 17:30:00+00:00,E0,Leeds,Manchester City,btts,0.5762563451351282,1.6666666666666665,0.6000000000000001,-0.023743654864871844,btts.yes,latest_pre_match,2026-02-27 04:47:54.855441+00:00,2026-02-27 12:54:15.004420+00:00
602,2026-02-28 17:30:00+00:00,E0,Leeds,Manchester City,1x2_h,0.38617558896686105,5.0,0.2,0.18617558896686104,1x2.home,latest_pre_match,2026-02-27 04:47:54.855441+00:00,2026-02-27 12:54:15.004420+00:00
602,2026-02-28 17:30:00+00:00,E0,Leeds,Manchester City,1x2_d,0.22950031687634329,4.333333333333334,0.23076923076923073,-0.001268913892887441,1x2.draw,latest_pre_match,2026-02-27 04:47:54.855441+00:00,2026-02-27 12:54:15.004420+00:00
602,2026-02-28 17:30:00+00:00,E0,Leeds,Manchester City,1x2_a,0.4035405287707314,1.6,0.625,-0.22145947122926862,1x2.away,latest_pre_match,2026-02-27 04:47:54.855441+00:00,2026-02-27 12:54:15.004420+00:00
602,2026-02-28 17:30:00+00:00,E0,Leeds,Manchester City,dc_1x,0.5964594712292687,2.3,0.4347826086956522,0.16167686253361646,dc.home_draw,latest_pre_match,2026-02-27 04:47:54.855441+00:00,2026-02-27 12:54:15.004420+00:00
602,2026-02-28 17:30:00+00:00,E0,Leeds,Manchester City,dc_x2,0.613824411033139,1.1666666666666667,0.8571428571428571,-0.2433184461097181,dc.draw_away,latest_pre_match,2026-02-27 04:47:54.855441+00:00,2026-02-27 12:54:15.004420+00:00
602,2026-02-28 17:30:00+00:00,E0,Leeds,Manchester City,dc_12,0.7715624027789795,1.2,0.8333333333333334,-0.0617709305543539,dc.home_away,latest_pre_match,2026-02-27 04:47:54.855441+00:00,2026-02-27 12:54:15.004420+00:00
2767,2026-02-28 17:30:00+00:00,EC,Morecambe,York City,o15,0.8810557268760107,1.1,0.9090909090909091,-0.028035182214898313,ou_1_5.over,latest_pre_match,2026-02-27 04:47:53.545729+00:00,2026-02-27 12:54:15.004420+00:00
2767,2026-02-28 17:30:00+00:00,EC,Morecambe,York City,u15,0.11894427312398949,7.0,0.14285714285714285,-0.02391286973315336,ou_1_5.under,latest_pre_match,2026-02-27 04:47:53.545729+00:00,2026-02-27 12:54:15.004420+00:00
2767,2026-02-28 17:30:00+00:00,EC,Morecambe,York City,o25,0.7134129311548666,1.4,0.7142857142857143,-0.0008727831308477096,ou_2_5.over,latest_pre_match,2026-02-27 04:47:53.545729+00:00,2026-02-27 12:54:15.004420+00:00
2767,2026-02-28 17:30:00+00:00,EC,Morecambe,York City,u25,0.28658706884513335,2.875,0.34782608695652173,-0.06123901811138838,ou_2_5.under,latest_pre_match,2026-02-27 04:47:53.545729+00:00,2026-02-27 12:54:15.004420+00:00
2767,2026-02-28 17:30:00+00:00,EC,Morecambe,York City,c85,0.6828680457923277,,,,corners_ou_8_5.over,,,2026-02-27 12:54:15.004420+00:00
2767,2026-02-28 17:30:00+00:00,EC,Morecambe,York City,btts,0.5723536821415561,1.5714285714285714,0.6363636363636364,-0.06400995422208022,btts.yes,latest_pre_match,2026-02-27 04:47:53.545729+00:00,2026-02-27 12:54:15.004420+00:00
2767,2026-02-28 17:30:00+00:00,EC,Morecambe,York City,1x2_h,0.2044753086419753,6.5,0.15384615384615385,0.050629154795821446,1x2.home,latest_pre_match,2026-02-27 04:47:53.545729+00:00,2026-02-27 12:54:15.004420+00:00
2767,2026-02-28 17:30:00+00:00,EC,Morecambe,York City,1x2_d,0.20924527303380133,4.5,0.2222222222222222,-0.012976949188420878,1x2.draw,latest_pre_match,2026-02-27 04:47:53.545729+00:00,2026-02-27 12:54:15.004420+00:00
2767,2026-02-28 17:30:00+00:00,EC,Morecambe,York City,1x2_a,0.7449494949494949,1.4,0.7142857142857143,0.030663780663780615,1x2.away,latest_pre_match,2026-02-27 04:47:53.545729+00:00,2026-02-27 12:54:15.004420+00:00
2767,2026-02-28 17:30:00+00:00,EC,Morecambe,York City,dc_1x,0.255050505050505,2.75,0.36363636363636365,-0.10858585858585862,dc.home_draw,latest_pre_match,2026-02-27 04:47:53.545729+00:00,2026-02-27 12:54:15.004420+00:00
2767,2026-02-28 17:30:00+00:00,EC,Morecambe,York City,dc_x2,0.7955246913580246,1.1111111111111112,0.8999999999999999,-0.1044753086419753,dc.draw_away,latest_pre_match,2026-02-27 04:47:53.545729+00:00,2026-02-27 12:54:15.004420+00:00
2767,2026-02-28 17:30:00+00:00,EC,Morecambe,York City,dc_12,0.7904192465582546,1.1818181818181819,0.8461538461538461,-0.05573459959559157,dc.home_away,latest_pre_match,2026-02-27 04:47:53.545729+00:00,2026-02-27 12:54:15.004420+00:00
4897,2026-02-28 17:30:00+00:00,I2,Avellino,Juve Stabia,o15,0.6570305099235231,1.4,0.7142857142857143,-0.057255204362191225,ou_1_5.over,latest_pre_match,2026-02-27 04:47:54.190011+00:00,2026-02-27 12:54:15.004420+00:00
4897,2026-02-28 17:30:00+00:00,I2,Avellino,Juve Stabia,u15,0.342969490076477,2.75,0.36363636363636365,-0.020666873559886667,ou_1_5.under,latest_pre_match,2026-02-27 04:47:54.190011+00:00,2026-02-27 12:54:15.004420+00:00
4897,2026-02-28 17:30:00+00:00,I2,Avellino,Juve Stabia,o25,0.43590737435014826,2.4,0.4166666666666667,0.019240707683481573,ou_2_5.over,latest_pre_match,2026-02-27 04:47:54.190011+00:00,2026-02-27 12:54:15.004420+00:00
4897,2026-02-28 17:30:00+00:00,I2,Avellino,Juve Stabia,u25,0.5640926256498516,1.5333333333333332,0.6521739130434783,-0.08808128739362664,ou_2_5.under,latest_pre_match,2026-02-27 04:47:54.190011+00:00,2026-02-27 12:54:15.004420+00:00
4897,2026-02-28 17:30:00+00:00,I2,Avellino,Juve Stabia,c85,0.6240579805282213,1.7272727272727273,0.5789473684210527,0.0451106121071686,corners_ou_8_5.over,latest_pre_match,2026-02-27 04:47:54.190011+00:00,2026-02-27 12:54:15.004420+00:00
4897,2026-02-28 17:30:00+00:00,I2,Avellino,Juve Stabia,btts,0.5220154892242919,1.95,0.5128205128205129,0.009194976403778976,btts.yes,latest_pre_match,2026-02-27 04:47:54.190011+00:00,2026-02-27 12:54:15.004420+00:00
4897,2026-02-28 17:30:00+00:00,I2,Avellino,Juve Stabia,1x2_h,0.22205766942609048,3.0,0.3333333333333333,-0.11127566390724283,1x2.home,latest_pre_match,2026-02-27 04:47:54.190011+00:00,2026-02-27 12:54:15.004420+00:00
4897,2026-02-28 17:30:00+00:00,I2,Avellino,Juve Stabia,1x2_d,0.2589713946177104,2.5,0.4,-0.14102860538228962,1x2.draw,latest_pre_match,2026-02-27 04:47:54.190011+00:00,2026-02-27 12:54:15.004420+00:00
4897,2026-02-28 17:30:00+00:00,I2,Avellino,Juve Stabia,1x2_a,0.42449842829767537,2.85,0.3508771929824561,0.07362123531521925,1x2.away,latest_pre_match,2026-02-27 04:47:54.190011+00:00,2026-02-27 12:54:15.004420+00:00
4897,2026-02-28 17:30:00+00:00,I2,Avellino,Juve Stabia,dc_1x,0.5755015717023246,1.4,0.7142857142857143,-0.13878414258338967,dc.home_draw,latest_pre_match,2026-02-27 04:47:54.190011+00:00,2026-02-27 12:54:15.004420+00:00
4897,2026-02-28 17:30:00+00:00,I2,Avellino,Juve Stabia,dc_x2,0.7779423305739095,1.3636363636363638,0.7333333333333333,0.04460899724057621,dc.draw_away,latest_pre_match,2026-02-27 04:47:54.190011+00:00,2026-02-27 12:54:15.004420+00:00
4897,2026-02-28 17:30:00+00:00,I2,Avellino,Juve Stabia,dc_12,0.7443803116710116,1.5,0.6666666666666666,0.07771364500434497,dc.home_away,latest_pre_match,2026-02-27 04:47:54.190011+00:00,2026-02-27 12:54:15.004420+00:00
12136,2026-02-28 18:00:00+00:00,F2,Pau FC,St Etienne,o15,0.80210846526636,1.1818181818181819,0.8461538461538461,-0.04404538088748611,ou_1_5.over,latest_pre_match,2026-02-27 04:47:56.159644+00:00,2026-02-27 12:54:15.004420+00:00
12136,2026-02-28 18:00:00+00:00,F2,Pau FC,St Etienne,u15,0.19789153473364,4.5,0.2222222222222222,-0.02433068748858222,ou_1_5.under,latest_pre_match,2026-02-27 04:47:56.159644+00:00,2026-02-27 12:54:15.004420+00:00
12136,2026-02-28 18:00:00+00:00,F2,Pau FC,St Etienne,o25,0.5540559584791414,1.6153846153846154,0.6190476190476191,-0.06499166056847772,ou_2_5.over,latest_pre_match,2026-02-27 04:47:56.159644+00:00,2026-02-27 12:54:15.004420+00:00
12136,2026-02-28 18:00:00+00:00,F2,Pau FC,St Etienne,u25,0.44594404152085865,2.25,0.4444444444444444,0.0014995970764142275,ou_2_5.under,latest_pre_match,2026-02-27 04:47:56.159644+00:00,2026-02-27 12:54:15.004420+00:00
12136,2026-02-28 18:00:00+00:00,F2,Pau FC,St Etienne,c85,0.6343838108893766,,,,corners_ou_8_5.over,,,2026-02-27 12:54:15.004420+00:00
12136,2026-02-28 18:00:00+00:00,F2,Pau FC,St Etienne,btts,0.5412455602445055,1.5333333333333332,0.6521739130434783,-0.11092835279897273,btts.yes,latest_pre_match,2026-02-27 04:47:56.159644+00:00,2026-02-27 12:54:15.004420+00:00
12136,2026-02-28 18:00:00+00:00,F2,Pau FC,St Etienne,1x2_h,0.4152666499470232,2.7,0.37037037037037035,0.044896279576652875,1x2.home,latest_pre_match,2026-02-27 04:47:56.159644+00:00,2026-02-27 12:54:15.004420+00:00
12136,2026-02-28 18:00:00+00:00,F2,Pau FC,St Etienne,1x2_d,0.23664317401920046,3.5,0.2857142857142857,-0.04907111169508524,1x2.draw,latest_pre_match,2026-02-27 04:47:56.159644+00:00,2026-02-27 12:54:15.004420+00:00
12136,2026-02-28 18:00:00+00:00,F2,Pau FC,St Etienne,1x2_a,0.358124976509941,2.2,0.45454545454545453,-0.09642047803551351,1x2.away,latest_pre_match,2026-02-27 04:47:56.159644+00:00,2026-02-27 12:54:15.004420+00:00
12136,2026-02-28 18:00:00+00:00,F2,Pau FC,St Etienne,dc_1x,0.641875023490059,1.5714285714285714,0.6363636363636364,0.005511387126422629,dc.home_draw,latest_pre_match,2026-02-27 04:47:56.159644+00:00,2026-02-27 12:54:15.004420+00:00
12136,2026-02-28 18:00:00+00:00,F2,Pau FC,St Etienne,dc_x2,0.5847333500529768,1.4,0.7142857142857143,-0.12955236423273753,dc.draw_away,latest_pre_match,2026-02-27 04:47:56.159644+00:00,2026-02-27 12:54:15.004420+00:00
12136,2026-02-28 18:00:00+00:00,F2,Pau FC,St Etienne,dc_12,0.7664589565482478,1.25,0.8,-0.03354104345175224,dc.home_away,latest_pre_match,2026-02-27 04:47:56.159644+00:00,2026-02-27 12:54:15.004420+00:00
19583,2026-02-28 18:00:00+00:00,P1,Nacional,Braga,o15,0.8028195157253014,1.2222222222222223,0.8181818181818181,-0.015362302456516708,ou_1_5.over,latest_pre_match,2026-02-27 04:47:55.498575+00:00,2026-02-27 12:54:15.004420+00:00
19583,2026-02-28 18:00:00+00:00,P1,Nacional,Braga,u15,0.1971804842746987,4.0,0.25,-0.0528195157253013,ou_1_5.under,latest_pre_match,2026-02-27 04:47:55.498575+00:00,2026-02-27 12:54:15.004420+00:00
19583,2026-02-28 18:00:00+00:00,P1,Nacional,Braga,o25,0.5517734303476138,1.7272727272727273,0.5789473684210527,-0.02717393807343882,ou_2_5.over,latest_pre_match,2026-02-27 04:47:55.498575+00:00,2026-02-27 12:54:15.004420+00:00
19583,2026-02-28 18:00:00+00:00,P1,Nacional,Braga,u25,0.44822656965238616,2.075,0.48192771084337344,-0.03370114119098727,ou_2_5.under,latest_pre_match,2026-02-27 04:47:55.498575+00:00,2026-02-27 12:54:15.004420+00:00
19583,2026-02-28 18:00:00+00:00,P1,Nacional,Braga,c85,0.6476795401399809,,,,corners_ou_8_5.over,,,2026-02-27 12:54:15.004420+00:00
19583,2026-02-28 18:00:00+00:00,P1,Nacional,Braga,btts,0.5696776682715123,1.8,0.5555555555555556,0.014122112715956758,btts.yes,latest_pre_match,2026-02-27 04:47:55.498575+00:00,2026-02-27 12:54:15.004420+00:00
19583,2026-02-28 18:00:00+00:00,P1,Nacional,Braga,1x2_h,0.2044753086419753,5.5,0.18181818181818182,0.022657126823793478,1x2.home,latest_pre_match,2026-02-27 04:47:55.498575+00:00,2026-02-27 12:54:15.004420+00:00
19583,2026-02-28 18:00:00+00:00,P1,Nacional,Braga,1x2_d,0.2589713946177104,4.2,0.23809523809523808,0.020876156522472322,1x2.draw,latest_pre_match,2026-02-27 04:47:55.498575+00:00,2026-02-27 12:54:15.004420+00:00
19583,2026-02-28 18:00:00+00:00,P1,Nacional,Braga,1x2_a,0.5215780489697294,1.51,0.6622516556291391,-0.14067360665940976,1x2.away,latest_pre_match,2026-02-27 04:47:55.498575+00:00,2026-02-27 12:54:15.004420+00:00
19583,2026-02-28 18:00:00+00:00,P1,Nacional,Braga,dc_1x,0.4784219510302708,2.375,0.42105263157894735,0.05736931945132345,dc.home_draw,latest_pre_match,2026-02-27 04:47:55.498575+00:00,2026-02-27 12:54:15.004420+00:00
19583,2026-02-28 18:00:00+00:00,P1,Nacional,Braga,dc_x2,0.7955246913580246,1.1428571428571428,0.875,-0.07947530864197538,dc.draw_away,latest_pre_match,2026-02-27 04:47:55.498575+00:00,2026-02-27 12:54:15.004420+00:00
19583,2026-02-28 18:00:00+00:00,P1,Nacional,Braga,dc_12,0.7419693143006674,1.2222222222222223,0.8181818181818181,-0.07621250388115075,dc.home_away,latest_pre_match,2026-02-27 04:47:55.498575+00:00,2026-02-27 12:54:15.004420+00:00
21694,2026-02-28 18:15:00+00:00,PL1,GKS Katowice,Gornik Zabrze,o15,0.7520757736466998,1.3,0.7692307692307692,-0.01715499558406941,ou_1_5.over,latest_pre_match,2026-02-27 04:47:56.800770+00:00,2026-02-27 12:54:15.004420+00:00
21694,2026-02-28 18:15:00+00:00,PL1,GKS Katowice,Gornik Zabrze,u15,0.2486613633133474,3.4,0.29411764705882354,-0.04545628374547614,ou_1_5.under,latest_pre_match,2026-02-27 04:47:56.800770+00:00,2026-02-27 12:54:15.004420+00:00
21694,2026-02-28 18:15:00+00:00,PL1,GKS Katowice,Gornik Zabrze,o25,0.4828497168242778,2.0,0.5,-0.017150283175722203,ou_2_5.over,latest_pre_match,2026-02-27 04:47:56.800770+00:00,2026-02-27 12:54:15.004420+00:00
21694,2026-02-28 18:15:00+00:00,PL1,GKS Katowice,Gornik Zabrze,u25,0.5171502831757223,1.8,0.5555555555555556,-0.038405272379833266,ou_2_5.under,latest_pre_match,2026-02-27 04:47:56.800770+00:00,2026-02-27 12:54:15.004420+00:00
21694,2026-02-28 18:15:00+00:00,PL1,GKS Katowice,Gornik Zabrze,c85,0.6476795401399809,,,,corners_ou_8_5.over,,,2026-02-27 12:54:15.004420+00:00
21694,2026-02-28 18:15:00+00:00,PL1,GKS Katowice,Gornik Zabrze,btts,0.5408164015735912,1.8,0.5555555555555556,-0.014739153981964348,btts.yes,latest_pre_match,2026-02-27 04:47:56.800770+00:00,2026-02-27 12:54:15.004420+00:00
21694,2026-02-28 18:15:00+00:00,PL1,GKS Katowice,Gornik Zabrze,1x2_h,0.4152666499470232,2.88,0.3472222222222222,0.06804442772480102,1x2.home,latest_pre_match,2026-02-27 04:47:56.800770+00:00,2026-02-27 12:54:15.004420+00:00
21694,2026-02-28 18:15:00+00:00,PL1,GKS Katowice,Gornik Zabrze,1x2_d,0.22950031687634329,3.25,0.3076923076923077,-0.07819199081596442,1x2.draw,latest_pre_match,2026-02-27 04:47:56.800770+00:00,2026-02-27 12:54:15.004420+00:00
21694,2026-02-28 18:15:00+00:00,PL1,GKS Katowice,Gornik Zabrze,1x2_a,0.35216118351350284,2.3,0.4347826086956522,-0.08262142518214938,1x2.away,latest_pre_match,2026-02-27 04:47:56.800770+00:00,2026-02-27 12:54:15.004420+00:00
21694,2026-02-28 18:15:00+00:00,PL1,GKS Katowice,Gornik Zabrze,dc_1x,0.6478388164864971,1.5714285714285714,0.6363636363636364,0.01147518012286075,dc.home_draw,latest_pre_match,2026-02-27 04:47:56.800770+00:00,2026-02-27 12:54:15.004420+00:00
21694,2026-02-28 18:15:00+00:00,PL1,GKS Katowice,Gornik Zabrze,dc_x2,0.5847333500529768,1.4,0.7142857142857143,-0.12955236423273753,dc.draw_away,latest_pre_match,2026-02-27 04:47:56.800770+00:00,2026-02-27 12:54:15.004420+00:00
21694,2026-02-28 18:15:00+00:00,PL1,GKS Katowice,Gornik Zabrze,dc_12,0.7739734001493236,1.3333333333333333,0.75,0.023973400149323587,dc.home_away,latest_pre_match,2026-02-27 04:47:56.800770+00:00,2026-02-27 12:54:15.004420+00:00
4157,2026-02-28 18:30:00+00:00,D2,Greuther Furth,Schalke,o15,0.8636266808680602,1.2222222222222223,0.8181818181818181,0.04544486268624204,ou_1_5.over,latest_pre_match,2026-02-27 04:47:57.464858+00:00,2026-02-27 12:54:15.004420+00:00
4157,2026-02-28 18:30:00+00:00,D2,Greuther Furth,Schalke,u15,0.1363733191319398,4.0,0.25,-0.11362668086806019,ou_1_5.under,latest_pre_match,2026-02-27 04:47:57.464858+00:00,2026-02-27 12:54:15.004420+00:00
4157,2026-02-28 18:30:00+00:00,D2,Greuther Furth,Schalke,o25,0.5517734303476138,1.7,0.5882352941176471,-0.03646186377003324,ou_2_5.over,latest_pre_match,2026-02-27 04:47:57.464858+00:00,2026-02-27 12:54:15.004420+00:00
4157,2026-02-28 18:30:00+00:00,D2,Greuther Furth,Schalke,u25,0.44822656965238616,2.1,0.47619047619047616,-0.02796390653809,ou_2_5.under,latest_pre_match,2026-02-27 04:47:57.464858+00:00,2026-02-27 12:54:15.004420+00:00
4157,2026-02-28 18:30:00+00:00,D2,Greuther Furth,Schalke,c85,0.6094837386125896,,,,corners_ou_8_5.over,,,2026-02-27 12:54:15.004420+00:00
4157,2026-02-28 18:30:00+00:00,D2,Greuther Furth,Schalke,btts,0.5504475972512987,1.6666666666666665,0.6000000000000001,-0.04955240274870143,btts.yes,latest_pre_match,2026-02-27 04:47:57.464858+00:00,2026-02-27 12:54:15.004420+00:00
4157,2026-02-28 18:30:00+00:00,D2,Greuther Furth,Schalke,1x2_h,0.17866161616161616,4.333333333333334,0.23076923076923073,-0.052107614607614566,1x2.home,latest_pre_match,2026-02-27 04:47:57.464858+00:00,2026-02-27 12:54:15.004420+00:00
4157,2026-02-28 18:30:00+00:00,D2,Greuther Furth,Schalke,1x2_d,0.23157349363231125,3.9,0.25641025641025644,-0.024836762777945193,1x2.draw,latest_pre_match,2026-02-27 04:47:57.464858+00:00,2026-02-27 12:54:15.004420+00:00
4157,2026-02-28 18:30:00+00:00,D2,Greuther Furth,Schalke,1x2_a,0.6437908496732027,1.7,0.5882352941176471,0.05555555555555558,1x2.away,latest_pre_match,2026-02-27 04:47:57.464858+00:00,2026-02-27 12:54:15.004420+00:00
4157,2026-02-28 18:30:00+00:00,D2,Greuther Furth,Schalke,dc_1x,0.3562091503267974,2.1,0.47619047619047616,-0.11998132586367877,dc.home_draw,latest_pre_match,2026-02-27 04:47:57.464858+00:00,2026-02-27 12:54:15.004420+00:00
4157,2026-02-28 18:30:00+00:00,D2,Greuther Furth,Schalke,dc_x2,0.821338383838384,1.2,0.8333333333333334,-0.011994949494949392,dc.draw_away,latest_pre_match,2026-02-27 04:47:57.464858+00:00,2026-02-27 12:54:15.004420+00:00
4157,2026-02-28 18:30:00+00:00,D2,Greuther Furth,Schalke,dc_12,0.76503372337414,1.25,0.8,-0.03496627662586005,dc.home_away,latest_pre_match,2026-02-27 04:47:57.464858+00:00,2026-02-27 12:54:15.004420+00:00
22437,2026-02-28 18:30:00+00:00,CH1,Servette,Sion,o15,0.7908285132362595,1.2857142857142856,0.7777777777777779,0.013050735458481566,ou_1_5.over,latest_pre_match,2026-02-27 04:47:58.131187+00:00,2026-02-27 12:54:15.004420+00:00
22437,2026-02-28 18:30:00+00:00,CH1,Servette,Sion,u15,0.20917148676374053,3.5,0.2857142857142857,-0.07654279895054517,ou_1_5.under,latest_pre_match,2026-02-27 04:47:58.131187+00:00,2026-02-27 12:54:15.004420+00:00
22437,2026-02-28 18:30:00+00:00,CH1,Servette,Sion,o25,0.5607394924091839,1.9,0.5263157894736842,0.03442370293549968,ou_2_5.over,latest_pre_match,2026-02-27 04:47:58.131187+00:00,2026-02-27 12:54:15.004420+00:00
22437,2026-02-28 18:30:00+00:00,CH1,Servette,Sion,u25,0.4374397792994995,1.9,0.5263157894736842,-0.08887601017418467,ou_2_5.under,latest_pre_match,2026-02-27 04:47:58.131187+00:00,2026-02-27 12:54:15.004420+00:00
22437,2026-02-28 18:30:00+00:00,CH1,Servette,Sion,c85,0.6045811735604047,,,,corners_ou_8_5.over,,,2026-02-27 12:54:15.004420+00:00
22437,2026-02-28 18:30:00+00:00,CH1,Servette,Sion,btts,0.552392303228943,1.7272727272727273,0.5789473684210527,-0.026555065192109706,btts.yes,latest_pre_match,2026-02-27 04:47:58.131187+00:00,2026-02-27 12:54:15.004420+00:00
22437,2026-02-28 18:30:00+00:00,CH1,Servette,Sion,1x2_h,0.369667632186542,1.96,0.5102040816326531,-0.1405364494461111,1x2.home,latest_pre_match,2026-02-27 04:47:58.131187+00:00,2026-02-27 12:54:15.004420+00:00
22437,2026-02-28 18:30:00+00:00,CH1,Servette,Sion,1x2_d,0.2589713946177104,3.5,0.2857142857142857,-0.026742891096575294,1x2.draw,latest_pre_match,2026-02-27 04:47:58.131187+00:00,2026-02-27 12:54:15.004420+00:00
22437,2026-02-28 18:30:00+00:00,CH1,Servette,Sion,1x2_a,0.3722118596585791,3.6,0.2777777777777778,0.09443408188080132,1x2.away,latest_pre_match,2026-02-27 04:47:58.131187+00:00,2026-02-27 12:54:15.004420+00:00
22437,2026-02-28 18:30:00+00:00,CH1,Servette,Sion,dc_1x,0.6277881403414208,1.2857142857142856,0.7777777777777779,-0.14998963743635707,dc.home_draw,latest_pre_match,2026-02-27 04:47:58.131187+00:00,2026-02-27 12:54:15.004420+00:00
22437,2026-02-28 18:30:00+00:00,CH1,Servette,Sion,dc_x2,0.630332367813458,1.8,0.5555555555555556,0.07477681225790245,dc.draw_away,latest_pre_match,2026-02-27 04:47:58.131187+00:00,2026-02-27 12:54:15.004420+00:00
22437,2026-02-28 18:30:00+00:00,CH1,Servette,Sion,dc_12,0.7419693143006674,1.2857142857142856,0.7777777777777779,-0.03580846347711053,dc.home_away,latest_pre_match,2026-02-27 04:47:58.131187+00:00,2026-02-27 12:54:15.004420+00:00
4514,2026-02-28 18:45:00+00:00,I1,Inter,Genoa,o15,0.8965429109496906,1.2222222222222223,0.8181818181818181,0.07836109276787251,ou_1_5.over,latest_pre_match,2026-02-27 04:47:58.797465+00:00,2026-02-27 12:54:15.004420+00:00
4514,2026-02-28 18:45:00+00:00,I1,Inter,Genoa,u15,0.10345708905030941,4.333333333333334,0.23076923076923073,-0.1273121417189213,ou_1_5.under,latest_pre_match,2026-02-27 04:47:58.797465+00:00,2026-02-27 12:54:15.004420+00:00
4514,2026-02-28 18:45:00+00:00,I1,Inter,Genoa,o25,0.7326437003856358,1.7272727272727273,0.5789473684210527,0.1536963319645831,ou_2_5.over,latest_pre_match,2026-02-27 04:47:58.797465+00:00,2026-02-27 12:54:15.004420+00:00
4514,2026-02-28 18:45:00+00:00,I1,Inter,Genoa,u25,0.26735629961436413,2.1,0.47619047619047616,-0.20883417657611203,ou_2_5.under,latest_pre_match,2026-02-27 04:47:58.797465+00:00,2026-02-27 12:54:15.004420+00:00
4514,2026-02-28 18:45:00+00:00,I1,Inter,Genoa,c85,0.5352681536714448,,,,corners_ou_8_5.over,,,2026-02-27 12:54:15.004420+00:00
4514,2026-02-28 18:45:00+00:00,I1,Inter,Genoa,btts,0.47437756731781056,2.1,0.47619047619047616,-0.0018129088726656084,btts.yes,latest_pre_match,2026-02-27 04:47:58.797465+00:00,2026-02-27 12:54:15.004420+00:00
4514,2026-02-28 18:45:00+00:00,I1,Inter,Genoa,1x2_h,0.6631631586959443,1.33,0.7518796992481203,-0.08871654055217593,1x2.home,latest_pre_match,2026-02-27 04:47:58.797465+00:00,2026-02-27 12:54:15.004420+00:00
4514,2026-02-28 18:45:00+00:00,I1,Inter,Genoa,1x2_d,0.23157349363231125,5.5,0.18181818181818182,0.04975531181412943,1x2.draw,latest_pre_match,2026-02-27 04:47:58.797465+00:00,2026-02-27 12:54:15.004420+00:00
4514,2026-02-28 18:45:00+00:00,I1,Inter,Genoa,1x2_a,0.10405125622516925,9.0,0.1111111111111111,-0.007059854885941852,1x2.away,latest_pre_match,2026-02-27 04:47:58.797465+00:00,2026-02-27 12:54:15.004420+00:00
4514,2026-02-28 18:45:00+00:00,I1,Inter,Genoa,dc_1x,0.8959487437748308,1.0714285714285714,0.9333333333333333,-0.037384589558502546,dc.home_draw,latest_pre_match,2026-02-27 04:47:58.797465+00:00,2026-02-27 12:54:15.004420+00:00
4514,2026-02-28 18:45:00+00:00,I1,Inter,Genoa,dc_x2,0.33683684130405567,3.25,0.3076923076923077,0.029144533611747958,dc.draw_away,latest_pre_match,2026-02-27 04:47:58.797465+00:00,2026-02-27 12:54:15.004420+00:00
4514,2026-02-28 18:45:00+00:00,I1,Inter,Genoa,dc_12,0.7801280629967816,1.1428571428571428,0.875,-0.09487193700321839,dc.home_away,latest_pre_match,2026-02-27 04:47:58.797465+00:00,2026-02-27 12:54:15.004420+00:00
19344,2026-02-28 18:45:00+00:00,B1,Anderlecht,Leuven,o15,0.8567242219678217,1.25,0.8,0.056724221967821675,ou_1_5.over,latest_pre_match,2026-02-27 04:47:59.446417+00:00,2026-02-27 12:54:15.004420+00:00
19344,2026-02-28 18:45:00+00:00,B1,Anderlecht,Leuven,u15,0.14327577803217828,3.75,0.26666666666666666,-0.12339088863448838,ou_1_5.under,latest_pre_match,2026-02-27 04:47:59.446417+00:00,2026-02-27 12:54:15.004420+00:00
19344,2026-02-28 18:45:00+00:00,B1,Anderlecht,Leuven,o25,0.6800795978215334,1.85,0.5405405405405405,0.13953905728099292,ou_2_5.over,latest_pre_match,2026-02-27 04:47:59.446417+00:00,2026-02-27 12:54:15.004420+00:00
19344,2026-02-28 18:45:00+00:00,B1,Anderlecht,Leuven,u25,0.31809967388715016,1.95,0.5128205128205129,-0.19472083893336273,ou_2_5.under,latest_pre_match,2026-02-27 04:47:59.446417+00:00,2026-02-27 12:54:15.004420+00:00
19344,2026-02-28 18:45:00+00:00,B1,Anderlecht,Leuven,c85,0.618388117898167,,,,corners_ou_8_5.over,,,2026-02-27 12:54:15.004420+00:00
19344,2026-02-28 18:45:00+00:00,B1,Anderlecht,Leuven,btts,0.5762563451351282,1.8,0.5555555555555556,0.020700789579572665,btts.yes,latest_pre_match,2026-02-27 04:47:59.446417+00:00,2026-02-27 12:54:15.004420+00:00
19344,2026-02-28 18:45:00+00:00,B1,Anderlecht,Leuven,1x2_h,0.4068399776974681,1.65,0.6060606060606061,-0.19922062836313797,1x2.home,latest_pre_match,2026-02-27 04:47:59.446417+00:00,2026-02-27 12:54:15.004420+00:00
19344,2026-02-28 18:45:00+00:00,B1,Anderlecht,Leuven,1x2_d,0.21611177305301688,3.7,0.27027027027027023,-0.054158497217253354,1x2.draw,latest_pre_match,2026-02-27 04:47:59.446417+00:00,2026-02-27 12:54:15.004420+00:00
19344,2026-02-28 18:45:00+00:00,B1,Anderlecht,Leuven,1x2_a,0.3741593049211516,4.5,0.2222222222222222,0.15193708269892942,1x2.away,latest_pre_match,2026-02-27 04:47:59.446417+00:00,2026-02-27 12:54:15.004420+00:00
19344,2026-02-28 18:45:00+00:00,B1,Anderlecht,Leuven,dc_1x,0.625840695078848,1.1666666666666667,0.8571428571428571,-0.2313021620640091,dc.home_draw,latest_pre_match,2026-02-27 04:47:59.446417+00:00,2026-02-27 12:54:15.004420+00:00
19344,2026-02-28 18:45:00+00:00,B1,Anderlecht,Leuven,dc_x2,0.5931600223025318,2.1,0.47619047619047616,0.11696954611205568,dc.draw_away,latest_pre_match,2026-02-27 04:47:59.446417+00:00,2026-02-27 12:54:15.004420+00:00
19344,2026-02-28 18:45:00+00:00,B1,Anderlecht,Leuven,dc_12,0.78736194397265,1.25,0.8,-0.01263805602735002,dc.home_away,latest_pre_match,2026-02-27 04:47:59.446417+00:00,2026-02-27 12:54:15.004420+00:00
5133,2026-02-28 19:00:00+00:00,SP1,Oviedo,Atl. Madrid,o15,0.7675690522978732,1.3,0.7692307692307692,-0.0016617169328959625,ou_1_5.over,latest_pre_match,2026-02-27 04:48:00.094598+00:00,2026-02-27 12:54:15.004420+00:00
5133,2026-02-28 19:00:00+00:00,SP1,Oviedo,Atl. Madrid,u15,0.23243094770212683,3.5,0.2857142857142857,-0.05328333801215887,ou_1_5.under,latest_pre_match,2026-02-27 04:48:00.094598+00:00,2026-02-27 12:54:15.004420+00:00
5133,2026-02-28 19:00:00+00:00,SP1,Oviedo,Atl. Madrid,o25,0.5249953316506585,2.0,0.5,0.02499533165065848,ou_2_5.over,latest_pre_match,2026-02-27 04:48:00.094598+00:00,2026-02-27 12:54:15.004420+00:00
5133,2026-02-28 19:00:00+00:00,SP1,Oviedo,Atl. Madrid,u25,0.47500466834934146,1.8,0.5555555555555556,-0.08055088720621412,ou_2_5.under,latest_pre_match,2026-02-27 04:48:00.094598+00:00,2026-02-27 12:54:15.004420+00:00
5133,2026-02-28 19:00:00+00:00,SP1,Oviedo,Atl. Madrid,c85,0.603735710205951,,,,corners_ou_8_5.over,,,2026-02-27 12:54:15.004420+00:00
5133,2026-02-28 19:00:00+00:00,SP1,Oviedo,Atl. Madrid,btts,0.5277820811061126,1.95,0.5128205128205129,0.014961568285599691,btts.yes,latest_pre_match,2026-02-27 04:48:00.094598+00:00,2026-02-27 12:54:15.004420+00:00
5133,2026-02-28 19:00:00+00:00,SP1,Oviedo,Atl. Madrid,1x2_h,0.34692500570263185,5.75,0.17391304347826086,0.17301196222437099,1x2.home,latest_pre_match,2026-02-27 04:48:00.094598+00:00,2026-02-27 12:54:15.004420+00:00
5133,2026-02-28 19:00:00+00:00,SP1,Oviedo,Atl. Madrid,1x2_d,0.2589713946177104,3.6,0.2777777777777778,-0.018806383160067386,1x2.draw,latest_pre_match,2026-02-27 04:48:00.094598+00:00,2026-02-27 12:54:15.004420+00:00
5133,2026-02-28 19:00:00+00:00,SP1,Oviedo,Atl. Madrid,1x2_a,0.41883101066883843,1.67,0.5988023952095809,-0.17997138454074246,1x2.away,latest_pre_match,2026-02-27 04:48:00.094598+00:00,2026-02-27 12:54:15.004420+00:00
5133,2026-02-28 19:00:00+00:00,SP1,Oviedo,Atl. Madrid,dc_1x,0.5811689893311616,2.15,0.46511627906976744,0.11605271026139413,dc.home_draw,latest_pre_match,2026-02-27 04:48:00.094598+00:00,2026-02-27 12:54:15.004420+00:00
5133,2026-02-28 19:00:00+00:00,SP1,Oviedo,Atl. Madrid,dc_x2,0.6530749942973681,1.1428571428571428,0.875,-0.22192500570263185,dc.draw_away,latest_pre_match,2026-02-27 04:48:00.094598+00:00,2026-02-27 12:54:15.004420+00:00
5133,2026-02-28 19:00:00+00:00,SP1,Oviedo,Atl. Madrid,dc_12,0.7419693143006674,1.2857142857142856,0.7777777777777779,-0.03580846347711053,dc.home_away,latest_pre_match,2026-02-27 04:48:00.094598+00:00,2026-02-27 12:54:15.004420+00:00
5531,2026-02-28 19:00:00+00:00,SP2,Castellon,Racing Santander,o15,0.7209123958188463,1.1818181818181819,0.8461538461538461,-0.1252414503349999,ou_1_5.over,latest_pre_match,2026-02-27 04:48:01.635655+00:00,2026-02-27 12:54:15.004420+00:00
5531,2026-02-28 19:00:00+00:00,SP2,Castellon,Racing Santander,u15,0.27908760418115386,4.5,0.2222222222222222,0.05686538195893165,ou_1_5.under,latest_pre_match,2026-02-27 04:48:01.635655+00:00,2026-02-27 12:54:15.004420+00:00
5531,2026-02-28 19:00:00+00:00,SP2,Castellon,Racing Santander,o25,0.5550600443534052,1.6153846153846154,0.6190476190476191,-0.0639875746942139,ou_2_5.over,latest_pre_match,2026-02-27 04:48:01.635655+00:00,2026-02-27 12:54:15.004420+00:00
5531,2026-02-28 19:00:00+00:00,SP2,Castellon,Racing Santander,u25,0.4449399556465947,2.25,0.4444444444444444,0.0004955112021503005,ou_2_5.under,latest_pre_match,2026-02-27 04:48:01.635655+00:00,2026-02-27 12:54:15.004420+00:00
5531,2026-02-28 19:00:00+00:00,SP2,Castellon,Racing Santander,c85,0.6330271324477649,,,,corners_ou_8_5.over,,,2026-02-27 12:54:15.004420+00:00
5531,2026-02-28 19:00:00+00:00,SP2,Castellon,Racing Santander,btts,0.5220154892242919,1.6153846153846154,0.6190476190476191,-0.0970321298233272,btts.yes,latest_pre_match,2026-02-27 04:48:01.635655+00:00,2026-02-27 12:54:15.004420+00:00
5531,2026-02-28 19:00:00+00:00,SP2,Castellon,Racing Santander,1x2_h,0.5511771420463255,1.6600000000000001,0.6024096385542168,-0.0512324965078913,1x2.home,latest_pre_match,2026-02-27 04:48:01.635655+00:00,2026-02-27 12:54:15.004420+00:00
5531,2026-02-28 19:00:00+00:00,SP2,Castellon,Racing Santander,1x2_d,0.22315111052713696,4.1,0.24390243902439027,-0.020751328497253307,1x2.draw,latest_pre_match,2026-02-27 04:48:01.635655+00:00,2026-02-27 12:54:15.004420+00:00
5531,2026-02-28 19:00:00+00:00,SP2,Castellon,Racing Santander,1x2_a,0.19830460335146707,4.333333333333334,0.23076923076923073,-0.03246462741776365,1x2.away,latest_pre_match,2026-02-27 04:48:01.635655+00:00,2026-02-27 12:54:15.004420+00:00
5531,2026-02-28 19:00:00+00:00,SP2,Castellon,Racing Santander,dc_1x,0.8016953966485328,1.2,0.8333333333333334,-0.03163793668480053,dc.home_draw,latest_pre_match,2026-02-27 04:48:01.635655+00:00,2026-02-27 12:54:15.004420+00:00
5531,2026-02-28 19:00:00+00:00,SP2,Castellon,Racing Santander,dc_x2,0.44882285795367444,2.1,0.47619047619047616,-0.027367618236801727,dc.draw_away,latest_pre_match,2026-02-27 04:48:01.635655+00:00,2026-02-27 12:54:15.004420+00:00
5531,2026-02-28 19:00:00+00:00,SP2,Castellon,Racing Santander,dc_12,0.7800730307772561,1.2222222222222223,0.8181818181818181,-0.03810878740456203,dc.home_away,latest_pre_match,2026-02-27 04:48:01.635655+00:00,2026-02-27 12:54:15.004420+00:00
19054,2026-02-28 19:00:00+00:00,N1,Nijmegen,Sittard,o15,0.8613276954978488,1.125,0.8888888888888888,-0.027561193391040018,ou_1_5.over,latest_pre_match,2026-02-27 04:48:00.872932+00:00,2026-02-27 12:54:15.004420+00:00
19054,2026-02-28 19:00:00+00:00,N1,Nijmegen,Sittard,u15,0.1386723045021511,6.0,0.16666666666666666,-0.027994362164515563,ou_1_5.under,latest_pre_match,2026-02-27 04:48:00.872932+00:00,2026-02-27 12:54:15.004420+00:00
19054,2026-02-28 19:00:00+00:00,N1,Nijmegen,Sittard,o25,0.5878035158902427,1.4444444444444444,0.6923076923076923,-0.10450417641744958,ou_2_5.over,latest_pre_match,2026-02-27 04:48:00.872932+00:00,2026-02-27 12:54:15.004420+00:00
19054,2026-02-28 19:00:00+00:00,N1,Nijmegen,Sittard,u25,0.41219648410975723,2.7,0.37037037037037035,0.04182611373938688,ou_2_5.under,latest_pre_match,2026-02-27 04:48:00.872932+00:00,2026-02-27 12:54:15.004420+00:00
19054,2026-02-28 19:00:00+00:00,N1,Nijmegen,Sittard,c85,0.6330271324477649,,,,corners_ou_8_5.over,,,2026-02-27 12:54:15.004420+00:00
19054,2026-02-28 19:00:00+00:00,N1,Nijmegen,Sittard,btts,0.5913726242048956,1.5714285714285714,0.6363636363636364,-0.044991012158740795,btts.yes,latest_pre_match,2026-02-27 04:48:00.872932+00:00,2026-02-27 12:54:15.004420+00:00
19054,2026-02-28 19:00:00+00:00,N1,Nijmegen,Sittard,1x2_h,0.5716441615779364,1.45,0.6896551724137931,-0.11801101083585674,1x2.home,latest_pre_match,2026-02-27 04:48:00.872932+00:00,2026-02-27 12:54:15.004420+00:00
19054,2026-02-28 19:00:00+00:00,N1,Nijmegen,Sittard,1x2_d,0.25689842612683145,5.0,0.2,0.056898426126831436,1x2.draw,latest_pre_match,2026-02-27 04:48:00.872932+00:00,2026-02-27 12:54:15.004420+00:00
19054,2026-02-28 19:00:00+00:00,N1,Nijmegen,Sittard,1x2_a,0.225871636570142,6.25,0.16,0.065871636570142,1x2.away,latest_pre_match,2026-02-27 04:48:00.872932+00:00,2026-02-27 12:54:15.004420+00:00
19054,2026-02-28 19:00:00+00:00,N1,Nijmegen,Sittard,dc_1x,0.7741283634298579,1.125,0.8888888888888888,-0.11476052545903093,dc.home_draw,latest_pre_match,2026-02-27 04:48:00.872932+00:00,2026-02-27 12:54:15.004420+00:00
19054,2026-02-28 19:00:00+00:00,N1,Nijmegen,Sittard,dc_x2,0.4283558384220636,2.625,0.38095238095238093,0.047403457469682664,dc.draw_away,latest_pre_match,2026-02-27 04:48:00.872932+00:00,2026-02-27 12:54:15.004420+00:00
19054,2026-02-28 19:00:00+00:00,N1,Nijmegen,Sittard,dc_12,0.7445665725623648,1.1666666666666667,0.8571428571428571,-0.11257628458049229,dc.home_away,latest_pre_match,2026-02-27 04:48:00.872932+00:00,2026-02-27 12:54:15.004420+00:00
5902,2026-02-28 19:05:00+00:00,F1,Le Havre,PSG,o15,0.8334647610294353,1.1428571428571428,0.875,-0.04153523897056466,ou_1_5.over,latest_pre_match,2026-02-27 04:48:02.461158+00:00,2026-02-27 12:54:15.004420+00:00
5902,2026-02-28 19:05:00+00:00,F1,Le Havre,PSG,u15,0.16653523897056458,5.5,0.18181818181818182,-0.015282942847617248,ou_1_5.under,latest_pre_match,2026-02-27 04:48:02.461158+00:00,2026-02-27 12:54:15.004420+00:00
5902,2026-02-28 19:05:00+00:00,F1,Le Havre,PSG,o25,0.5550600443534052,1.4444444444444444,0.6923076923076923,-0.13724764795428712,ou_2_5.over,latest_pre_match,2026-02-27 04:48:02.461158+00:00,2026-02-27 12:54:15.004420+00:00
5902,2026-02-28 19:05:00+00:00,F1,Le Havre,PSG,u25,0.4449399556465947,2.75,0.36363636363636365,0.08130359201023107,ou_2_5.under,latest_pre_match,2026-02-27 04:48:02.461158+00:00,2026-02-27 12:54:15.004420+00:00
5902,2026-02-28 19:05:00+00:00,F1,Le Havre,PSG,c85,0.6210174254805275,,,,corners_ou_8_5.over,,,2026-02-27 12:54:15.004420+00:00
5902,2026-02-28 19:05:00+00:00,F1,Le Havre,PSG,btts,0.43069403714565,1.8,0.5555555555555556,-0.12486151840990556,btts.yes,latest_pre_match,2026-02-27 04:48:02.461158+00:00,2026-02-27 12:54:15.004420+00:00
5902,2026-02-28 19:05:00+00:00,F1,Le Havre,PSG,1x2_h,0.14891975308641975,10.0,0.1,0.04891975308641974,1x2.home,latest_pre_match,2026-02-27 04:48:02.461158+00:00,2026-02-27 12:54:15.004420+00:00
5902,2026-02-28 19:05:00+00:00,F1,Le Havre,PSG,1x2_d,0.1532052703365517,6.5,0.15384615384615385,-0.000640883509602147,1x2.draw,latest_pre_match,2026-02-27 04:48:02.461158+00:00,2026-02-27 12:54:15.004420+00:00
5902,2026-02-28 19:05:00+00:00,F1,Le Havre,PSG,1x2_a,0.7581347411279308,1.25,0.8,-0.041865258872069266,1x2.away,latest_pre_match,2026-02-27 04:48:02.461158+00:00,2026-02-27 12:54:15.004420+00:00
5902,2026-02-28 19:05:00+00:00,F1,Le Havre,PSG,dc_1x,0.24186525887206933,3.75,0.26666666666666666,-0.02480140779459733,dc.home_draw,latest_pre_match,2026-02-27 04:48:02.461158+00:00,2026-02-27 12:54:15.004420+00:00
5902,2026-02-28 19:05:00+00:00,F1,Le Havre,PSG,dc_x2,0.8510802469135802,1.0625,0.9411764705882353,-0.09009622367465508,dc.draw_away,latest_pre_match,2026-02-27 04:48:02.461158+00:00,2026-02-27 12:54:15.004420+00:00
5902,2026-02-28 19:05:00+00:00,F1,Le Havre,PSG,dc_12,0.8008177181691954,1.1111111111111112,0.8999999999999999,-0.09918228183080446,dc.home_away,latest_pre_match,2026-02-27 04:48:02.461158+00:00,2026-02-27 12:54:15.004420+00:00
21029,2026-02-28 20:00:00+00:00,JP1,Okayama,Nagoya Grampus,o15,0.7326755764182336,1.4444444444444444,0.6923076923076923,0.04036788411054126,ou_1_5.over,latest_pre_match,2026-02-27 04:48:03.487306+00:00,2026-02-27 12:54:15.004420+00:00
21029,2026-02-28 20:00:00+00:00,JP1,Okayama,Nagoya Grampus,u15,0.26702603416560317,2.625,0.38095238095238093,-0.11392634678677777,ou_1_5.under,latest_pre_match,2026-02-27 04:48:03.487306+00:00,2026-02-27 12:54:15.004420+00:00
21029,2026-02-28 20:00:00+00:00,JP1,Okayama,Nagoya Grampus,o25,0.3896881989580923,2.4,0.4166666666666667,-0.026978467708574372,ou_2_5.over,latest_pre_match,2026-02-27 04:48:03.487306+00:00,2026-02-27 12:54:15.004420+00:00
21029,2026-02-28 20:00:00+00:00,JP1,Okayama,Nagoya Grampus,u25,0.6103118010419076,1.5333333333333332,0.6521739130434783,-0.04186211200157064,ou_2_5.under,latest_pre_match,2026-02-27 04:48:03.487306+00:00,2026-02-27 12:54:15.004420+00:00
21029,2026-02-28 20:00:00+00:00,JP1,Okayama,Nagoya Grampus,c85,0.6199055008588489,,,,corners_ou_8_5.over,,,2026-02-27 12:54:15.004420+00:00
21029,2026-02-28 20:00:00+00:00,JP1,Okayama,Nagoya Grampus,btts,0.4850979265002775,2.0,0.5,-0.014902073499722501,btts.yes,latest_pre_match,2026-02-27 04:48:03.487306+00:00,2026-02-27 12:54:15.004420+00:00
21029,2026-02-28 20:00:00+00:00,JP1,Okayama,Nagoya Grampus,1x2_h,0.45632815154367573,3.1,0.3225806451612903,0.13374750638238542,1x2.home,latest_pre_match,2026-02-27 04:48:03.487306+00:00,2026-02-27 12:54:15.004420+00:00
21029,2026-02-28 20:00:00+00:00,JP1,Okayama,Nagoya Grampus,1x2_d,0.26925508256097275,3.1,0.3225806451612903,-0.053325562600317566,1x2.draw,latest_pre_match,2026-02-27 04:48:03.487306+00:00,2026-02-27 12:54:15.004420+00:00
21029,2026-02-28 20:00:00+00:00,JP1,Okayama,Nagoya Grampus,1x2_a,0.26123186059502357,2.35,0.425531914893617,-0.16430005429859346,1x2.away,latest_pre_match,2026-02-27 04:48:03.487306+00:00,2026-02-27 12:54:15.004420+00:00
21029,2026-02-28 20:00:00+00:00,JP1,Okayama,Nagoya Grampus,dc_1x,0.7387681394049764,1.5333333333333332,0.6521739130434783,0.08659422636149816,dc.home_draw,latest_pre_match,2026-02-27 04:48:03.487306+00:00,2026-02-27 12:54:15.004420+00:00
21029,2026-02-28 20:00:00+00:00,JP1,Okayama,Nagoya Grampus,dc_x2,0.5436718484563242,1.3636363636363638,0.7333333333333333,-0.18966148487700907,dc.draw_away,latest_pre_match,2026-02-27 04:48:03.487306+00:00,2026-02-27 12:54:15.004420+00:00
21029,2026-02-28 20:00:00+00:00,JP1,Okayama,Nagoya Grampus,dc_12,0.7318076370943499,1.3636363636363638,0.7333333333333333,-0.001525696238983354,dc.home_away,latest_pre_match,2026-02-27 04:48:03.487306+00:00,2026-02-27 12:54:15.004420+00:00
19584,2026-02-28 20:30:00+00:00,P1,Vitoria Guimaraes,Alverca,o15,0.662107493739164,1.3,0.7692307692307692,-0.10712327549160516,ou_1_5.over,latest_pre_match,2026-02-27 04:48:08.842751+00:00,2026-02-27 12:54:15.004420+00:00
19584,2026-02-28 20:30:00+00:00,P1,Vitoria Guimaraes,Alverca,u15,0.33789250626083606,3.4,0.29411764705882354,0.04377485920201252,ou_1_5.under,latest_pre_match,2026-02-27 04:48:08.842751+00:00,2026-02-27 12:54:15.004420+00:00
19584,2026-02-28 20:30:00+00:00,P1,Vitoria Guimaraes,Alverca,o25,0.4216527160050462,2.05,0.48780487804878053,-0.06615216204373431,ou_2_5.over,latest_pre_match,2026-02-27 04:48:08.842751+00:00,2026-02-27 12:54:15.004420+00:00
19584,2026-02-28 20:30:00+00:00,P1,Vitoria Guimaraes,Alverca,u25,0.5783472839949537,1.75,0.5714285714285714,0.0069187125663823235,ou_2_5.under,latest_pre_match,2026-02-27 04:48:08.842751+00:00,2026-02-27 12:54:15.004420+00:00
19584,2026-02-28 20:30:00+00:00,P1,Vitoria Guimaraes,Alverca,c85,0.6262420736856186,,,,corners_ou_8_5.over,,,2026-02-27 12:54:15.004420+00:00
19584,2026-02-28 20:30:00+00:00,P1,Vitoria Guimaraes,Alverca,btts,0.4850979265002775,1.95,0.5128205128205129,-0.027722586320235387,btts.yes,latest_pre_match,2026-02-27 04:48:08.842751+00:00,2026-02-27 12:54:15.004420+00:00
19584,2026-02-28 20:30:00+00:00,P1,Vitoria Guimaraes,Alverca,1x2_h,0.5287608610093547,1.71,0.5847953216374269,-0.05603446062807216,1x2.home,latest_pre_match,2026-02-27 04:48:08.842751+00:00,2026-02-27 12:54:15.004420+00:00
19584,2026-02-28 20:30:00+00:00,P1,Vitoria Guimaraes,Alverca,1x2_d,0.23664317401920046,3.6,0.2777777777777778,-0.04113460375857733,1x2.draw,latest_pre_match,2026-02-27 04:48:08.842751+00:00,2026-02-27 12:54:15.004420+00:00
19584,2026-02-28 20:30:00+00:00,P1,Vitoria Guimaraes,Alverca,1x2_a,0.20266395296246043,4.75,0.21052631578947367,-0.007862362827013247,1x2.away,latest_pre_match,2026-02-27 04:48:08.842751+00:00,2026-02-27 12:54:15.004420+00:00
19584,2026-02-28 20:30:00+00:00,P1,Vitoria Guimaraes,Alverca,dc_1x,0.7973360470375397,1.1818181818181819,0.8461538461538461,-0.04881779911630646,dc.home_draw,latest_pre_match,2026-02-27 04:48:08.842751+00:00,2026-02-27 12:54:15.004420+00:00
19584,2026-02-28 20:30:00+00:00,P1,Vitoria Guimaraes,Alverca,dc_x2,0.4712391389906452,2.0,0.5,-0.02876086100935482,dc.draw_away,latest_pre_match,2026-02-27 04:48:08.842751+00:00,2026-02-27 12:54:15.004420+00:00
19584,2026-02-28 20:30:00+00:00,P1,Vitoria Guimaraes,Alverca,dc_12,0.7642975348991774,1.2857142857142856,0.7777777777777779,-0.013480242878600501,dc.home_away,latest_pre_match,2026-02-27 04:48:08.842751+00:00,2026-02-27 12:54:15.004420+00:00
21030,2026-02-28 22:00:00+00:00,JP1,Kawasaki Frontale,Mito,o15,0.8013638638638639,1.2,0.8333333333333334,-0.031969469469469436,ou_1_5.over,latest_pre_match,2026-02-27 04:48:11.033159+00:00,2026-02-27 12:54:15.004420+00:00
21030,2026-02-28 22:00:00+00:00,JP1,Kawasaki Frontale,Mito,u15,0.19863613613613615,4.333333333333334,0.23076923076923073,-0.03213309463309458,ou_1_5.under,latest_pre_match,2026-02-27 04:48:11.033159+00:00,2026-02-27 12:54:15.004420+00:00
21030,2026-02-28 22:00:00+00:00,JP1,Kawasaki Frontale,Mito,o25,0.5264042403553981,1.6666666666666665,0.6000000000000001,-0.07359575964460197,ou_2_5.over,latest_pre_match,2026-02-27 04:48:11.033159+00:00,2026-02-27 12:54:15.004420+00:00
21030,2026-02-28 22:00:00+00:00,JP1,Kawasaki Frontale,Mito,u25,0.4735957596446019,2.15,0.46511627906976744,0.008479480574834442,ou_2_5.under,latest_pre_match,2026-02-27 04:48:11.033159+00:00,2026-02-27 12:54:15.004420+00:00
21030,2026-02-28 22:00:00+00:00,JP1,Kawasaki Frontale,Mito,c85,0.6159501496951408,,,,corners_ou_8_5.over,,,2026-02-27 12:54:15.004420+00:00
21030,2026-02-28 22:00:00+00:00,JP1,Kawasaki Frontale,Mito,btts,0.5696776682715123,1.6153846153846154,0.6190476190476191,-0.04936995077610673,btts.yes,latest_pre_match,2026-02-27 04:48:11.033159+00:00,2026-02-27 12:54:15.004420+00:00
21030,2026-02-28 22:00:00+00:00,JP1,Kawasaki Frontale,Mito,1x2_h,0.31323784023518214,1.79,0.5586592178770949,-0.2454213776419128,1x2.home,latest_pre_match,2026-02-27 04:48:11.033159+00:00,2026-02-27 12:54:15.004420+00:00
21030,2026-02-28 22:00:00+00:00,JP1,Kawasaki Frontale,Mito,1x2_d,0.24508250572882148,4.0,0.25,-0.0049174942711785186,1x2.draw,latest_pre_match,2026-02-27 04:48:11.033159+00:00,2026-02-27 12:54:15.004420+00:00
21030,2026-02-28 22:00:00+00:00,JP1,Kawasaki Frontale,Mito,1x2_a,0.3834898526256551,3.75,0.26666666666666666,0.11682318595898844,1x2.away,latest_pre_match,2026-02-27 04:48:11.033159+00:00,2026-02-27 12:54:15.004420+00:00
21030,2026-02-28 22:00:00+00:00,JP1,Kawasaki Frontale,Mito,dc_1x,0.616510147374345,1.25,0.8,-0.1834898526256551,dc.home_draw,latest_pre_match,2026-02-27 04:48:11.033159+00:00,2026-02-27 12:54:15.004420+00:00
21030,2026-02-28 22:00:00+00:00,JP1,Kawasaki Frontale,Mito,dc_x2,0.6867621597648178,1.9090909090909092,0.5238095238095238,0.16295263595529397,dc.draw_away,latest_pre_match,2026-02-27 04:48:11.033159+00:00,2026-02-27 12:54:15.004420+00:00
21030,2026-02-28 22:00:00+00:00,JP1,Kawasaki Frontale,Mito,dc_12,0.7559802139265012,1.2222222222222223,0.8181818181818181,-0.062201604255316956,dc.home_away,latest_pre_match,2026-02-27 04:48:11.033159+00:00,2026-02-27 12:54:15.004420+00:00
21408,2026-03-01 05:00:00+00:00,MX1,Atl. San Luis,Puebla,o15,0.6967002213639311,1.25,0.8,-0.10329977863606898,ou_1_5.over,latest_pre_match,2026-02-27 04:48:11.824982+00:00,2026-02-27 12:54:15.004420+00:00
21408,2026-03-01 05:00:00+00:00,MX1,Atl. San Luis,Puebla,u15,0.30329977863606894,3.75,0.26666666666666666,0.03663311196940228,ou_1_5.under,latest_pre_match,2026-02-27 04:48:11.824982+00:00,2026-02-27 12:54:15.004420+00:00
21408,2026-03-01 05:00:00+00:00,MX1,Atl. San Luis,Puebla,o25,0.4413986417409157,1.85,0.5405405405405405,-0.09914189879962476,ou_2_5.over,latest_pre_match,2026-02-27 04:48:11.824982+00:00,2026-02-27 12:54:15.004420+00:00
21408,2026-03-01 05:00:00+00:00,MX1,Atl. San Luis,Puebla,u25,0.5586013582590844,1.95,0.5128205128205129,0.04578084543857153,ou_2_5.under,latest_pre_match,2026-02-27 04:48:11.824982+00:00,2026-02-27 12:54:15.004420+00:00
21408,2026-03-01 05:00:00+00:00,MX1,Atl. San Luis,Puebla,c85,0.5949502066630594,,,,corners_ou_8_5.over,,,2026-02-27 12:54:15.004420+00:00
21408,2026-03-01 05:00:00+00:00,MX1,Atl. San Luis,Puebla,btts,0.5220154892242919,1.75,0.5714285714285714,-0.049413082204279535,btts.yes,latest_pre_match,2026-02-27 04:48:11.824982+00:00,2026-02-27 12:54:15.004420+00:00
21408,2026-03-01 05:00:00+00:00,MX1,Atl. San Luis,Puebla,1x2_h,0.5560430669653971,1.79,0.5586592178770949,-0.0026161509116978676,1x2.home,latest_pre_match,2026-02-27 04:48:11.824982+00:00,2026-02-27 12:54:15.004420+00:00
21408,2026-03-01 05:00:00+00:00,MX1,Atl. San Luis,Puebla,1x2_d,0.2384399936515268,3.6,0.2777777777777778,-0.039337784126250996,1x2.draw,latest_pre_match,2026-02-27 04:48:11.824982+00:00,2026-02-27 12:54:15.004420+00:00
21408,2026-03-01 05:00:00+00:00,MX1,Atl. San Luis,Puebla,1x2_a,0.2545740547170926,4.333333333333334,0.23076923076923073,0.023804823947861875,1x2.away,latest_pre_match,2026-02-27 04:48:11.824982+00:00,2026-02-27 12:54:15.004420+00:00
21408,2026-03-01 05:00:00+00:00,MX1,Atl. San Luis,Puebla,dc_1x,0.7454259452829074,1.2,0.8333333333333334,-0.08790738805042597,dc.home_draw,latest_pre_match,2026-02-27 04:48:11.824982+00:00,2026-02-27 12:54:15.004420+00:00
21408,2026-03-01 05:00:00+00:00,MX1,Atl. San Luis,Puebla,dc_x2,0.44395693303460293,1.9090909090909092,0.5238095238095238,-0.0798525907749209,dc.draw_away,latest_pre_match,2026-02-27 04:48:11.824982+00:00,2026-02-27 12:54:15.004420+00:00
21408,2026-03-01 05:00:00+00:00,MX1,Atl. San Luis,Puebla,dc_12,0.762622726003796,1.2857142857142856,0.7777777777777779,-0.015155051773981909,dc.home_away,latest_pre_match,2026-02-27 04:48:11.824982+00:00,2026-02-27 12:54:15.004420+00:00
21409,2026-03-01 05:00:00+00:00,MX1,Toluca,Guadalajara Chivas,o15,0.7832408494915276,1.25,0.8,-0.01675915050847243,ou_1_5.over,latest_pre_match,2026-02-27 04:48:12.482973+00:00,2026-02-27 12:54:15.004420+00:00
21409,2026-03-01 05:00:00+00:00,MX1,Toluca,Guadalajara Chivas,u15,0.21675915050847225,3.75,0.26666666666666666,-0.049907516158194415,ou_1_5.under,latest_pre_match,2026-02-27 04:48:12.482973+00:00,2026-02-27 12:54:15.004420+00:00
21409,2026-03-01 05:00:00+00:00,MX1,Toluca,Guadalajara Chivas,o25,0.5139906284292429,1.85,0.5405405405405405,-0.026549912111297536,ou_2_5.over,latest_pre_match,2026-02-27 04:48:12.482973+00:00,2026-02-27 12:54:15.004420+00:00
21409,2026-03-01 05:00:00+00:00,MX1,Toluca,Guadalajara Chivas,u25,0.48600937157075713,1.95,0.5128205128205129,-0.026811141249755754,ou_2_5.under,latest_pre_match,2026-02-27 04:48:12.482973+00:00,2026-02-27 12:54:15.004420+00:00
21409,2026-03-01 05:00:00+00:00,MX1,Toluca,Guadalajara Chivas,c85,0.5673135102549147,,,,corners_ou_8_5.over,,,2026-02-27 12:54:15.004420+00:00
21409,2026-03-01 05:00:00+00:00,MX1,Toluca,Guadalajara Chivas,btts,0.5587228585753404,1.7,0.5882352941176471,-0.029512435542306648,btts.yes,latest_pre_match,2026-02-27 04:48:12.482973+00:00,2026-02-27 12:54:15.004420+00:00
21409,2026-03-01 05:00:00+00:00,MX1,Toluca,Guadalajara Chivas,1x2_h,0.5703563389983684,1.96,0.5102040816326531,0.06015225736571528,1x2.home,latest_pre_match,2026-02-27 04:48:12.482973+00:00,2026-02-27 12:54:15.004420+00:00
21409,2026-03-01 05:00:00+00:00,MX1,Toluca,Guadalajara Chivas,1x2_d,0.22977667399998492,3.4,0.29411764705882354,-0.06434097305883862,1x2.draw,latest_pre_match,2026-02-27 04:48:12.482973+00:00,2026-02-27 12:54:15.004420+00:00
21409,2026-03-01 05:00:00+00:00,MX1,Toluca,Guadalajara Chivas,1x2_a,0.2197608859752902,3.8,0.2631578947368421,-0.04339700876155189,1x2.away,latest_pre_match,2026-02-27 04:48:12.482973+00:00,2026-02-27 12:54:15.004420+00:00
21409,2026-03-01 05:00:00+00:00,MX1,Toluca,Guadalajara Chivas,dc_1x,0.7802391140247097,1.25,0.8,-0.019760885975290354,dc.home_draw,latest_pre_match,2026-02-27 04:48:12.482973+00:00,2026-02-27 12:54:15.004420+00:00
21409,2026-03-01 05:00:00+00:00,MX1,Toluca,Guadalajara Chivas,dc_x2,0.4296436610016317,1.8,0.5555555555555556,-0.12591189455392388,dc.draw_away,latest_pre_match,2026-02-27 04:48:12.482973+00:00,2026-02-27 12:54:15.004420+00:00
21409,2026-03-01 05:00:00+00:00,MX1,Toluca,Guadalajara Chivas,dc_12,0.7667085322695216,1.3,0.7692307692307692,-0.002522236961247537,dc.home_away,latest_pre_match,2026-02-27 04:48:12.482973+00:00,2026-02-27 12:54:15.004420+00:00
21410,2026-03-01 07:00:00+00:00,MX1,Club Leon,Necaxa,o15,0.7860666084743547,1.2222222222222223,0.8181818181818181,-0.0321152097074634,ou_1_5.over,latest_pre_match,2026-02-27 04:48:14.631195+00:00,2026-02-27 12:54:15.004420+00:00
21410,2026-03-01 07:00:00+00:00,MX1,Club Leon,Necaxa,u15,0.2139333915256453,4.0,0.25,-0.036066608474354694,ou_1_5.under,latest_pre_match,2026-02-27 04:48:14.631195+00:00,2026-02-27 12:54:15.004420+00:00
21410,2026-03-01 07:00:00+00:00,MX1,Club Leon,Necaxa,o25,0.5099243493818791,1.8,0.5555555555555556,-0.04563120617367644,ou_2_5.over,latest_pre_match,2026-02-27 04:48:14.631195+00:00,2026-02-27 12:54:15.004420+00:00
21410,2026-03-01 07:00:00+00:00,MX1,Club Leon,Necaxa,u25,0.4900756506181209,2.0,0.5,-0.009924349381879083,ou_2_5.under,latest_pre_match,2026-02-27 04:48:14.631195+00:00,2026-02-27 12:54:15.004420+00:00
21410,2026-03-01 07:00:00+00:00,MX1,Club Leon,Necaxa,c85,0.6148840600639782,,,,corners_ou_8_5.over,,,2026-02-27 12:54:15.004420+00:00
21410,2026-03-01 07:00:00+00:00,MX1,Club Leon,Necaxa,btts,0.5696776682715123,1.6153846153846154,0.6190476190476191,-0.04936995077610673,btts.yes,latest_pre_match,2026-02-27 04:48:14.631195+00:00,2026-02-27 12:54:15.004420+00:00
21410,2026-03-01 07:00:00+00:00,MX1,Club Leon,Necaxa,1x2_h,0.44509918381894115,2.15,0.46511627906976744,-0.02001709525082629,1x2.home,latest_pre_match,2026-02-27 04:48:14.631195+00:00,2026-02-27 12:54:15.004420+00:00
21410,2026-03-01 07:00:00+00:00,MX1,Club Leon,Necaxa,1x2_d,0.2507554321763958,3.4,0.29411764705882354,-0.04336221488242775,1x2.draw,latest_pre_match,2026-02-27 04:48:14.631195+00:00,2026-02-27 12:54:15.004420+00:00
21410,2026-03-01 07:00:00+00:00,MX1,Club Leon,Necaxa,1x2_a,0.2600045724737083,3.25,0.3076923076923077,-0.047687735218599425,1x2.away,latest_pre_match,2026-02-27 04:48:14.631195+00:00,2026-02-27 12:54:15.004420+00:00
21410,2026-03-01 07:00:00+00:00,MX1,Club Leon,Necaxa,dc_1x,0.7399954275262918,1.3333333333333333,0.75,-0.010004572473708229,dc.home_draw,latest_pre_match,2026-02-27 04:48:14.631195+00:00,2026-02-27 12:54:15.004420+00:00
21410,2026-03-01 07:00:00+00:00,MX1,Club Leon,Necaxa,dc_x2,0.5549008161810589,1.6666666666666665,0.6000000000000001,-0.04509918381894118,dc.draw_away,latest_pre_match,2026-02-27 04:48:14.631195+00:00,2026-02-27 12:54:15.004420+00:00
21410,2026-03-01 07:00:00+00:00,MX1,Club Leon,Necaxa,dc_12,0.7503072874789268,1.3,0.7692307692307692,-0.01892348175184233,dc.home_away,latest_pre_match,2026-02-27 04:48:14.631195+00:00,2026-02-27 12:54:15.004420+00:00
21411,2026-03-01 07:00:00+00:00,MX1,Monterrey,Cruz Azul,o15,0.7675690522978732,1.2222222222222223,0.8181818181818181,-0.05061276588394492,ou_1_5.over,latest_pre_match,2026-02-27 04:48:13.238935+00:00,2026-02-27 12:54:15.004420+00:00
21411,2026-03-01 07:00:00+00:00,MX1,Monterrey,Cruz Azul,u15,0.23243094770212683,4.0,0.25,-0.017569052297873172,ou_1_5.under,latest_pre_match,2026-02-27 04:48:13.238935+00:00,2026-02-27 12:54:15.004420+00:00
21411,2026-03-01 07:00:00+00:00,MX1,Monterrey,Cruz Azul,o25,0.5666816801458999,1.8,0.5555555555555556,0.011126124590344344,ou_2_5.over,latest_pre_match,2026-02-27 04:48:13.238935+00:00,2026-02-27 12:54:15.004420+00:00
21411,2026-03-01 07:00:00+00:00,MX1,Monterrey,Cruz Azul,u25,0.4354141076641736,2.0,0.5,-0.0645858923358264,ou_2_5.under,latest_pre_match,2026-02-27 04:48:13.238935+00:00,2026-02-27 12:54:15.004420+00:00
21411,2026-03-01 07:00:00+00:00,MX1,Monterrey,Cruz Azul,c85,0.6007638579124875,,,,corners_ou_8_5.over,,,2026-02-27 12:54:15.004420+00:00
21411,2026-03-01 07:00:00+00:00,MX1,Monterrey,Cruz Azul,btts,0.5723536821415561,1.6153846153846154,0.6190476190476191,-0.04669393690606294,btts.yes,latest_pre_match,2026-02-27 04:48:13.238935+00:00,2026-02-27 12:54:15.004420+00:00
21411,2026-03-01 07:00:00+00:00,MX1,Monterrey,Cruz Azul,1x2_h,0.4152666499470232,2.25,0.4444444444444444,-0.029177794497421194,1x2.home,latest_pre_match,2026-02-27 04:48:13.238935+00:00,2026-02-27 12:54:15.004420+00:00
21411,2026-03-01 07:00:00+00:00,MX1,Monterrey,Cruz Azul,1x2_d,0.2589713946177104,3.4,0.29411764705882354,-0.035146252441113135,1x2.draw,latest_pre_match,2026-02-27 04:48:13.238935+00:00,2026-02-27 12:54:15.004420+00:00
21411,2026-03-01 07:00:00+00:00,MX1,Monterrey,Cruz Azul,1x2_a,0.2899938782396828,3.1,0.3225806451612903,-0.0325867669216075,1x2.away,latest_pre_match,2026-02-27 04:48:13.238935+00:00,2026-02-27 12:54:15.004420+00:00
21411,2026-03-01 07:00:00+00:00,MX1,Monterrey,Cruz Azul,dc_1x,0.7100061217603173,1.3636363636363638,0.7333333333333333,-0.023327211573015982,dc.home_draw,latest_pre_match,2026-02-27 04:48:13.238935+00:00,2026-02-27 12:54:15.004420+00:00
21411,2026-03-01 07:00:00+00:00,MX1,Monterrey,Cruz Azul,dc_x2,0.5847333500529768,1.5714285714285714,0.6363636363636364,-0.05163028631065958,dc.draw_away,latest_pre_match,2026-02-27 04:48:13.238935+00:00,2026-02-27 12:54:15.004420+00:00
21411,2026-03-01 07:00:00+00:00,MX1,Monterrey,Cruz Azul,dc_12,0.7419693143006674,1.3,0.7692307692307692,-0.02726145493010179,dc.home_away,latest_pre_match,2026-02-27 04:48:13.238935+00:00,2026-02-27 12:54:15.004420+00:00
22188,2026-03-01 07:00:00+00:00,RU1,Dynamo Moscow,Krylya Sovetov,o15,0.8842240703699805,,,,ou_1_5.over,,,2026-02-27 12:54:15.004420+00:00
22188,2026-03-01 07:00:00+00:00,RU1,Dynamo Moscow,Krylya Sovetov,u15,0.11577592963001952,,,,ou_1_5.under,,,2026-02-27 12:54:15.004420+00:00
22188,2026-03-01 07:00:00+00:00,RU1,Dynamo Moscow,Krylya Sovetov,o25,0.6083585400282314,,,,ou_2_5.over,,,2026-02-27 12:54:15.004420+00:00
22188,2026-03-01 07:00:00+00:00,RU1,Dynamo Moscow,Krylya Sovetov,u25,0.3898207316804519,,,,ou_2_5.under,,,2026-02-27 12:54:15.004420+00:00
22188,2026-03-01 07:00:00+00:00,RU1,Dynamo Moscow,Krylya Sovetov,c85,0.6133010542605067,,,,corners_ou_8_5.over,,,2026-02-27 12:54:15.004420+00:00
22188,2026-03-01 07:00:00+00:00,RU1,Dynamo Moscow,Krylya Sovetov,btts,0.5750051972930712,,,,btts.yes,,,2026-02-27 12:54:15.004420+00:00
22188,2026-03-01 07:00:00+00:00,RU1,Dynamo Moscow,Krylya Sovetov,1x2_h,0.5492278805409657,,,,1x2.home,,,2026-02-27 12:54:15.004420+00:00
22188,2026-03-01 07:00:00+00:00,RU1,Dynamo Moscow,Krylya Sovetov,1x2_d,0.23664317401920046,,,,1x2.draw,,,2026-02-27 12:54:15.004420+00:00
22188,2026-03-01 07:00:00+00:00,RU1,Dynamo Moscow,Krylya Sovetov,1x2_a,0.19743880248566623,,,,1x2.away,,,2026-02-27 12:54:15.004420+00:00
22188,2026-03-01 07:00:00+00:00,RU1,Dynamo Moscow,Krylya Sovetov,dc_1x,0.8025611975143337,,,,dc.home_draw,,,2026-02-27 12:54:15.004420+00:00
22188,2026-03-01 07:00:00+00:00,RU1,Dynamo Moscow,Krylya Sovetov,dc_x2,0.4507721194590342,,,,dc.draw_away,,,2026-02-27 12:54:15.004420+00:00
22188,2026-03-01 07:00:00+00:00,RU1,Dynamo Moscow,Krylya Sovetov,dc_12,0.7642975348991774,,,,dc.home_away,,,2026-02-27 12:54:15.004420+00:00
21412,2026-03-01 09:00:00+00:00,MX1,Club America,Tigres UANL,o15,0.6766255248186462,1.3333333333333333,0.75,-0.07337447518135376,ou_1_5.over,latest_pre_match,2026-02-27 04:48:15.266199+00:00,2026-02-27 12:54:15.004420+00:00
21412,2026-03-01 09:00:00+00:00,MX1,Club America,Tigres UANL,u15,0.3233744751813537,3.25,0.3076923076923077,0.015682167489045995,ou_1_5.under,latest_pre_match,2026-02-27 04:48:15.266199+00:00,2026-02-27 12:54:15.004420+00:00
21412,2026-03-01 09:00:00+00:00,MX1,Club America,Tigres UANL,o25,0.43590737435014826,2.05,0.48780487804878053,-0.051897503698632275,ou_2_5.over,latest_pre_match,2026-02-27 04:48:15.266199+00:00,2026-02-27 12:54:15.004420+00:00
21412,2026-03-01 09:00:00+00:00,MX1,Club America,Tigres UANL,u25,0.5640926256498516,1.75,0.5714285714285714,-0.007335945778719766,ou_2_5.under,latest_pre_match,2026-02-27 04:48:15.266199+00:00,2026-02-27 12:54:15.004420+00:00
21412,2026-03-01 09:00:00+00:00,MX1,Club America,Tigres UANL,c85,0.6650675673173424,,,,corners_ou_8_5.over,,,2026-02-27 12:54:15.004420+00:00
21412,2026-03-01 09:00:00+00:00,MX1,Club America,Tigres UANL,btts,0.47292360078987944,1.9090909090909092,0.5238095238095238,-0.0508859230196444,btts.yes,latest_pre_match,2026-02-27 04:48:15.266199+00:00,2026-02-27 12:54:15.004420+00:00
21412,2026-03-01 09:00:00+00:00,MX1,Club America,Tigres UANL,1x2_h,0.5653228542276948,1.9100000000000001,0.5235602094240838,0.041762644803611026,1x2.home,latest_pre_match,2026-02-27 04:48:15.266199+00:00,2026-02-27 12:54:15.004420+00:00
21412,2026-03-01 09:00:00+00:00,MX1,Club America,Tigres UANL,1x2_d,0.24508250572882148,3.4,0.29411764705882354,-0.04903514133000206,1x2.draw,latest_pre_match,2026-02-27 04:48:15.266199+00:00,2026-02-27 12:54:15.004420+00:00
21412,2026-03-01 09:00:00+00:00,MX1,Club America,Tigres UANL,1x2_a,0.19143107625013167,4.0,0.25,-0.05856892374986833,1x2.away,latest_pre_match,2026-02-27 04:48:15.266199+00:00,2026-02-27 12:54:15.004420+00:00
21412,2026-03-01 09:00:00+00:00,MX1,Club America,Tigres UANL,dc_1x,0.8085689237498683,1.2222222222222223,0.8181818181818181,-0.009612894431949792,dc.home_draw,latest_pre_match,2026-02-27 04:48:15.266199+00:00,2026-02-27 12:54:15.004420+00:00
21412,2026-03-01 09:00:00+00:00,MX1,Club America,Tigres UANL,dc_x2,0.43467714577230515,1.8,0.5555555555555556,-0.12087840978325043,dc.draw_away,latest_pre_match,2026-02-27 04:48:15.266199+00:00,2026-02-27 12:54:15.004420+00:00
21412,2026-03-01 09:00:00+00:00,MX1,Club America,Tigres UANL,dc_12,0.7559802139265012,1.3,0.7692307692307692,-0.013250555304267997,dc.home_away,latest_pre_match,2026-02-27 04:48:15.266199+00:00,2026-02-27 12:54:15.004420+00:00
19892,2026-03-01 10:00:00+00:00,T1,Genclerbirligi,Kayserispor,o15,0.711111826450062,1.2857142857142856,0.7777777777777779,-0.06666595132771591,ou_1_5.over,latest_pre_match,2026-02-27 04:48:15.907732+00:00,2026-02-27 12:54:15.004420+00:00
19892,2026-03-01 10:00:00+00:00,T1,Genclerbirligi,Kayserispor,u15,0.2890628808136972,3.5,0.2857142857142857,0.003348595099411489,ou_1_5.under,latest_pre_match,2026-02-27 04:48:15.907732+00:00,2026-02-27 12:54:15.004420+00:00
19892,2026-03-01 10:00:00+00:00,T1,Genclerbirligi,Kayserispor,o25,0.49903680017708574,2.0,0.5,-0.0009631998229142624,ou_2_5.over,latest_pre_match,2026-02-27 04:48:15.907732+00:00,2026-02-27 12:54:15.004420+00:00
19892,2026-03-01 10:00:00+00:00,T1,Genclerbirligi,Kayserispor,u25,0.5009631998229143,1.8,0.5555555555555556,-0.05459235573264132,ou_2_5.under,latest_pre_match,2026-02-27 04:48:15.907732+00:00,2026-02-27 12:54:15.004420+00:00
19892,2026-03-01 10:00:00+00:00,T1,Genclerbirligi,Kayserispor,c85,0.6330271324477649,,,,corners_ou_8_5.over,,,2026-02-27 12:54:15.004420+00:00
19892,2026-03-01 10:00:00+00:00,T1,Genclerbirligi,Kayserispor,btts,0.5220154892242919,1.7272727272727273,0.5789473684210527,-0.05693187919676079,btts.yes,latest_pre_match,2026-02-27 04:48:15.907732+00:00,2026-02-27 12:54:15.004420+00:00
19892,2026-03-01 10:00:00+00:00,T1,Genclerbirligi,Kayserispor,1x2_h,0.4487098676623606,2.05,0.48780487804878053,-0.03909501038641994,1x2.home,latest_pre_match,2026-02-27 04:48:15.907732+00:00,2026-02-27 12:54:15.004420+00:00
19892,2026-03-01 10:00:00+00:00,T1,Genclerbirligi,Kayserispor,1x2_d,0.25182853747485323,3.3,0.30303030303030304,-0.05120176555544981,1x2.draw,latest_pre_match,2026-02-27 04:48:15.907732+00:00,2026-02-27 12:54:15.004420+00:00
19892,2026-03-01 10:00:00+00:00,T1,Genclerbirligi,Kayserispor,1x2_a,0.35090013824718747,3.5,0.2857142857142857,0.06518585253290177,1x2.away,latest_pre_match,2026-02-27 04:48:15.907732+00:00,2026-02-27 12:54:15.004420+00:00
19892,2026-03-01 10:00:00+00:00,T1,Genclerbirligi,Kayserispor,dc_1x,0.6490998617528125,1.2857142857142856,0.7777777777777779,-0.12867791602496537,dc.home_draw,latest_pre_match,2026-02-27 04:48:15.907732+00:00,2026-02-27 12:54:15.004420+00:00
19892,2026-03-01 10:00:00+00:00,T1,Genclerbirligi,Kayserispor,dc_x2,0.5512901323376393,1.7,0.5882352941176471,-0.03694516178000773,dc.draw_away,latest_pre_match,2026-02-27 04:48:15.907732+00:00,2026-02-27 12:54:15.004420+00:00
19892,2026-03-01 10:00:00+00:00,T1,Genclerbirligi,Kayserispor,dc_12,0.7513956038295397,1.3333333333333333,0.75,0.0013956038295397377,dc.home_away,latest_pre_match,2026-02-27 04:48:15.907732+00:00,2026-02-27 12:54:15.004420+00:00
19055,2026-03-01 10:15:00+00:00,N1,Zwolle,Ajax,o15,0.8699485199485201,1.1428571428571428,0.875,-0.0050514800514799285,ou_1_5.over,latest_pre_match,2026-02-27 04:48:17.301409+00:00,2026-02-27 12:54:15.004420+00:00
19055,2026-03-01 10:15:00+00:00,N1,Zwolle,Ajax,u15,0.13005148005148007,5.5,0.18181818181818182,-0.051766701766701756,ou_1_5.under,latest_pre_match,2026-02-27 04:48:17.301409+00:00,2026-02-27 12:54:15.004420+00:00
19055,2026-03-01 10:15:00+00:00,N1,Zwolle,Ajax,o25,0.613476122579712,1.5,0.6666666666666666,-0.05319054408695467,ou_2_5.over,latest_pre_match,2026-02-27 04:48:17.301409+00:00,2026-02-27 12:54:15.004420+00:00
19055,2026-03-01 10:15:00+00:00,N1,Zwolle,Ajax,u25,0.38470314912897147,2.5,0.4,-0.015296850871028556,ou_2_5.under,latest_pre_match,2026-02-27 04:48:17.301409+00:00,2026-02-27 12:54:15.004420+00:00
19055,2026-03-01 10:15:00+00:00,N1,Zwolle,Ajax,c85,0.6148840600639782,,,,corners_ou_8_5.over,,,2026-02-27 12:54:15.004420+00:00
19055,2026-03-01 10:15:00+00:00,N1,Zwolle,Ajax,btts,0.5600464725938049,1.5333333333333332,0.6521739130434783,-0.09212744044967336,btts.yes,latest_pre_match,2026-02-27 04:48:17.301409+00:00,2026-02-27 12:54:15.004420+00:00
19055,2026-03-01 10:15:00+00:00,N1,Zwolle,Ajax,1x2_h,0.23552081788063095,4.1,0.24390243902439027,-0.008381621143759316,1x2.home,latest_pre_match,2026-02-27 04:48:17.301409+00:00,2026-02-27 12:54:15.004420+00:00
19055,2026-03-01 10:15:00+00:00,N1,Zwolle,Ajax,1x2_d,0.20924527303380133,4.2,0.23809523809523808,-0.02884996506143675,1x2.draw,latest_pre_match,2026-02-27 04:48:17.301409+00:00,2026-02-27 12:54:15.004420+00:00
19055,2026-03-01 10:15:00+00:00,N1,Zwolle,Ajax,1x2_a,0.6160683760683762,1.75,0.5714285714285714,0.04463980463980477,1x2.away,latest_pre_match,2026-02-27 04:48:17.301409+00:00,2026-02-27 12:54:15.004420+00:00
19055,2026-03-01 10:15:00+00:00,N1,Zwolle,Ajax,dc_1x,0.3839316239316239,2.25,0.4444444444444444,-0.06051282051282053,dc.home_draw,latest_pre_match,2026-02-27 04:48:17.301409+00:00,2026-02-27 12:54:15.004420+00:00
19055,2026-03-01 10:15:00+00:00,N1,Zwolle,Ajax,dc_x2,0.764479182119369,1.1818181818181819,0.8461538461538461,-0.0816746640344771,dc.draw_away,latest_pre_match,2026-02-27 04:48:17.301409+00:00,2026-02-27 12:54:15.004420+00:00
19055,2026-03-01 10:15:00+00:00,N1,Zwolle,Ajax,dc_12,0.78736194397265,1.2222222222222223,0.8181818181818181,-0.030819874209168097,dc.home_away,latest_pre_match,2026-02-27 04:48:17.301409+00:00,2026-02-27 12:54:15.004420+00:00
21695,2026-03-01 10:15:00+00:00,PL1,Termalica B-B.,Radomiak Radom,o15,0.7917583133292395,1.2,0.8333333333333334,-0.041575020004093854,ou_1_5.over,latest_pre_match,2026-02-27 04:48:16.659904+00:00,2026-02-27 12:54:15.004420+00:00
21695,2026-03-01 10:15:00+00:00,PL1,Termalica B-B.,Radomiak Radom,u15,0.2082416866707605,4.333333333333334,0.23076923076923073,-0.022527544098470215,ou_1_5.under,latest_pre_match,2026-02-27 04:48:16.659904+00:00,2026-02-27 12:54:15.004420+00:00
21695,2026-03-01 10:15:00+00:00,PL1,Termalica B-B.,Radomiak Radom,o25,0.6423710792131845,1.6666666666666665,0.6000000000000001,0.04237107921318439,ou_2_5.over,latest_pre_match,2026-02-27 04:48:16.659904+00:00,2026-02-27 12:54:15.004420+00:00
21695,2026-03-01 10:15:00+00:00,PL1,Termalica B-B.,Radomiak Radom,u25,0.3576289207868155,2.15,0.46511627906976744,-0.10748735828295192,ou_2_5.under,latest_pre_match,2026-02-27 04:48:16.659904+00:00,2026-02-27 12:54:15.004420+00:00
21695,2026-03-01 10:15:00+00:00,PL1,Termalica B-B.,Radomiak Radom,c85,0.6373952893820714,,,,corners_ou_8_5.over,,,2026-02-27 12:54:15.004420+00:00
21695,2026-03-01 10:15:00+00:00,PL1,Termalica B-B.,Radomiak Radom,btts,0.5762563451351282,1.5714285714285714,0.6363636363636364,-0.06010729122850811,btts.yes,latest_pre_match,2026-02-27 04:48:16.659904+00:00,2026-02-27 12:54:15.004420+00:00
21695,2026-03-01 10:15:00+00:00,PL1,Termalica B-B.,Radomiak Radom,1x2_h,0.4152666499470232,2.8,0.35714285714285715,0.058123792804166075,1x2.home,latest_pre_match,2026-02-27 04:48:16.659904+00:00,2026-02-27 12:54:15.004420+00:00
21695,2026-03-01 10:15:00+00:00,PL1,Termalica B-B.,Radomiak Radom,1x2_d,0.24751273923659176,3.5,0.2857142857142857,-0.03820154647769394,1x2.draw,latest_pre_match,2026-02-27 04:48:16.659904+00:00,2026-02-27 12:54:15.004420+00:00
21695,2026-03-01 10:15:00+00:00,PL1,Termalica B-B.,Radomiak Radom,1x2_a,0.3226361514210767,2.25,0.4444444444444444,-0.12180829302336771,1x2.away,latest_pre_match,2026-02-27 04:48:16.659904+00:00,2026-02-27 12:54:15.004420+00:00
21695,2026-03-01 10:15:00+00:00,PL1,Termalica B-B.,Radomiak Radom,dc_1x,0.6773638485789233,1.6153846153846154,0.6190476190476191,0.05831622953130422,dc.home_draw,latest_pre_match,2026-02-27 04:48:16.659904+00:00,2026-02-27 12:54:15.004420+00:00
21695,2026-03-01 10:15:00+00:00,PL1,Termalica B-B.,Radomiak Radom,dc_x2,0.5847333500529768,1.4,0.7142857142857143,-0.12955236423273753,dc.draw_away,latest_pre_match,2026-02-27 04:48:16.659904+00:00,2026-02-27 12:54:15.004420+00:00
21695,2026-03-01 10:15:00+00:00,PL1,Termalica B-B.,Radomiak Radom,dc_12,0.753549980418731,1.2857142857142856,0.7777777777777779,-0.0242277973590469,dc.home_away,latest_pre_match,2026-02-27 04:48:16.659904+00:00,2026-02-27 12:54:15.004420+00:00
4515,2026-03-01 10:30:00+00:00,I1,Cremonese,AC Milan,o15,0.7439395317611361,1.2857142857142856,0.7777777777777779,-0.03383824601664176,ou_1_5.over,latest_pre_match,2026-02-27 04:48:18.616982+00:00,2026-02-27 12:54:15.004420+00:00
4515,2026-03-01 10:30:00+00:00,I1,Cremonese,AC Milan,u15,0.2560604682388638,3.75,0.26666666666666666,-0.01060619842780286,ou_1_5.under,latest_pre_match,2026-02-27 04:48:18.616982+00:00,2026-02-27 12:54:15.004420+00:00
4515,2026-03-01 10:30:00+00:00,I1,Cremonese,AC Milan,o25,0.4523277355980957,1.9090909090909092,0.5238095238095238,-0.07148178821142814,ou_2_5.over,latest_pre_match,2026-02-27 04:48:18.616982+00:00,2026-02-27 12:54:15.004420+00:00
4515,2026-03-01 10:30:00+00:00,I1,Cremonese,AC Milan,u25,0.5476722644019042,1.9090909090909092,0.5238095238095238,0.02386274059238036,ou_2_5.under,latest_pre_match,2026-02-27 04:48:18.616982+00:00,2026-02-27 12:54:15.004420+00:00
4515,2026-03-01 10:30:00+00:00,I1,Cremonese,AC Milan,c85,0.5813021501345302,,,,corners_ou_8_5.over,,,2026-02-27 12:54:15.004420+00:00
4515,2026-03-01 10:30:00+00:00,I1,Cremonese,AC Milan,btts,0.526601403914885,2.0,0.5,0.02660140391488497,btts.yes,latest_pre_match,2026-02-27 04:48:18.616982+00:00,2026-02-27 12:54:15.004420+00:00
4515,2026-03-01 10:30:00+00:00,I1,Cremonese,AC Milan,1x2_h,0.2486772486772487,6.5,0.15384615384615385,0.09483109483109484,1x2.home,latest_pre_match,2026-02-27 04:48:18.616982+00:00,2026-02-27 12:54:15.004420+00:00
4515,2026-03-01 10:30:00+00:00,I1,Cremonese,AC Milan,1x2_d,0.24508250572882148,4.333333333333334,0.23076923076923073,0.014313274959590755,1x2.draw,latest_pre_match,2026-02-27 04:48:18.616982+00:00,2026-02-27 12:54:15.004420+00:00
4515,2026-03-01 10:30:00+00:00,I1,Cremonese,AC Milan,1x2_a,0.510860753577295,1.5,0.6666666666666666,-0.15580591308937164,1x2.away,latest_pre_match,2026-02-27 04:48:18.616982+00:00,2026-02-27 12:54:15.004420+00:00
4515,2026-03-01 10:30:00+00:00,I1,Cremonese,AC Milan,dc_1x,0.48913924642270507,2.5,0.4,0.08913924642270504,dc.home_draw,latest_pre_match,2026-02-27 04:48:18.616982+00:00,2026-02-27 12:54:15.004420+00:00
4515,2026-03-01 10:30:00+00:00,I1,Cremonese,AC Milan,dc_x2,0.7513227513227513,1.1111111111111112,0.8999999999999999,-0.14867724867724863,dc.draw_away,latest_pre_match,2026-02-27 04:48:18.616982+00:00,2026-02-27 12:54:15.004420+00:00
4515,2026-03-01 10:30:00+00:00,I1,Cremonese,AC Milan,dc_12,0.7581416355755716,1.2,0.8333333333333334,-0.0751916977577618,dc.home_away,latest_pre_match,2026-02-27 04:48:18.616982+00:00,2026-02-27 12:54:15.004420+00:00
22189,2026-03-01 10:30:00+00:00,RU1,Sochi,Spartak Moscow,o15,0.7159035794546207,,,,ou_1_5.over,,,2026-02-27 12:54:15.004420+00:00
22189,2026-03-01 10:30:00+00:00,RU1,Sochi,Spartak Moscow,u15,0.2837980311292159,,,,ou_1_5.under,,,2026-02-27 12:54:15.004420+00:00
22189,2026-03-01 10:30:00+00:00,RU1,Sochi,Spartak Moscow,o25,0.38953017858198047,,,,ou_2_5.over,,,2026-02-27 12:54:15.004420+00:00
22189,2026-03-01 10:30:00+00:00,RU1,Sochi,Spartak Moscow,u25,0.6104698214180196,,,,ou_2_5.under,,,2026-02-27 12:54:15.004420+00:00
22189,2026-03-01 10:30:00+00:00,RU1,Sochi,Spartak Moscow,c85,0.6094837386125896,,,,corners_ou_8_5.over,,,2026-02-27 12:54:15.004420+00:00
22189,2026-03-01 10:30:00+00:00,RU1,Sochi,Spartak Moscow,btts,0.5220154892242919,,,,btts.yes,,,2026-02-27 12:54:15.004420+00:00
22189,2026-03-01 10:30:00+00:00,RU1,Sochi,Spartak Moscow,1x2_h,0.240576187944609,,,,1x2.home,,,2026-02-27 12:54:15.004420+00:00
22189,2026-03-01 10:30:00+00:00,RU1,Sochi,Spartak Moscow,1x2_d,0.2507554321763958,,,,1x2.draw,,,2026-02-27 12:54:15.004420+00:00
22189,2026-03-01 10:30:00+00:00,RU1,Sochi,Spartak Moscow,1x2_a,0.401209526439729,,,,1x2.away,,,2026-02-27 12:54:15.004420+00:00
22189,2026-03-01 10:30:00+00:00,RU1,Sochi,Spartak Moscow,dc_1x,0.598790473560271,,,,dc.home_draw,,,2026-02-27 12:54:15.004420+00:00
22189,2026-03-01 10:30:00+00:00,RU1,Sochi,Spartak Moscow,dc_x2,0.759423812055391,,,,dc.draw_away,,,2026-02-27 12:54:15.004420+00:00
22189,2026-03-01 10:30:00+00:00,RU1,Sochi,Spartak Moscow,dc_12,0.7503072874789268,,,,dc.home_away,,,2026-02-27 12:54:15.004420+00:00
4158,2026-03-01 11:30:00+00:00,D2,Braunschweig,Preussen Munster,o15,0.8068703700282648,1.25,0.8,0.006870370028264738,ou_1_5.over,latest_pre_match,2026-02-27 04:48:20.172579+00:00,2026-02-27 12:54:15.004420+00:00
4158,2026-03-01 11:30:00+00:00,D2,Braunschweig,Preussen Munster,u15,0.19312962997173524,3.75,0.26666666666666666,-0.07353703669493142,ou_1_5.under,latest_pre_match,2026-02-27 04:48:20.172579+00:00,2026-02-27 12:54:15.004420+00:00
4158,2026-03-01 11:30:00+00:00,D2,Braunschweig,Preussen Munster,o25,0.5385534915720673,1.9,0.5263157894736842,0.012237702098383152,ou_2_5.over,latest_pre_match,2026-02-27 04:48:20.172579+00:00,2026-02-27 12:54:15.004420+00:00
4158,2026-03-01 11:30:00+00:00,D2,Braunschweig,Preussen Munster,u25,0.4614465084279326,1.9,0.5263157894736842,-0.06486928104575157,ou_2_5.under,latest_pre_match,2026-02-27 04:48:20.172579+00:00,2026-02-27 12:54:15.004420+00:00
4158,2026-03-01 11:30:00+00:00,D2,Braunschweig,Preussen Munster,c85,0.6476795401399809,,,,corners_ou_8_5.over,,,2026-02-27 12:54:15.004420+00:00
4158,2026-03-01 11:30:00+00:00,D2,Braunschweig,Preussen Munster,btts,0.5916423131323146,1.6666666666666665,0.6000000000000001,-0.008357686867685454,btts.yes,latest_pre_match,2026-02-27 04:48:20.172579+00:00,2026-02-27 12:54:15.004420+00:00
4158,2026-03-01 11:30:00+00:00,D2,Braunschweig,Preussen Munster,1x2_h,0.48696907378383364,2.35,0.425531914893617,0.061437158890216614,1x2.home,latest_pre_match,2026-02-27 04:48:20.172579+00:00,2026-02-27 12:54:15.004420+00:00
4158,2026-03-01 11:30:00+00:00,D2,Braunschweig,Preussen Munster,1x2_d,0.25182853747485323,3.3,0.30303030303030304,-0.05120176555544981,1x2.draw,latest_pre_match,2026-02-27 04:48:20.172579+00:00,2026-02-27 12:54:15.004420+00:00
4158,2026-03-01 11:30:00+00:00,D2,Braunschweig,Preussen Munster,1x2_a,0.24385615754066295,2.9,0.3448275862068966,-0.10097142866623363,1x2.away,latest_pre_match,2026-02-27 04:48:20.172579+00:00,2026-02-27 12:54:15.004420+00:00
4158,2026-03-01 11:30:00+00:00,D2,Braunschweig,Preussen Munster,dc_1x,0.7561438424593371,1.3636363636363638,0.7333333333333333,0.022810509126003797,dc.home_draw,latest_pre_match,2026-02-27 04:48:20.172579+00:00,2026-02-27 12:54:15.004420+00:00
4158,2026-03-01 11:30:00+00:00,D2,Braunschweig,Preussen Munster,dc_x2,0.5130309262161664,1.5714285714285714,0.6363636363636364,-0.12333271014746994,dc.draw_away,latest_pre_match,2026-02-27 04:48:20.172579+00:00,2026-02-27 12:54:15.004420+00:00
4158,2026-03-01 11:30:00+00:00,D2,Braunschweig,Preussen Munster,dc_12,0.7492341821804697,1.3333333333333333,0.75,-0.0007658178195303345,dc.home_away,latest_pre_match,2026-02-27 04:48:20.172579+00:00,2026-02-27 12:54:15.004420+00:00
4159,2026-03-01 11:30:00+00:00,D2,Hertha Berlin,Nurnberg,o15,0.7908285132362595,1.1666666666666667,0.8571428571428571,-0.06631434390659763,ou_1_5.over,latest_pre_match,2026-02-27 04:48:19.400974+00:00,2026-02-27 12:54:15.004420+00:00
4159,2026-03-01 11:30:00+00:00,D2,Hertha Berlin,Nurnberg,u15,0.20917148676374053,5.0,0.2,0.009171486763740522,ou_1_5.under,latest_pre_match,2026-02-27 04:48:19.400974+00:00,2026-02-27 12:54:15.004420+00:00
4159,2026-03-01 11:30:00+00:00,D2,Hertha Berlin,Nurnberg,o25,0.5384878055051164,1.6,0.625,-0.08651219449488357,ou_2_5.over,latest_pre_match,2026-02-27 04:48:19.400974+00:00,2026-02-27 12:54:15.004420+00:00
4159,2026-03-01 11:30:00+00:00,D2,Hertha Berlin,Nurnberg,u25,0.46151219449488345,2.3,0.4347826086956522,0.026729585799231237,ou_2_5.under,latest_pre_match,2026-02-27 04:48:19.400974+00:00,2026-02-27 12:54:15.004420+00:00
4159,2026-03-01 11:30:00+00:00,D2,Hertha Berlin,Nurnberg,c85,0.6553959113600016,,,,corners_ou_8_5.over,,,2026-02-27 12:54:15.004420+00:00
4159,2026-03-01 11:30:00+00:00,D2,Hertha Berlin,Nurnberg,btts,0.5777473061017985,1.5333333333333332,0.6521739130434783,-0.0744266069416798,btts.yes,latest_pre_match,2026-02-27 04:48:19.400974+00:00,2026-02-27 12:54:15.004420+00:00
4159,2026-03-01 11:30:00+00:00,D2,Hertha Berlin,Nurnberg,1x2_h,0.4453240629831597,2.0,0.5,-0.054675937016840315,1x2.home,latest_pre_match,2026-02-27 04:48:19.400974+00:00,2026-02-27 12:54:15.004420+00:00
4159,2026-03-01 11:30:00+00:00,D2,Hertha Berlin,Nurnberg,1x2_d,0.25182853747485323,3.6,0.2777777777777778,-0.02594924030292456,1x2.draw,latest_pre_match,2026-02-27 04:48:19.400974+00:00,2026-02-27 12:54:15.004420+00:00
4159,2026-03-01 11:30:00+00:00,D2,Hertha Berlin,Nurnberg,1x2_a,0.34439206842251857,3.4,0.29411764705882354,0.05027442136369503,1x2.away,latest_pre_match,2026-02-27 04:48:19.400974+00:00,2026-02-27 12:54:15.004420+00:00
4159,2026-03-01 11:30:00+00:00,D2,Hertha Berlin,Nurnberg,dc_1x,0.6556079315774813,1.3,0.7692307692307692,-0.11362283765328784,dc.home_draw,latest_pre_match,2026-02-27 04:48:19.400974+00:00,2026-02-27 12:54:15.004420+00:00
4159,2026-03-01 11:30:00+00:00,D2,Hertha Berlin,Nurnberg,dc_x2,0.5546759370168403,1.8,0.5555555555555556,-0.000879618538715321,dc.draw_away,latest_pre_match,2026-02-27 04:48:19.400974+00:00,2026-02-27 12:54:15.004420+00:00
4159,2026-03-01 11:30:00+00:00,D2,Hertha Berlin,Nurnberg,dc_12,0.7492341821804697,1.2857142857142856,0.7777777777777779,-0.028543595597308236,dc.home_away,latest_pre_match,2026-02-27 04:48:19.400974+00:00,2026-02-27 12:54:15.004420+00:00
4160,2026-03-01 11:30:00+00:00,D2,Magdeburg,Karlsruher SC,o15,0.8576540220608018,1.1111111111111112,0.8999999999999999,-0.04234597793919814,ou_1_5.over,latest_pre_match,2026-02-27 04:48:21.595888+00:00,2026-02-27 12:54:15.004420+00:00
4160,2026-03-01 11:30:00+00:00,D2,Magdeburg,Karlsruher SC,u15,0.14234597793919826,6.5,0.15384615384615385,-0.011500175906955595,ou_1_5.under,latest_pre_match,2026-02-27 04:48:21.595888+00:00,2026-02-27 12:54:15.004420+00:00
4160,2026-03-01 11:30:00+00:00,D2,Magdeburg,Karlsruher SC,o25,0.613476122579712,1.4,0.7142857142857143,-0.10080959170600234,ou_2_5.over,latest_pre_match,2026-02-27 04:48:21.595888+00:00,2026-02-27 12:54:15.004420+00:00
4160,2026-03-01 11:30:00+00:00,D2,Magdeburg,Karlsruher SC,u25,0.38470314912897147,2.875,0.34782608695652173,0.03687706217244974,ou_2_5.under,latest_pre_match,2026-02-27 04:48:21.595888+00:00,2026-02-27 12:54:15.004420+00:00
4160,2026-03-01 11:30:00+00:00,D2,Magdeburg,Karlsruher SC,c85,0.6330271324477649,,,,corners_ou_8_5.over,,,2026-02-27 12:54:15.004420+00:00
4160,2026-03-01 11:30:00+00:00,D2,Magdeburg,Karlsruher SC,btts,0.5762563451351282,1.4444444444444444,0.6923076923076923,-0.11605134717256405,btts.yes,latest_pre_match,2026-02-27 04:48:21.595888+00:00,2026-02-27 12:54:15.004420+00:00
4160,2026-03-01 11:30:00+00:00,D2,Magdeburg,Karlsruher SC,1x2_h,0.6710468702406335,1.7,0.5882352941176471,0.0828115761229864,1x2.home,latest_pre_match,2026-02-27 04:48:21.595888+00:00,2026-02-27 12:54:15.004420+00:00
4160,2026-03-01 11:30:00+00:00,D2,Magdeburg,Karlsruher SC,1x2_d,0.24508250572882148,4.2,0.23809523809523808,0.006987267633583399,1x2.draw,latest_pre_match,2026-02-27 04:48:21.595888+00:00,2026-02-27 12:54:15.004420+00:00
4160,2026-03-01 11:30:00+00:00,D2,Magdeburg,Karlsruher SC,1x2_a,0.13587222617073363,4.1,0.24390243902439027,-0.10803021285365663,1x2.away,latest_pre_match,2026-02-27 04:48:21.595888+00:00,2026-02-27 12:54:15.004420+00:00
4160,2026-03-01 11:30:00+00:00,D2,Magdeburg,Karlsruher SC,dc_1x,0.8641277738292663,1.2222222222222223,0.8181818181818181,0.04594595564744819,dc.home_draw,latest_pre_match,2026-02-27 04:48:21.595888+00:00,2026-02-27 12:54:15.004420+00:00
4160,2026-03-01 11:30:00+00:00,D2,Magdeburg,Karlsruher SC,dc_x2,0.3289531297593664,2.1,0.47619047619047616,-0.14723734643110975,dc.draw_away,latest_pre_match,2026-02-27 04:48:21.595888+00:00,2026-02-27 12:54:15.004420+00:00
4160,2026-03-01 11:30:00+00:00,D2,Magdeburg,Karlsruher SC,dc_12,0.7583912112968454,1.2222222222222223,0.8181818181818181,-0.05979060688497273,dc.home_away,latest_pre_match,2026-02-27 04:48:21.595888+00:00,2026-02-27 12:54:15.004420+00:00
19345,2026-03-01 11:30:00+00:00,B1,Genk,Gent,o15,0.8039853421432369,1.1818181818181819,0.8461538461538461,-0.04216850401060923,ou_1_5.over,latest_pre_match,2026-02-27 04:48:20.835074+00:00,2026-02-27 12:54:15.004420+00:00
19345,2026-03-01 11:30:00+00:00,B1,Genk,Gent,u15,0.1960146578567631,4.5,0.2222222222222222,-0.026207564365459096,ou_1_5.under,latest_pre_match,2026-02-27 04:48:20.835074+00:00,2026-02-27 12:54:15.004420+00:00
19345,2026-03-01 11:30:00+00:00,B1,Genk,Gent,o25,0.5249953316506585,1.6153846153846154,0.6190476190476191,-0.09405228739696059,ou_2_5.over,latest_pre_match,2026-02-27 04:48:20.835074+00:00,2026-02-27 12:54:15.004420+00:00
19345,2026-03-01 11:30:00+00:00,B1,Genk,Gent,u25,0.47500466834934146,2.25,0.4444444444444444,0.030560223904897044,ou_2_5.under,latest_pre_match,2026-02-27 04:48:20.835074+00:00,2026-02-27 12:54:15.004420+00:00
19345,2026-03-01 11:30:00+00:00,B1,Genk,Gent,c85,0.6133010542605067,,,,corners_ou_8_5.over,,,2026-02-27 12:54:15.004420+00:00
19345,2026-03-01 11:30:00+00:00,B1,Genk,Gent,btts,0.5762563451351282,1.6666666666666665,0.6000000000000001,-0.023743654864871844,btts.yes,latest_pre_match,2026-02-27 04:48:20.835074+00:00,2026-02-27 12:54:15.004420+00:00
19345,2026-03-01 11:30:00+00:00,B1,Genk,Gent,1x2_h,0.4945873576651487,1.65,0.6060606060606061,-0.11147324839545736,1x2.home,latest_pre_match,2026-02-27 04:48:20.835074+00:00,2026-02-27 12:54:15.004420+00:00
19345,2026-03-01 11:30:00+00:00,B1,Genk,Gent,1x2_d,0.23664317401920046,3.8,0.2631578947368421,-0.026514720717641632,1x2.draw,latest_pre_match,2026-02-27 04:48:20.835074+00:00,2026-02-27 12:54:15.004420+00:00
19345,2026-03-01 11:30:00+00:00,B1,Genk,Gent,1x2_a,0.2832446482795204,4.75,0.21052631578947367,0.07271833249004672,1x2.away,latest_pre_match,2026-02-27 04:48:20.835074+00:00,2026-02-27 12:54:15.004420+00:00
19345,2026-03-01 11:30:00+00:00,B1,Genk,Gent,dc_1x,0.7167553517204794,1.1818181818181819,0.8461538461538461,-0.1293984944333667,dc.home_draw,latest_pre_match,2026-02-27 04:48:20.835074+00:00,2026-02-27 12:54:15.004420+00:00
19345,2026-03-01 11:30:00+00:00,B1,Genk,Gent,dc_x2,0.5054126423348513,2.2,0.45454545454545453,0.05086718778939675,dc.draw_away,latest_pre_match,2026-02-27 04:48:20.835074+00:00,2026-02-27 12:54:15.004420+00:00
19345,2026-03-01 11:30:00+00:00,B1,Genk,Gent,dc_12,0.7642975348991774,1.25,0.8,-0.035702465100822645,dc.home_away,latest_pre_match,2026-02-27 04:48:20.835074+00:00,2026-02-27 12:54:15.004420+00:00
22027,2026-03-01 11:45:00+00:00,RO1,Petrolul,Csikszereda M. Ciuc,o15,0.653700316472803,1.4444444444444444,0.6923076923076923,-0.03860737583488927,ou_1_5.over,latest_pre_match,2026-02-27 04:48:22.379804+00:00,2026-02-27 12:54:15.004420+00:00
22027,2026-03-01 11:45:00+00:00,RO1,Petrolul,Csikszereda M. Ciuc,u15,0.3462996835271969,2.625,0.38095238095238093,-0.03465269742518401,ou_1_5.under,latest_pre_match,2026-02-27 04:48:22.379804+00:00,2026-02-27 12:54:15.004420+00:00
22027,2026-03-01 11:45:00+00:00,RO1,Petrolul,Csikszereda M. Ciuc,o25,0.42209458022049534,2.4,0.4166666666666667,0.005427913553828656,ou_2_5.over,latest_pre_match,2026-02-27 04:48:22.379804+00:00,2026-02-27 12:54:15.004420+00:00
22027,2026-03-01 11:45:00+00:00,RO1,Petrolul,Csikszereda M. Ciuc,u25,0.5779054197795047,1.5333333333333332,0.6521739130434783,-0.07426849326397356,ou_2_5.under,latest_pre_match,2026-02-27 04:48:22.379804+00:00,2026-02-27 12:54:15.004420+00:00
22027,2026-03-01 11:45:00+00:00,RO1,Petrolul,Csikszereda M. Ciuc,c85,0.5738857152396769,1.6666666666666665,0.6000000000000001,-0.02611428476032318,corners_ou_8_5.over,latest_pre_match,2026-02-27 04:48:22.379804+00:00,2026-02-27 12:54:15.004420+00:00
22027,2026-03-01 11:45:00+00:00,RO1,Petrolul,Csikszereda M. Ciuc,btts,0.5504475972512987,2.2,0.45454545454545453,0.09590214270584413,btts.yes,latest_pre_match,2026-02-27 04:48:22.379804+00:00,2026-02-27 12:54:15.004420+00:00
22027,2026-03-01 11:45:00+00:00,RO1,Petrolul,Csikszereda M. Ciuc,1x2_h,0.46475482379323085,1.85,0.5405405405405405,-0.0757857167473096,1x2.home,latest_pre_match,2026-02-27 04:48:22.379804+00:00,2026-02-27 12:54:15.004420+00:00
22027,2026-03-01 11:45:00+00:00,RO1,Petrolul,Csikszereda M. Ciuc,1x2_d,0.26984095983510165,2.9,0.3448275862068966,-0.07498662637179493,1x2.draw,latest_pre_match,2026-02-27 04:48:22.379804+00:00,2026-02-27 12:54:15.004420+00:00
22027,2026-03-01 11:45:00+00:00,RO1,Petrolul,Csikszereda M. Ciuc,1x2_a,0.225871636570142,4.333333333333334,0.23076923076923073,-0.004897594199088723,1x2.away,latest_pre_match,2026-02-27 04:48:22.379804+00:00,2026-02-27 12:54:15.004420+00:00
22027,2026-03-01 11:45:00+00:00,RO1,Petrolul,Csikszereda M. Ciuc,dc_1x,0.7741283634298579,1.1818181818181819,0.8461538461538461,-0.07202548272398823,dc.home_draw,latest_pre_match,2026-02-27 04:48:22.379804+00:00,2026-02-27 12:54:15.004420+00:00
22027,2026-03-01 11:45:00+00:00,RO1,Petrolul,Csikszereda M. Ciuc,dc_x2,0.5352451762067691,1.8,0.5555555555555556,-0.020310379348786434,dc.draw_away,latest_pre_match,2026-02-27 04:48:22.379804+00:00,2026-02-27 12:54:15.004420+00:00
22027,2026-03-01 11:45:00+00:00,RO1,Petrolul,Csikszereda M. Ciuc,dc_12,0.731221759820221,1.3636363636363638,0.7333333333333333,-0.002111573513112308,dc.home_away,latest_pre_match,2026-02-27 04:48:22.379804+00:00,2026-02-27 12:54:15.004420+00:00
3076,2026-03-01 12:00:00+00:00,SC0,Rangers,Celtic,o15,0.8618253968253967,1.2222222222222223,0.8181818181818181,0.043643578643578596,ou_1_5.over,latest_pre_match,2026-02-27 04:48:24.137150+00:00,2026-02-27 12:54:15.004420+00:00
3076,2026-03-01 12:00:00+00:00,SC0,Rangers,Celtic,u15,0.13817460317460317,4.333333333333334,0.23076923076923073,-0.09259462759462755,ou_1_5.under,latest_pre_match,2026-02-27 04:48:24.137150+00:00,2026-02-27 12:54:15.004420+00:00
3076,2026-03-01 12:00:00+00:00,SC0,Rangers,Celtic,o25,0.6345179745213941,1.6666666666666665,0.6000000000000001,0.034517974521394046,ou_2_5.over,latest_pre_match,2026-02-27 04:48:24.137150+00:00,2026-02-27 12:54:15.004420+00:00
3076,2026-03-01 12:00:00+00:00,SC0,Rangers,Celtic,u25,0.3636612971872894,2.2,0.45454545454545453,-0.09088415735816513,ou_2_5.under,latest_pre_match,2026-02-27 04:48:24.137150+00:00,2026-02-27 12:54:15.004420+00:00
3076,2026-03-01 12:00:00+00:00,SC0,Rangers,Celtic,c85,0.6421001821093973,,,,corners_ou_8_5.over,,,2026-02-27 12:54:15.004420+00:00
3076,2026-03-01 12:00:00+00:00,SC0,Rangers,Celtic,btts,0.6067585922020822,1.5714285714285714,0.6363636363636364,-0.029605044161554184,btts.yes,latest_pre_match,2026-02-27 04:48:24.137150+00:00,2026-02-27 12:54:15.004420+00:00
3076,2026-03-01 12:00:00+00:00,SC0,Rangers,Celtic,1x2_h,0.35792094615624026,2.25,0.4444444444444444,-0.08652349828820416,1x2.home,latest_pre_match,2026-02-27 04:48:24.137150+00:00,2026-02-27 12:54:15.004420+00:00
3076,2026-03-01 12:00:00+00:00,SC0,Rangers,Celtic,1x2_d,0.20924527303380133,3.5,0.2857142857142857,-0.07646901268048437,1x2.draw,latest_pre_match,2026-02-27 04:48:24.137150+00:00,2026-02-27 12:54:15.004420+00:00
3076,2026-03-01 12:00:00+00:00,SC0,Rangers,Celtic,1x2_a,0.5275835275835276,2.88,0.3472222222222222,0.18036130536130535,1x2.away,latest_pre_match,2026-02-27 04:48:24.137150+00:00,2026-02-27 12:54:15.004420+00:00
3076,2026-03-01 12:00:00+00:00,SC0,Rangers,Celtic,dc_1x,0.4724164724164724,1.3636363636363638,0.7333333333333333,-0.2609168609168609,dc.home_draw,latest_pre_match,2026-02-27 04:48:24.137150+00:00,2026-02-27 12:54:15.004420+00:00
3076,2026-03-01 12:00:00+00:00,SC0,Rangers,Celtic,dc_x2,0.6420790538437596,1.6666666666666665,0.6000000000000001,0.04207905384375954,dc.draw_away,latest_pre_match,2026-02-27 04:48:24.137150+00:00,2026-02-27 12:54:15.004420+00:00
3076,2026-03-01 12:00:00+00:00,SC0,Rangers,Celtic,dc_12,0.78736194397265,1.2857142857142856,0.7777777777777779,0.009584166194872124,dc.home_away,latest_pre_match,2026-02-27 04:48:24.137150+00:00,2026-02-27 12:54:15.004420+00:00
5134,2026-03-01 12:00:00+00:00,SP1,Elche,Espanyol,o15,0.77550234175302,1.3,0.7692307692307692,0.006271572522250857,ou_1_5.over,latest_pre_match,2026-02-27 04:48:24.794501+00:00,2026-02-27 12:54:15.004420+00:00
5134,2026-03-01 12:00:00+00:00,SP1,Elche,Espanyol,u15,0.22449765824697998,3.5,0.2857142857142857,-0.06121662746730572,ou_1_5.under,latest_pre_match,2026-02-27 04:48:24.794501+00:00,2026-02-27 12:54:15.004420+00:00
5134,2026-03-01 12:00:00+00:00,SP1,Elche,Espanyol,o25,0.498422475455218,2.0,0.5,-0.0015775245447819941,ou_2_5.over,latest_pre_match,2026-02-27 04:48:24.794501+00:00,2026-02-27 12:54:15.004420+00:00
5134,2026-03-01 12:00:00+00:00,SP1,Elche,Espanyol,u25,0.5015775245447819,1.8,0.5555555555555556,-0.0539780310107737,ou_2_5.under,latest_pre_match,2026-02-27 04:48:24.794501+00:00,2026-02-27 12:54:15.004420+00:00
5134,2026-03-01 12:00:00+00:00,SP1,Elche,Espanyol,c85,0.5965332124665309,,,,corners_ou_8_5.over,,,2026-02-27 12:54:15.004420+00:00
5134,2026-03-01 12:00:00+00:00,SP1,Elche,Espanyol,btts,0.5696776682715123,1.75,0.5714285714285714,-0.0017509031570590583,btts.yes,latest_pre_match,2026-02-27 04:48:24.794501+00:00,2026-02-27 12:54:15.004420+00:00
5134,2026-03-01 12:00:00+00:00,SP1,Elche,Espanyol,1x2_h,0.31323784023518214,2.38,0.42016806722689076,-0.10693022699170862,1x2.home,latest_pre_match,2026-02-27 04:48:24.794501+00:00,2026-02-27 12:54:15.004420+00:00
5134,2026-03-01 12:00:00+00:00,SP1,Elche,Espanyol,1x2_d,0.2589713946177104,3.3,0.30303030303030304,-0.044058908412592634,1x2.draw,latest_pre_match,2026-02-27 04:48:24.794501+00:00,2026-02-27 12:54:15.004420+00:00
5134,2026-03-01 12:00:00+00:00,SP1,Elche,Espanyol,1x2_a,0.3722118596585791,3.0,0.3333333333333333,0.0388785263252458,1x2.away,latest_pre_match,2026-02-27 04:48:24.794501+00:00,2026-02-27 12:54:15.004420+00:00
5134,2026-03-01 12:00:00+00:00,SP1,Elche,Espanyol,dc_1x,0.6277881403414208,1.3636363636363638,0.7333333333333333,-0.10554519299191245,dc.home_draw,latest_pre_match,2026-02-27 04:48:24.794501+00:00,2026-02-27 12:54:15.004420+00:00
5134,2026-03-01 12:00:00+00:00,SP1,Elche,Espanyol,dc_x2,0.6867621597648178,1.5333333333333332,0.6521739130434783,0.03458824672133953,dc.draw_away,latest_pre_match,2026-02-27 04:48:24.794501+00:00,2026-02-27 12:54:15.004420+00:00
5134,2026-03-01 12:00:00+00:00,SP1,Elche,Espanyol,dc_12,0.7419693143006674,1.3333333333333333,0.75,-0.00803068569933263,dc.home_away,latest_pre_match,2026-02-27 04:48:24.794501+00:00,2026-02-27 12:54:15.004420+00:00
5532,2026-03-01 12:00:00+00:00,SP2,Real Sociedad B,Dep. La Coruna,o15,0.747313868884795,1.3333333333333333,0.75,-0.0026861311152049927,ou_1_5.over,latest_pre_match,2026-02-27 04:48:25.557872+00:00,2026-02-27 12:54:15.004420+00:00
5532,2026-03-01 12:00:00+00:00,SP2,Real Sociedad B,Dep. La Coruna,u15,0.2534232680752521,3.25,0.3076923076923077,-0.05426903961705559,ou_1_5.under,latest_pre_match,2026-02-27 04:48:25.557872+00:00,2026-02-27 12:54:15.004420+00:00
5532,2026-03-01 12:00:00+00:00,SP2,Real Sociedad B,Dep. La Coruna,o25,0.46789588857212067,2.075,0.48192771084337344,-0.01403182227125277,ou_2_5.over,latest_pre_match,2026-02-27 04:48:25.557872+00:00,2026-02-27 12:54:15.004420+00:00
5532,2026-03-01 12:00:00+00:00,SP2,Real Sociedad B,Dep. La Coruna,u25,0.5321041114278794,1.7272727272727273,0.5789473684210527,-0.046843256993173266,ou_2_5.under,latest_pre_match,2026-02-27 04:48:25.557872+00:00,2026-02-27 12:54:15.004420+00:00
5532,2026-03-01 12:00:00+00:00,SP2,Real Sociedad B,Dep. La Coruna,c85,0.6330271324477649,,,,corners_ou_8_5.over,,,2026-02-27 12:54:15.004420+00:00
5532,2026-03-01 12:00:00+00:00,SP2,Real Sociedad B,Dep. La Coruna,btts,0.5085520100858988,1.8333333333333335,0.5454545454545454,-0.03690253536864663,btts.yes,latest_pre_match,2026-02-27 04:48:25.557872+00:00,2026-02-27 12:54:15.004420+00:00
5532,2026-03-01 12:00:00+00:00,SP2,Real Sociedad B,Dep. La Coruna,1x2_h,0.4152666499470232,3.25,0.3076923076923077,0.10757434225471552,1x2.home,latest_pre_match,2026-02-27 04:48:25.557872+00:00,2026-02-27 12:54:15.004420+00:00
5532,2026-03-01 12:00:00+00:00,SP2,Real Sociedad B,Dep. La Coruna,1x2_d,0.22950031687634329,3.3,0.30303030303030304,-0.07352998615395975,1x2.draw,latest_pre_match,2026-02-27 04:48:25.557872+00:00,2026-02-27 12:54:15.004420+00:00
5532,2026-03-01 12:00:00+00:00,SP2,Real Sociedad B,Dep. La Coruna,1x2_a,0.3483543906034006,2.15,0.46511627906976744,-0.11676188846636681,1x2.away,latest_pre_match,2026-02-27 04:48:25.557872+00:00,2026-02-27 12:54:15.004420+00:00
5532,2026-03-01 12:00:00+00:00,SP2,Real Sociedad B,Dep. La Coruna,dc_1x,0.6516456093965994,1.6666666666666665,0.6000000000000001,0.051645609396599346,dc.home_draw,latest_pre_match,2026-02-27 04:48:25.557872+00:00,2026-02-27 12:54:15.004420+00:00
5532,2026-03-01 12:00:00+00:00,SP2,Real Sociedad B,Dep. La Coruna,dc_x2,0.5847333500529768,1.3333333333333333,0.75,-0.16526664994702323,dc.draw_away,latest_pre_match,2026-02-27 04:48:25.557872+00:00,2026-02-27 12:54:15.004420+00:00
5532,2026-03-01 12:00:00+00:00,SP2,Real Sociedad B,Dep. La Coruna,dc_12,0.7737238244280498,1.3333333333333333,0.75,0.023723824428049767,dc.home_away,latest_pre_match,2026-02-27 04:48:25.557872+00:00,2026-02-27 12:54:15.004420+00:00
20140,2026-03-01 12:00:00+00:00,G1,Panserraikos,Olympiacos Piraeus,o15,0.80210846526636,1.1428571428571428,0.875,-0.07289153473363996,ou_1_5.over,latest_pre_match,2026-02-27 04:48:26.217265+00:00,2026-02-27 12:54:15.004420+00:00
20140,2026-03-01 12:00:00+00:00,G1,Panserraikos,Olympiacos Piraeus,u15,0.19789153473364,5.5,0.18181818181818182,0.016073352915458167,ou_1_5.under,latest_pre_match,2026-02-27 04:48:26.217265+00:00,2026-02-27 12:54:15.004420+00:00
20140,2026-03-01 12:00:00+00:00,G1,Panserraikos,Olympiacos Piraeus,o25,0.5139906284292429,1.475,0.6779661016949152,-0.1639754732656723,ou_2_5.over,latest_pre_match,2026-02-27 04:48:26.217265+00:00,2026-02-27 12:54:15.004420+00:00
20140,2026-03-01 12:00:00+00:00,G1,Panserraikos,Olympiacos Piraeus,u25,0.48600937157075713,2.6,0.3846153846153846,0.10139398695537255,ou_2_5.under,latest_pre_match,2026-02-27 04:48:26.217265+00:00,2026-02-27 12:54:15.004420+00:00
20140,2026-03-01 12:00:00+00:00,G1,Panserraikos,Olympiacos Piraeus,c85,0.5407149275803268,1.8333333333333335,0.5454545454545454,-0.004739617874218616,corners_ou_8_5.over,latest_pre_match,2026-02-27 04:48:26.217265+00:00,2026-02-27 12:54:15.004420+00:00
20140,2026-03-01 12:00:00+00:00,G1,Panserraikos,Olympiacos Piraeus,btts,0.4701677213561764,2.5,0.4,0.07016772135617638,btts.yes,latest_pre_match,2026-02-27 04:48:26.217265+00:00,2026-02-27 12:54:15.004420+00:00
20140,2026-03-01 12:00:00+00:00,G1,Panserraikos,Olympiacos Piraeus,1x2_h,0.15244708994708994,19.0,0.05263157894736842,0.09981551099972152,1x2.home,latest_pre_match,2026-02-27 04:48:26.217265+00:00,2026-02-27 12:54:15.004420+00:00
20140,2026-03-01 12:00:00+00:00,G1,Panserraikos,Olympiacos Piraeus,1x2_d,0.25689842612683145,9.0,0.1111111111111111,0.14578731501572034,1x2.draw,latest_pre_match,2026-02-27 04:48:26.217265+00:00,2026-02-27 12:54:15.004420+00:00
20140,2026-03-01 12:00:00+00:00,G1,Panserraikos,Olympiacos Piraeus,1x2_a,0.612495446265938,1.09,0.9174311926605504,-0.3049357463946124,1x2.away,latest_pre_match,2026-02-27 04:48:26.217265+00:00,2026-02-27 12:54:15.004420+00:00
20140,2026-03-01 12:00:00+00:00,G1,Panserraikos,Olympiacos Piraeus,dc_1x,0.38750455373406195,5.5,0.18181818181818182,0.20568637191588013,dc.home_draw,latest_pre_match,2026-02-27 04:48:26.217265+00:00,2026-02-27 12:54:15.004420+00:00
20140,2026-03-01 12:00:00+00:00,G1,Panserraikos,Olympiacos Piraeus,dc_x2,0.8475529100529101,1.02,0.9803921568627451,-0.13283924680983494,dc.draw_away,latest_pre_match,2026-02-27 04:48:26.217265+00:00,2026-02-27 12:54:15.004420+00:00
20140,2026-03-01 12:00:00+00:00,G1,Panserraikos,Olympiacos Piraeus,dc_12,0.7469775699327089,1.0833333333333333,0.9230769230769231,-0.1760993531442142,dc.home_away,latest_pre_match,2026-02-27 04:48:26.217265+00:00,2026-02-27 12:54:15.004420+00:00
22438,2026-03-01 12:00:00+00:00,CH1,Lausanne,Basel,o15,0.8135664568765134,1.1428571428571428,0.875,-0.06143354312348659,ou_1_5.over,latest_pre_match,2026-02-27 04:48:26.869282+00:00,2026-02-27 12:54:15.004420+00:00
22438,2026-03-01 12:00:00+00:00,CH1,Lausanne,Basel,u15,0.18643354312348656,5.5,0.18181818181818182,0.004615361305304738,ou_1_5.under,latest_pre_match,2026-02-27 04:48:26.869282+00:00,2026-02-27 12:54:15.004420+00:00
22438,2026-03-01 12:00:00+00:00,CH1,Lausanne,Basel,o25,0.5756933206613409,1.5333333333333332,0.6521739130434783,-0.07648059238213734,ou_2_5.over,latest_pre_match,2026-02-27 04:48:26.869282+00:00,2026-02-27 12:54:15.004420+00:00
22438,2026-03-01 12:00:00+00:00,CH1,Lausanne,Basel,u25,0.42248595104734243,2.4,0.4166666666666667,0.005819284380675749,ou_2_5.under,latest_pre_match,2026-02-27 04:48:26.869282+00:00,2026-02-27 12:54:15.004420+00:00
22438,2026-03-01 12:00:00+00:00,CH1,Lausanne,Basel,c85,0.6094837386125896,,,,corners_ou_8_5.over,,,2026-02-27 12:54:15.004420+00:00
22438,2026-03-01 12:00:00+00:00,CH1,Lausanne,Basel,btts,0.5750051972930712,1.4444444444444444,0.6923076923076923,-0.11730249501462109,btts.yes,latest_pre_match,2026-02-27 04:48:26.869282+00:00,2026-02-27 12:54:15.004420+00:00
22438,2026-03-01 12:00:00+00:00,CH1,Lausanne,Basel,1x2_h,0.5287608610093547,2.25,0.4444444444444444,0.08431641656491029,1x2.home,latest_pre_match,2026-02-27 04:48:26.869282+00:00,2026-02-27 12:54:15.004420+00:00
22438,2026-03-01 12:00:00+00:00,CH1,Lausanne,Basel,1x2_d,0.23157349363231125,3.75,0.26666666666666666,-0.03509317303435541,1x2.draw,latest_pre_match,2026-02-27 04:48:26.869282+00:00,2026-02-27 12:54:15.004420+00:00
22438,2026-03-01 12:00:00+00:00,CH1,Lausanne,Basel,1x2_a,0.29334729230311557,2.7,0.37037037037037035,-0.07702307806725478,1x2.away,latest_pre_match,2026-02-27 04:48:26.869282+00:00,2026-02-27 12:54:15.004420+00:00
22438,2026-03-01 12:00:00+00:00,CH1,Lausanne,Basel,dc_1x,0.7066527076968843,1.4,0.7142857142857143,-0.007633006588830038,dc.home_draw,latest_pre_match,2026-02-27 04:48:26.869282+00:00,2026-02-27 12:54:15.004420+00:00
22438,2026-03-01 12:00:00+00:00,CH1,Lausanne,Basel,dc_x2,0.4712391389906452,1.5714285714285714,0.6363636363636364,-0.16512449737299117,dc.draw_away,latest_pre_match,2026-02-27 04:48:26.869282+00:00,2026-02-27 12:54:15.004420+00:00
22438,2026-03-01 12:00:00+00:00,CH1,Lausanne,Basel,dc_12,0.76503372337414,1.25,0.8,-0.03496627662586005,dc.home_away,latest_pre_match,2026-02-27 04:48:26.869282+00:00,2026-02-27 12:54:15.004420+00:00
22595,2026-03-01 12:00:00+00:00,CH2,Vaduz,Stade Nyonnais,o15,0.7278838234136747,,,,ou_1_5.over,,,2026-02-27 12:54:15.004420+00:00
22595,2026-03-01 12:00:00+00:00,CH2,Vaduz,Stade Nyonnais,u15,0.2722908838500844,,,,ou_1_5.under,,,2026-02-27 12:54:15.004420+00:00
22595,2026-03-01 12:00:00+00:00,CH2,Vaduz,Stade Nyonnais,o25,0.4672815638502528,,,,ou_2_5.over,,,2026-02-27 12:54:15.004420+00:00
22595,2026-03-01 12:00:00+00:00,CH2,Vaduz,Stade Nyonnais,u25,0.5327184361497471,,,,ou_2_5.under,,,2026-02-27 12:54:15.004420+00:00
22595,2026-03-01 12:00:00+00:00,CH2,Vaduz,Stade Nyonnais,c85,0.5715441557008715,,,,corners_ou_8_5.over,,,2026-02-27 12:54:15.004420+00:00
22595,2026-03-01 12:00:00+00:00,CH2,Vaduz,Stade Nyonnais,btts,0.526601403914885,,,,btts.yes,,,2026-02-27 12:54:15.004420+00:00
22595,2026-03-01 12:00:00+00:00,CH2,Vaduz,Stade Nyonnais,1x2_h,0.5511771420463255,1.3636363636363638,0.7333333333333333,-0.18215619128700777,1x2.home,latest_pre_match,2026-02-27 05:47:43.943942+00:00,2026-02-27 12:54:15.004420+00:00
22595,2026-03-01 12:00:00+00:00,CH2,Vaduz,Stade Nyonnais,1x2_d,0.2469268619624628,4.5,0.2222222222222222,0.02470463974024059,1x2.draw,latest_pre_match,2026-02-27 05:47:43.943942+00:00,2026-02-27 12:54:15.004420+00:00
22595,2026-03-01 12:00:00+00:00,CH2,Vaduz,Stade Nyonnais,1x2_a,0.19743880248566623,6.5,0.15384615384615385,0.04359264863951237,1x2.away,latest_pre_match,2026-02-27 05:47:43.943942+00:00,2026-02-27 12:54:15.004420+00:00
22595,2026-03-01 12:00:00+00:00,CH2,Vaduz,Stade Nyonnais,dc_1x,0.8025611975143337,,,,dc.home_draw,,,2026-02-27 12:54:15.004420+00:00
22595,2026-03-01 12:00:00+00:00,CH2,Vaduz,Stade Nyonnais,dc_x2,0.44882285795367444,,,,dc.draw_away,,,2026-02-27 12:54:15.004420+00:00
22595,2026-03-01 12:00:00+00:00,CH2,Vaduz,Stade Nyonnais,dc_12,0.7565468550632041,,,,dc.home_away,,,2026-02-27 12:54:15.004420+00:00
22596,2026-03-01 12:00:00+00:00,CH2,Xamax,Wil,o15,0.7159035794546207,,,,ou_1_5.over,,,2026-02-27 12:54:15.004420+00:00
22596,2026-03-01 12:00:00+00:00,CH2,Xamax,Wil,u15,0.2837980311292159,,,,ou_1_5.under,,,2026-02-27 12:54:15.004420+00:00
22596,2026-03-01 12:00:00+00:00,CH2,Xamax,Wil,o25,0.4905529468656462,,,,ou_2_5.over,,,2026-02-27 12:54:15.004420+00:00
22596,2026-03-01 12:00:00+00:00,CH2,Xamax,Wil,u25,0.5094470531343538,,,,ou_2_5.under,,,2026-02-27 12:54:15.004420+00:00
22596,2026-03-01 12:00:00+00:00,CH2,Xamax,Wil,c85,0.6330271324477649,,,,corners_ou_8_5.over,,,2026-02-27 12:54:15.004420+00:00
22596,2026-03-01 12:00:00+00:00,CH2,Xamax,Wil,btts,0.5458314749350986,,,,btts.yes,,,2026-02-27 12:54:15.004420+00:00
22596,2026-03-01 12:00:00+00:00,CH2,Xamax,Wil,1x2_h,0.35756566357545605,2.05,0.48780487804878053,-0.13023921447332448,1x2.home,latest_pre_match,2026-02-27 05:47:44.576237+00:00,2026-02-27 12:54:15.004420+00:00
22596,2026-03-01 12:00:00+00:00,CH2,Xamax,Wil,1x2_d,0.23157349363231125,3.4,0.29411764705882354,-0.06254415342651229,1x2.draw,latest_pre_match,2026-02-27 05:47:44.576237+00:00,2026-02-27 12:54:15.004420+00:00
22596,2026-03-01 12:00:00+00:00,CH2,Xamax,Wil,1x2_a,0.3684050667484769,3.2,0.3125,0.055905066748476895,1x2.away,latest_pre_match,2026-02-27 05:47:44.576237+00:00,2026-02-27 12:54:15.004420+00:00
22596,2026-03-01 12:00:00+00:00,CH2,Xamax,Wil,dc_1x,0.6315949332515232,,,,dc.home_draw,,,2026-02-27 12:54:15.004420+00:00
22596,2026-03-01 12:00:00+00:00,CH2,Xamax,Wil,dc_x2,0.642434336424544,,,,dc.draw_away,,,2026-02-27 12:54:15.004420+00:00
22596,2026-03-01 12:00:00+00:00,CH2,Xamax,Wil,dc_12,0.76503372337414,,,,dc.home_away,,,2026-02-27 12:54:15.004420+00:00
19056,2026-03-01 12:30:00+00:00,N1,FC Volendam,Groningen,o15,0.832936507936508,1.2,0.8333333333333334,-0.0003968253968253954,ou_1_5.over,latest_pre_match,2026-02-27 04:48:28.206069+00:00,2026-02-27 12:54:15.004420+00:00
19056,2026-03-01 12:30:00+00:00,N1,FC Volendam,Groningen,u15,0.16706349206349205,4.333333333333334,0.23076923076923073,-0.06370573870573867,ou_1_5.under,latest_pre_match,2026-02-27 04:48:28.206069+00:00,2026-02-27 12:54:15.004420+00:00
19056,2026-03-01 12:30:00+00:00,N1,FC Volendam,Groningen,o25,0.6800795978215334,1.7,0.5882352941176471,0.0918443037038863,ou_2_5.over,latest_pre_match,2026-02-27 04:48:28.206069+00:00,2026-02-27 12:54:15.004420+00:00
19056,2026-03-01 12:30:00+00:00,N1,FC Volendam,Groningen,u25,0.31809967388715016,2.1,0.47619047619047616,-0.158090802303326,ou_2_5.under,latest_pre_match,2026-02-27 04:48:28.206069+00:00,2026-02-27 12:54:15.004420+00:00
19056,2026-03-01 12:30:00+00:00,N1,FC Volendam,Groningen,c85,0.6339046246905008,,,,corners_ou_8_5.over,,,2026-02-27 12:54:15.004420+00:00
19056,2026-03-01 12:30:00+00:00,N1,FC Volendam,Groningen,btts,0.5762563451351282,1.5714285714285714,0.6363636363636364,-0.06010729122850811,btts.yes,latest_pre_match,2026-02-27 04:48:28.206069+00:00,2026-02-27 12:54:15.004420+00:00
19056,2026-03-01 12:30:00+00:00,N1,FC Volendam,Groningen,1x2_h,0.2874826331355248,3.75,0.26666666666666666,0.020815966468858138,1x2.home,latest_pre_match,2026-02-27 04:48:28.206069+00:00,2026-02-27 12:54:15.004420+00:00
19056,2026-03-01 12:30:00+00:00,N1,FC Volendam,Groningen,1x2_d,0.2469268619624628,3.6,0.2777777777777778,-0.03085091581531499,1x2.draw,latest_pre_match,2026-02-27 04:48:28.206069+00:00,2026-02-27 12:54:15.004420+00:00
19056,2026-03-01 12:30:00+00:00,N1,FC Volendam,Groningen,1x2_a,0.43659673029341817,1.95,0.5128205128205129,-0.07622378252709472,1x2.away,latest_pre_match,2026-02-27 04:48:28.206069+00:00,2026-02-27 12:54:15.004420+00:00
19056,2026-03-01 12:30:00+00:00,N1,FC Volendam,Groningen,dc_1x,0.5634896187469002,1.8,0.5555555555555556,0.007934063191344598,dc.home_draw,latest_pre_match,2026-02-27 04:48:28.206069+00:00,2026-02-27 12:54:15.004420+00:00
19056,2026-03-01 12:30:00+00:00,N1,FC Volendam,Groningen,dc_x2,0.7125173668644752,1.25,0.8,-0.08748263313552485,dc.draw_away,latest_pre_match,2026-02-27 04:48:28.206069+00:00,2026-02-27 12:54:15.004420+00:00
19056,2026-03-01 12:30:00+00:00,N1,FC Volendam,Groningen,dc_12,0.75413585769286,1.2857142857142856,0.7777777777777779,-0.023641920084917945,dc.home_away,latest_pre_match,2026-02-27 04:48:28.206069+00:00,2026-02-27 12:54:15.004420+00:00
19057,2026-03-01 12:30:00+00:00,N1,Twente,Feyenoord,o15,0.9133837639584765,1.1818181818181819,0.8461538461538461,0.06722991780463039,ou_1_5.over,latest_pre_match,2026-02-27 04:48:27.571629+00:00,2026-02-27 12:54:15.004420+00:00
19057,2026-03-01 12:30:00+00:00,N1,Twente,Feyenoord,u15,0.0866162360415234,4.5,0.2222222222222222,-0.1356059861806988,ou_1_5.under,latest_pre_match,2026-02-27 04:48:27.571629+00:00,2026-02-27 12:54:15.004420+00:00
19057,2026-03-01 12:30:00+00:00,N1,Twente,Feyenoord,o25,0.6345179745213941,1.6,0.625,0.009517974521394135,ou_2_5.over,latest_pre_match,2026-02-27 04:48:27.571629+00:00,2026-02-27 12:54:15.004420+00:00
19057,2026-03-01 12:30:00+00:00,N1,Twente,Feyenoord,u25,0.3636612971872894,2.3,0.4347826086956522,-0.07112131150836282,ou_2_5.under,latest_pre_match,2026-02-27 04:48:27.571629+00:00,2026-02-27 12:54:15.004420+00:00
19057,2026-03-01 12:30:00+00:00,N1,Twente,Feyenoord,c85,0.6162407385055899,,,,corners_ou_8_5.over,,,2026-02-27 12:54:15.004420+00:00
19057,2026-03-01 12:30:00+00:00,N1,Twente,Feyenoord,btts,0.6544693486309683,1.5,0.6666666666666666,-0.012197318035698346,btts.yes,latest_pre_match,2026-02-27 04:48:27.571629+00:00,2026-02-27 12:54:15.004420+00:00
19057,2026-03-01 12:30:00+00:00,N1,Twente,Feyenoord,1x2_h,0.3835711243192792,2.25,0.4444444444444444,-0.06087332012516522,1x2.home,latest_pre_match,2026-02-27 04:48:27.571629+00:00,2026-02-27 12:54:15.004420+00:00
19057,2026-03-01 12:30:00+00:00,N1,Twente,Feyenoord,1x2_d,0.21611177305301688,3.8,0.2631578947368421,-0.047046121683825215,1x2.draw,latest_pre_match,2026-02-27 04:48:27.571629+00:00,2026-02-27 12:54:15.004420+00:00
19057,2026-03-01 12:30:00+00:00,N1,Twente,Feyenoord,1x2_a,0.4383828229714404,2.88,0.3472222222222222,0.09116060074921817,1x2.away,latest_pre_match,2026-02-27 04:48:27.571629+00:00,2026-02-27 12:54:15.004420+00:00
19057,2026-03-01 12:30:00+00:00,N1,Twente,Feyenoord,dc_1x,0.5616171770285596,1.4,0.7142857142857143,-0.15266853725715468,dc.home_draw,latest_pre_match,2026-02-27 04:48:27.571629+00:00,2026-02-27 12:54:15.004420+00:00
19057,2026-03-01 12:30:00+00:00,N1,Twente,Feyenoord,dc_x2,0.6164288756807208,1.6153846153846154,0.6190476190476191,-0.0026187433668982685,dc.draw_away,latest_pre_match,2026-02-27 04:48:27.571629+00:00,2026-02-27 12:54:15.004420+00:00
19057,2026-03-01 12:30:00+00:00,N1,Twente,Feyenoord,dc_12,0.7849509466023058,1.25,0.8,-0.015049053397694245,dc.home_away,latest_pre_match,2026-02-27 04:48:27.571629+00:00,2026-02-27 12:54:15.004420+00:00
21696,2026-03-01 12:45:00+00:00,PL1,Jagiellonia,Legia,o15,0.7860666084743547,1.25,0.8,-0.013933391525645322,ou_1_5.over,latest_pre_match,2026-02-27 04:48:28.964207+00:00,2026-02-27 12:54:15.004420+00:00
21696,2026-03-01 12:45:00+00:00,PL1,Jagiellonia,Legia,u15,0.2139333915256453,3.75,0.26666666666666666,-0.05273327514102136,ou_1_5.under,latest_pre_match,2026-02-27 04:48:28.964207+00:00,2026-02-27 12:54:15.004420+00:00
21696,2026-03-01 12:45:00+00:00,PL1,Jagiellonia,Legia,o25,0.5139906284292429,1.85,0.5405405405405405,-0.026549912111297536,ou_2_5.over,latest_pre_match,2026-02-27 04:48:28.964207+00:00,2026-02-27 12:54:15.004420+00:00
21696,2026-03-01 12:45:00+00:00,PL1,Jagiellonia,Legia,u25,0.48600937157075713,1.95,0.5128205128205129,-0.026811141249755754,ou_2_5.under,latest_pre_match,2026-02-27 04:48:28.964207+00:00,2026-02-27 12:54:15.004420+00:00
21696,2026-03-01 12:45:00+00:00,PL1,Jagiellonia,Legia,c85,0.6330271324477649,,,,corners_ou_8_5.over,,,2026-02-27 12:54:15.004420+00:00
21696,2026-03-01 12:45:00+00:00,PL1,Jagiellonia,Legia,btts,0.5696776682715123,1.7,0.5882352941176471,-0.01855762584613474,btts.yes,latest_pre_match,2026-02-27 04:48:28.964207+00:00,2026-02-27 12:54:15.004420+00:00
21696,2026-03-01 12:45:00+00:00,PL1,Jagiellonia,Legia,1x2_h,0.46475482379323085,2.15,0.46511627906976744,-0.00036145527653658194,1x2.home,latest_pre_match,2026-02-27 04:48:28.964207+00:00,2026-02-27 12:54:15.004420+00:00
21696,2026-03-01 12:45:00+00:00,PL1,Jagiellonia,Legia,1x2_d,0.24547933112564688,3.4,0.29411764705882354,-0.04863831593317666,1x2.draw,latest_pre_match,2026-02-27 04:48:28.964207+00:00,2026-02-27 12:54:15.004420+00:00
21696,2026-03-01 12:45:00+00:00,PL1,Jagiellonia,Legia,1x2_a,0.3483543906034006,3.0,0.3333333333333333,0.015021057270067306,1x2.away,latest_pre_match,2026-02-27 04:48:28.964207+00:00,2026-02-27 12:54:15.004420+00:00
21696,2026-03-01 12:45:00+00:00,PL1,Jagiellonia,Legia,dc_1x,0.6516456093965994,1.3636363636363638,0.7333333333333333,-0.08168772393673385,dc.home_draw,latest_pre_match,2026-02-27 04:48:28.964207+00:00,2026-02-27 12:54:15.004420+00:00
21696,2026-03-01 12:45:00+00:00,PL1,Jagiellonia,Legia,dc_x2,0.5352451762067691,1.6666666666666665,0.6000000000000001,-0.06475482379323094,dc.draw_away,latest_pre_match,2026-02-27 04:48:28.964207+00:00,2026-02-27 12:54:15.004420+00:00
21696,2026-03-01 12:45:00+00:00,PL1,Jagiellonia,Legia,dc_12,0.755583388529676,1.3,0.7692307692307692,-0.01364738070109317,dc.home_away,latest_pre_match,2026-02-27 04:48:28.964207+00:00,2026-02-27 12:54:15.004420+00:00
4516,2026-03-01 13:00:00+00:00,I1,Sassuolo,Atalanta,o15,0.7675690522978732,1.2857142857142856,0.7777777777777779,-0.010208725479904701,ou_1_5.over,latest_pre_match,2026-02-27 05:07:55.904903+00:00,2026-02-27 12:54:15.004420+00:00
4516,2026-03-01 13:00:00+00:00,I1,Sassuolo,Atalanta,u15,0.23243094770212683,3.75,0.26666666666666666,-0.034235718964539835,ou_1_5.under,latest_pre_match,2026-02-27 05:07:55.904903+00:00,2026-02-27 12:54:15.004420+00:00
4516,2026-03-01 13:00:00+00:00,I1,Sassuolo,Atalanta,o25,0.49903680017708574,1.9090909090909092,0.5238095238095238,-0.0247727236324381,ou_2_5.over,latest_pre_match,2026-02-27 05:07:55.904903+00:00,2026-02-27 12:54:15.004420+00:00
4516,2026-03-01 13:00:00+00:00,I1,Sassuolo,Atalanta,u25,0.5009631998229143,1.9090909090909092,0.5238095238095238,-0.022846323986609574,ou_2_5.under,latest_pre_match,2026-02-27 05:07:55.904903+00:00,2026-02-27 12:54:15.004420+00:00
4516,2026-03-01 13:00:00+00:00,I1,Sassuolo,Atalanta,c85,0.5731271615043428,,,,corners_ou_8_5.over,,,2026-02-27 12:54:15.004420+00:00
4516,2026-03-01 13:00:00+00:00,I1,Sassuolo,Atalanta,btts,0.5504475972512987,1.7,0.5882352941176471,-0.03778769686634842,btts.yes,latest_pre_match,2026-02-27 05:07:55.904903+00:00,2026-02-27 12:54:15.004420+00:00
4516,2026-03-01 13:00:00+00:00,I1,Sassuolo,Atalanta,1x2_h,0.46475482379323085,3.8,0.2631578947368421,0.20159692905638876,1x2.home,latest_pre_match,2026-02-27 05:07:55.904903+00:00,2026-02-27 12:54:15.004420+00:00
4516,2026-03-01 13:00:00+00:00,I1,Sassuolo,Atalanta,1x2_d,0.2589713946177104,3.6,0.2777777777777778,-0.018806383160067386,1x2.draw,latest_pre_match,2026-02-27 05:07:55.904903+00:00,2026-02-27 12:54:15.004420+00:00
4516,2026-03-01 13:00:00+00:00,I1,Sassuolo,Atalanta,1x2_a,0.2600045724737083,1.95,0.5128205128205129,-0.2528159403468046,1x2.away,latest_pre_match,2026-02-27 05:07:55.904903+00:00,2026-02-27 12:54:15.004420+00:00
4516,2026-03-01 13:00:00+00:00,I1,Sassuolo,Atalanta,dc_1x,0.7399954275262918,1.8,0.5555555555555556,0.1844398719707362,dc.home_draw,latest_pre_match,2026-02-27 05:07:55.904903+00:00,2026-02-27 12:54:15.004420+00:00
4516,2026-03-01 13:00:00+00:00,I1,Sassuolo,Atalanta,dc_x2,0.5352451762067691,1.25,0.8,-0.2647548237932309,dc.draw_away,latest_pre_match,2026-02-27 05:07:55.904903+00:00,2026-02-27 12:54:15.004420+00:00
4516,2026-03-01 13:00:00+00:00,I1,Sassuolo,Atalanta,dc_12,0.7419693143006674,1.2857142857142856,0.7777777777777779,-0.03580846347711053,dc.home_away,latest_pre_match,2026-02-27 05:07:55.904903+00:00,2026-02-27 12:54:15.004420+00:00
4898,2026-03-01 13:00:00+00:00,I2,Catanzaro,Frosinone,o15,0.8423496935005886,1.2,0.8333333333333334,0.009016360167255266,ou_1_5.over,latest_pre_match,2026-02-27 05:07:57.469904+00:00,2026-02-27 12:54:15.004420+00:00
4898,2026-03-01 13:00:00+00:00,I2,Catanzaro,Frosinone,u15,0.15765030649941136,4.333333333333334,0.23076923076923073,-0.07311892426981936,ou_1_5.under,latest_pre_match,2026-02-27 05:07:57.469904+00:00,2026-02-27 12:54:15.004420+00:00
4898,2026-03-01 13:00:00+00:00,I2,Catanzaro,Frosinone,o25,0.5412985388819838,1.75,0.5714285714285714,-0.030130032546587637,ou_2_5.over,latest_pre_match,2026-02-27 05:07:57.469904+00:00,2026-02-27 12:54:15.004420+00:00
4898,2026-03-01 13:00:00+00:00,I2,Catanzaro,Frosinone,u25,0.4587014611180163,2.05,0.48780487804878053,-0.029103416930764237,ou_2_5.under,latest_pre_match,2026-02-27 05:07:57.469904+00:00,2026-02-27 12:54:15.004420+00:00
4898,2026-03-01 13:00:00+00:00,I2,Catanzaro,Frosinone,c85,0.6094837386125896,,,,corners_ou_8_5.over,,,2026-02-27 12:54:15.004420+00:00
4898,2026-03-01 13:00:00+00:00,I2,Catanzaro,Frosinone,btts,0.5666005631173611,1.5333333333333332,0.6521739130434783,-0.0855733499261172,btts.yes,latest_pre_match,2026-02-27 05:07:57.469904+00:00,2026-02-27 12:54:15.004420+00:00
4898,2026-03-01 13:00:00+00:00,I2,Catanzaro,Frosinone,1x2_h,0.32533980884626806,2.8200000000000003,0.35460992907801414,-0.029270120231746077,1x2.home,latest_pre_match,2026-02-27 05:07:57.469904+00:00,2026-02-27 12:54:15.004420+00:00
4898,2026-03-01 13:00:00+00:00,I2,Catanzaro,Frosinone,1x2_d,0.24547933112564688,2.85,0.3508771929824561,-0.10539786185680924,1x2.draw,latest_pre_match,2026-02-27 05:07:57.469904+00:00,2026-02-27 12:54:15.004420+00:00
4898,2026-03-01 13:00:00+00:00,I2,Catanzaro,Frosinone,1x2_a,0.3919463685772404,2.65,0.37735849056603776,0.014587878011202648,1x2.away,latest_pre_match,2026-02-27 05:07:57.469904+00:00,2026-02-27 12:54:15.004420+00:00
4898,2026-03-01 13:00:00+00:00,I2,Catanzaro,Frosinone,dc_1x,0.6080536314227596,1.4444444444444444,0.6923076923076923,-0.0842540608849327,dc.home_draw,latest_pre_match,2026-02-27 05:07:57.469904+00:00,2026-02-27 12:54:15.004420+00:00
4898,2026-03-01 13:00:00+00:00,I2,Catanzaro,Frosinone,dc_x2,0.6746601911537319,1.4,0.7142857142857143,-0.03962552313198242,dc.draw_away,latest_pre_match,2026-02-27 05:07:57.469904+00:00,2026-02-27 12:54:15.004420+00:00
4898,2026-03-01 13:00:00+00:00,I2,Catanzaro,Frosinone,dc_12,0.7577448101787461,1.4,0.7142857142857143,0.04345909589303176,dc.home_away,latest_pre_match,2026-02-27 05:07:57.469904+00:00,2026-02-27 12:54:15.004420+00:00
4899,2026-03-01 13:00:00+00:00,I2,Pescara,Palermo,o15,0.7326755764182336,1.2222222222222223,0.8181818181818181,-0.08550624176358457,ou_1_5.over,latest_pre_match,2026-02-27 05:07:56.720560+00:00,2026-02-27 12:54:15.004420+00:00
4899,2026-03-01 13:00:00+00:00,I2,Pescara,Palermo,u15,0.26702603416560317,4.0,0.25,0.017026034165603166,ou_1_5.under,latest_pre_match,2026-02-27 05:07:56.720560+00:00,2026-02-27 12:54:15.004420+00:00
4899,2026-03-01 13:00:00+00:00,I2,Pescara,Palermo,o25,0.5566096901848671,1.8,0.5555555555555556,0.0010541346293114762,ou_2_5.over,latest_pre_match,2026-02-27 05:07:56.720560+00:00,2026-02-27 12:54:15.004420+00:00
4899,2026-03-01 13:00:00+00:00,I2,Pescara,Palermo,u25,0.44339030981513305,2.0,0.5,-0.056609690184866945,ou_2_5.under,latest_pre_match,2026-02-27 05:07:56.720560+00:00,2026-02-27 12:54:15.004420+00:00
4899,2026-03-01 13:00:00+00:00,I2,Pescara,Palermo,c85,0.6148840600639782,,,,corners_ou_8_5.over,,,2026-02-27 12:54:15.004420+00:00
4899,2026-03-01 13:00:00+00:00,I2,Pescara,Palermo,btts,0.5696776682715123,1.75,0.5714285714285714,-0.0017509031570590583,btts.yes,latest_pre_match,2026-02-27 05:07:56.720560+00:00,2026-02-27 12:54:15.004420+00:00
4899,2026-03-01 13:00:00+00:00,I2,Pescara,Palermo,1x2_h,0.33797210655879795,4.333333333333334,0.23076923076923073,0.10720287578956722,1x2.home,latest_pre_match,2026-02-27 05:07:56.720560+00:00,2026-02-27 12:54:15.004420+00:00
4899,2026-03-01 13:00:00+00:00,I2,Pescara,Palermo,1x2_d,0.26984095983510165,3.8,0.2631578947368421,0.006683065098259555,1x2.draw,latest_pre_match,2026-02-27 05:07:56.720560+00:00,2026-02-27 12:54:15.004420+00:00
4899,2026-03-01 13:00:00+00:00,I2,Pescara,Palermo,1x2_a,0.4035405287707314,1.71,0.5847953216374269,-0.1812547928666955,1x2.away,latest_pre_match,2026-02-27 05:07:56.720560+00:00,2026-02-27 12:54:15.004420+00:00
4899,2026-03-01 13:00:00+00:00,I2,Pescara,Palermo,dc_1x,0.5964594712292687,2.0,0.5,0.09645947122926868,dc.home_draw,latest_pre_match,2026-02-27 05:07:56.720560+00:00,2026-02-27 12:54:15.004420+00:00
4899,2026-03-01 13:00:00+00:00,I2,Pescara,Palermo,dc_x2,0.662027893441202,1.2,0.8333333333333334,-0.17130543989213132,dc.draw_away,latest_pre_match,2026-02-27 05:07:56.720560+00:00,2026-02-27 12:54:15.004420+00:00
4899,2026-03-01 13:00:00+00:00,I2,Pescara,Palermo,dc_12,0.731221759820221,1.25,0.8,-0.06877824017977907,dc.home_away,latest_pre_match,2026-02-27 05:07:56.720560+00:00,2026-02-27 12:54:15.004420+00:00
5903,2026-03-01 13:00:00+00:00,F1,Paris FC,Nice,o15,0.7628071475359685,1.2857142857142856,0.7777777777777779,-0.014970630241809446,ou_1_5.over,latest_pre_match,2026-02-27 04:48:30.328893+00:00,2026-02-27 12:54:15.004420+00:00
5903,2026-03-01 13:00:00+00:00,F1,Paris FC,Nice,u15,0.23719285246403157,3.75,0.26666666666666666,-0.02947381420263509,ou_1_5.under,latest_pre_match,2026-02-27 04:48:30.328893+00:00,2026-02-27 12:54:15.004420+00:00
5903,2026-03-01 13:00:00+00:00,F1,Paris FC,Nice,o25,0.5451388756807476,1.9090909090909092,0.5238095238095238,0.021329351871223756,ou_2_5.over,latest_pre_match,2026-02-27 04:48:30.328893+00:00,2026-02-27 12:54:15.004420+00:00
5903,2026-03-01 13:00:00+00:00,F1,Paris FC,Nice,u25,0.45695691212932593,1.9090909090909092,0.5238095238095238,-0.0668526116801979,ou_2_5.under,latest_pre_match,2026-02-27 04:48:30.328893+00:00,2026-02-27 12:54:15.004420+00:00
5903,2026-03-01 13:00:00+00:00,F1,Paris FC,Nice,c85,0.6224749747247498,,,,corners_ou_8_5.over,,,2026-02-27 12:54:15.004420+00:00
5903,2026-03-01 13:00:00+00:00,F1,Paris FC,Nice,btts,0.5666005631173611,1.7,0.5882352941176471,-0.02163473100028601,btts.yes,latest_pre_match,2026-02-27 04:48:30.328893+00:00,2026-02-27 12:54:15.004420+00:00
5903,2026-03-01 13:00:00+00:00,F1,Paris FC,Nice,1x2_h,0.3977050153641121,2.4,0.4166666666666667,-0.01896165130255456,1x2.home,latest_pre_match,2026-02-27 04:48:30.328893+00:00,2026-02-27 12:54:15.004420+00:00
5903,2026-03-01 13:00:00+00:00,F1,Paris FC,Nice,1x2_d,0.2384399936515268,3.4,0.29411764705882354,-0.055677653407296746,1x2.draw,latest_pre_match,2026-02-27 04:48:30.328893+00:00,2026-02-27 12:54:15.004420+00:00
5903,2026-03-01 13:00:00+00:00,F1,Paris FC,Nice,1x2_a,0.3483543906034006,2.9,0.3448275862068966,0.0035268043965040463,1x2.away,latest_pre_match,2026-02-27 04:48:30.328893+00:00,2026-02-27 12:54:15.004420+00:00
5903,2026-03-01 13:00:00+00:00,F1,Paris FC,Nice,dc_1x,0.6516456093965994,1.4,0.7142857142857143,-0.06264010488911487,dc.home_draw,latest_pre_match,2026-02-27 04:48:30.328893+00:00,2026-02-27 12:54:15.004420+00:00
5903,2026-03-01 13:00:00+00:00,F1,Paris FC,Nice,dc_x2,0.6022949846358879,1.5333333333333332,0.6521739130434783,-0.04987892840759034,dc.draw_away,latest_pre_match,2026-02-27 04:48:30.328893+00:00,2026-02-27 12:54:15.004420+00:00
5903,2026-03-01 13:00:00+00:00,F1,Paris FC,Nice,dc_12,0.762622726003796,1.3,0.7692307692307692,-0.00660804322697317,dc.home_away,latest_pre_match,2026-02-27 04:48:30.328893+00:00,2026-02-27 12:54:15.004420+00:00
22190,2026-03-01 13:00:00+00:00,RU1,Akhmat Grozny,CSKA Moscow,o15,0.7345445153333187,,,,ou_1_5.over,,,2026-02-27 12:54:15.004420+00:00
22190,2026-03-01 13:00:00+00:00,RU1,Akhmat Grozny,CSKA Moscow,u15,0.26545548466668145,,,,ou_1_5.under,,,2026-02-27 12:54:15.004420+00:00
22190,2026-03-01 13:00:00+00:00,RU1,Akhmat Grozny,CSKA Moscow,o25,0.5604956054375019,,,,ou_2_5.over,,,2026-02-27 12:54:15.004420+00:00
22190,2026-03-01 13:00:00+00:00,RU1,Akhmat Grozny,CSKA Moscow,u25,0.43950439456249807,,,,ou_2_5.under,,,2026-02-27 12:54:15.004420+00:00
22190,2026-03-01 13:00:00+00:00,RU1,Akhmat Grozny,CSKA Moscow,c85,0.5949502066630594,,,,corners_ou_8_5.over,,,2026-02-27 12:54:15.004420+00:00
22190,2026-03-01 13:00:00+00:00,RU1,Akhmat Grozny,CSKA Moscow,btts,0.5750051972930712,,,,btts.yes,,,2026-02-27 12:54:15.004420+00:00
22190,2026-03-01 13:00:00+00:00,RU1,Akhmat Grozny,CSKA Moscow,1x2_h,0.4792726871631472,,,,1x2.home,,,2026-02-27 12:54:15.004420+00:00
22190,2026-03-01 13:00:00+00:00,RU1,Akhmat Grozny,CSKA Moscow,1x2_d,0.26925508256097275,,,,1x2.draw,,,2026-02-27 12:54:15.004420+00:00
22190,2026-03-01 13:00:00+00:00,RU1,Akhmat Grozny,CSKA Moscow,1x2_a,0.289233516031229,,,,1x2.away,,,2026-02-27 12:54:15.004420+00:00
22190,2026-03-01 13:00:00+00:00,RU1,Akhmat Grozny,CSKA Moscow,dc_1x,0.710766483968771,,,,dc.home_draw,,,2026-02-27 12:54:15.004420+00:00
22190,2026-03-01 13:00:00+00:00,RU1,Akhmat Grozny,CSKA Moscow,dc_x2,0.5207273128368528,,,,dc.draw_away,,,2026-02-27 12:54:15.004420+00:00
22190,2026-03-01 13:00:00+00:00,RU1,Akhmat Grozny,CSKA Moscow,dc_12,0.7339690587434203,,,,dc.home_away,,,2026-02-27 12:54:15.004420+00:00
3851,2026-03-01 13:30:00+00:00,D1,Stuttgart,Wolfsburg,o15,0.830129830966651,1.125,0.8888888888888888,-0.05875905792223779,ou_1_5.over,latest_pre_match,2026-02-27 06:27:51.715695+00:00,2026-02-27 12:54:15.004420+00:00
3851,2026-03-01 13:30:00+00:00,D1,Stuttgart,Wolfsburg,u15,0.16987016903334895,6.0,0.16666666666666666,0.0032035023666822926,ou_1_5.under,latest_pre_match,2026-02-27 06:27:51.715695+00:00,2026-02-27 12:54:15.004420+00:00
3851,2026-03-01 13:30:00+00:00,D1,Stuttgart,Wolfsburg,o25,0.531412274909707,1.4444444444444444,0.6923076923076923,-0.1608954173979853,ou_2_5.over,latest_pre_match,2026-02-27 06:27:51.715695+00:00,2026-02-27 12:54:15.004420+00:00
3851,2026-03-01 13:30:00+00:00,D1,Stuttgart,Wolfsburg,u25,0.468587725090293,2.75,0.36363636363636365,0.10495136145392936,ou_2_5.under,latest_pre_match,2026-02-27 06:27:51.715695+00:00,2026-02-27 12:54:15.004420+00:00
3851,2026-03-01 13:30:00+00:00,D1,Stuttgart,Wolfsburg,c85,0.6476795401399809,,,,corners_ou_8_5.over,,,2026-02-27 12:54:15.004420+00:00
3851,2026-03-01 13:30:00+00:00,D1,Stuttgart,Wolfsburg,btts,0.5666005631173611,1.5333333333333332,0.6521739130434783,-0.0855733499261172,btts.yes,latest_pre_match,2026-02-27 06:27:51.715695+00:00,2026-02-27 12:54:15.004420+00:00
3851,2026-03-01 13:30:00+00:00,D1,Stuttgart,Wolfsburg,1x2_h,0.6377529946303181,1.55,0.6451612903225806,-0.007408295692262534,1x2.home,latest_pre_match,2026-02-27 06:27:51.715695+00:00,2026-02-27 12:54:15.004420+00:00
3851,2026-03-01 13:30:00+00:00,D1,Stuttgart,Wolfsburg,1x2_d,0.22950031687634329,4.75,0.21052631578947367,0.018974001086869613,1x2.draw,latest_pre_match,2026-02-27 06:27:51.715695+00:00,2026-02-27 12:54:15.004420+00:00
3851,2026-03-01 13:30:00+00:00,D1,Stuttgart,Wolfsburg,1x2_a,0.15272243249462417,5.0,0.2,-0.047277567505375845,1x2.away,latest_pre_match,2026-02-27 06:27:51.715695+00:00,2026-02-27 12:54:15.004420+00:00
3851,2026-03-01 13:30:00+00:00,D1,Stuttgart,Wolfsburg,dc_1x,0.8472775675053758,1.1666666666666667,0.8571428571428571,-0.009865289637481345,dc.home_draw,latest_pre_match,2026-02-27 06:27:51.715695+00:00,2026-02-27 12:54:15.004420+00:00
3851,2026-03-01 13:30:00+00:00,D1,Stuttgart,Wolfsburg,dc_x2,0.36224700536968196,2.375,0.42105263157894735,-0.05880562620926538,dc.draw_away,latest_pre_match,2026-02-27 06:27:51.715695+00:00,2026-02-27 12:54:15.004420+00:00
3851,2026-03-01 13:30:00+00:00,D1,Stuttgart,Wolfsburg,dc_12,0.7739734001493236,1.1818181818181819,0.8461538461538461,-0.07218044600452256,dc.home_away,latest_pre_match,2026-02-27 06:27:51.715695+00:00,2026-02-27 12:54:15.004420+00:00
20141,2026-03-01 13:30:00+00:00,G1,Volos,AEK Athens,o15,0.7851177263684046,1.25,0.8,-0.014882273631595444,ou_1_5.over,latest_pre_match,2026-02-27 06:27:52.386692+00:00,2026-02-27 12:54:15.004420+00:00
20141,2026-03-01 13:30:00+00:00,G1,Volos,AEK Athens,u15,0.21488227363159537,3.75,0.26666666666666666,-0.05178439303507129,ou_1_5.under,latest_pre_match,2026-02-27 06:27:52.386692+00:00,2026-02-27 12:54:15.004420+00:00
20141,2026-03-01 13:30:00+00:00,G1,Volos,AEK Athens,o25,0.4744227805126133,1.8,0.5555555555555556,-0.0811327750429423,ou_2_5.over,latest_pre_match,2026-02-27 06:27:52.386692+00:00,2026-02-27 12:54:15.004420+00:00
20141,2026-03-01 13:30:00+00:00,G1,Volos,AEK Athens,u25,0.5255772194873867,2.0,0.5,0.02557721948738667,ou_2_5.under,latest_pre_match,2026-02-27 06:27:52.386692+00:00,2026-02-27 12:54:15.004420+00:00
20141,2026-03-01 13:30:00+00:00,G1,Volos,AEK Athens,c85,0.6148840600639782,1.7272727272727273,0.5789473684210527,0.03593669164292557,corners_ou_8_5.over,latest_pre_match,2026-02-27 06:27:52.386692+00:00,2026-02-27 12:54:15.004420+00:00
20141,2026-03-01 13:30:00+00:00,G1,Volos,AEK Athens,btts,0.5473704920971474,2.25,0.4444444444444444,0.10292604765270297,btts.yes,latest_pre_match,2026-02-27 06:27:52.386692+00:00,2026-02-27 12:54:15.004420+00:00
20141,2026-03-01 13:30:00+00:00,G1,Volos,AEK Athens,1x2_h,0.2080026455026455,10.0,0.1,0.10800264550264549,1x2.home,latest_pre_match,2026-02-27 06:27:52.386692+00:00,2026-02-27 12:54:15.004420+00:00
20141,2026-03-01 13:30:00+00:00,G1,Volos,AEK Athens,1x2_d,0.2589713946177104,5.0,0.2,0.05897139461771039,1x2.draw,latest_pre_match,2026-02-27 06:27:52.386692+00:00,2026-02-27 12:54:15.004420+00:00
20141,2026-03-01 13:30:00+00:00,G1,Volos,AEK Athens,1x2_a,0.6630004967709886,1.27,0.7874015748031495,-0.12440107803216094,1x2.away,latest_pre_match,2026-02-27 06:27:52.386692+00:00,2026-02-27 12:54:15.004420+00:00
20141,2026-03-01 13:30:00+00:00,G1,Volos,AEK Athens,dc_1x,0.33699950322901145,3.4,0.29411764705882354,0.042881856170187915,dc.home_draw,latest_pre_match,2026-02-27 06:27:52.386692+00:00,2026-02-27 12:54:15.004420+00:00
20141,2026-03-01 13:30:00+00:00,G1,Volos,AEK Athens,dc_x2,0.7919973544973545,1.0625,0.9411764705882353,-0.14917911609088075,dc.draw_away,latest_pre_match,2026-02-27 06:27:52.386692+00:00,2026-02-27 12:54:15.004420+00:00
20141,2026-03-01 13:30:00+00:00,G1,Volos,AEK Athens,dc_12,0.7441307359497378,1.1666666666666667,0.8571428571428571,-0.11301212119311932,dc.home_away,latest_pre_match,2026-02-27 06:27:52.386692+00:00,2026-02-27 12:54:15.004420+00:00
603,2026-03-01 14:00:00+00:00,E0,Fulham,Tottenham,o15,0.8068703700282648,1.2222222222222223,0.8181818181818181,-0.011311448153553338,ou_1_5.over,latest_pre_match,2026-02-27 06:27:56.340029+00:00,2026-02-27 12:54:15.004420+00:00
603,2026-03-01 14:00:00+00:00,E0,Fulham,Tottenham,u15,0.19312962997173524,4.333333333333334,0.23076923076923073,-0.03763960079749548,ou_1_5.under,latest_pre_match,2026-02-27 06:27:56.340029+00:00,2026-02-27 12:54:15.004420+00:00
603,2026-03-01 14:00:00+00:00,E0,Fulham,Tottenham,o25,0.5162731565607704,1.7272727272727273,0.5789473684210527,-0.06267421186028221,ou_2_5.over,latest_pre_match,2026-02-27 06:27:56.340029+00:00,2026-02-27 12:54:15.004420+00:00
603,2026-03-01 14:00:00+00:00,E0,Fulham,Tottenham,u25,0.4837268434392296,2.1,0.47619047619047616,0.0075363672487534505,ou_2_5.under,latest_pre_match,2026-02-27 06:27:56.340029+00:00,2026-02-27 12:54:15.004420+00:00
603,2026-03-01 14:00:00+00:00,E0,Fulham,Tottenham,c85,0.6148840600639782,,,,corners_ou_8_5.over,,,2026-02-27 12:54:15.004420+00:00
603,2026-03-01 14:00:00+00:00,E0,Fulham,Tottenham,btts,0.5666005631173611,1.6153846153846154,0.6190476190476191,-0.052447055930258,btts.yes,latest_pre_match,2026-02-27 06:27:56.340029+00:00,2026-02-27 12:54:15.004420+00:00
603,2026-03-01 14:00:00+00:00,E0,Fulham,Tottenham,1x2_h,0.5311493508834887,2.1,0.47619047619047616,0.05495887469301253,1x2.home,latest_pre_match,2026-02-27 06:27:56.340029+00:00,2026-02-27 12:54:15.004420+00:00
603,2026-03-01 14:00:00+00:00,E0,Fulham,Tottenham,1x2_d,0.2449620374556377,3.6,0.2777777777777778,-0.0328157403221401,1x2.draw,latest_pre_match,2026-02-27 06:27:56.340029+00:00,2026-02-27 12:54:15.004420+00:00
603,2026-03-01 14:00:00+00:00,E0,Fulham,Tottenham,1x2_a,0.2326232808283342,3.3,0.30303030303030304,-0.07040702220196884,1x2.away,latest_pre_match,2026-02-27 06:27:56.340029+00:00,2026-02-27 12:54:15.004420+00:00
603,2026-03-01 14:00:00+00:00,E0,Fulham,Tottenham,dc_1x,0.7673767191716657,1.3333333333333333,0.75,0.017376719171665722,dc.home_draw,latest_pre_match,2026-02-27 06:27:56.340029+00:00,2026-02-27 12:54:15.004420+00:00
603,2026-03-01 14:00:00+00:00,E0,Fulham,Tottenham,dc_x2,0.46885064911651125,1.7,0.5882352941176471,-0.11938464500113583,dc.draw_away,latest_pre_match,2026-02-27 06:27:56.340029+00:00,2026-02-27 12:54:15.004420+00:00
603,2026-03-01 14:00:00+00:00,E0,Fulham,Tottenham,dc_12,0.7516451795508137,1.2857142857142856,0.7777777777777779,-0.026132598226964232,dc.home_away,latest_pre_match,2026-02-27 06:27:56.340029+00:00,2026-02-27 12:54:15.004420+00:00
604,2026-03-01 14:00:00+00:00,E0,Brighton,Nottingham,o15,0.779560054786915,1.25,0.8,-0.02043994521308501,ou_1_5.over,latest_pre_match,2026-02-27 06:27:52.964084+00:00,2026-02-27 12:54:15.004420+00:00
604,2026-03-01 14:00:00+00:00,E0,Brighton,Nottingham,u15,0.22043994521308496,4.0,0.25,-0.029560054786915035,ou_1_5.under,latest_pre_match,2026-02-27 06:27:52.964084+00:00,2026-02-27 12:54:15.004420+00:00
604,2026-03-01 14:00:00+00:00,E0,Brighton,Nottingham,o25,0.6397820824494304,1.8,0.5555555555555556,0.08422652689387478,ou_2_5.over,latest_pre_match,2026-02-27 06:27:52.964084+00:00,2026-02-27 12:54:15.004420+00:00
604,2026-03-01 14:00:00+00:00,E0,Brighton,Nottingham,u25,0.36021791755056953,2.0,0.5,-0.13978208244943047,ou_2_5.under,latest_pre_match,2026-02-27 06:27:52.964084+00:00,2026-02-27 12:54:15.004420+00:00
604,2026-03-01 14:00:00+00:00,E0,Brighton,Nottingham,c85,0.6372021933829802,,,,corners_ou_8_5.over,,,2026-02-27 12:54:15.004420+00:00
604,2026-03-01 14:00:00+00:00,E0,Brighton,Nottingham,btts,0.5696776682715123,1.7,0.5882352941176471,-0.01855762584613474,btts.yes,latest_pre_match,2026-02-27 06:27:52.964084+00:00,2026-02-27 12:54:15.004420+00:00
604,2026-03-01 14:00:00+00:00,E0,Brighton,Nottingham,1x2_h,0.4789929877569188,2.05,0.48780487804878053,-0.008811890291861746,1x2.home,latest_pre_match,2026-02-27 06:27:52.964084+00:00,2026-02-27 12:54:15.004420+00:00
604,2026-03-01 14:00:00+00:00,E0,Brighton,Nottingham,1x2_d,0.22315111052713696,3.6,0.2777777777777778,-0.05462666725064083,1x2.draw,latest_pre_match,2026-02-27 06:27:52.964084+00:00,2026-02-27 12:54:15.004420+00:00
604,2026-03-01 14:00:00+00:00,E0,Brighton,Nottingham,1x2_a,0.33843511798382364,3.4,0.29411764705882354,0.0443174709250001,1x2.away,latest_pre_match,2026-02-27 06:27:52.964084+00:00,2026-02-27 12:54:15.004420+00:00
604,2026-03-01 14:00:00+00:00,E0,Brighton,Nottingham,dc_1x,0.6615648820161764,1.3,0.7692307692307692,-0.1076658872145928,dc.home_draw,latest_pre_match,2026-02-27 06:27:52.964084+00:00,2026-02-27 12:54:15.004420+00:00
604,2026-03-01 14:00:00+00:00,E0,Brighton,Nottingham,dc_x2,0.5210070122430812,1.7272727272727273,0.5789473684210527,-0.05794035617797144,dc.draw_away,latest_pre_match,2026-02-27 06:27:52.964084+00:00,2026-02-27 12:54:15.004420+00:00
604,2026-03-01 14:00:00+00:00,E0,Brighton,Nottingham,dc_12,0.7803226064985299,1.2857142857142856,0.7777777777777779,0.0025448287207520126,dc.home_away,latest_pre_match,2026-02-27 06:27:52.964084+00:00,2026-02-27 12:54:15.004420+00:00
605,2026-03-01 14:00:00+00:00,E0,Manchester Utd,Crystal Palace,o15,0.8087472469051417,1.2,0.8333333333333334,-0.02458608642819171,ou_1_5.over,latest_pre_match,2026-02-27 06:27:54.610605+00:00,2026-02-27 12:54:15.004420+00:00
605,2026-03-01 14:00:00+00:00,E0,Manchester Utd,Crystal Palace,u15,0.19125275309485837,4.5,0.2222222222222222,-0.03096946912736384,ou_1_5.under,latest_pre_match,2026-02-27 06:27:54.610605+00:00,2026-02-27 12:54:15.004420+00:00
605,2026-03-01 14:00:00+00:00,E0,Manchester Utd,Crystal Palace,o25,0.5823679548061461,1.6666666666666665,0.6000000000000001,-0.017632045193853974,ou_2_5.over,latest_pre_match,2026-02-27 06:27:54.610605+00:00,2026-02-27 12:54:15.004420+00:00
605,2026-03-01 14:00:00+00:00,E0,Manchester Utd,Crystal Palace,u25,0.41763204519385394,2.2,0.45454545454545453,-0.03691340935160059,ou_2_5.under,latest_pre_match,2026-02-27 06:27:54.610605+00:00,2026-02-27 12:54:15.004420+00:00
605,2026-03-01 14:00:00+00:00,E0,Manchester Utd,Crystal Palace,c85,0.6373952893820714,,,,corners_ou_8_5.over,,,2026-02-27 12:54:15.004420+00:00
605,2026-03-01 14:00:00+00:00,E0,Manchester Utd,Crystal Palace,btts,0.5473704920971474,1.75,0.5714285714285714,-0.02405807933142401,btts.yes,latest_pre_match,2026-02-27 06:27:54.610605+00:00,2026-02-27 12:54:15.004420+00:00
605,2026-03-01 14:00:00+00:00,E0,Manchester Utd,Crystal Palace,1x2_h,0.4888364345286722,1.53,0.6535947712418301,-0.16475833671315787,1x2.home,latest_pre_match,2026-02-27 06:27:54.610605+00:00,2026-02-27 12:54:15.004420+00:00
605,2026-03-01 14:00:00+00:00,E0,Manchester Utd,Crystal Palace,1x2_d,0.21611177305301688,4.5,0.2222222222222222,-0.006110449169205334,1x2.draw,latest_pre_match,2026-02-27 06:27:54.610605+00:00,2026-02-27 12:54:15.004420+00:00
605,2026-03-01 14:00:00+00:00,E0,Manchester Utd,Crystal Palace,1x2_a,0.35216118351350284,5.5,0.18181818181818182,0.17034300169532102,1x2.away,latest_pre_match,2026-02-27 06:27:54.610605+00:00,2026-02-27 12:54:15.004420+00:00
605,2026-03-01 14:00:00+00:00,E0,Manchester Utd,Crystal Palace,dc_1x,0.6478388164864971,1.1428571428571428,0.875,-0.2271611835135029,dc.home_draw,latest_pre_match,2026-02-27 06:27:54.610605+00:00,2026-02-27 12:54:15.004420+00:00
605,2026-03-01 14:00:00+00:00,E0,Manchester Utd,Crystal Palace,dc_x2,0.5111635654713241,2.375,0.42105263157894735,0.09011093389237679,dc.draw_away,latest_pre_match,2026-02-27 06:27:54.610605+00:00,2026-02-27 12:54:15.004420+00:00
605,2026-03-01 14:00:00+00:00,E0,Manchester Utd,Crystal Palace,dc_12,0.7849509466023058,1.1818181818181819,0.8461538461538461,-0.061202899551540346,dc.home_away,latest_pre_match,2026-02-27 06:27:54.610605+00:00,2026-02-27 12:54:15.004420+00:00
19346,2026-03-01 14:00:00+00:00,B1,Westerlo,Royale Union SG,o15,0.8576296793688097,1.2,0.8333333333333334,0.02429634603547637,ou_1_5.over,latest_pre_match,2026-02-27 06:27:54.059733+00:00,2026-02-27 12:54:15.004420+00:00
19346,2026-03-01 14:00:00+00:00,B1,Westerlo,Royale Union SG,u15,0.14237032063119018,4.333333333333334,0.23076923076923073,-0.08839891013804055,ou_1_5.under,latest_pre_match,2026-02-27 06:27:54.059733+00:00,2026-02-27 12:54:15.004420+00:00
19346,2026-03-01 14:00:00+00:00,B1,Westerlo,Royale Union SG,o25,0.633365139190382,1.6666666666666665,0.6000000000000001,0.033365139190381865,ou_2_5.over,latest_pre_match,2026-02-27 06:27:54.059733+00:00,2026-02-27 12:54:15.004420+00:00
19346,2026-03-01 14:00:00+00:00,B1,Westerlo,Royale Union SG,u25,0.3666348608096181,2.15,0.46511627906976744,-0.09848141826014933,ou_2_5.under,latest_pre_match,2026-02-27 06:27:54.059733+00:00,2026-02-27 12:54:15.004420+00:00
19346,2026-03-01 14:00:00+00:00,B1,Westerlo,Royale Union SG,c85,0.6133010542605067,,,,corners_ou_8_5.over,,,2026-02-27 12:54:15.004420+00:00
19346,2026-03-01 14:00:00+00:00,B1,Westerlo,Royale Union SG,btts,0.5762563451351282,1.7,0.5882352941176471,-0.011978948982518833,btts.yes,latest_pre_match,2026-02-27 06:27:54.059733+00:00,2026-02-27 12:54:15.004420+00:00
19346,2026-03-01 14:00:00+00:00,B1,Westerlo,Royale Union SG,1x2_h,0.2943766212132029,4.5,0.2222222222222222,0.0721543989909807,1x2.home,latest_pre_match,2026-02-27 06:27:54.059733+00:00,2026-02-27 12:54:15.004420+00:00
19346,2026-03-01 14:00:00+00:00,B1,Westerlo,Royale Union SG,1x2_d,0.23664317401920046,3.6,0.2777777777777778,-0.04113460375857733,1x2.draw,latest_pre_match,2026-02-27 06:27:54.059733+00:00,2026-02-27 12:54:15.004420+00:00
19346,2026-03-01 14:00:00+00:00,B1,Westerlo,Royale Union SG,1x2_a,0.4508313051686416,1.67,0.5988023952095809,-0.14797109004093928,1x2.away,latest_pre_match,2026-02-27 06:27:54.059733+00:00,2026-02-27 12:54:15.004420+00:00
19346,2026-03-01 14:00:00+00:00,B1,Westerlo,Royale Union SG,dc_1x,0.5491686948313584,2.0,0.5,0.04916869483135844,dc.home_draw,latest_pre_match,2026-02-27 06:27:54.059733+00:00,2026-02-27 12:54:15.004420+00:00
19346,2026-03-01 14:00:00+00:00,B1,Westerlo,Royale Union SG,dc_x2,0.705623378786797,1.1666666666666667,0.8571428571428571,-0.15151947835606006,dc.draw_away,latest_pre_match,2026-02-27 06:27:54.059733+00:00,2026-02-27 12:54:15.004420+00:00
19346,2026-03-01 14:00:00+00:00,B1,Westerlo,Royale Union SG,dc_12,0.7642975348991774,1.25,0.8,-0.035702465100822645,dc.home_away,latest_pre_match,2026-02-27 06:27:54.059733+00:00,2026-02-27 12:54:15.004420+00:00
19893,2026-03-01 14:00:00+00:00,T1,Antalyaspor,Fenerbahce,o15,0.8505659264027465,1.2222222222222223,0.8181818181818181,0.03238410822092841,ou_1_5.over,latest_pre_match,2026-02-27 06:27:55.153994+00:00,2026-02-27 12:54:15.004420+00:00
19893,2026-03-01 14:00:00+00:00,T1,Antalyaspor,Fenerbahce,u15,0.1494340735972535,4.0,0.25,-0.1005659264027465,ou_1_5.under,latest_pre_match,2026-02-27 06:27:55.153994+00:00,2026-02-27 12:54:15.004420+00:00
19893,2026-03-01 14:00:00+00:00,T1,Antalyaspor,Fenerbahce,o25,0.5789779250625927,1.7272727272727273,0.5789473684210527,3.0556641540058216e-05,ou_2_5.over,latest_pre_match,2026-02-27 06:27:55.153994+00:00,2026-02-27 12:54:15.004420+00:00
19893,2026-03-01 14:00:00+00:00,T1,Antalyaspor,Fenerbahce,u25,0.42102207493740723,2.075,0.48192771084337344,-0.060905635905966204,ou_2_5.under,latest_pre_match,2026-02-27 06:27:55.153994+00:00,2026-02-27 12:54:15.004420+00:00
19893,2026-03-01 14:00:00+00:00,T1,Antalyaspor,Fenerbahce,c85,0.6314441266442934,,,,corners_ou_8_5.over,,,2026-02-27 12:54:15.004420+00:00
19893,2026-03-01 14:00:00+00:00,T1,Antalyaspor,Fenerbahce,btts,0.5696776682715123,1.8333333333333335,0.5454545454545454,0.024223122816966924,btts.yes,latest_pre_match,2026-02-27 06:27:55.153994+00:00,2026-02-27 12:54:15.004420+00:00
19893,2026-03-01 14:00:00+00:00,T1,Antalyaspor,Fenerbahce,1x2_h,0.2044753086419753,6.5,0.15384615384615385,0.050629154795821446,1x2.home,latest_pre_match,2026-02-27 06:27:55.153994+00:00,2026-02-27 12:54:15.004420+00:00
19893,2026-03-01 14:00:00+00:00,T1,Antalyaspor,Fenerbahce,1x2_d,0.2500319261076159,4.333333333333334,0.23076923076923073,0.01926269533838515,1x2.draw,latest_pre_match,2026-02-27 06:27:55.153994+00:00,2026-02-27 12:54:15.004420+00:00
19893,2026-03-01 14:00:00+00:00,T1,Antalyaspor,Fenerbahce,1x2_a,0.6437908496732027,1.45,0.6896551724137931,-0.04586432274059049,1x2.away,latest_pre_match,2026-02-27 06:27:55.153994+00:00,2026-02-27 12:54:15.004420+00:00
19893,2026-03-01 14:00:00+00:00,T1,Antalyaspor,Fenerbahce,dc_1x,0.3562091503267974,2.625,0.38095238095238093,-0.024743230625583534,dc.home_draw,latest_pre_match,2026-02-27 06:27:55.153994+00:00,2026-02-27 12:54:15.004420+00:00
19893,2026-03-01 14:00:00+00:00,T1,Antalyaspor,Fenerbahce,dc_x2,0.7955246913580246,1.1111111111111112,0.8999999999999999,-0.1044753086419753,dc.draw_away,latest_pre_match,2026-02-27 06:27:55.153994+00:00,2026-02-27 12:54:15.004420+00:00
19893,2026-03-01 14:00:00+00:00,T1,Antalyaspor,Fenerbahce,dc_12,0.7469775699327089,1.2,0.8333333333333334,-0.08635576340062445,dc.home_away,latest_pre_match,2026-02-27 06:27:55.153994+00:00,2026-02-27 12:54:15.004420+00:00
19894,2026-03-01 14:00:00+00:00,T1,Samsunspor,Gaziantep,o15,0.7218175767546446,1.2857142857142856,0.7777777777777779,-0.05596020102313326,ou_1_5.over,latest_pre_match,2026-02-27 06:27:55.800620+00:00,2026-02-27 12:54:15.004420+00:00
19894,2026-03-01 14:00:00+00:00,T1,Samsunspor,Gaziantep,u15,0.2783571305091146,3.5,0.2857142857142857,-0.0073571552051711064,ou_1_5.under,latest_pre_match,2026-02-27 06:27:55.800620+00:00,2026-02-27 12:54:15.004420+00:00
19894,2026-03-01 14:00:00+00:00,T1,Samsunspor,Gaziantep,o25,0.4530015900455351,1.85,0.5405405405405405,-0.08753895049500537,ou_2_5.over,latest_pre_match,2026-02-27 06:27:55.800620+00:00,2026-02-27 12:54:15.004420+00:00
19894,2026-03-01 14:00:00+00:00,T1,Samsunspor,Gaziantep,u25,0.5469984099544649,1.95,0.5128205128205129,0.03417789713395203,ou_2_5.under,latest_pre_match,2026-02-27 06:27:55.800620+00:00,2026-02-27 12:54:15.004420+00:00
19894,2026-03-01 14:00:00+00:00,T1,Samsunspor,Gaziantep,c85,0.6241361463048056,,,,corners_ou_8_5.over,,,2026-02-27 12:54:15.004420+00:00
19894,2026-03-01 14:00:00+00:00,T1,Samsunspor,Gaziantep,btts,0.48862408388166695,1.8,0.5555555555555556,-0.06693147167388863,btts.yes,latest_pre_match,2026-02-27 06:27:55.800620+00:00,2026-02-27 12:54:15.004420+00:00
19894,2026-03-01 14:00:00+00:00,T1,Samsunspor,Gaziantep,1x2_h,0.5287608610093547,1.6600000000000001,0.6024096385542168,-0.0736487775448621,1x2.home,latest_pre_match,2026-02-27 06:27:55.800620+00:00,2026-02-27 12:54:15.004420+00:00
19894,2026-03-01 14:00:00+00:00,T1,Samsunspor,Gaziantep,1x2_d,0.2589713946177104,3.9,0.25641025641025644,0.0025611382074539613,1x2.draw,latest_pre_match,2026-02-27 06:27:55.800620+00:00,2026-02-27 12:54:15.004420+00:00
19894,2026-03-01 14:00:00+00:00,T1,Samsunspor,Gaziantep,1x2_a,0.22663441307662566,4.5,0.2222222222222222,0.004412190854403447,1x2.away,latest_pre_match,2026-02-27 06:27:55.800620+00:00,2026-02-27 12:54:15.004420+00:00
19894,2026-03-01 14:00:00+00:00,T1,Samsunspor,Gaziantep,dc_1x,0.7733655869233743,1.1818181818181819,0.8461538461538461,-0.07278825923047183,dc.home_draw,latest_pre_match,2026-02-27 06:27:55.800620+00:00,2026-02-27 12:54:15.004420+00:00
19894,2026-03-01 14:00:00+00:00,T1,Samsunspor,Gaziantep,dc_x2,0.4712391389906452,2.1,0.47619047619047616,-0.004951337199830985,dc.draw_away,latest_pre_match,2026-02-27 06:27:55.800620+00:00,2026-02-27 12:54:15.004420+00:00
19894,2026-03-01 14:00:00+00:00,T1,Samsunspor,Gaziantep,dc_12,0.7419693143006674,1.25,0.8,-0.058030685699332674,dc.home_away,latest_pre_match,2026-02-27 06:27:55.800620+00:00,2026-02-27 12:54:15.004420+00:00
22028,2026-03-01 14:00:00+00:00,RO1,Din. Bucuresti,FC Arges,o15,0.6906339747049008,1.4,0.7142857142857143,-0.023651739580813458,ou_1_5.over,latest_pre_match,2026-02-27 06:27:53.508876+00:00,2026-02-27 12:54:15.004420+00:00
22028,2026-03-01 14:00:00+00:00,RO1,Din. Bucuresti,FC Arges,u15,0.30936602529509916,2.75,0.36363636363636365,-0.05427033834126449,ou_1_5.under,latest_pre_match,2026-02-27 06:27:53.508876+00:00,2026-02-27 12:54:15.004420+00:00
22028,2026-03-01 14:00:00+00:00,RO1,Din. Bucuresti,FC Arges,o25,0.4438438822866562,2.3,0.4347826086956522,0.009061273591004004,ou_2_5.over,latest_pre_match,2026-02-27 06:27:53.508876+00:00,2026-02-27 12:54:15.004420+00:00
22028,2026-03-01 14:00:00+00:00,RO1,Din. Bucuresti,FC Arges,u25,0.5561561177133437,1.6,0.625,-0.06884388228665628,ou_2_5.under,latest_pre_match,2026-02-27 06:27:53.508876+00:00,2026-02-27 12:54:15.004420+00:00
22028,2026-03-01 14:00:00+00:00,RO1,Din. Bucuresti,FC Arges,c85,0.5950875495360467,,,,corners_ou_8_5.over,,,2026-02-27 12:54:15.004420+00:00
22028,2026-03-01 14:00:00+00:00,RO1,Din. Bucuresti,FC Arges,btts,0.5220154892242919,2.2,0.45454545454545453,0.06747003467883733,btts.yes,latest_pre_match,2026-02-27 06:27:53.508876+00:00,2026-02-27 12:54:15.004420+00:00
22028,2026-03-01 14:00:00+00:00,RO1,Din. Bucuresti,FC Arges,1x2_h,0.5013229631527626,1.65,0.6060606060606061,-0.10473764290784349,1x2.home,latest_pre_match,2026-02-27 06:27:53.508876+00:00,2026-02-27 12:54:15.004420+00:00
22028,2026-03-01 14:00:00+00:00,RO1,Din. Bucuresti,FC Arges,1x2_d,0.2589713946177104,3.2,0.3125,-0.053528605382289596,1x2.draw,latest_pre_match,2026-02-27 06:27:53.508876+00:00,2026-02-27 12:54:15.004420+00:00
22028,2026-03-01 14:00:00+00:00,RO1,Din. Bucuresti,FC Arges,1x2_a,0.23099376268761895,5.25,0.19047619047619047,0.04051757221142849,1x2.away,latest_pre_match,2026-02-27 06:27:53.508876+00:00,2026-02-27 12:54:15.004420+00:00
22028,2026-03-01 14:00:00+00:00,RO1,Din. Bucuresti,FC Arges,dc_1x,0.769006237312381,1.1428571428571428,0.875,-0.10599376268761895,dc.home_draw,latest_pre_match,2026-02-27 06:27:53.508876+00:00,2026-02-27 12:54:15.004420+00:00
22028,2026-03-01 14:00:00+00:00,RO1,Din. Bucuresti,FC Arges,dc_x2,0.4986770368472373,2.1,0.47619047619047616,0.022486560656761134,dc.draw_away,latest_pre_match,2026-02-27 06:27:53.508876+00:00,2026-02-27 12:54:15.004420+00:00
22028,2026-03-01 14:00:00+00:00,RO1,Din. Bucuresti,FC Arges,dc_12,0.7419693143006674,1.3333333333333333,0.75,-0.00803068569933263,dc.home_away,latest_pre_match,2026-02-27 06:27:53.508876+00:00,2026-02-27 12:54:15.004420+00:00
5135,2026-03-01 14:15:00+00:00,SP1,Valencia,Osasuna,o15,0.7131479744071293,1.4,0.7142857142857143,-0.001137739878585009,ou_1_5.over,latest_pre_match,2026-02-27 06:27:58.313132+00:00,2026-02-27 12:54:15.004420+00:00
5135,2026-03-01 14:15:00+00:00,SP1,Valencia,Osasuna,u15,0.28702673285663,3.0,0.3333333333333333,-0.04630660047670332,ou_1_5.under,latest_pre_match,2026-02-27 06:27:58.313132+00:00,2026-02-27 12:54:15.004420+00:00
5135,2026-03-01 14:15:00+00:00,SP1,Valencia,Osasuna,o25,0.4905529468656462,2.2,0.45454545454545453,0.03600749232019168,ou_2_5.over,latest_pre_match,2026-02-27 06:27:58.313132+00:00,2026-02-27 12:54:15.004420+00:00
5135,2026-03-01 14:15:00+00:00,SP1,Valencia,Osasuna,u25,0.5094470531343538,1.6666666666666665,0.6000000000000001,-0.0905529468656463,ou_2_5.under,latest_pre_match,2026-02-27 06:27:58.313132+00:00,2026-02-27 12:54:15.004420+00:00
5135,2026-03-01 14:15:00+00:00,SP1,Valencia,Osasuna,c85,0.6021527044024795,,,,corners_ou_8_5.over,,,2026-02-27 12:54:15.004420+00:00
5135,2026-03-01 14:15:00+00:00,SP1,Valencia,Osasuna,btts,0.5511590039566575,1.9090909090909092,0.5238095238095238,0.027349480147133676,btts.yes,latest_pre_match,2026-02-27 06:27:58.313132+00:00,2026-02-27 12:54:15.004420+00:00
5135,2026-03-01 14:15:00+00:00,SP1,Valencia,Osasuna,1x2_h,0.45675707441617114,2.35,0.425531914893617,0.031225159522554113,1x2.home,latest_pre_match,2026-02-27 06:27:58.313132+00:00,2026-02-27 12:54:15.004420+00:00
5135,2026-03-01 14:15:00+00:00,SP1,Valencia,Osasuna,1x2_d,0.26984095983510165,3.2,0.3125,-0.042659040164898354,1x2.draw,latest_pre_match,2026-02-27 06:27:58.313132+00:00,2026-02-27 12:54:15.004420+00:00
5135,2026-03-01 14:15:00+00:00,SP1,Valencia,Osasuna,1x2_a,0.25037483266398924,3.25,0.3076923076923077,-0.057317475028318465,1x2.away,latest_pre_match,2026-02-27 06:27:58.313132+00:00,2026-02-27 12:54:15.004420+00:00
5135,2026-03-01 14:15:00+00:00,SP1,Valencia,Osasuna,dc_1x,0.7496251673360108,1.3333333333333333,0.75,-0.0003748326639891886,dc.home_draw,latest_pre_match,2026-02-27 06:27:58.313132+00:00,2026-02-27 12:54:15.004420+00:00
5135,2026-03-01 14:15:00+00:00,SP1,Valencia,Osasuna,dc_x2,0.5432429255838288,1.5714285714285714,0.6363636363636364,-0.09312071077980755,dc.draw_away,latest_pre_match,2026-02-27 06:27:58.313132+00:00,2026-02-27 12:54:15.004420+00:00
5135,2026-03-01 14:15:00+00:00,SP1,Valencia,Osasuna,dc_12,0.731221759820221,1.3636363636363638,0.7333333333333333,-0.002111573513112308,dc.home_away,latest_pre_match,2026-02-27 06:27:58.313132+00:00,2026-02-27 12:54:15.004420+00:00
5533,2026-03-01 14:15:00+00:00,SP2,Mirandes,Ceuta,o15,0.7019442000158879,1.3333333333333333,0.75,-0.048055799984112135,ou_1_5.over,latest_pre_match,2026-02-27 06:27:57.659809+00:00,2026-02-27 12:54:15.004420+00:00
5533,2026-03-01 14:15:00+00:00,SP2,Mirandes,Ceuta,u15,0.29805579998411214,3.25,0.3076923076923077,-0.009636507708195574,ou_1_5.under,latest_pre_match,2026-02-27 06:27:57.659809+00:00,2026-02-27 12:54:15.004420+00:00
5533,2026-03-01 14:15:00+00:00,SP2,Mirandes,Ceuta,o25,0.46704828595511344,2.1,0.47619047619047616,-0.009142190235362724,ou_2_5.over,latest_pre_match,2026-02-27 06:27:57.659809+00:00,2026-02-27 12:54:15.004420+00:00
5533,2026-03-01 14:15:00+00:00,SP2,Mirandes,Ceuta,u25,0.5329517140448865,1.7,0.5882352941176471,-0.055283580072760574,ou_2_5.under,latest_pre_match,2026-02-27 06:27:57.659809+00:00,2026-02-27 12:54:15.004420+00:00
5533,2026-03-01 14:15:00+00:00,SP2,Mirandes,Ceuta,c85,0.6148840600639782,1.7272727272727273,0.5789473684210527,0.03593669164292557,corners_ou_8_5.over,latest_pre_match,2026-02-27 06:27:57.659809+00:00,2026-02-27 12:54:15.004420+00:00
5533,2026-03-01 14:15:00+00:00,SP2,Mirandes,Ceuta,btts,0.5277820811061126,1.8333333333333335,0.5454545454545454,-0.017672464348432837,btts.yes,latest_pre_match,2026-02-27 06:27:57.659809+00:00,2026-02-27 12:54:15.004420+00:00
5533,2026-03-01 14:15:00+00:00,SP2,Mirandes,Ceuta,1x2_h,0.24957584180407597,2.45,0.4081632653061224,-0.15858742350204644,1x2.home,latest_pre_match,2026-02-27 06:27:57.659809+00:00,2026-02-27 12:54:15.004420+00:00
5533,2026-03-01 14:15:00+00:00,SP2,Mirandes,Ceuta,1x2_d,0.25689842612683145,3.2,0.3125,-0.05560157387316855,1x2.draw,latest_pre_match,2026-02-27 06:27:57.659809+00:00,2026-02-27 12:54:15.004420+00:00
5533,2026-03-01 14:15:00+00:00,SP2,Mirandes,Ceuta,1x2_a,0.45396647269109297,2.85,0.3508771929824561,0.10308927970863685,1x2.away,latest_pre_match,2026-02-27 06:27:57.659809+00:00,2026-02-27 12:54:15.004420+00:00
5533,2026-03-01 14:15:00+00:00,SP2,Mirandes,Ceuta,dc_1x,0.5460335273089071,1.4,0.7142857142857143,-0.16825218697680722,dc.home_draw,latest_pre_match,2026-02-27 06:27:57.659809+00:00,2026-02-27 12:54:15.004420+00:00
5533,2026-03-01 14:15:00+00:00,SP2,Mirandes,Ceuta,dc_x2,0.750424158195924,1.5,0.6666666666666666,0.08375749152925738,dc.draw_away,latest_pre_match,2026-02-27 06:27:57.659809+00:00,2026-02-27 12:54:15.004420+00:00
5533,2026-03-01 14:15:00+00:00,SP2,Mirandes,Ceuta,dc_12,0.7445665725623648,1.3636363636363638,0.7333333333333333,0.011233239229031522,dc.home_away,latest_pre_match,2026-02-27 06:27:57.659809+00:00,2026-02-27 12:54:15.004420+00:00
5534,2026-03-01 14:15:00+00:00,SP2,Gijon,Leganes,o15,0.7628071475359685,1.4,0.7142857142857143,0.04852143325025415,ou_1_5.over,latest_pre_match,2026-02-27 06:27:56.998374+00:00,2026-02-27 12:54:15.004420+00:00
5534,2026-03-01 14:15:00+00:00,SP2,Gijon,Leganes,u15,0.23719285246403157,2.75,0.36363636363636365,-0.12644351117233207,ou_1_5.under,latest_pre_match,2026-02-27 06:27:56.998374+00:00,2026-02-27 12:54:15.004420+00:00
5534,2026-03-01 14:15:00+00:00,SP2,Gijon,Leganes,o25,0.5004842362476906,2.25,0.4444444444444444,0.05603979180324614,ou_2_5.over,latest_pre_match,2026-02-27 06:27:56.998374+00:00,2026-02-27 12:54:15.004420+00:00
5534,2026-03-01 14:15:00+00:00,SP2,Gijon,Leganes,u25,0.4995157637523095,1.6153846153846154,0.6190476190476191,-0.11953185529530957,ou_2_5.under,latest_pre_match,2026-02-27 06:27:56.998374+00:00,2026-02-27 12:54:15.004420+00:00
5534,2026-03-01 14:15:00+00:00,SP2,Gijon,Leganes,c85,0.6373952893820714,,,,corners_ou_8_5.over,,,2026-02-27 12:54:15.004420+00:00
5534,2026-03-01 14:15:00+00:00,SP2,Gijon,Leganes,btts,0.5085520100858988,2.0,0.5,0.008552010085898787,btts.yes,latest_pre_match,2026-02-27 06:27:56.998374+00:00,2026-02-27 12:54:15.004420+00:00
5534,2026-03-01 14:15:00+00:00,SP2,Gijon,Leganes,1x2_h,0.5164438055101518,2.01,0.49751243781094534,0.018931367699206447,1x2.home,latest_pre_match,2026-02-27 06:27:56.998374+00:00,2026-02-27 12:54:15.004420+00:00
5534,2026-03-01 14:15:00+00:00,SP2,Gijon,Leganes,1x2_d,0.25689842612683145,3.3,0.30303030303030304,-0.04613187690347159,1x2.draw,latest_pre_match,2026-02-27 06:27:56.998374+00:00,2026-02-27 12:54:15.004420+00:00
5534,2026-03-01 14:15:00+00:00,SP2,Gijon,Leganes,1x2_a,0.2704812539576806,3.7,0.27027027027027023,0.00021098368741034879,1x2.away,latest_pre_match,2026-02-27 06:27:56.998374+00:00,2026-02-27 12:54:15.004420+00:00
5534,2026-03-01 14:15:00+00:00,SP2,Gijon,Leganes,dc_1x,0.7295187460423195,1.2857142857142856,0.7777777777777779,-0.048259031735458424,dc.home_draw,latest_pre_match,2026-02-27 06:27:56.998374+00:00,2026-02-27 12:54:15.004420+00:00
5534,2026-03-01 14:15:00+00:00,SP2,Gijon,Leganes,dc_x2,0.48355619448984816,1.7272727272727273,0.5789473684210527,-0.0953911739312045,dc.draw_away,latest_pre_match,2026-02-27 06:27:56.998374+00:00,2026-02-27 12:54:15.004420+00:00
5534,2026-03-01 14:15:00+00:00,SP2,Gijon,Leganes,dc_12,0.7469775699327089,1.3333333333333333,0.75,-0.003022430067291082,dc.home_away,latest_pre_match,2026-02-27 06:27:56.998374+00:00,2026-02-27 12:54:15.004420+00:00
22439,2026-03-01 14:30:00+00:00,CH1,Young Boys,Zurich,o15,0.8087472469051417,1.125,0.8888888888888888,-0.08014164198374718,ou_1_5.over,latest_pre_match,2026-02-27 04:48:38.781018+00:00,2026-02-27 12:54:15.004420+00:00
22439,2026-03-01 14:30:00+00:00,CH1,Young Boys,Zurich,u15,0.19125275309485837,6.0,0.16666666666666666,0.02458608642819171,ou_1_5.under,latest_pre_match,2026-02-27 04:48:38.781018+00:00,2026-02-27 12:54:15.004420+00:00
22439,2026-03-01 14:30:00+00:00,CH1,Young Boys,Zurich,o25,0.5513705288430167,1.4444444444444444,0.6923076923076923,-0.14093716346467555,ou_2_5.over,latest_pre_match,2026-02-27 04:48:38.781018+00:00,2026-02-27 12:54:15.004420+00:00
22439,2026-03-01 14:30:00+00:00,CH1,Young Boys,Zurich,u25,0.4507252589670569,2.7,0.37037037037037035,0.08035488859668655,ou_2_5.under,latest_pre_match,2026-02-27 04:48:38.781018+00:00,2026-02-27 12:54:15.004420+00:00
22439,2026-03-01 14:30:00+00:00,CH1,Young Boys,Zurich,c85,0.6330271324477649,,,,corners_ou_8_5.over,,,2026-02-27 12:54:15.004420+00:00
22439,2026-03-01 14:30:00+00:00,CH1,Young Boys,Zurich,btts,0.5723536821415561,1.5,0.6666666666666666,-0.0943129845251105,btts.yes,latest_pre_match,2026-02-27 04:48:38.781018+00:00,2026-02-27 12:54:15.004420+00:00
22439,2026-03-01 14:30:00+00:00,CH1,Young Boys,Zurich,1x2_h,0.6058176649221426,1.53,0.6535947712418301,-0.04777710631968746,1x2.home,latest_pre_match,2026-02-27 04:48:38.781018+00:00,2026-02-27 12:54:15.004420+00:00
22439,2026-03-01 14:30:00+00:00,CH1,Young Boys,Zurich,1x2_d,0.2284272115778859,4.333333333333334,0.23076923076923073,-0.0023420191913448296,1x2.draw,latest_pre_match,2026-02-27 04:48:38.781018+00:00,2026-02-27 12:54:15.004420+00:00
22439,2026-03-01 14:30:00+00:00,CH1,Young Boys,Zurich,1x2_a,0.1810522422197827,5.0,0.2,-0.018947757780217317,1x2.away,latest_pre_match,2026-02-27 04:48:38.781018+00:00,2026-02-27 12:54:15.004420+00:00
22439,2026-03-01 14:30:00+00:00,CH1,Young Boys,Zurich,dc_1x,0.8189477577802172,1.1666666666666667,0.8571428571428571,-0.03819509936263987,dc.home_draw,latest_pre_match,2026-02-27 04:48:38.781018+00:00,2026-02-27 12:54:15.004420+00:00
22439,2026-03-01 14:30:00+00:00,CH1,Young Boys,Zurich,dc_x2,0.3941823350778575,2.3,0.4347826086956522,-0.040600273617794724,dc.draw_away,latest_pre_match,2026-02-27 04:48:38.781018+00:00,2026-02-27 12:54:15.004420+00:00
22439,2026-03-01 14:30:00+00:00,CH1,Young Boys,Zurich,dc_12,0.7747969297265072,1.2,0.8333333333333334,-0.058536403606826215,dc.home_away,latest_pre_match,2026-02-27 04:48:38.781018+00:00,2026-02-27 12:54:15.004420+00:00
22440,2026-03-01 14:30:00+00:00,CH1,Grasshoppers,Lugano,o15,0.7467514391885071,1.25,0.8,-0.053248560811492984,ou_1_5.over,latest_pre_match,2026-02-27 04:48:39.581225+00:00,2026-02-27 12:54:15.004420+00:00
22440,2026-03-01 14:30:00+00:00,CH1,Grasshoppers,Lugano,u15,0.2534232680752521,3.75,0.26666666666666666,-0.013243398591414546,ou_1_5.under,latest_pre_match,2026-02-27 04:48:39.581225+00:00,2026-02-27 12:54:15.004420+00:00
22440,2026-03-01 14:30:00+00:00,CH1,Grasshoppers,Lugano,o25,0.5691950768280779,1.85,0.5405405405405405,0.028654536287537447,ou_2_5.over,latest_pre_match,2026-02-27 04:48:39.581225+00:00,2026-02-27 12:54:15.004420+00:00
22440,2026-03-01 14:30:00+00:00,CH1,Grasshoppers,Lugano,u25,0.43080492317192204,1.95,0.5128205128205129,-0.08201558964859085,ou_2_5.under,latest_pre_match,2026-02-27 04:48:39.581225+00:00,2026-02-27 12:54:15.004420+00:00
22440,2026-03-01 14:30:00+00:00,CH1,Grasshoppers,Lugano,c85,0.6330271324477649,,,,corners_ou_8_5.over,,,2026-02-27 12:54:15.004420+00:00
22440,2026-03-01 14:30:00+00:00,CH1,Grasshoppers,Lugano,btts,0.5762563451351282,1.6666666666666665,0.6000000000000001,-0.023743654864871844,btts.yes,latest_pre_match,2026-02-27 04:48:39.581225+00:00,2026-02-27 12:54:15.004420+00:00
22440,2026-03-01 14:30:00+00:00,CH1,Grasshoppers,Lugano,1x2_h,0.41772248859820044,3.4,0.29411764705882354,0.1236048415393769,1x2.home,latest_pre_match,2026-02-27 04:48:39.581225+00:00,2026-02-27 12:54:15.004420+00:00
22440,2026-03-01 14:30:00+00:00,CH1,Grasshoppers,Lugano,1x2_d,0.2386128311064313,3.5,0.2857142857142857,-0.04710145460785439,1x2.draw,latest_pre_match,2026-02-27 04:48:39.581225+00:00,2026-02-27 12:54:15.004420+00:00
22440,2026-03-01 14:30:00+00:00,CH1,Grasshoppers,Lugano,1x2_a,0.3483543906034006,2.01,0.49751243781094534,-0.14915804720754472,1x2.away,latest_pre_match,2026-02-27 04:48:39.581225+00:00,2026-02-27 12:54:15.004420+00:00
22440,2026-03-01 14:30:00+00:00,CH1,Grasshoppers,Lugano,dc_1x,0.6516456093965994,1.7272727272727273,0.5789473684210527,0.07269824097554678,dc.home_draw,latest_pre_match,2026-02-27 04:48:39.581225+00:00,2026-02-27 12:54:15.004420+00:00
22440,2026-03-01 14:30:00+00:00,CH1,Grasshoppers,Lugano,dc_x2,0.5822775114017988,1.3,0.7692307692307692,-0.18695325782897032,dc.draw_away,latest_pre_match,2026-02-27 04:48:39.581225+00:00,2026-02-27 12:54:15.004420+00:00
22440,2026-03-01 14:30:00+00:00,CH1,Grasshoppers,Lugano,dc_12,0.75799438590002,1.2857142857142856,0.7777777777777779,-0.019783391877757905,dc.home_away,latest_pre_match,2026-02-27 04:48:39.581225+00:00,2026-02-27 12:54:15.004420+00:00
19058,2026-03-01 14:45:00+00:00,N1,Utrecht,AZ Alkmaar,o15,0.8888275439000076,1.2,0.8333333333333334,0.05549421056667425,ou_1_5.over,latest_pre_match,2026-02-27 04:48:40.326093+00:00,2026-02-27 12:54:15.004420+00:00
19058,2026-03-01 14:45:00+00:00,N1,Utrecht,AZ Alkmaar,u15,0.11117245609999232,4.333333333333334,0.23076923076923073,-0.1195967746692384,ou_1_5.under,latest_pre_match,2026-02-27 04:48:40.326093+00:00,2026-02-27 12:54:15.004420+00:00
19058,2026-03-01 14:45:00+00:00,N1,Utrecht,AZ Alkmaar,o25,0.6708959243521454,1.7,0.5882352941176471,0.08266063023449832,ou_2_5.over,latest_pre_match,2026-02-27 04:48:40.326093+00:00,2026-02-27 12:54:15.004420+00:00
19058,2026-03-01 14:45:00+00:00,N1,Utrecht,AZ Alkmaar,u25,0.331199863457928,2.1,0.47619047619047616,-0.14499061273254815,ou_2_5.under,latest_pre_match,2026-02-27 04:48:40.326093+00:00,2026-02-27 12:54:15.004420+00:00
19058,2026-03-01 14:45:00+00:00,N1,Utrecht,AZ Alkmaar,c85,0.6285043032391121,,,,corners_ou_8_5.over,,,2026-02-27 12:54:15.004420+00:00
19058,2026-03-01 14:45:00+00:00,N1,Utrecht,AZ Alkmaar,btts,0.5913726242048956,1.5714285714285714,0.6363636363636364,-0.044991012158740795,btts.yes,latest_pre_match,2026-02-27 04:48:40.326093+00:00,2026-02-27 12:54:15.004420+00:00
19058,2026-03-01 14:45:00+00:00,N1,Utrecht,AZ Alkmaar,1x2_h,0.47515659685507755,2.2,0.45454545454545453,0.02061114230962302,1x2.home,latest_pre_match,2026-02-27 04:48:40.326093+00:00,2026-02-27 12:54:15.004420+00:00
19058,2026-03-01 14:45:00+00:00,N1,Utrecht,AZ Alkmaar,1x2_d,0.21611177305301688,3.6,0.2777777777777778,-0.061666004724760914,1x2.draw,latest_pre_match,2026-02-27 04:48:40.326093+00:00,2026-02-27 12:54:15.004420+00:00
19058,2026-03-01 14:45:00+00:00,N1,Utrecht,AZ Alkmaar,1x2_a,0.32546465124205776,3.1,0.3225806451612903,0.002884006080767443,1x2.away,latest_pre_match,2026-02-27 04:48:40.326093+00:00,2026-02-27 12:54:15.004420+00:00
19058,2026-03-01 14:45:00+00:00,N1,Utrecht,AZ Alkmaar,dc_1x,0.6745353487579422,1.3636363636363638,0.7333333333333333,-0.05879798457539109,dc.home_draw,latest_pre_match,2026-02-27 04:48:40.326093+00:00,2026-02-27 12:54:15.004420+00:00
19058,2026-03-01 14:45:00+00:00,N1,Utrecht,AZ Alkmaar,dc_x2,0.5248434031449225,1.6666666666666665,0.6000000000000001,-0.07515659685507758,dc.draw_away,latest_pre_match,2026-02-27 04:48:40.326093+00:00,2026-02-27 12:54:15.004420+00:00
19058,2026-03-01 14:45:00+00:00,N1,Utrecht,AZ Alkmaar,dc_12,0.78736194397265,1.2857142857142856,0.7777777777777779,0.009584166194872124,dc.home_away,latest_pre_match,2026-02-27 04:48:40.326093+00:00,2026-02-27 12:54:15.004420+00:00
20142,2026-03-01 15:00:00+00:00,G1,PAOK,Asteras Tripolis,o15,0.7439395317611361,1.2222222222222223,0.8181818181818181,-0.07424228642068198,ou_1_5.over,latest_pre_match,2026-02-27 04:48:44.732892+00:00,2026-02-27 12:54:15.004420+00:00
20142,2026-03-01 15:00:00+00:00,G1,PAOK,Asteras Tripolis,u15,0.2560604682388638,4.0,0.25,0.006060468238863803,ou_1_5.under,latest_pre_match,2026-02-27 04:48:44.732892+00:00,2026-02-27 12:54:15.004420+00:00
20142,2026-03-01 15:00:00+00:00,G1,PAOK,Asteras Tripolis,o25,0.5007050035867455,1.7,0.5882352941176471,-0.08753029053090156,ou_2_5.over,latest_pre_match,2026-02-27 04:48:44.732892+00:00,2026-02-27 12:54:15.004420+00:00
20142,2026-03-01 15:00:00+00:00,G1,PAOK,Asteras Tripolis,u25,0.4992949964132544,2.1,0.47619047619047616,0.023104520222778258,ou_2_5.under,latest_pre_match,2026-02-27 04:48:44.732892+00:00,2026-02-27 12:54:15.004420+00:00
20142,2026-03-01 15:00:00+00:00,G1,PAOK,Asteras Tripolis,c85,0.5850072429642431,1.6666666666666665,0.6000000000000001,-0.014992757035756976,corners_ou_8_5.over,latest_pre_match,2026-02-27 04:48:44.732892+00:00,2026-02-27 12:54:15.004420+00:00
20142,2026-03-01 15:00:00+00:00,G1,PAOK,Asteras Tripolis,btts,0.4827234353198162,2.2,0.45454545454545453,0.028177980774361677,btts.yes,latest_pre_match,2026-02-27 04:48:44.732892+00:00,2026-02-27 12:54:15.004420+00:00
20142,2026-03-01 15:00:00+00:00,G1,PAOK,Asteras Tripolis,1x2_h,0.6249968618741853,1.27,0.7874015748031495,-0.1624047129289642,1x2.home,latest_pre_match,2026-02-27 04:48:44.732892+00:00,2026-02-27 12:54:15.004420+00:00
20142,2026-03-01 15:00:00+00:00,G1,PAOK,Asteras Tripolis,1x2_d,0.22977667399998492,5.5,0.18181818181818182,0.04795849218180309,1x2.draw,latest_pre_match,2026-02-27 04:48:44.732892+00:00,2026-02-27 12:54:15.004420+00:00
20142,2026-03-01 15:00:00+00:00,G1,PAOK,Asteras Tripolis,1x2_a,0.21580106330481097,9.0,0.1111111111111111,0.10468995219369986,1x2.away,latest_pre_match,2026-02-27 04:48:44.732892+00:00,2026-02-27 12:54:15.004420+00:00
20142,2026-03-01 15:00:00+00:00,G1,PAOK,Asteras Tripolis,dc_1x,0.784198936695189,1.0714285714285714,0.9333333333333333,-0.14913439663814432,dc.home_draw,latest_pre_match,2026-02-27 04:48:44.732892+00:00,2026-02-27 12:54:15.004420+00:00
20142,2026-03-01 15:00:00+00:00,G1,PAOK,Asteras Tripolis,dc_x2,0.3750031381258147,3.4,0.29411764705882354,0.08088549106699117,dc.draw_away,latest_pre_match,2026-02-27 04:48:44.732892+00:00,2026-02-27 12:54:15.004420+00:00
20142,2026-03-01 15:00:00+00:00,G1,PAOK,Asteras Tripolis,dc_12,0.7667085322695216,1.1428571428571428,0.875,-0.10829146773047837,dc.home_away,latest_pre_match,2026-02-27 04:48:44.732892+00:00,2026-02-27 12:54:15.004420+00:00
20287,2026-03-01 15:00:00+00:00,AT1,BW Linz,Tirol,o15,0.7675690522978732,1.4,0.7142857142857143,0.0532833380121589,ou_1_5.over,latest_pre_match,2026-02-27 04:48:41.862755+00:00,2026-02-27 12:54:15.004420+00:00
20287,2026-03-01 15:00:00+00:00,AT1,BW Linz,Tirol,u15,0.23243094770212683,2.75,0.36363636363636365,-0.13120541593423682,ou_1_5.under,latest_pre_match,2026-02-27 04:48:41.862755+00:00,2026-02-27 12:54:15.004420+00:00
20287,2026-03-01 15:00:00+00:00,AT1,BW Linz,Tirol,o25,0.5015576500870619,2.25,0.4444444444444444,0.05711320564261746,ou_2_5.over,latest_pre_match,2026-02-27 04:48:41.862755+00:00,2026-02-27 12:54:15.004420+00:00
20287,2026-03-01 15:00:00+00:00,AT1,BW Linz,Tirol,u25,0.4984423499129382,1.6153846153846154,0.6190476190476191,-0.12060526913468089,ou_2_5.under,latest_pre_match,2026-02-27 04:48:41.862755+00:00,2026-02-27 12:54:15.004420+00:00
20287,2026-03-01 15:00:00+00:00,AT1,BW Linz,Tirol,c85,0.6072154708157133,,,,corners_ou_8_5.over,,,2026-02-27 12:54:15.004420+00:00
20287,2026-03-01 15:00:00+00:00,AT1,BW Linz,Tirol,btts,0.5331096101276714,1.95,0.5128205128205129,0.020289097307158555,btts.yes,latest_pre_match,2026-02-27 04:48:41.862755+00:00,2026-02-27 12:54:15.004420+00:00
20287,2026-03-01 15:00:00+00:00,AT1,BW Linz,Tirol,1x2_h,0.4152666499470232,2.3,0.4347826086956522,-0.019515958748628992,1x2.home,latest_pre_match,2026-02-27 04:48:41.862755+00:00,2026-02-27 12:54:15.004420+00:00
20287,2026-03-01 15:00:00+00:00,AT1,BW Linz,Tirol,1x2_d,0.2507554321763958,3.2,0.3125,-0.06174456782360421,1x2.draw,latest_pre_match,2026-02-27 04:48:41.862755+00:00,2026-02-27 12:54:15.004420+00:00
20287,2026-03-01 15:00:00+00:00,AT1,BW Linz,Tirol,1x2_a,0.32193842151787866,3.1,0.3225806451612903,-0.0006422236434116546,1x2.away,latest_pre_match,2026-02-27 04:48:41.862755+00:00,2026-02-27 12:54:15.004420+00:00
20287,2026-03-01 15:00:00+00:00,AT1,BW Linz,Tirol,dc_1x,0.6780615784821213,1.3636363636363638,0.7333333333333333,-0.05527175485121194,dc.home_draw,latest_pre_match,2026-02-27 04:48:41.862755+00:00,2026-02-27 12:54:15.004420+00:00
20287,2026-03-01 15:00:00+00:00,AT1,BW Linz,Tirol,dc_x2,0.5847333500529768,1.5714285714285714,0.6363636363636364,-0.05163028631065958,dc.draw_away,latest_pre_match,2026-02-27 04:48:41.862755+00:00,2026-02-27 12:54:15.004420+00:00
20287,2026-03-01 15:00:00+00:00,AT1,BW Linz,Tirol,dc_12,0.7503072874789268,1.3636363636363638,0.7333333333333333,0.01697395414559355,dc.home_away,latest_pre_match,2026-02-27 04:48:41.862755+00:00,2026-02-27 12:54:15.004420+00:00
20288,2026-03-01 15:00:00+00:00,AT1,Wolfsberger AC,Sturm Graz,o15,0.8075814204872062,1.25,0.8,0.007581420487206114,ou_1_5.over,latest_pre_match,2026-02-27 04:48:42.612298+00:00,2026-02-27 12:54:15.004420+00:00
20288,2026-03-01 15:00:00+00:00,AT1,Wolfsberger AC,Sturm Graz,u15,0.19241857951279392,3.75,0.26666666666666666,-0.07424808715387274,ou_1_5.under,latest_pre_match,2026-02-27 04:48:42.612298+00:00,2026-02-27 12:54:15.004420+00:00
20288,2026-03-01 15:00:00+00:00,AT1,Wolfsberger AC,Sturm Graz,o25,0.5600927039329048,1.85,0.5405405405405405,0.01955216339236432,ou_2_5.over,latest_pre_match,2026-02-27 04:48:42.612298+00:00,2026-02-27 12:54:15.004420+00:00
20288,2026-03-01 15:00:00+00:00,AT1,Wolfsberger AC,Sturm Graz,u25,0.44200308387716875,1.95,0.5128205128205129,-0.07081742894334414,ou_2_5.under,latest_pre_match,2026-02-27 04:48:42.612298+00:00,2026-02-27 12:54:15.004420+00:00
20288,2026-03-01 15:00:00+00:00,AT1,Wolfsberger AC,Sturm Graz,c85,0.6294858221629595,,,,corners_ou_8_5.over,,,2026-02-27 12:54:15.004420+00:00
20288,2026-03-01 15:00:00+00:00,AT1,Wolfsberger AC,Sturm Graz,btts,0.5762563451351282,1.6666666666666665,0.6000000000000001,-0.023743654864871844,btts.yes,latest_pre_match,2026-02-27 04:48:42.612298+00:00,2026-02-27 12:54:15.004420+00:00
20288,2026-03-01 15:00:00+00:00,AT1,Wolfsberger AC,Sturm Graz,1x2_h,0.26825891311872624,2.4,0.4166666666666667,-0.14840775354794045,1x2.home,latest_pre_match,2026-02-27 04:48:42.612298+00:00,2026-02-27 12:54:15.004420+00:00
20288,2026-03-01 15:00:00+00:00,AT1,Wolfsberger AC,Sturm Graz,1x2_d,0.22950031687634329,3.3,0.30303030303030304,-0.07352998615395975,1x2.draw,latest_pre_match,2026-02-27 04:48:42.612298+00:00,2026-02-27 12:54:15.004420+00:00
20288,2026-03-01 15:00:00+00:00,AT1,Wolfsberger AC,Sturm Graz,1x2_a,0.5223425410671613,2.75,0.36363636363636365,0.15870617743079762,1x2.away,latest_pre_match,2026-02-27 04:48:42.612298+00:00,2026-02-27 12:54:15.004420+00:00
20288,2026-03-01 15:00:00+00:00,AT1,Wolfsberger AC,Sturm Graz,dc_1x,0.4776574589328387,1.4,0.7142857142857143,-0.23662825535287563,dc.home_draw,latest_pre_match,2026-02-27 04:48:42.612298+00:00,2026-02-27 12:54:15.004420+00:00
20288,2026-03-01 15:00:00+00:00,AT1,Wolfsberger AC,Sturm Graz,dc_x2,0.7317410868812738,1.5,0.6666666666666666,0.06507442021460719,dc.draw_away,latest_pre_match,2026-02-27 04:48:42.612298+00:00,2026-02-27 12:54:15.004420+00:00
20288,2026-03-01 15:00:00+00:00,AT1,Wolfsberger AC,Sturm Graz,dc_12,0.7715624027789795,1.3333333333333333,0.75,0.021562402778979473,dc.home_away,latest_pre_match,2026-02-27 04:48:42.612298+00:00,2026-02-27 12:54:15.004420+00:00
20289,2026-03-01 15:00:00+00:00,AT1,Altach,SK Rapid,o15,0.7137104041034172,1.4,0.7142857142857143,-0.0005753101822970619,ou_1_5.over,latest_pre_match,2026-02-27 04:48:43.354004+00:00,2026-02-27 12:54:15.004420+00:00
20289,2026-03-01 15:00:00+00:00,AT1,Altach,SK Rapid,u15,0.28702673285663,2.75,0.36363636363636365,-0.07660963077973365,ou_1_5.under,latest_pre_match,2026-02-27 04:48:43.354004+00:00,2026-02-27 12:54:15.004420+00:00
20289,2026-03-01 15:00:00+00:00,AT1,Altach,SK Rapid,o25,0.4936211421505539,2.25,0.4444444444444444,0.049176697706109496,ou_2_5.over,latest_pre_match,2026-02-27 04:48:43.354004+00:00,2026-02-27 12:54:15.004420+00:00
20289,2026-03-01 15:00:00+00:00,AT1,Altach,SK Rapid,u25,0.506378857849446,1.6153846153846154,0.6190476190476191,-0.11266876119817304,ou_2_5.under,latest_pre_match,2026-02-27 04:48:43.354004+00:00,2026-02-27 12:54:15.004420+00:00
20289,2026-03-01 15:00:00+00:00,AT1,Altach,SK Rapid,c85,0.6314441266442934,,,,corners_ou_8_5.over,,,2026-02-27 12:54:15.004420+00:00
20289,2026-03-01 15:00:00+00:00,AT1,Altach,SK Rapid,btts,0.5085520100858988,1.95,0.5128205128205129,-0.004268502734614099,btts.yes,latest_pre_match,2026-02-27 04:48:43.354004+00:00,2026-02-27 12:54:15.004420+00:00
20289,2026-03-01 15:00:00+00:00,AT1,Altach,SK Rapid,1x2_h,0.4068399776974681,3.0,0.3333333333333333,0.07350664436413479,1x2.home,latest_pre_match,2026-02-27 04:48:43.354004+00:00,2026-02-27 12:54:15.004420+00:00
20289,2026-03-01 15:00:00+00:00,AT1,Altach,SK Rapid,1x2_d,0.23664317401920046,3.2,0.3125,-0.07585682598079954,1x2.draw,latest_pre_match,2026-02-27 04:48:43.354004+00:00,2026-02-27 12:54:15.004420+00:00
20289,2026-03-01 15:00:00+00:00,AT1,Altach,SK Rapid,1x2_a,0.35245071632336095,2.35,0.425531914893617,-0.07308119857025608,1x2.away,latest_pre_match,2026-02-27 04:48:43.354004+00:00,2026-02-27 12:54:15.004420+00:00
20289,2026-03-01 15:00:00+00:00,AT1,Altach,SK Rapid,dc_1x,0.6475492836766391,1.5333333333333332,0.6521739130434783,-0.004624629366839161,dc.home_draw,latest_pre_match,2026-02-27 04:48:43.354004+00:00,2026-02-27 12:54:15.004420+00:00
20289,2026-03-01 15:00:00+00:00,AT1,Altach,SK Rapid,dc_x2,0.5931600223025318,1.3636363636363638,0.7333333333333333,-0.14017331103080144,dc.draw_away,latest_pre_match,2026-02-27 04:48:43.354004+00:00,2026-02-27 12:54:15.004420+00:00
20289,2026-03-01 15:00:00+00:00,AT1,Altach,SK Rapid,dc_12,0.7642975348991774,1.3636363636363638,0.7333333333333333,0.03096420156584412,dc.home_away,latest_pre_match,2026-02-27 04:48:43.354004+00:00,2026-02-27 12:54:15.004420+00:00
20290,2026-03-01 15:00:00+00:00,AT1,Salzburg,Hartberg,o15,0.7628071475359685,1.1666666666666667,0.8571428571428571,-0.09433570960688864,ou_1_5.over,latest_pre_match,2026-02-27 04:48:46.175654+00:00,2026-02-27 12:54:15.004420+00:00
20290,2026-03-01 15:00:00+00:00,AT1,Salzburg,Hartberg,u15,0.23719285246403157,5.0,0.2,0.03719285246403156,ou_1_5.under,latest_pre_match,2026-02-27 04:48:46.175654+00:00,2026-02-27 12:54:15.004420+00:00
20290,2026-03-01 15:00:00+00:00,AT1,Salzburg,Hartberg,o25,0.5417995140550911,1.5714285714285714,0.6363636363636364,-0.09456412230854527,ou_2_5.over,latest_pre_match,2026-02-27 04:48:46.175654+00:00,2026-02-27 12:54:15.004420+00:00
20290,2026-03-01 15:00:00+00:00,AT1,Salzburg,Hartberg,u25,0.4581641225495785,2.35,0.425531914893617,0.032632207655961476,ou_2_5.under,latest_pre_match,2026-02-27 04:48:46.175654+00:00,2026-02-27 12:54:15.004420+00:00
20290,2026-03-01 15:00:00+00:00,AT1,Salzburg,Hartberg,c85,0.57694447715226,,,,corners_ou_8_5.over,,,2026-02-27 12:54:15.004420+00:00
20290,2026-03-01 15:00:00+00:00,AT1,Salzburg,Hartberg,btts,0.5458314749350986,1.75,0.5714285714285714,-0.02559709649347275,btts.yes,latest_pre_match,2026-02-27 04:48:46.175654+00:00,2026-02-27 12:54:15.004420+00:00
20290,2026-03-01 15:00:00+00:00,AT1,Salzburg,Hartberg,1x2_h,0.6360096951141727,1.42,0.7042253521126761,-0.0682156569985034,1x2.home,latest_pre_match,2026-02-27 04:48:46.175654+00:00,2026-02-27 12:54:15.004420+00:00
20290,2026-03-01 15:00:00+00:00,AT1,Salzburg,Hartberg,1x2_d,0.21221885029910204,4.75,0.21052631578947367,0.0016925345096283628,1x2.draw,latest_pre_match,2026-02-27 04:48:46.175654+00:00,2026-02-27 12:54:15.004420+00:00
20290,2026-03-01 15:00:00+00:00,AT1,Salzburg,Hartberg,1x2_a,0.18262876744782286,6.25,0.16,0.022628767447822856,1x2.away,latest_pre_match,2026-02-27 04:48:46.175654+00:00,2026-02-27 12:54:15.004420+00:00
20290,2026-03-01 15:00:00+00:00,AT1,Salzburg,Hartberg,dc_1x,0.8173712325521771,1.125,0.8888888888888888,-0.0715176563367117,dc.home_draw,latest_pre_match,2026-02-27 04:48:46.175654+00:00,2026-02-27 12:54:15.004420+00:00
20290,2026-03-01 15:00:00+00:00,AT1,Salzburg,Hartberg,dc_x2,0.3639903048858273,2.625,0.38095238095238093,-0.016962076066553644,dc.draw_away,latest_pre_match,2026-02-27 04:48:46.175654+00:00,2026-02-27 12:54:15.004420+00:00
20290,2026-03-01 15:00:00+00:00,AT1,Salzburg,Hartberg,dc_12,0.7888438693562208,1.1818181818181819,0.8461538461538461,-0.057309976797625395,dc.home_away,latest_pre_match,2026-02-27 04:48:46.175654+00:00,2026-02-27 12:54:15.004420+00:00
20291,2026-03-01 15:00:00+00:00,AT1,Grazer AK,Ried,o15,0.7572250484548816,1.4,0.7142857142857143,0.04293933416916729,ou_1_5.over,latest_pre_match,2026-02-27 04:48:45.501988+00:00,2026-02-27 12:54:15.004420+00:00
20291,2026-03-01 15:00:00+00:00,AT1,Grazer AK,Ried,u15,0.24277495154511838,2.75,0.36363636363636365,-0.12086141209124526,ou_1_5.under,latest_pre_match,2026-02-27 04:48:45.501988+00:00,2026-02-27 12:54:15.004420+00:00
20291,2026-03-01 15:00:00+00:00,AT1,Grazer AK,Ried,o25,0.5500207139718718,2.3,0.4347826086956522,0.11523810527621958,ou_2_5.over,latest_pre_match,2026-02-27 04:48:45.501988+00:00,2026-02-27 12:54:15.004420+00:00
20291,2026-03-01 15:00:00+00:00,AT1,Grazer AK,Ried,u25,0.4499792860281282,1.6,0.625,-0.1750207139718718,ou_2_5.under,latest_pre_match,2026-02-27 04:48:45.501988+00:00,2026-02-27 12:54:15.004420+00:00
20291,2026-03-01 15:00:00+00:00,AT1,Grazer AK,Ried,c85,0.6133010542605067,1.6666666666666665,0.6000000000000001,0.01330105426050665,corners_ou_8_5.over,latest_pre_match,2026-02-27 04:48:45.501988+00:00,2026-02-27 12:54:15.004420+00:00
20291,2026-03-01 15:00:00+00:00,AT1,Grazer AK,Ried,btts,0.5524101517987146,2.0,0.5,0.052410151798714555,btts.yes,latest_pre_match,2026-02-27 04:48:45.501988+00:00,2026-02-27 12:54:15.004420+00:00
20291,2026-03-01 15:00:00+00:00,AT1,Grazer AK,Ried,1x2_h,0.3372271390328694,3.0,0.3333333333333333,0.003893805699536068,1x2.home,latest_pre_match,2026-02-27 04:48:45.501988+00:00,2026-02-27 12:54:15.004420+00:00
20291,2026-03-01 15:00:00+00:00,AT1,Grazer AK,Ried,1x2_d,0.25689842612683145,3.4,0.29411764705882354,-0.03721922093199209,1x2.draw,latest_pre_match,2026-02-27 04:48:45.501988+00:00,2026-02-27 12:54:15.004420+00:00
20291,2026-03-01 15:00:00+00:00,AT1,Grazer AK,Ried,1x2_a,0.39938603456003513,2.25,0.4444444444444444,-0.04505840988440929,1x2.away,latest_pre_match,2026-02-27 04:48:45.501988+00:00,2026-02-27 12:54:15.004420+00:00
20291,2026-03-01 15:00:00+00:00,AT1,Grazer AK,Ried,dc_1x,0.6006139654399648,1.5714285714285714,0.6363636363636364,-0.03574967092367154,dc.home_draw,latest_pre_match,2026-02-27 04:48:45.501988+00:00,2026-02-27 12:54:15.004420+00:00
20291,2026-03-01 15:00:00+00:00,AT1,Grazer AK,Ried,dc_x2,0.6627728609671305,1.3636363636363638,0.7333333333333333,-0.07056047236620278,dc.draw_away,latest_pre_match,2026-02-27 04:48:45.501988+00:00,2026-02-27 12:54:15.004420+00:00
20291,2026-03-01 15:00:00+00:00,AT1,Grazer AK,Ried,dc_12,0.7445665725623648,1.3,0.7692307692307692,-0.02466419666840436,dc.home_away,latest_pre_match,2026-02-27 04:48:45.501988+00:00,2026-02-27 12:54:15.004420+00:00
20292,2026-03-01 15:00:00+00:00,AT1,Austria Vienna,LASK,o15,0.7908285132362595,1.3,0.7692307692307692,0.021597744005490305,ou_1_5.over,latest_pre_match,2026-02-27 04:48:41.084115+00:00,2026-02-27 12:54:15.004420+00:00
20292,2026-03-01 15:00:00+00:00,AT1,Austria Vienna,LASK,u15,0.20917148676374053,3.4,0.29411764705882354,-0.084946160295083,ou_1_5.under,latest_pre_match,2026-02-27 04:48:41.084115+00:00,2026-02-27 12:54:15.004420+00:00
20292,2026-03-01 15:00:00+00:00,AT1,Austria Vienna,LASK,o25,0.5162731565607704,2.05,0.48780487804878053,0.02846827851198991,ou_2_5.over,latest_pre_match,2026-02-27 04:48:41.084115+00:00,2026-02-27 12:54:15.004420+00:00
20292,2026-03-01 15:00:00+00:00,AT1,Austria Vienna,LASK,u25,0.4837268434392296,1.75,0.5714285714285714,-0.08770172798934178,ou_2_5.under,latest_pre_match,2026-02-27 04:48:41.084115+00:00,2026-02-27 12:54:15.004420+00:00
20292,2026-03-01 15:00:00+00:00,AT1,Austria Vienna,LASK,c85,0.6094837386125896,,,,corners_ou_8_5.over,,,2026-02-27 12:54:15.004420+00:00
20292,2026-03-01 15:00:00+00:00,AT1,Austria Vienna,LASK,btts,0.5750051972930712,1.75,0.5714285714285714,0.003576625864499805,btts.yes,latest_pre_match,2026-02-27 04:48:41.084115+00:00,2026-02-27 12:54:15.004420+00:00
20292,2026-03-01 15:00:00+00:00,AT1,Austria Vienna,LASK,1x2_h,0.3192882323317106,2.5,0.4,-0.08071176766828941,1x2.home,latest_pre_match,2026-02-27 04:48:41.084115+00:00,2026-02-27 12:54:15.004420+00:00
20292,2026-03-01 15:00:00+00:00,AT1,Austria Vienna,LASK,1x2_d,0.25182853747485323,3.1,0.3225806451612903,-0.07075210768643708,1x2.draw,latest_pre_match,2026-02-27 04:48:41.084115+00:00,2026-02-27 12:54:15.004420+00:00
20292,2026-03-01 15:00:00+00:00,AT1,Austria Vienna,LASK,1x2_a,0.42708183059949495,2.75,0.36363636363636365,0.0634454669631313,1x2.away,latest_pre_match,2026-02-27 04:48:41.084115+00:00,2026-02-27 12:54:15.004420+00:00
20292,2026-03-01 15:00:00+00:00,AT1,Austria Vienna,LASK,dc_1x,0.5729181694005051,1.4,0.7142857142857143,-0.1413675448852092,dc.home_draw,latest_pre_match,2026-02-27 04:48:41.084115+00:00,2026-02-27 12:54:15.004420+00:00
20292,2026-03-01 15:00:00+00:00,AT1,Austria Vienna,LASK,dc_x2,0.6807117676682894,1.5,0.6666666666666666,0.014045101001622817,dc.draw_away,latest_pre_match,2026-02-27 04:48:41.084115+00:00,2026-02-27 12:54:15.004420+00:00
20292,2026-03-01 15:00:00+00:00,AT1,Austria Vienna,LASK,dc_12,0.7492341821804697,1.3636363636363638,0.7333333333333333,0.015900848847136384,dc.home_away,latest_pre_match,2026-02-27 04:48:41.084115+00:00,2026-02-27 12:54:15.004420+00:00
20805,2026-03-01 15:00:00+00:00,DK1,Fredericia,Silkeborg,o15,0.7806472022181284,1.1666666666666667,0.8571428571428571,-0.07649565492472865,ou_1_5.over,latest_pre_match,2026-02-27 04:48:46.930628+00:00,2026-02-27 12:54:15.004420+00:00
20805,2026-03-01 15:00:00+00:00,DK1,Fredericia,Silkeborg,u15,0.21935279778187164,5.0,0.2,0.019352797781871628,ou_1_5.under,latest_pre_match,2026-02-27 04:48:46.930628+00:00,2026-02-27 12:54:15.004420+00:00
20805,2026-03-01 15:00:00+00:00,DK1,Fredericia,Silkeborg,o25,0.6588748322790875,1.6,0.625,0.0338748322790875,ou_2_5.over,latest_pre_match,2026-02-27 04:48:46.930628+00:00,2026-02-27 12:54:15.004420+00:00
20805,2026-03-01 15:00:00+00:00,DK1,Fredericia,Silkeborg,u25,0.3411251677209124,2.3,0.4347826086956522,-0.09365744097473983,ou_2_5.under,latest_pre_match,2026-02-27 04:48:46.930628+00:00,2026-02-27 12:54:15.004420+00:00
20805,2026-03-01 15:00:00+00:00,DK1,Fredericia,Silkeborg,c85,0.6147265424987199,,,,corners_ou_8_5.over,,,2026-02-27 12:54:15.004420+00:00
20805,2026-03-01 15:00:00+00:00,DK1,Fredericia,Silkeborg,btts,0.545813626365327,1.5,0.6666666666666666,-0.12085304030133959,btts.yes,latest_pre_match,2026-02-27 04:48:46.930628+00:00,2026-02-27 12:54:15.004420+00:00
20805,2026-03-01 15:00:00+00:00,DK1,Fredericia,Silkeborg,1x2_h,0.4152666499470232,2.55,0.3921568627450981,0.023109787201925136,1x2.home,latest_pre_match,2026-02-27 04:48:46.930628+00:00,2026-02-27 12:54:15.004420+00:00
20805,2026-03-01 15:00:00+00:00,DK1,Fredericia,Silkeborg,1x2_d,0.25182853747485323,3.5,0.2857142857142857,-0.03388574823943247,1x2.draw,latest_pre_match,2026-02-27 04:48:46.930628+00:00,2026-02-27 12:54:15.004420+00:00
20805,2026-03-01 15:00:00+00:00,DK1,Fredericia,Silkeborg,1x2_a,0.35245071632336095,2.5,0.4,-0.047549283676639076,1x2.away,latest_pre_match,2026-02-27 04:48:46.930628+00:00,2026-02-27 12:54:15.004420+00:00
20805,2026-03-01 15:00:00+00:00,DK1,Fredericia,Silkeborg,dc_1x,0.6475492836766391,1.5,0.6666666666666666,-0.01911738299002752,dc.home_draw,latest_pre_match,2026-02-27 04:48:46.930628+00:00,2026-02-27 12:54:15.004420+00:00
20805,2026-03-01 15:00:00+00:00,DK1,Fredericia,Silkeborg,dc_x2,0.5847333500529768,1.5,0.6666666666666666,-0.08193331661368985,dc.draw_away,latest_pre_match,2026-02-27 04:48:46.930628+00:00,2026-02-27 12:54:15.004420+00:00
20805,2026-03-01 15:00:00+00:00,DK1,Fredericia,Silkeborg,dc_12,0.7492341821804697,1.2857142857142856,0.7777777777777779,-0.028543595597308236,dc.home_away,latest_pre_match,2026-02-27 04:48:46.930628+00:00,2026-02-27 12:54:15.004420+00:00
20806,2026-03-01 15:00:00+00:00,DK1,Viborg,Nordsjaelland,o15,0.8576296793688097,1.1666666666666667,0.8571428571428571,0.00048682222595264335,ou_1_5.over,latest_pre_match,2026-02-27 04:48:49.706583+00:00,2026-02-27 12:54:15.004420+00:00
20806,2026-03-01 15:00:00+00:00,DK1,Viborg,Nordsjaelland,u15,0.14237032063119018,5.0,0.2,-0.05762967936880983,ou_1_5.under,latest_pre_match,2026-02-27 04:48:49.706583+00:00,2026-02-27 12:54:15.004420+00:00
20806,2026-03-01 15:00:00+00:00,DK1,Viborg,Nordsjaelland,o25,0.5878035158902427,1.5714285714285714,0.6363636363636364,-0.04856012047339364,ou_2_5.over,latest_pre_match,2026-02-27 04:48:49.706583+00:00,2026-02-27 12:54:15.004420+00:00
20806,2026-03-01 15:00:00+00:00,DK1,Viborg,Nordsjaelland,u25,0.41219648410975723,2.35,0.425531914893617,-0.013335430783859792,ou_2_5.under,latest_pre_match,2026-02-27 04:48:49.706583+00:00,2026-02-27 12:54:15.004420+00:00
20806,2026-03-01 15:00:00+00:00,DK1,Viborg,Nordsjaelland,c85,0.6148840600639782,,,,corners_ou_8_5.over,,,2026-02-27 12:54:15.004420+00:00
20806,2026-03-01 15:00:00+00:00,DK1,Viborg,Nordsjaelland,btts,0.5750051972930712,1.5,0.6666666666666666,-0.09166146937359543,btts.yes,latest_pre_match,2026-02-27 04:48:49.706583+00:00,2026-02-27 12:54:15.004420+00:00
20806,2026-03-01 15:00:00+00:00,DK1,Viborg,Nordsjaelland,1x2_h,0.4618783915878995,2.3,0.4347826086956522,0.02709578289224729,1x2.home,latest_pre_match,2026-02-27 04:48:49.706583+00:00,2026-02-27 12:54:15.004420+00:00
20806,2026-03-01 15:00:00+00:00,DK1,Viborg,Nordsjaelland,1x2_d,0.25182853747485323,3.7,0.27027027027027023,-0.018441732795417,1x2.draw,latest_pre_match,2026-02-27 04:48:49.706583+00:00,2026-02-27 12:54:15.004420+00:00
20806,2026-03-01 15:00:00+00:00,DK1,Viborg,Nordsjaelland,1x2_a,0.3158349114323387,2.65,0.37735849056603776,-0.06152357913369905,1x2.away,latest_pre_match,2026-02-27 04:48:49.706583+00:00,2026-02-27 12:54:15.004420+00:00
20806,2026-03-01 15:00:00+00:00,DK1,Viborg,Nordsjaelland,dc_1x,0.6841650885676612,1.4444444444444444,0.6923076923076923,-0.008142603740031062,dc.home_draw,latest_pre_match,2026-02-27 04:48:49.706583+00:00,2026-02-27 12:54:15.004420+00:00
20806,2026-03-01 15:00:00+00:00,DK1,Viborg,Nordsjaelland,dc_x2,0.5381216084121005,1.5714285714285714,0.6363636363636364,-0.0982420279515358,dc.draw_away,latest_pre_match,2026-02-27 04:48:49.706583+00:00,2026-02-27 12:54:15.004420+00:00
20806,2026-03-01 15:00:00+00:00,DK1,Viborg,Nordsjaelland,dc_12,0.7516451795508137,1.2857142857142856,0.7777777777777779,-0.026132598226964232,dc.home_away,latest_pre_match,2026-02-27 04:48:49.706583+00:00,2026-02-27 12:54:15.004420+00:00
20807,2026-03-01 15:00:00+00:00,DK1,Vejle,Aarhus,o15,0.8576296793688097,1.2,0.8333333333333334,0.02429634603547637,ou_1_5.over,latest_pre_match,2026-02-27 04:48:44.099609+00:00,2026-02-27 12:54:15.004420+00:00
20807,2026-03-01 15:00:00+00:00,DK1,Vejle,Aarhus,u15,0.14237032063119018,4.333333333333334,0.23076923076923073,-0.08839891013804055,ou_1_5.under,latest_pre_match,2026-02-27 04:48:44.099609+00:00,2026-02-27 12:54:15.004420+00:00
20807,2026-03-01 15:00:00+00:00,DK1,Vejle,Aarhus,o25,0.5627781335690294,1.6666666666666665,0.6000000000000001,-0.037221866430970696,ou_2_5.over,latest_pre_match,2026-02-27 04:48:44.099609+00:00,2026-02-27 12:54:15.004420+00:00
20807,2026-03-01 15:00:00+00:00,DK1,Vejle,Aarhus,u25,0.43722186643097055,2.15,0.46511627906976744,-0.027894412638796884,ou_2_5.under,latest_pre_match,2026-02-27 04:48:44.099609+00:00,2026-02-27 12:54:15.004420+00:00
20807,2026-03-01 15:00:00+00:00,DK1,Vejle,Aarhus,c85,0.6108404170542013,,,,corners_ou_8_5.over,,,2026-02-27 12:54:15.004420+00:00
20807,2026-03-01 15:00:00+00:00,DK1,Vejle,Aarhus,btts,0.5696776682715123,1.75,0.5714285714285714,-0.0017509031570590583,btts.yes,latest_pre_match,2026-02-27 04:48:44.099609+00:00,2026-02-27 12:54:15.004420+00:00
20807,2026-03-01 15:00:00+00:00,DK1,Vejle,Aarhus,1x2_h,0.2185303325654203,4.75,0.21052631578947367,0.008004016775946615,1x2.home,latest_pre_match,2026-02-27 04:48:44.099609+00:00,2026-02-27 12:54:15.004420+00:00
20807,2026-03-01 15:00:00+00:00,DK1,Vejle,Aarhus,1x2_d,0.2589713946177104,4.2,0.23809523809523808,0.020876156522472322,1x2.draw,latest_pre_match,2026-02-27 04:48:44.099609+00:00,2026-02-27 12:54:15.004420+00:00
20807,2026-03-01 15:00:00+00:00,DK1,Vejle,Aarhus,1x2_a,0.47653317099331804,1.5699999999999998,0.6369426751592357,-0.1604095041659177,1x2.away,latest_pre_match,2026-02-27 04:48:44.099609+00:00,2026-02-27 12:54:15.004420+00:00
20807,2026-03-01 15:00:00+00:00,DK1,Vejle,Aarhus,dc_1x,0.5234668290066821,2.25,0.4444444444444444,0.07902238456223765,dc.home_draw,latest_pre_match,2026-02-27 04:48:44.099609+00:00,2026-02-27 12:54:15.004420+00:00
20807,2026-03-01 15:00:00+00:00,DK1,Vejle,Aarhus,dc_x2,0.7814696674345797,1.1818181818181819,0.8461538461538461,-0.06468417871926646,dc.draw_away,latest_pre_match,2026-02-27 04:48:44.099609+00:00,2026-02-27 12:54:15.004420+00:00
20807,2026-03-01 15:00:00+00:00,DK1,Vejle,Aarhus,dc_12,0.7443803116710116,1.2222222222222223,0.8181818181818181,-0.07380150651080652,dc.home_away,latest_pre_match,2026-02-27 04:48:44.099609+00:00,2026-02-27 12:54:15.004420+00:00
20808,2026-03-01 15:00:00+00:00,DK1,Sonderjyske,Odense,o15,0.9133837639584765,1.1818181818181819,0.8461538461538461,0.06722991780463039,ou_1_5.over,latest_pre_match,2026-02-27 04:48:49.046341+00:00,2026-02-27 12:54:15.004420+00:00
20808,2026-03-01 15:00:00+00:00,DK1,Sonderjyske,Odense,u15,0.0866162360415234,4.5,0.2222222222222222,-0.1356059861806988,ou_1_5.under,latest_pre_match,2026-02-27 04:48:49.046341+00:00,2026-02-27 12:54:15.004420+00:00
20808,2026-03-01 15:00:00+00:00,DK1,Sonderjyske,Odense,o25,0.6492992751671257,1.6153846153846154,0.6190476190476191,0.030251656119506642,ou_2_5.over,latest_pre_match,2026-02-27 04:48:49.046341+00:00,2026-02-27 12:54:15.004420+00:00
20808,2026-03-01 15:00:00+00:00,DK1,Sonderjyske,Odense,u25,0.35070072483287423,2.25,0.4444444444444444,-0.09374371961157019,ou_2_5.under,latest_pre_match,2026-02-27 04:48:49.046341+00:00,2026-02-27 12:54:15.004420+00:00
20808,2026-03-01 15:00:00+00:00,DK1,Sonderjyske,Odense,c85,0.6049580641130249,,,,corners_ou_8_5.over,,,2026-02-27 12:54:15.004420+00:00
20808,2026-03-01 15:00:00+00:00,DK1,Sonderjyske,Odense,btts,0.5959406903257171,1.5333333333333332,0.6521739130434783,-0.05623322271776121,btts.yes,latest_pre_match,2026-02-27 04:48:49.046341+00:00,2026-02-27 12:54:15.004420+00:00
20808,2026-03-01 15:00:00+00:00,DK1,Sonderjyske,Odense,1x2_h,0.45632815154367573,2.15,0.46511627906976744,-0.008788127526091705,1x2.home,latest_pre_match,2026-02-27 04:48:49.046341+00:00,2026-02-27 12:54:15.004420+00:00
20808,2026-03-01 15:00:00+00:00,DK1,Sonderjyske,Odense,1x2_d,0.2589713946177104,3.6,0.2777777777777778,-0.018806383160067386,1x2.draw,latest_pre_match,2026-02-27 04:48:49.046341+00:00,2026-02-27 12:54:15.004420+00:00
20808,2026-03-01 15:00:00+00:00,DK1,Sonderjyske,Odense,1x2_a,0.3722118596585791,2.85,0.3508771929824561,0.021334666676122993,1x2.away,latest_pre_match,2026-02-27 04:48:49.046341+00:00,2026-02-27 12:54:15.004420+00:00
20808,2026-03-01 15:00:00+00:00,DK1,Sonderjyske,Odense,dc_1x,0.6277881403414208,1.4,0.7142857142857143,-0.08649757394429347,dc.home_draw,latest_pre_match,2026-02-27 04:48:49.046341+00:00,2026-02-27 12:54:15.004420+00:00
20808,2026-03-01 15:00:00+00:00,DK1,Sonderjyske,Odense,dc_x2,0.5436718484563242,1.6153846153846154,0.6190476190476191,-0.07537577059129486,dc.draw_away,latest_pre_match,2026-02-27 04:48:49.046341+00:00,2026-02-27 12:54:15.004420+00:00
20808,2026-03-01 15:00:00+00:00,DK1,Sonderjyske,Odense,dc_12,0.7419693143006674,1.2857142857142856,0.7777777777777779,-0.03580846347711053,dc.home_away,latest_pre_match,2026-02-27 04:48:49.046341+00:00,2026-02-27 12:54:15.004420+00:00
20809,2026-03-01 15:00:00+00:00,DK1,Midtjylland,Brondby,o15,0.8840627763041556,1.1428571428571428,0.875,0.00906277630415564,ou_1_5.over,latest_pre_match,2026-02-27 04:48:48.273330+00:00,2026-02-27 12:54:15.004420+00:00
20809,2026-03-01 15:00:00+00:00,DK1,Midtjylland,Brondby,u15,0.1159372236958444,5.5,0.18181818181818182,-0.06588095812233742,ou_1_5.under,latest_pre_match,2026-02-27 04:48:48.273330+00:00,2026-02-27 12:54:15.004420+00:00
20809,2026-03-01 15:00:00+00:00,DK1,Midtjylland,Brondby,o25,0.7253880870902147,1.5,0.6666666666666666,0.05872142042354811,ou_2_5.over,latest_pre_match,2026-02-27 04:48:48.273330+00:00,2026-02-27 12:54:15.004420+00:00
20809,2026-03-01 15:00:00+00:00,DK1,Midtjylland,Brondby,u25,0.27461191290978526,2.5,0.4,-0.12538808709021476,ou_2_5.under,latest_pre_match,2026-02-27 04:48:48.273330+00:00,2026-02-27 12:54:15.004420+00:00
20809,2026-03-01 15:00:00+00:00,DK1,Midtjylland,Brondby,c85,0.6520476970742873,,,,corners_ou_8_5.over,,,2026-02-27 12:54:15.004420+00:00
20809,2026-03-01 15:00:00+00:00,DK1,Midtjylland,Brondby,btts,0.6073464671343412,1.5714285714285714,0.6363636363636364,-0.029017169229295203,btts.yes,latest_pre_match,2026-02-27 04:48:48.273330+00:00,2026-02-27 12:54:15.004420+00:00
20809,2026-03-01 15:00:00+00:00,DK1,Midtjylland,Brondby,1x2_h,0.4945873576651487,1.49,0.6711409395973155,-0.17655358193216675,1x2.home,latest_pre_match,2026-02-27 04:48:48.273330+00:00,2026-02-27 12:54:15.004420+00:00
20809,2026-03-01 15:00:00+00:00,DK1,Midtjylland,Brondby,1x2_d,0.18840932648957823,4.0,0.25,-0.06159067351042177,1x2.draw,latest_pre_match,2026-02-27 04:48:48.273330+00:00,2026-02-27 12:54:15.004420+00:00
20809,2026-03-01 15:00:00+00:00,DK1,Midtjylland,Brondby,1x2_a,0.3684050667484769,6.0,0.16666666666666666,0.20173840008181024,1x2.away,latest_pre_match,2026-02-27 04:48:48.273330+00:00,2026-02-27 12:54:15.004420+00:00
20809,2026-03-01 15:00:00+00:00,DK1,Midtjylland,Brondby,dc_1x,0.6315949332515232,1.1428571428571428,0.875,-0.24340506674847684,dc.home_draw,latest_pre_match,2026-02-27 04:48:48.273330+00:00,2026-02-27 12:54:15.004420+00:00
20809,2026-03-01 15:00:00+00:00,DK1,Midtjylland,Brondby,dc_x2,0.5054126423348513,2.5,0.4,0.10541264233485126,dc.draw_away,latest_pre_match,2026-02-27 04:48:48.273330+00:00,2026-02-27 12:54:15.004420+00:00
20809,2026-03-01 15:00:00+00:00,DK1,Midtjylland,Brondby,dc_12,0.8150643905360887,1.2222222222222223,0.8181818181818181,-0.0031174276457294203,dc.home_away,latest_pre_match,2026-02-27 04:48:48.273330+00:00,2026-02-27 12:54:15.004420+00:00
20810,2026-03-01 15:00:00+00:00,DK1,FC Copenhagen,Randers FC,o15,0.9087802904284494,1.2222222222222223,0.8181818181818181,0.09059847224663131,ou_1_5.over,latest_pre_match,2026-02-27 04:48:47.574839+00:00,2026-02-27 12:54:15.004420+00:00
20810,2026-03-01 15:00:00+00:00,DK1,FC Copenhagen,Randers FC,u15,0.09121970957155061,4.0,0.25,-0.15878029042844938,ou_1_5.under,latest_pre_match,2026-02-27 04:48:47.574839+00:00,2026-02-27 12:54:15.004420+00:00
20810,2026-03-01 15:00:00+00:00,DK1,FC Copenhagen,Randers FC,o25,0.627262361225973,1.7272727272727273,0.5789473684210527,0.048314992804920354,ou_2_5.over,latest_pre_match,2026-02-27 04:48:47.574839+00:00,2026-02-27 12:54:15.004420+00:00
20810,2026-03-01 15:00:00+00:00,DK1,FC Copenhagen,Randers FC,u25,0.3709169104827104,2.075,0.48192771084337344,-0.11101080036066302,ou_2_5.under,latest_pre_match,2026-02-27 04:48:47.574839+00:00,2026-02-27 12:54:15.004420+00:00
20810,2026-03-01 15:00:00+00:00,DK1,FC Copenhagen,Randers FC,c85,0.5785274829557315,,,,corners_ou_8_5.over,,,2026-02-27 12:54:15.004420+00:00
20810,2026-03-01 15:00:00+00:00,DK1,FC Copenhagen,Randers FC,btts,0.6073464671343412,1.7,0.5882352941176471,0.019111173016694072,btts.yes,latest_pre_match,2026-02-27 04:48:47.574839+00:00,2026-02-27 12:54:15.004420+00:00
20810,2026-03-01 15:00:00+00:00,DK1,FC Copenhagen,Randers FC,1x2_h,0.5311554970246805,1.6600000000000001,0.6024096385542168,-0.07125414152953635,1x2.home,latest_pre_match,2026-02-27 04:48:47.574839+00:00,2026-02-27 12:54:15.004420+00:00
20810,2026-03-01 15:00:00+00:00,DK1,FC Copenhagen,Randers FC,1x2_d,0.24508250572882148,4.0,0.25,-0.0049174942711785186,1x2.draw,latest_pre_match,2026-02-27 04:48:47.574839+00:00,2026-02-27 12:54:15.004420+00:00
20810,2026-03-01 15:00:00+00:00,DK1,FC Copenhagen,Randers FC,1x2_a,0.3089100858913974,4.5,0.2222222222222222,0.08668786366917519,1x2.away,latest_pre_match,2026-02-27 04:48:47.574839+00:00,2026-02-27 12:54:15.004420+00:00
20810,2026-03-01 15:00:00+00:00,DK1,FC Copenhagen,Randers FC,dc_1x,0.6910899141086025,1.1818181818181819,0.8461538461538461,-0.1550639320452436,dc.home_draw,latest_pre_match,2026-02-27 04:48:47.574839+00:00,2026-02-27 12:54:15.004420+00:00
20810,2026-03-01 15:00:00+00:00,DK1,FC Copenhagen,Randers FC,dc_x2,0.4688445029753195,2.1,0.47619047619047616,-0.007345973215156676,dc.draw_away,latest_pre_match,2026-02-27 04:48:47.574839+00:00,2026-02-27 12:54:15.004420+00:00
20810,2026-03-01 15:00:00+00:00,DK1,FC Copenhagen,Randers FC,dc_12,0.7559802139265012,1.2222222222222223,0.8181818181818181,-0.062201604255316956,dc.home_away,latest_pre_match,2026-02-27 04:48:47.574839+00:00,2026-02-27 12:54:15.004420+00:00
4900,2026-03-01 15:15:00+00:00,I2,Mantova,Carrarese,o15,0.6570305099235231,1.2857142857142856,0.7777777777777779,-0.12074726785425483,ou_1_5.over,latest_pre_match,2026-02-27 05:08:12.359121+00:00,2026-02-27 12:54:15.004420+00:00
4900,2026-03-01 15:15:00+00:00,I2,Mantova,Carrarese,u15,0.342969490076477,3.5,0.2857142857142857,0.05725520436219128,ou_1_5.under,latest_pre_match,2026-02-27 05:08:12.359121+00:00,2026-02-27 12:54:15.004420+00:00
4900,2026-03-01 15:15:00+00:00,I2,Mantova,Carrarese,o25,0.4672815638502528,2.0,0.5,-0.032718436149747177,ou_2_5.over,latest_pre_match,2026-02-27 05:08:12.359121+00:00,2026-02-27 12:54:15.004420+00:00
4900,2026-03-01 15:15:00+00:00,I2,Mantova,Carrarese,u25,0.5327184361497471,1.8,0.5555555555555556,-0.02283711940580846,ou_2_5.under,latest_pre_match,2026-02-27 05:08:12.359121+00:00,2026-02-27 12:54:15.004420+00:00
4900,2026-03-01 15:15:00+00:00,I2,Mantova,Carrarese,c85,0.6148840600639782,,,,corners_ou_8_5.over,,,2026-02-27 12:54:15.004420+00:00
4900,2026-03-01 15:15:00+00:00,I2,Mantova,Carrarese,btts,0.4850979265002775,1.7,0.5882352941176471,-0.10313736761736958,btts.yes,latest_pre_match,2026-02-27 05:08:12.359121+00:00,2026-02-27 12:54:15.004420+00:00
4900,2026-03-01 15:15:00+00:00,I2,Mantova,Carrarese,1x2_h,0.46475482379323085,2.4,0.4166666666666667,0.04808815712656417,1x2.home,latest_pre_match,2026-02-27 05:08:12.359121+00:00,2026-02-27 12:54:15.004420+00:00
4900,2026-03-01 15:15:00+00:00,I2,Mantova,Carrarese,1x2_d,0.24751273923659176,3.0,0.3333333333333333,-0.08582059409674156,1x2.draw,latest_pre_match,2026-02-27 05:08:12.359121+00:00,2026-02-27 12:54:15.004420+00:00
4900,2026-03-01 15:15:00+00:00,I2,Mantova,Carrarese,1x2_a,0.2715683552814709,3.1,0.3225806451612903,-0.05101228987981943,1x2.away,latest_pre_match,2026-02-27 05:08:12.359121+00:00,2026-02-27 12:54:15.004420+00:00
4900,2026-03-01 15:15:00+00:00,I2,Mantova,Carrarese,dc_1x,0.7284316447185312,1.3636363636363638,0.7333333333333333,-0.004901688614802113,dc.home_draw,latest_pre_match,2026-02-27 05:08:12.359121+00:00,2026-02-27 12:54:15.004420+00:00
4900,2026-03-01 15:15:00+00:00,I2,Mantova,Carrarese,dc_x2,0.5352451762067691,1.5333333333333332,0.6521739130434783,-0.11692873683670912,dc.draw_away,latest_pre_match,2026-02-27 05:08:12.359121+00:00,2026-02-27 12:54:15.004420+00:00
4900,2026-03-01 15:15:00+00:00,I2,Mantova,Carrarese,dc_12,0.753549980418731,1.3636363636363638,0.7333333333333333,0.02021664708539772,dc.home_away,latest_pre_match,2026-02-27 05:08:12.359121+00:00,2026-02-27 12:54:15.004420+00:00
5904,2026-03-01 15:15:00+00:00,F1,Lorient,Auxerre,o15,0.7047619047619049,1.4,0.7142857142857143,-0.009523809523809379,ou_1_5.over,latest_pre_match,2026-02-27 05:08:14.123799+00:00,2026-02-27 12:54:15.004420+00:00
5904,2026-03-01 15:15:00+00:00,F1,Lorient,Auxerre,u15,0.29523809523809524,3.0,0.3333333333333333,-0.03809523809523807,ou_1_5.under,latest_pre_match,2026-02-27 05:08:14.123799+00:00,2026-02-27 12:54:15.004420+00:00
5904,2026-03-01 15:15:00+00:00,F1,Lorient,Auxerre,o25,0.49133861401902634,2.2,0.45454545454545453,0.03679315947357181,ou_2_5.over,latest_pre_match,2026-02-27 05:08:14.123799+00:00,2026-02-27 12:54:15.004420+00:00
5904,2026-03-01 15:15:00+00:00,F1,Lorient,Auxerre,u25,0.5086613859809735,1.6666666666666665,0.6000000000000001,-0.09133861401902654,ou_2_5.under,latest_pre_match,2026-02-27 05:08:14.123799+00:00,2026-02-27 12:54:15.004420+00:00
5904,2026-03-01 15:15:00+00:00,F1,Lorient,Auxerre,c85,0.6314441266442934,,,,corners_ou_8_5.over,,,2026-02-27 12:54:15.004420+00:00
5904,2026-03-01 15:15:00+00:00,F1,Lorient,Auxerre,btts,0.48777394037032124,1.95,0.5128205128205129,-0.02504657245019165,btts.yes,latest_pre_match,2026-02-27 05:08:14.123799+00:00,2026-02-27 12:54:15.004420+00:00
5904,2026-03-01 15:15:00+00:00,F1,Lorient,Auxerre,1x2_h,0.44509918381894115,2.05,0.48780487804878053,-0.042705694229839386,1x2.home,latest_pre_match,2026-02-27 05:08:14.123799+00:00,2026-02-27 12:54:15.004420+00:00
5904,2026-03-01 15:15:00+00:00,F1,Lorient,Auxerre,1x2_d,0.24388893215718024,3.25,0.3076923076923077,-0.06380337553512747,1x2.draw,latest_pre_match,2026-02-27 05:08:14.123799+00:00,2026-02-27 12:54:15.004420+00:00
5904,2026-03-01 15:15:00+00:00,F1,Lorient,Auxerre,1x2_a,0.26475809031920267,3.9,0.25641025641025644,0.008347833908946223,1x2.away,latest_pre_match,2026-02-27 05:08:14.123799+00:00,2026-02-27 12:54:15.004420+00:00
5904,2026-03-01 15:15:00+00:00,F1,Lorient,Auxerre,dc_1x,0.7352419096807973,1.25,0.8,-0.06475809031920277,dc.home_draw,latest_pre_match,2026-02-27 05:08:14.123799+00:00,2026-02-27 12:54:15.004420+00:00
5904,2026-03-01 15:15:00+00:00,F1,Lorient,Auxerre,dc_x2,0.5549008161810589,1.7272727272727273,0.5789473684210527,-0.024046552239993746,dc.draw_away,latest_pre_match,2026-02-27 05:08:14.123799+00:00,2026-02-27 12:54:15.004420+00:00
5904,2026-03-01 15:15:00+00:00,F1,Lorient,Auxerre,dc_12,0.7527182848492711,1.3333333333333333,0.75,0.0027182848492710576,dc.home_away,latest_pre_match,2026-02-27 05:08:14.123799+00:00,2026-02-27 12:54:15.004420+00:00
5905,2026-03-01 15:15:00+00:00,F1,Metz,Brest,o15,0.7675690522978732,1.3,0.7692307692307692,-0.0016617169328959625,ou_1_5.over,latest_pre_match,2026-02-27 05:08:13.037825+00:00,2026-02-27 12:54:15.004420+00:00
5905,2026-03-01 15:15:00+00:00,F1,Metz,Brest,u15,0.23243094770212683,3.5,0.2857142857142857,-0.05328333801215887,ou_1_5.under,latest_pre_match,2026-02-27 05:08:13.037825+00:00,2026-02-27 12:54:15.004420+00:00
5905,2026-03-01 15:15:00+00:00,F1,Metz,Brest,o25,0.5293546938325367,1.9090909090909092,0.5238095238095238,0.005545170023012913,ou_2_5.over,latest_pre_match,2026-02-27 05:08:13.037825+00:00,2026-02-27 12:54:15.004420+00:00
5905,2026-03-01 15:15:00+00:00,F1,Metz,Brest,u25,0.4706453061674633,1.9090909090909092,0.5238095238095238,-0.05316421764206053,ou_2_5.under,latest_pre_match,2026-02-27 05:08:13.037825+00:00,2026-02-27 12:54:15.004420+00:00
5905,2026-03-01 15:15:00+00:00,F1,Metz,Brest,c85,0.6056324650122419,1.6666666666666665,0.6000000000000001,0.005632465012241794,corners_ou_8_5.over,latest_pre_match,2026-02-27 05:08:13.037825+00:00,2026-02-27 12:54:15.004420+00:00
5905,2026-03-01 15:15:00+00:00,F1,Metz,Brest,btts,0.5539491689607633,1.75,0.5714285714285714,-0.017479402467808103,btts.yes,latest_pre_match,2026-02-27 05:08:13.037825+00:00,2026-02-27 12:54:15.004420+00:00
5905,2026-03-01 15:15:00+00:00,F1,Metz,Brest,1x2_h,0.4494401532912294,3.4,0.29411764705882354,0.15532250623240584,1x2.home,latest_pre_match,2026-02-27 05:08:13.037825+00:00,2026-02-27 12:54:15.004420+00:00
5905,2026-03-01 15:15:00+00:00,F1,Metz,Brest,1x2_d,0.25689842612683145,3.4,0.29411764705882354,-0.03721922093199209,1x2.draw,latest_pre_match,2026-02-27 05:08:13.037825+00:00,2026-02-27 12:54:15.004420+00:00
5905,2026-03-01 15:15:00+00:00,F1,Metz,Brest,1x2_a,0.2832446482795204,2.15,0.46511627906976744,-0.18187163079024704,1x2.away,latest_pre_match,2026-02-27 05:08:13.037825+00:00,2026-02-27 12:54:15.004420+00:00
5905,2026-03-01 15:15:00+00:00,F1,Metz,Brest,dc_1x,0.7167553517204794,1.6666666666666665,0.6000000000000001,0.11675535172047935,dc.home_draw,latest_pre_match,2026-02-27 05:08:13.037825+00:00,2026-02-27 12:54:15.004420+00:00
5905,2026-03-01 15:15:00+00:00,F1,Metz,Brest,dc_x2,0.5505598467087706,1.3,0.7692307692307692,-0.2186709225219986,dc.draw_away,latest_pre_match,2026-02-27 05:08:13.037825+00:00,2026-02-27 12:54:15.004420+00:00
5905,2026-03-01 15:15:00+00:00,F1,Metz,Brest,dc_12,0.7445665725623648,1.3,0.7692307692307692,-0.02466419666840436,dc.home_away,latest_pre_match,2026-02-27 05:08:13.037825+00:00,2026-02-27 12:54:15.004420+00:00
5906,2026-03-01 15:15:00+00:00,F1,Lille,Nantes,o15,0.6967002213639311,1.25,0.8,-0.10329977863606898,ou_1_5.over,latest_pre_match,2026-02-27 05:08:13.585446+00:00,2026-02-27 12:54:15.004420+00:00
5906,2026-03-01 15:15:00+00:00,F1,Lille,Nantes,u15,0.30329977863606894,4.0,0.25,0.05329977863606894,ou_1_5.under,latest_pre_match,2026-02-27 05:08:13.585446+00:00,2026-02-27 12:54:15.004420+00:00
5906,2026-03-01 15:15:00+00:00,F1,Lille,Nantes,o25,0.4825927151531362,1.8,0.5555555555555556,-0.0729628404024194,ou_2_5.over,latest_pre_match,2026-02-27 05:08:13.585446+00:00,2026-02-27 12:54:15.004420+00:00
5906,2026-03-01 15:15:00+00:00,F1,Lille,Nantes,u25,0.5174072848468638,2.0,0.5,0.017407284846863824,ou_2_5.under,latest_pre_match,2026-02-27 05:08:13.585446+00:00,2026-02-27 12:54:15.004420+00:00
5906,2026-03-01 15:15:00+00:00,F1,Lille,Nantes,c85,0.6148840600639782,,,,corners_ou_8_5.over,,,2026-02-27 12:54:15.004420+00:00
5906,2026-03-01 15:15:00+00:00,F1,Lille,Nantes,btts,0.5412455602445055,1.95,0.5128205128205129,0.028425047423992655,btts.yes,latest_pre_match,2026-02-27 05:08:13.585446+00:00,2026-02-27 12:54:15.004420+00:00
5906,2026-03-01 15:15:00+00:00,F1,Lille,Nantes,1x2_h,0.47737415054321947,1.45,0.6896551724137931,-0.21228102187057368,1x2.home,latest_pre_match,2026-02-27 05:08:13.585446+00:00,2026-02-27 12:54:15.004420+00:00
5906,2026-03-01 15:15:00+00:00,F1,Lille,Nantes,1x2_d,0.23664317401920046,4.5,0.2222222222222222,0.014420951796978249,1x2.draw,latest_pre_match,2026-02-27 05:08:13.585446+00:00,2026-02-27 12:54:15.004420+00:00
5906,2026-03-01 15:15:00+00:00,F1,Lille,Nantes,1x2_a,0.24804131145302646,7.0,0.14285714285714285,0.10518416859588361,1x2.away,latest_pre_match,2026-02-27 05:08:13.585446+00:00,2026-02-27 12:54:15.004420+00:00
5906,2026-03-01 15:15:00+00:00,F1,Lille,Nantes,dc_1x,0.7519586885469737,1.1,0.9090909090909091,-0.15713222054393539,dc.home_draw,latest_pre_match,2026-02-27 05:08:13.585446+00:00,2026-02-27 12:54:15.004420+00:00
5906,2026-03-01 15:15:00+00:00,F1,Lille,Nantes,dc_x2,0.5226258494567805,2.625,0.38095238095238093,0.14167346850439955,dc.draw_away,latest_pre_match,2026-02-27 05:08:13.585446+00:00,2026-02-27 12:54:15.004420+00:00
5906,2026-03-01 15:15:00+00:00,F1,Lille,Nantes,dc_12,0.7642975348991774,1.1818181818181819,0.8461538461538461,-0.08185631125466875,dc.home_away,latest_pre_match,2026-02-27 05:08:13.585446+00:00,2026-02-27 12:54:15.004420+00:00
3852,2026-03-01 15:30:00+00:00,D1,Eintracht Frankfurt,Freiburg,o15,0.7908285132362595,1.25,0.8,-0.009171486763740577,ou_1_5.over,latest_pre_match,2026-02-27 05:08:15.328361+00:00,2026-02-27 12:54:15.004420+00:00
3852,2026-03-01 15:30:00+00:00,D1,Eintracht Frankfurt,Freiburg,u15,0.20917148676374053,4.0,0.25,-0.04082851323625947,ou_1_5.under,latest_pre_match,2026-02-27 05:08:15.328361+00:00,2026-02-27 12:54:15.004420+00:00
3852,2026-03-01 15:30:00+00:00,D1,Eintracht Frankfurt,Freiburg,o25,0.5903925126539967,1.8,0.5555555555555556,0.034836957098441146,ou_2_5.over,latest_pre_match,2026-02-27 05:08:15.328361+00:00,2026-02-27 12:54:15.004420+00:00
3852,2026-03-01 15:30:00+00:00,D1,Eintracht Frankfurt,Freiburg,u25,0.4096074873460032,2.0,0.5,-0.09039251265399678,ou_2_5.under,latest_pre_match,2026-02-27 05:08:15.328361+00:00,2026-02-27 12:54:15.004420+00:00
3852,2026-03-01 15:30:00+00:00,D1,Eintracht Frankfurt,Freiburg,c85,0.6330271324477649,1.6666666666666665,0.6000000000000001,0.033027132447764784,corners_ou_8_5.over,latest_pre_match,2026-02-27 05:08:15.328361+00:00,2026-02-27 12:54:15.004420+00:00
3852,2026-03-01 15:30:00+00:00,D1,Eintracht Frankfurt,Freiburg,btts,0.5696776682715123,1.6153846153846154,0.6190476190476191,-0.04936995077610673,btts.yes,latest_pre_match,2026-02-27 05:08:15.328361+00:00,2026-02-27 12:54:15.004420+00:00
3852,2026-03-01 15:30:00+00:00,D1,Eintracht Frankfurt,Freiburg,1x2_h,0.4494401532912294,2.2,0.45454545454545453,-0.0051053012542251475,1x2.home,latest_pre_match,2026-02-27 05:08:15.328361+00:00,2026-02-27 12:54:15.004420+00:00
3852,2026-03-01 15:30:00+00:00,D1,Eintracht Frankfurt,Freiburg,1x2_d,0.22315111052713696,3.5,0.2857142857142857,-0.06256317518714874,1x2.draw,latest_pre_match,2026-02-27 05:08:15.328361+00:00,2026-02-27 12:54:15.004420+00:00
3852,2026-03-01 15:30:00+00:00,D1,Eintracht Frankfurt,Freiburg,1x2_a,0.3483543906034006,3.2,0.3125,0.03585439060340062,1x2.away,latest_pre_match,2026-02-27 05:08:15.328361+00:00,2026-02-27 12:54:15.004420+00:00
3852,2026-03-01 15:30:00+00:00,D1,Eintracht Frankfurt,Freiburg,dc_1x,0.6516456093965994,1.3636363636363638,0.7333333333333333,-0.08168772393673385,dc.home_draw,latest_pre_match,2026-02-27 05:08:15.328361+00:00,2026-02-27 12:54:15.004420+00:00
3852,2026-03-01 15:30:00+00:00,D1,Eintracht Frankfurt,Freiburg,dc_x2,0.5505598467087706,1.6666666666666665,0.6000000000000001,-0.04944015329122953,dc.draw_away,latest_pre_match,2026-02-27 05:08:15.328361+00:00,2026-02-27 12:54:15.004420+00:00
3852,2026-03-01 15:30:00+00:00,D1,Eintracht Frankfurt,Freiburg,dc_12,0.7803226064985299,1.2857142857142856,0.7777777777777779,0.0025448287207520126,dc.home_away,latest_pre_match,2026-02-27 05:08:15.328361+00:00,2026-02-27 12:54:15.004420+00:00
19585,2026-03-01 15:30:00+00:00,P1,Tondela,Santa Clara,o15,0.7156768995584862,1.5,0.6666666666666666,0.049010232891819605,ou_1_5.over,latest_pre_match,2026-02-27 05:08:15.893083+00:00,2026-02-27 12:54:15.004420+00:00
19585,2026-03-01 15:30:00+00:00,P1,Tondela,Santa Clara,u15,0.28432310044151365,2.5,0.4,-0.11567689955848637,ou_1_5.under,latest_pre_match,2026-02-27 05:08:15.893083+00:00,2026-02-27 12:54:15.004420+00:00
19585,2026-03-01 15:30:00+00:00,P1,Tondela,Santa Clara,o25,0.47498479389162135,2.6,0.3846153846153846,0.09036940927623677,ou_2_5.over,latest_pre_match,2026-02-27 05:08:15.893083+00:00,2026-02-27 12:54:15.004420+00:00
19585,2026-03-01 15:30:00+00:00,P1,Tondela,Santa Clara,u25,0.5250152061083786,1.475,0.6779661016949152,-0.15295089558653663,ou_2_5.under,latest_pre_match,2026-02-27 05:08:15.893083+00:00,2026-02-27 12:54:15.004420+00:00
19585,2026-03-01 15:30:00+00:00,P1,Tondela,Santa Clara,c85,0.6148840600639782,,,,corners_ou_8_5.over,,,2026-02-27 12:54:15.004420+00:00
19585,2026-03-01 15:30:00+00:00,P1,Tondela,Santa Clara,btts,0.5220154892242919,2.1,0.47619047619047616,0.0458250130338157,btts.yes,latest_pre_match,2026-02-27 05:08:15.893083+00:00,2026-02-27 12:54:15.004420+00:00
19585,2026-03-01 15:30:00+00:00,P1,Tondela,Santa Clara,1x2_h,0.4257745633399171,3.2,0.3125,0.11327456333991709,1x2.home,latest_pre_match,2026-02-27 05:08:15.893083+00:00,2026-02-27 12:54:15.004420+00:00
19585,2026-03-01 15:30:00+00:00,P1,Tondela,Santa Clara,1x2_d,0.2589713946177104,3.0,0.3333333333333333,-0.07436193871562291,1x2.draw,latest_pre_match,2026-02-27 05:08:15.893083+00:00,2026-02-27 12:54:15.004420+00:00
19585,2026-03-01 15:30:00+00:00,P1,Tondela,Santa Clara,1x2_a,0.26559559187621046,2.35,0.425531914893617,-0.15993632301740657,1x2.away,latest_pre_match,2026-02-27 05:08:15.893083+00:00,2026-02-27 12:54:15.004420+00:00
19585,2026-03-01 15:30:00+00:00,P1,Tondela,Santa Clara,dc_1x,0.7344044081237852,1.5333333333333332,0.6521739130434783,0.08223049508030689,dc.home_draw,latest_pre_match,2026-02-27 05:08:15.893083+00:00,2026-02-27 12:54:15.004420+00:00
19585,2026-03-01 15:30:00+00:00,P1,Tondela,Santa Clara,dc_x2,0.5742254366600829,1.3636363636363638,0.7333333333333333,-0.15910789667325043,dc.draw_away,latest_pre_match,2026-02-27 05:08:15.893083+00:00,2026-02-27 12:54:15.004420+00:00
19585,2026-03-01 15:30:00+00:00,P1,Tondela,Santa Clara,dc_12,0.7419693143006674,1.3636363636363638,0.7333333333333333,0.00863598096733409,dc.home_away,latest_pre_match,2026-02-27 05:08:15.893083+00:00,2026-02-27 12:54:15.004420+00:00
21697,2026-03-01 15:30:00+00:00,PL1,Lech Poznan,Rakow,o15,0.8068703700282648,1.2222222222222223,0.8181818181818181,-0.011311448153553338,ou_1_5.over,latest_pre_match,2026-02-27 05:08:14.785583+00:00,2026-02-27 12:54:15.004420+00:00
21697,2026-03-01 15:30:00+00:00,PL1,Lech Poznan,Rakow,u15,0.19312962997173524,4.0,0.25,-0.056870370028264755,ou_1_5.under,latest_pre_match,2026-02-27 05:08:14.785583+00:00,2026-02-27 12:54:15.004420+00:00
21697,2026-03-01 15:30:00+00:00,PL1,Lech Poznan,Rakow,o25,0.5573425724849329,1.75,0.5714285714285714,-0.01408599894363849,ou_2_5.over,latest_pre_match,2026-02-27 05:08:14.785583+00:00,2026-02-27 12:54:15.004420+00:00
21697,2026-03-01 15:30:00+00:00,PL1,Lech Poznan,Rakow,u25,0.4426574275150672,2.05,0.48780487804878053,-0.04514745053371333,ou_2_5.under,latest_pre_match,2026-02-27 05:08:14.785583+00:00,2026-02-27 12:54:15.004420+00:00
21697,2026-03-01 15:30:00+00:00,PL1,Lech Poznan,Rakow,c85,0.6243072517476628,,,,corners_ou_8_5.over,,,2026-02-27 12:54:15.004420+00:00
21697,2026-03-01 15:30:00+00:00,PL1,Lech Poznan,Rakow,btts,0.5696776682715123,1.6153846153846154,0.6190476190476191,-0.04936995077610673,btts.yes,latest_pre_match,2026-02-27 05:08:14.785583+00:00,2026-02-27 12:54:15.004420+00:00
21697,2026-03-01 15:30:00+00:00,PL1,Lech Poznan,Rakow,1x2_h,0.4945873576651487,2.15,0.46511627906976744,0.029471078595381284,1x2.home,latest_pre_match,2026-02-27 05:08:14.785583+00:00,2026-02-27 12:54:15.004420+00:00
21697,2026-03-01 15:30:00+00:00,PL1,Lech Poznan,Rakow,1x2_d,0.2589713946177104,3.4,0.29411764705882354,-0.035146252441113135,1x2.draw,latest_pre_match,2026-02-27 05:08:14.785583+00:00,2026-02-27 12:54:15.004420+00:00
21697,2026-03-01 15:30:00+00:00,PL1,Lech Poznan,Rakow,1x2_a,0.30185570124009525,3.0,0.3333333333333333,-0.03147763209323806,1x2.away,latest_pre_match,2026-02-27 05:08:14.785583+00:00,2026-02-27 12:54:15.004420+00:00
21697,2026-03-01 15:30:00+00:00,PL1,Lech Poznan,Rakow,dc_1x,0.6981442987599049,1.3636363636363638,0.7333333333333333,-0.03518903457342837,dc.home_draw,latest_pre_match,2026-02-27 05:08:14.785583+00:00,2026-02-27 12:54:15.004420+00:00
21697,2026-03-01 15:30:00+00:00,PL1,Lech Poznan,Rakow,dc_x2,0.5054126423348513,1.6666666666666665,0.6000000000000001,-0.09458735766514881,dc.draw_away,latest_pre_match,2026-02-27 05:08:14.785583+00:00,2026-02-27 12:54:15.004420+00:00
21697,2026-03-01 15:30:00+00:00,PL1,Lech Poznan,Rakow,dc_12,0.7419693143006674,1.3,0.7692307692307692,-0.02726145493010179,dc.home_away,latest_pre_match,2026-02-27 05:08:14.785583+00:00,2026-02-27 12:54:15.004420+00:00
4517,2026-03-01 16:00:00+00:00,I1,Torino,Lazio,o15,0.7103360669797584,1.4444444444444444,0.6923076923076923,0.018028374672066083,ou_1_5.over,latest_pre_match,2026-02-27 06:28:10.640584+00:00,2026-02-27 12:54:15.004420+00:00
4517,2026-03-01 16:00:00+00:00,I1,Torino,Lazio,u15,0.2896639330202417,2.75,0.36363636363636365,-0.07397243061612196,ou_1_5.under,latest_pre_match,2026-02-27 06:28:10.640584+00:00,2026-02-27 12:54:15.004420+00:00
4517,2026-03-01 16:00:00+00:00,I1,Torino,Lazio,o25,0.43590737435014826,2.5,0.4,0.035907374350148236,ou_2_5.over,latest_pre_match,2026-02-27 06:28:10.640584+00:00,2026-02-27 12:54:15.004420+00:00
4517,2026-03-01 16:00:00+00:00,I1,Torino,Lazio,u25,0.5640926256498516,1.5333333333333332,0.6521739130434783,-0.08808128739362664,ou_2_5.under,latest_pre_match,2026-02-27 06:28:10.640584+00:00,2026-02-27 12:54:15.004420+00:00
4517,2026-03-01 16:00:00+00:00,I1,Torino,Lazio,c85,0.6021527044024795,1.7272727272727273,0.5789473684210527,0.023205335981426822,corners_ou_8_5.over,latest_pre_match,2026-02-27 06:28:10.640584+00:00,2026-02-27 12:54:15.004420+00:00
4517,2026-03-01 16:00:00+00:00,I1,Torino,Lazio,btts,0.5473704920971474,2.0,0.5,0.04737049209714739,btts.yes,latest_pre_match,2026-02-27 06:28:10.640584+00:00,2026-02-27 12:54:15.004420+00:00
4517,2026-03-01 16:00:00+00:00,I1,Torino,Lazio,1x2_h,0.4152666499470232,2.88,0.3472222222222222,0.06804442772480102,1x2.home,latest_pre_match,2026-02-27 06:28:10.640584+00:00,2026-02-27 12:54:15.004420+00:00
4517,2026-03-01 16:00:00+00:00,I1,Torino,Lazio,1x2_d,0.2589713946177104,3.0,0.3333333333333333,-0.07436193871562291,1x2.draw,latest_pre_match,2026-02-27 06:28:10.640584+00:00,2026-02-27 12:54:15.004420+00:00
4517,2026-03-01 16:00:00+00:00,I1,Torino,Lazio,1x2_a,0.29505998956270557,2.7,0.37037037037037035,-0.07531038080766478,1x2.away,latest_pre_match,2026-02-27 06:28:10.640584+00:00,2026-02-27 12:54:15.004420+00:00
4517,2026-03-01 16:00:00+00:00,I1,Torino,Lazio,dc_1x,0.7049400104373195,1.4444444444444444,0.6923076923076923,0.012632318129627174,dc.home_draw,latest_pre_match,2026-02-27 06:28:10.640584+00:00,2026-02-27 12:54:15.004420+00:00
4517,2026-03-01 16:00:00+00:00,I1,Torino,Lazio,dc_x2,0.5847333500529768,1.4,0.7142857142857143,-0.12955236423273753,dc.draw_away,latest_pre_match,2026-02-27 06:28:10.640584+00:00,2026-02-27 12:54:15.004420+00:00
4517,2026-03-01 16:00:00+00:00,I1,Torino,Lazio,dc_12,0.7419693143006674,1.3636363636363638,0.7333333333333333,0.00863598096733409,dc.home_away,latest_pre_match,2026-02-27 06:28:10.640584+00:00,2026-02-27 12:54:15.004420+00:00
20143,2026-03-01 16:00:00+00:00,G1,Panathinaikos,Aris,o15,0.6572340222178111,1.4444444444444444,0.6923076923076923,-0.03507367008988116,ou_1_5.over,latest_pre_match,2026-02-27 06:28:11.199612+00:00,2026-02-27 12:54:15.004420+00:00
20143,2026-03-01 16:00:00+00:00,G1,Panathinaikos,Aris,u15,0.34294068504594816,2.625,0.38095238095238093,-0.038011695906432774,ou_1_5.under,latest_pre_match,2026-02-27 06:28:11.199612+00:00,2026-02-27 12:54:15.004420+00:00
20143,2026-03-01 16:00:00+00:00,G1,Panathinaikos,Aris,o25,0.45147552732417323,2.5,0.4,0.05147552732417321,ou_2_5.over,latest_pre_match,2026-02-27 06:28:11.199612+00:00,2026-02-27 12:54:15.004420+00:00
20143,2026-03-01 16:00:00+00:00,G1,Panathinaikos,Aris,u25,0.5485244726758268,1.5,0.6666666666666666,-0.1181421939908398,ou_2_5.under,latest_pre_match,2026-02-27 06:28:11.199612+00:00,2026-02-27 12:54:15.004420+00:00
20143,2026-03-01 16:00:00+00:00,G1,Panathinaikos,Aris,c85,0.6330271324477649,,,,corners_ou_8_5.over,,,2026-02-27 12:54:15.004420+00:00
20143,2026-03-01 16:00:00+00:00,G1,Panathinaikos,Aris,btts,0.5085520100858988,2.2,0.45454545454545453,0.05400655554044426,btts.yes,latest_pre_match,2026-02-27 06:28:11.199612+00:00,2026-02-27 12:54:15.004420+00:00
20143,2026-03-01 16:00:00+00:00,G1,Panathinaikos,Aris,1x2_h,0.5388600865471226,1.81,0.5524861878453039,-0.013626101298181315,1x2.home,latest_pre_match,2026-02-27 06:28:11.199612+00:00,2026-02-27 12:54:15.004420+00:00
20143,2026-03-01 16:00:00+00:00,G1,Panathinaikos,Aris,1x2_d,0.22977667399998492,3.2,0.3125,-0.08272332600001508,1x2.draw,latest_pre_match,2026-02-27 06:28:11.199612+00:00,2026-02-27 12:54:15.004420+00:00
20143,2026-03-01 16:00:00+00:00,G1,Panathinaikos,Aris,1x2_a,0.22663441307662566,4.75,0.21052631578947367,0.016108097287151985,1x2.away,latest_pre_match,2026-02-27 06:28:11.199612+00:00,2026-02-27 12:54:15.004420+00:00
20143,2026-03-01 16:00:00+00:00,G1,Panathinaikos,Aris,dc_1x,0.7733655869233743,1.1818181818181819,0.8461538461538461,-0.07278825923047183,dc.home_draw,latest_pre_match,2026-02-27 06:28:11.199612+00:00,2026-02-27 12:54:15.004420+00:00
20143,2026-03-01 16:00:00+00:00,G1,Panathinaikos,Aris,dc_x2,0.4611399134528775,1.9090909090909092,0.5238095238095238,-0.06266961035664631,dc.draw_away,latest_pre_match,2026-02-27 06:28:11.199612+00:00,2026-02-27 12:54:15.004420+00:00
20143,2026-03-01 16:00:00+00:00,G1,Panathinaikos,Aris,dc_12,0.7667085322695216,1.3333333333333333,0.75,0.016708532269521625,dc.home_away,latest_pre_match,2026-02-27 06:28:11.199612+00:00,2026-02-27 12:54:15.004420+00:00
606,2026-03-01 16:30:00+00:00,E0,Arsenal,Chelsea,o15,0.8548944748855992,1.2222222222222223,0.8181818181818181,0.0367126567037811,ou_1_5.over,latest_pre_match,2026-02-27 06:28:13.552114+00:00,2026-02-27 12:54:15.004420+00:00
606,2026-03-01 16:30:00+00:00,E0,Arsenal,Chelsea,u15,0.14510552511440086,4.333333333333334,0.23076923076923073,-0.08566370565482986,ou_1_5.under,latest_pre_match,2026-02-27 06:28:13.552114+00:00,2026-02-27 12:54:15.004420+00:00
606,2026-03-01 16:30:00+00:00,E0,Arsenal,Chelsea,o25,0.6083397568691686,1.7272727272727273,0.5789473684210527,0.02939238844811598,ou_2_5.over,latest_pre_match,2026-02-27 06:28:13.552114+00:00,2026-02-27 12:54:15.004420+00:00
606,2026-03-01 16:30:00+00:00,E0,Arsenal,Chelsea,u25,0.39166024313083136,2.1,0.47619047619047616,-0.0845302330596448,ou_2_5.under,latest_pre_match,2026-02-27 06:28:13.552114+00:00,2026-02-27 12:54:15.004420+00:00
606,2026-03-01 16:30:00+00:00,E0,Arsenal,Chelsea,c85,0.6094837386125896,,,,corners_ou_8_5.over,,,2026-02-27 12:54:15.004420+00:00
606,2026-03-01 16:30:00+00:00,E0,Arsenal,Chelsea,btts,0.6042247386759582,1.75,0.5714285714285714,0.032796167247386765,btts.yes,latest_pre_match,2026-02-27 06:28:13.552114+00:00,2026-02-27 12:54:15.004420+00:00
606,2026-03-01 16:30:00+00:00,E0,Arsenal,Chelsea,1x2_h,0.5339132100389642,1.6,0.625,-0.09108678996103581,1x2.home,latest_pre_match,2026-02-27 06:28:13.552114+00:00,2026-02-27 12:54:15.004420+00:00
606,2026-03-01 16:30:00+00:00,E0,Arsenal,Chelsea,1x2_d,0.2162846105079214,3.8,0.2631578947368421,-0.0468732842289207,1x2.draw,latest_pre_match,2026-02-27 06:28:13.552114+00:00,2026-02-27 12:54:15.004420+00:00
606,2026-03-01 16:30:00+00:00,E0,Arsenal,Chelsea,1x2_a,0.2371045132824708,5.5,0.18181818181818182,0.05528633146428899,1x2.away,latest_pre_match,2026-02-27 06:28:13.552114+00:00,2026-02-27 12:54:15.004420+00:00
606,2026-03-01 16:30:00+00:00,E0,Arsenal,Chelsea,dc_1x,0.7628954867175292,1.1428571428571428,0.875,-0.11210451328247084,dc.home_draw,latest_pre_match,2026-02-27 06:28:13.552114+00:00,2026-02-27 12:54:15.004420+00:00
606,2026-03-01 16:30:00+00:00,E0,Arsenal,Chelsea,dc_x2,0.46608678996103575,2.3,0.4347826086956522,0.031304181265383535,dc.draw_away,latest_pre_match,2026-02-27 06:28:13.552114+00:00,2026-02-27 12:54:15.004420+00:00
606,2026-03-01 16:30:00+00:00,E0,Arsenal,Chelsea,dc_12,0.7803226064985299,1.25,0.8,-0.01967739350147013,dc.home_away,latest_pre_match,2026-02-27 06:28:13.552114+00:00,2026-02-27 12:54:15.004420+00:00
5136,2026-03-01 16:30:00+00:00,SP1,Betis,Sevilla,o15,0.7460351505723556,1.3,0.7692307692307692,-0.023195618658413575,ou_1_5.over,latest_pre_match,2026-02-27 06:28:12.427388+00:00,2026-02-27 12:54:15.004420+00:00
5136,2026-03-01 16:30:00+00:00,SP1,Betis,Sevilla,u15,0.25396484942764436,3.5,0.2857142857142857,-0.03174943628664134,ou_1_5.under,latest_pre_match,2026-02-27 06:28:12.427388+00:00,2026-02-27 12:54:15.004420+00:00
5136,2026-03-01 16:30:00+00:00,SP1,Betis,Sevilla,o25,0.529631324635618,1.9090909090909092,0.5238095238095238,0.005821800826094181,ou_2_5.over,latest_pre_match,2026-02-27 06:28:12.427388+00:00,2026-02-27 12:54:15.004420+00:00
5136,2026-03-01 16:30:00+00:00,SP1,Betis,Sevilla,u25,0.47036867536438204,1.9090909090909092,0.5238095238095238,-0.0534408484451418,ou_2_5.under,latest_pre_match,2026-02-27 06:28:12.427388+00:00,2026-02-27 12:54:15.004420+00:00
5136,2026-03-01 16:30:00+00:00,SP1,Betis,Sevilla,c85,0.6094837386125896,,,,corners_ou_8_5.over,,,2026-02-27 12:54:15.004420+00:00
5136,2026-03-01 16:30:00+00:00,SP1,Betis,Sevilla,btts,0.5412455602445055,1.8,0.5555555555555556,-0.014309995311050039,btts.yes,latest_pre_match,2026-02-27 06:28:12.427388+00:00,2026-02-27 12:54:15.004420+00:00
5136,2026-03-01 16:30:00+00:00,SP1,Betis,Sevilla,1x2_h,0.4945873576651487,1.75,0.5714285714285714,-0.07684121376342268,1x2.home,latest_pre_match,2026-02-27 06:28:12.427388+00:00,2026-02-27 12:54:15.004420+00:00
5136,2026-03-01 16:30:00+00:00,SP1,Betis,Sevilla,1x2_d,0.24547933112564688,3.8,0.2631578947368421,-0.017678563611195214,1x2.draw,latest_pre_match,2026-02-27 06:28:12.427388+00:00,2026-02-27 12:54:15.004420+00:00
5136,2026-03-01 16:30:00+00:00,SP1,Betis,Sevilla,1x2_a,0.32136832552209743,4.5,0.2222222222222222,0.09914610329987522,1x2.away,latest_pre_match,2026-02-27 06:28:12.427388+00:00,2026-02-27 12:54:15.004420+00:00
5136,2026-03-01 16:30:00+00:00,SP1,Betis,Sevilla,dc_1x,0.6786316744779025,1.1818181818181819,0.8461538461538461,-0.16752217167594363,dc.home_draw,latest_pre_match,2026-02-27 06:28:12.427388+00:00,2026-02-27 12:54:15.004420+00:00
5136,2026-03-01 16:30:00+00:00,SP1,Betis,Sevilla,dc_x2,0.5054126423348513,2.0,0.5,0.005412642334851281,dc.draw_away,latest_pre_match,2026-02-27 06:28:12.427388+00:00,2026-02-27 12:54:15.004420+00:00
5136,2026-03-01 16:30:00+00:00,SP1,Betis,Sevilla,dc_12,0.755583388529676,1.25,0.8,-0.04441661147032405,dc.home_away,latest_pre_match,2026-02-27 06:28:12.427388+00:00,2026-02-27 12:54:15.004420+00:00
5535,2026-03-01 16:30:00+00:00,SP2,Cultural Leonesa,Las Palmas,o15,0.6567902789620099,1.4444444444444444,0.6923076923076923,-0.03551741334568237,ou_1_5.over,latest_pre_match,2026-02-27 06:28:11.868797+00:00,2026-02-27 12:54:15.004420+00:00
5535,2026-03-01 16:30:00+00:00,SP2,Cultural Leonesa,Las Palmas,u15,0.3429113316218267,2.625,0.38095238095238093,-0.038041049330554244,ou_1_5.under,latest_pre_match,2026-02-27 06:28:11.868797+00:00,2026-02-27 12:54:15.004420+00:00
5535,2026-03-01 16:30:00+00:00,SP2,Cultural Leonesa,Las Palmas,o25,0.4961220890029652,2.4,0.4166666666666667,0.07945542233629854,ou_2_5.over,latest_pre_match,2026-02-27 06:28:11.868797+00:00,2026-02-27 12:54:15.004420+00:00
5535,2026-03-01 16:30:00+00:00,SP2,Cultural Leonesa,Las Palmas,u25,0.5038779109970348,1.5333333333333332,0.6521739130434783,-0.14829600204644344,ou_2_5.under,latest_pre_match,2026-02-27 06:28:11.868797+00:00,2026-02-27 12:54:15.004420+00:00
5535,2026-03-01 16:30:00+00:00,SP2,Cultural Leonesa,Las Palmas,c85,0.6148840600639782,,,,corners_ou_8_5.over,,,2026-02-27 12:54:15.004420+00:00
5535,2026-03-01 16:30:00+00:00,SP2,Cultural Leonesa,Las Palmas,btts,0.5412455602445055,2.0,0.5,0.04124556024450554,btts.yes,latest_pre_match,2026-02-27 06:28:11.868797+00:00,2026-02-27 12:54:15.004420+00:00
5535,2026-03-01 16:30:00+00:00,SP2,Cultural Leonesa,Las Palmas,1x2_h,0.24805260846450775,3.2,0.3125,-0.06444739153549225,1x2.home,latest_pre_match,2026-02-27 06:28:11.868797+00:00,2026-02-27 12:54:15.004420+00:00
5535,2026-03-01 16:30:00+00:00,SP2,Cultural Leonesa,Las Palmas,1x2_d,0.2589713946177104,3.1,0.3225806451612903,-0.06360925054357991,1x2.draw,latest_pre_match,2026-02-27 06:28:11.868797+00:00,2026-02-27 12:54:15.004420+00:00
5535,2026-03-01 16:30:00+00:00,SP2,Cultural Leonesa,Las Palmas,1x2_a,0.45672039307526296,2.3200000000000003,0.43103448275862066,0.025685910316642302,1x2.away,latest_pre_match,2026-02-27 06:28:11.868797+00:00,2026-02-27 12:54:15.004420+00:00
5535,2026-03-01 16:30:00+00:00,SP2,Cultural Leonesa,Las Palmas,dc_1x,0.5432796069247371,1.5333333333333332,0.6521739130434783,-0.10889430611874118,dc.home_draw,latest_pre_match,2026-02-27 06:28:11.868797+00:00,2026-02-27 12:54:15.004420+00:00
5535,2026-03-01 16:30:00+00:00,SP2,Cultural Leonesa,Las Palmas,dc_x2,0.7519473915354923,1.3636363636363638,0.7333333333333333,0.018614058202159,dc.draw_away,latest_pre_match,2026-02-27 06:28:11.868797+00:00,2026-02-27 12:54:15.004420+00:00
5535,2026-03-01 16:30:00+00:00,SP2,Cultural Leonesa,Las Palmas,dc_12,0.7441307359497378,1.3636363636363638,0.7333333333333333,0.010797402616404495,dc.home_away,latest_pre_match,2026-02-27 06:28:11.868797+00:00,2026-02-27 12:54:15.004420+00:00
19347,2026-03-01 16:30:00+00:00,B1,Charleroi,Club Brugge KV,o15,0.7513567958288897,1.2222222222222223,0.8181818181818181,-0.06682502235292842,ou_1_5.over,latest_pre_match,2026-02-27 06:28:12.988813+00:00,2026-02-27 12:54:15.004420+00:00
19347,2026-03-01 16:30:00+00:00,B1,Charleroi,Club Brugge KV,u15,0.24864320417111027,4.0,0.25,-0.0013567958288897286,ou_1_5.under,latest_pre_match,2026-02-27 06:28:12.988813+00:00,2026-02-27 12:54:15.004420+00:00
19347,2026-03-01 16:30:00+00:00,B1,Charleroi,Club Brugge KV,o25,0.5540559584791414,1.7,0.5882352941176471,-0.034179335638505726,ou_2_5.over,latest_pre_match,2026-02-27 06:28:12.988813+00:00,2026-02-27 12:54:15.004420+00:00
19347,2026-03-01 16:30:00+00:00,B1,Charleroi,Club Brugge KV,u25,0.44594404152085865,2.1,0.47619047619047616,-0.030246434669617517,ou_2_5.under,latest_pre_match,2026-02-27 06:28:12.988813+00:00,2026-02-27 12:54:15.004420+00:00
19347,2026-03-01 16:30:00+00:00,B1,Charleroi,Club Brugge KV,c85,0.6148840600639782,,,,corners_ou_8_5.over,,,2026-02-27 12:54:15.004420+00:00
19347,2026-03-01 16:30:00+00:00,B1,Charleroi,Club Brugge KV,btts,0.5723536821415561,1.6666666666666665,0.6000000000000001,-0.02764631785844396,btts.yes,latest_pre_match,2026-02-27 06:28:12.988813+00:00,2026-02-27 12:54:15.004420+00:00
19347,2026-03-01 16:30:00+00:00,B1,Charleroi,Club Brugge KV,1x2_h,0.37989232292120495,3.9,0.25641025641025644,0.12348206651094851,1x2.home,latest_pre_match,2026-02-27 06:28:12.988813+00:00,2026-02-27 12:54:15.004420+00:00
19347,2026-03-01 16:30:00+00:00,B1,Charleroi,Club Brugge KV,1x2_d,0.22950031687634329,3.6,0.2777777777777778,-0.048277460901434505,1x2.draw,latest_pre_match,2026-02-27 06:28:12.988813+00:00,2026-02-27 12:54:15.004420+00:00
19347,2026-03-01 16:30:00+00:00,B1,Charleroi,Club Brugge KV,1x2_a,0.3037917755853501,1.83,0.5464480874316939,-0.24265631184634384,1x2.away,latest_pre_match,2026-02-27 06:28:12.988813+00:00,2026-02-27 12:54:15.004420+00:00
19347,2026-03-01 16:30:00+00:00,B1,Charleroi,Club Brugge KV,dc_1x,0.6962082244146499,1.9090909090909092,0.5238095238095238,0.17239870060512608,dc.home_draw,latest_pre_match,2026-02-27 06:28:12.988813+00:00,2026-02-27 12:54:15.004420+00:00
19347,2026-03-01 16:30:00+00:00,B1,Charleroi,Club Brugge KV,dc_x2,0.6201076770787951,1.25,0.8,-0.17989232292120494,dc.draw_away,latest_pre_match,2026-02-27 06:28:12.988813+00:00,2026-02-27 12:54:15.004420+00:00
19347,2026-03-01 16:30:00+00:00,B1,Charleroi,Club Brugge KV,dc_12,0.7715624027789795,1.2857142857142856,0.7777777777777779,-0.006215374998798429,dc.home_away,latest_pre_match,2026-02-27 06:28:12.988813+00:00,2026-02-27 12:54:15.004420+00:00
22029,2026-03-01 17:00:00+00:00,RO1,UTA Arad,FCSB,o15,0.8567242219678217,1.3,0.7692307692307692,0.08749345273705256,ou_1_5.over,latest_pre_match,2026-02-27 04:48:57.019315+00:00,2026-02-27 12:54:15.004420+00:00
22029,2026-03-01 17:00:00+00:00,RO1,UTA Arad,FCSB,u15,0.14327577803217828,3.4,0.29411764705882354,-0.15084186902664526,ou_1_5.under,latest_pre_match,2026-02-27 04:48:57.019315+00:00,2026-02-27 12:54:15.004420+00:00
22029,2026-03-01 17:00:00+00:00,RO1,UTA Arad,FCSB,o25,0.5635131878263296,2.0,0.5,0.06351318782632964,ou_2_5.over,latest_pre_match,2026-02-27 04:48:57.019315+00:00,2026-02-27 12:54:15.004420+00:00
22029,2026-03-01 17:00:00+00:00,RO1,UTA Arad,FCSB,u25,0.4364868121736702,1.8,0.5555555555555556,-0.11906874338188539,ou_2_5.under,latest_pre_match,2026-02-27 04:48:57.019315+00:00,2026-02-27 12:54:15.004420+00:00
22029,2026-03-01 17:00:00+00:00,RO1,UTA Arad,FCSB,c85,0.5991808521090162,,,,corners_ou_8_5.over,,,2026-02-27 12:54:15.004420+00:00
22029,2026-03-01 17:00:00+00:00,RO1,UTA Arad,FCSB,btts,0.5847939473412797,1.8333333333333335,0.5454545454545454,0.03933940188673424,btts.yes,latest_pre_match,2026-02-27 04:48:57.019315+00:00,2026-02-27 12:54:15.004420+00:00
22029,2026-03-01 17:00:00+00:00,RO1,UTA Arad,FCSB,1x2_h,0.3042789148137851,4.2,0.23809523809523808,0.06618367671854702,1x2.home,latest_pre_match,2026-02-27 04:48:57.019315+00:00,2026-02-27 12:54:15.004420+00:00
22029,2026-03-01 17:00:00+00:00,RO1,UTA Arad,FCSB,1x2_d,0.2589713946177104,3.3,0.30303030303030304,-0.044058908412592634,1x2.draw,latest_pre_match,2026-02-27 04:48:57.019315+00:00,2026-02-27 12:54:15.004420+00:00
22029,2026-03-01 17:00:00+00:00,RO1,UTA Arad,FCSB,1x2_a,0.45672039307526296,1.75,0.5714285714285714,-0.11470817835330843,1x2.away,latest_pre_match,2026-02-27 04:48:57.019315+00:00,2026-02-27 12:54:15.004420+00:00
22029,2026-03-01 17:00:00+00:00,RO1,UTA Arad,FCSB,dc_1x,0.5432796069247371,1.9090909090909092,0.5238095238095238,0.019470083115213255,dc.home_draw,latest_pre_match,2026-02-27 04:48:57.019315+00:00,2026-02-27 12:54:15.004420+00:00
22029,2026-03-01 17:00:00+00:00,RO1,UTA Arad,FCSB,dc_x2,0.6957210851862149,1.2,0.8333333333333334,-0.13761224814711848,dc.draw_away,latest_pre_match,2026-02-27 04:48:57.019315+00:00,2026-02-27 12:54:15.004420+00:00
22029,2026-03-01 17:00:00+00:00,RO1,UTA Arad,FCSB,dc_12,0.7419693143006674,1.3,0.7692307692307692,-0.02726145493010179,dc.home_away,latest_pre_match,2026-02-27 04:48:57.019315+00:00,2026-02-27 12:54:15.004420+00:00
19348,2026-03-01 17:15:00+00:00,B1,Cercle Brugge KSV,Dender,o15,0.8065003104299141,1.25,0.8,0.006500310429914058,ou_1_5.over,latest_pre_match,2026-02-27 04:48:57.655181+00:00,2026-02-27 12:54:15.004420+00:00
19348,2026-03-01 17:15:00+00:00,B1,Cercle Brugge KSV,Dender,u15,0.19349968957008593,3.75,0.26666666666666666,-0.07316697709658074,ou_1_5.under,latest_pre_match,2026-02-27 04:48:57.655181+00:00,2026-02-27 12:54:15.004420+00:00
19348,2026-03-01 17:15:00+00:00,B1,Cercle Brugge KSV,Dender,o25,0.5756933206613409,1.85,0.5405405405405405,0.035152780120800475,ou_2_5.over,latest_pre_match,2026-02-27 04:48:57.655181+00:00,2026-02-27 12:54:15.004420+00:00
19348,2026-03-01 17:15:00+00:00,B1,Cercle Brugge KSV,Dender,u25,0.42248595104734243,1.95,0.5128205128205129,-0.09033456177317045,ou_2_5.under,latest_pre_match,2026-02-27 04:48:57.655181+00:00,2026-02-27 12:54:15.004420+00:00
19348,2026-03-01 17:15:00+00:00,B1,Cercle Brugge KSV,Dender,c85,0.6387103882204372,,,,corners_ou_8_5.over,,,2026-02-27 12:54:15.004420+00:00
19348,2026-03-01 17:15:00+00:00,B1,Cercle Brugge KSV,Dender,btts,0.5762563451351282,1.8,0.5555555555555556,0.020700789579572665,btts.yes,latest_pre_match,2026-02-27 04:48:57.655181+00:00,2026-02-27 12:54:15.004420+00:00
19348,2026-03-01 17:15:00+00:00,B1,Cercle Brugge KSV,Dender,1x2_h,0.45675707441617114,1.7,0.5882352941176471,-0.13147821970147594,1x2.home,latest_pre_match,2026-02-27 04:48:57.655181+00:00,2026-02-27 12:54:15.004420+00:00
19348,2026-03-01 17:15:00+00:00,B1,Cercle Brugge KSV,Dender,1x2_d,0.21611177305301688,3.5,0.2857142857142857,-0.06960251266126882,1x2.draw,latest_pre_match,2026-02-27 04:48:57.655181+00:00,2026-02-27 12:54:15.004420+00:00
19348,2026-03-01 17:15:00+00:00,B1,Cercle Brugge KSV,Dender,1x2_a,0.3480648577935426,4.5,0.2222222222222222,0.12584263557132042,1x2.away,latest_pre_match,2026-02-27 04:48:57.655181+00:00,2026-02-27 12:54:15.004420+00:00
19348,2026-03-01 17:15:00+00:00,B1,Cercle Brugge KSV,Dender,dc_1x,0.6519351422064574,1.1666666666666667,0.8571428571428571,-0.20520771493639967,dc.home_draw,latest_pre_match,2026-02-27 04:48:57.655181+00:00,2026-02-27 12:54:15.004420+00:00
19348,2026-03-01 17:15:00+00:00,B1,Cercle Brugge KSV,Dender,dc_x2,0.5432429255838288,2.0,0.5,0.043242925583828806,dc.draw_away,latest_pre_match,2026-02-27 04:48:57.655181+00:00,2026-02-27 12:54:15.004420+00:00
19348,2026-03-01 17:15:00+00:00,B1,Cercle Brugge KSV,Dender,dc_12,0.7849509466023058,1.25,0.8,-0.015049053397694245,dc.home_away,latest_pre_match,2026-02-27 04:48:57.655181+00:00,2026-02-27 12:54:15.004420+00:00
3853,2026-03-01 17:30:00+00:00,D1,Hamburger SV,RB Leipzig,o15,0.894824545399258,1.1666666666666667,0.8571428571428571,0.03768168825640095,ou_1_5.over,latest_pre_match,2026-02-27 05:08:20.723090+00:00,2026-02-27 12:54:15.004420+00:00
3853,2026-03-01 17:30:00+00:00,D1,Hamburger SV,RB Leipzig,u15,0.10517545460074196,5.0,0.2,-0.09482454539925805,ou_1_5.under,latest_pre_match,2026-02-27 05:08:20.723090+00:00,2026-02-27 12:54:15.004420+00:00
3853,2026-03-01 17:30:00+00:00,D1,Hamburger SV,RB Leipzig,o25,0.6127027787743821,1.5714285714285714,0.6363636363636364,-0.02366085758925429,ou_2_5.over,latest_pre_match,2026-02-27 05:08:20.723090+00:00,2026-02-27 12:54:15.004420+00:00
3853,2026-03-01 17:30:00+00:00,D1,Hamburger SV,RB Leipzig,u25,0.3872972212256179,2.375,0.42105263157894735,-0.03375541035332946,ou_2_5.under,latest_pre_match,2026-02-27 05:08:20.723090+00:00,2026-02-27 12:54:15.004420+00:00
3853,2026-03-01 17:30:00+00:00,D1,Hamburger SV,RB Leipzig,c85,0.6373952893820714,,,,corners_ou_8_5.over,,,2026-02-27 12:54:15.004420+00:00
3853,2026-03-01 17:30:00+00:00,D1,Hamburger SV,RB Leipzig,btts,0.5762563451351282,1.5,0.6666666666666666,-0.09041032153153838,btts.yes,latest_pre_match,2026-02-27 05:08:20.723090+00:00,2026-02-27 12:54:15.004420+00:00
3853,2026-03-01 17:30:00+00:00,D1,Hamburger SV,RB Leipzig,1x2_h,0.35756566357545605,3.3,0.30303030303030304,0.05453536054515301,1x2.home,latest_pre_match,2026-02-27 05:08:20.723090+00:00,2026-02-27 12:54:15.004420+00:00
3853,2026-03-01 17:30:00+00:00,D1,Hamburger SV,RB Leipzig,1x2_d,0.20924527303380133,3.5,0.2857142857142857,-0.07646901268048437,1x2.draw,latest_pre_match,2026-02-27 05:08:20.723090+00:00,2026-02-27 12:54:15.004420+00:00
3853,2026-03-01 17:30:00+00:00,D1,Hamburger SV,RB Leipzig,1x2_a,0.45672039307526296,2.15,0.46511627906976744,-0.00839588599450447,1x2.away,latest_pre_match,2026-02-27 05:08:20.723090+00:00,2026-02-27 12:54:15.004420+00:00
3853,2026-03-01 17:30:00+00:00,D1,Hamburger SV,RB Leipzig,dc_1x,0.5432796069247371,1.6666666666666665,0.6000000000000001,-0.056720393075263,dc.home_draw,latest_pre_match,2026-02-27 05:08:20.723090+00:00,2026-02-27 12:54:15.004420+00:00
3853,2026-03-01 17:30:00+00:00,D1,Hamburger SV,RB Leipzig,dc_x2,0.642434336424544,1.3333333333333333,0.75,-0.10756566357545605,dc.draw_away,latest_pre_match,2026-02-27 05:08:20.723090+00:00,2026-02-27 12:54:15.004420+00:00
3853,2026-03-01 17:30:00+00:00,D1,Hamburger SV,RB Leipzig,dc_12,0.78736194397265,1.2857142857142856,0.7777777777777779,0.009584166194872124,dc.home_away,latest_pre_match,2026-02-27 05:08:20.723090+00:00,2026-02-27 12:54:15.004420+00:00
19059,2026-03-01 18:00:00+00:00,N1,Excelsior,G.A. Eagles,o15,0.8576540220608018,1.2,0.8333333333333334,0.024320688727468398,ou_1_5.over,latest_pre_match,2026-02-27 05:08:22.088305+00:00,2026-02-27 12:54:15.004420+00:00
19059,2026-03-01 18:00:00+00:00,N1,Excelsior,G.A. Eagles,u15,0.14234597793919826,4.333333333333334,0.23076923076923073,-0.08842325283003247,ou_1_5.under,latest_pre_match,2026-02-27 05:08:22.088305+00:00,2026-02-27 12:54:15.004420+00:00
19059,2026-03-01 18:00:00+00:00,N1,Excelsior,G.A. Eagles,o25,0.6708959243521454,1.7,0.5882352941176471,0.08266063023449832,ou_2_5.over,latest_pre_match,2026-02-27 05:08:22.088305+00:00,2026-02-27 12:54:15.004420+00:00
19059,2026-03-01 18:00:00+00:00,N1,Excelsior,G.A. Eagles,u25,0.331199863457928,2.1,0.47619047619047616,-0.14499061273254815,ou_2_5.under,latest_pre_match,2026-02-27 05:08:22.088305+00:00,2026-02-27 12:54:15.004420+00:00
19059,2026-03-01 18:00:00+00:00,N1,Excelsior,G.A. Eagles,c85,0.6295364677561942,,,,corners_ou_8_5.over,,,2026-02-27 12:54:15.004420+00:00
19059,2026-03-01 18:00:00+00:00,N1,Excelsior,G.A. Eagles,btts,0.6113266583229037,1.5714285714285714,0.6363636363636364,-0.025036978040732683,btts.yes,latest_pre_match,2026-02-27 05:08:22.088305+00:00,2026-02-27 12:54:15.004420+00:00
19059,2026-03-01 18:00:00+00:00,N1,Excelsior,G.A. Eagles,1x2_h,0.4068399776974681,2.45,0.4081632653061224,-0.0013232876086543,1x2.home,latest_pre_match,2026-02-27 05:08:22.088305+00:00,2026-02-27 12:54:15.004420+00:00
19059,2026-03-01 18:00:00+00:00,N1,Excelsior,G.A. Eagles,1x2_d,0.26984095983510165,3.5,0.2857142857142857,-0.015873325879184053,1x2.draw,latest_pre_match,2026-02-27 05:08:22.088305+00:00,2026-02-27 12:54:15.004420+00:00
19059,2026-03-01 18:00:00+00:00,N1,Excelsior,G.A. Eagles,1x2_a,0.3834898526256551,2.8,0.35714285714285715,0.026346995482797952,1x2.away,latest_pre_match,2026-02-27 05:08:22.088305+00:00,2026-02-27 12:54:15.004420+00:00
19059,2026-03-01 18:00:00+00:00,N1,Excelsior,G.A. Eagles,dc_1x,0.616510147374345,1.4,0.7142857142857143,-0.09777556691136935,dc.home_draw,latest_pre_match,2026-02-27 05:08:22.088305+00:00,2026-02-27 12:54:15.004420+00:00
19059,2026-03-01 18:00:00+00:00,N1,Excelsior,G.A. Eagles,dc_x2,0.5931600223025318,1.5333333333333332,0.6521739130434783,-0.05901389074094643,dc.draw_away,latest_pre_match,2026-02-27 05:08:22.088305+00:00,2026-02-27 12:54:15.004420+00:00
19059,2026-03-01 18:00:00+00:00,N1,Excelsior,G.A. Eagles,dc_12,0.731221759820221,1.2857142857142856,0.7777777777777779,-0.04655601795755693,dc.home_away,latest_pre_match,2026-02-27 05:08:22.088305+00:00,2026-02-27 12:54:15.004420+00:00
19586,2026-03-01 18:00:00+00:00,P1,Casa Pia,Moreirense,o15,0.692630605713231,1.4444444444444444,0.6923076923076923,0.00032291340553869397,ou_1_5.over,latest_pre_match,2026-02-27 05:08:21.389465+00:00,2026-02-27 12:54:15.004420+00:00
19586,2026-03-01 18:00:00+00:00,P1,Casa Pia,Moreirense,u15,0.3073693942867691,2.625,0.38095238095238093,-0.0735829866656118,ou_1_5.under,latest_pre_match,2026-02-27 05:08:21.389465+00:00,2026-02-27 12:54:15.004420+00:00
19586,2026-03-01 18:00:00+00:00,P1,Casa Pia,Moreirense,o25,0.37852031696309085,2.5,0.4,-0.02147968303690917,ou_2_5.over,latest_pre_match,2026-02-27 05:08:21.389465+00:00,2026-02-27 12:54:15.004420+00:00
19586,2026-03-01 18:00:00+00:00,P1,Casa Pia,Moreirense,u25,0.621479683036909,1.5,0.6666666666666666,-0.04518698362975759,ou_2_5.under,latest_pre_match,2026-02-27 05:08:21.389465+00:00,2026-02-27 12:54:15.004420+00:00
19586,2026-03-01 18:00:00+00:00,P1,Casa Pia,Moreirense,c85,0.6094837386125896,1.8,0.5555555555555556,0.05392818305703406,corners_ou_8_5.over,latest_pre_match,2026-02-27 05:08:21.389465+00:00,2026-02-27 12:54:15.004420+00:00
19586,2026-03-01 18:00:00+00:00,P1,Casa Pia,Moreirense,btts,0.5085520100858988,2.05,0.48780487804878053,0.020747132037118254,btts.yes,latest_pre_match,2026-02-27 05:08:21.389465+00:00,2026-02-27 12:54:15.004420+00:00
19586,2026-03-01 18:00:00+00:00,P1,Casa Pia,Moreirense,1x2_h,0.4250237231927922,2.65,0.37735849056603776,0.04766523262675443,1x2.home,latest_pre_match,2026-02-27 05:08:21.389465+00:00,2026-02-27 12:54:15.004420+00:00
19586,2026-03-01 18:00:00+00:00,P1,Casa Pia,Moreirense,1x2_d,0.26984095983510165,3.0,0.3333333333333333,-0.06349237349823167,1x2.draw,latest_pre_match,2026-02-27 05:08:21.389465+00:00,2026-02-27 12:54:15.004420+00:00
19586,2026-03-01 18:00:00+00:00,P1,Casa Pia,Moreirense,1x2_a,0.2422530206380532,2.75,0.36363636363636365,-0.12138334299831044,1x2.away,latest_pre_match,2026-02-27 05:08:21.389465+00:00,2026-02-27 12:54:15.004420+00:00
19586,2026-03-01 18:00:00+00:00,P1,Casa Pia,Moreirense,dc_1x,0.7577469793619468,1.4444444444444444,0.6923076923076923,0.0654392870542545,dc.home_draw,latest_pre_match,2026-02-27 05:08:21.389465+00:00,2026-02-27 12:54:15.004420+00:00
19586,2026-03-01 18:00:00+00:00,P1,Casa Pia,Moreirense,dc_x2,0.5749762768072079,1.4,0.7142857142857143,-0.13930943747850644,dc.draw_away,latest_pre_match,2026-02-27 05:08:21.389465+00:00,2026-02-27 12:54:15.004420+00:00
19586,2026-03-01 18:00:00+00:00,P1,Casa Pia,Moreirense,dc_12,0.731221759820221,1.3636363636363638,0.7333333333333333,-0.002111573513112308,dc.home_away,latest_pre_match,2026-02-27 05:08:21.389465+00:00,2026-02-27 12:54:15.004420+00:00
4518,2026-03-01 18:45:00+00:00,I1,AS Roma,Juventus,o15,0.7927213868003342,1.4,0.7142857142857143,0.07843567251461991,ou_1_5.over,latest_pre_match,2026-02-27 06:28:16.685196+00:00,2026-02-27 12:54:15.004420+00:00
4518,2026-03-01 18:45:00+00:00,I1,AS Roma,Juventus,u15,0.20698022378350248,3.0,0.3333333333333333,-0.12635310954983084,ou_1_5.under,latest_pre_match,2026-02-27 06:28:16.685196+00:00,2026-02-27 12:54:15.004420+00:00
4518,2026-03-01 18:45:00+00:00,I1,AS Roma,Juventus,o25,0.5139906284292429,2.3,0.4347826086956522,0.0792080197335907,ou_2_5.over,latest_pre_match,2026-02-27 06:28:16.685196+00:00,2026-02-27 12:54:15.004420+00:00
4518,2026-03-01 18:45:00+00:00,I1,AS Roma,Juventus,u25,0.48600937157075713,1.6153846153846154,0.6190476190476191,-0.13303824747686194,ou_2_5.under,latest_pre_match,2026-02-27 06:28:16.685196+00:00,2026-02-27 12:54:15.004420+00:00
4518,2026-03-01 18:45:00+00:00,I1,AS Roma,Juventus,c85,0.5770715046885736,1.7272727272727273,0.5789473684210527,-0.001875863732479055,corners_ou_8_5.over,latest_pre_match,2026-02-27 06:28:16.685196+00:00,2026-02-27 12:54:15.004420+00:00
4518,2026-03-01 18:45:00+00:00,I1,AS Roma,Juventus,btts,0.5696776682715123,1.9090909090909092,0.5238095238095238,0.0458681444619885,btts.yes,latest_pre_match,2026-02-27 06:28:16.685196+00:00,2026-02-27 12:54:15.004420+00:00
4518,2026-03-01 18:45:00+00:00,I1,AS Roma,Juventus,1x2_h,0.5546712251550131,2.63,0.3802281368821293,0.1744430882728838,1x2.home,latest_pre_match,2026-02-27 06:28:16.685196+00:00,2026-02-27 12:54:15.004420+00:00
4518,2026-03-01 18:45:00+00:00,I1,AS Roma,Juventus,1x2_d,0.2386128311064313,3.1,0.3225806451612903,-0.08396781405485901,1x2.draw,latest_pre_match,2026-02-27 06:28:16.685196+00:00,2026-02-27 12:54:15.004420+00:00
4518,2026-03-01 18:45:00+00:00,I1,AS Roma,Juventus,1x2_a,0.25785906874881437,2.88,0.3472222222222222,-0.08936315347340784,1x2.away,latest_pre_match,2026-02-27 06:28:16.685196+00:00,2026-02-27 12:54:15.004420+00:00
4518,2026-03-01 18:45:00+00:00,I1,AS Roma,Juventus,dc_1x,0.7421409312511855,1.4,0.7142857142857143,0.02785521696547122,dc.home_draw,latest_pre_match,2026-02-27 06:28:16.685196+00:00,2026-02-27 12:54:15.004420+00:00
4518,2026-03-01 18:45:00+00:00,I1,AS Roma,Juventus,dc_x2,0.44532877484498684,1.4444444444444444,0.6923076923076923,-0.24697891746270545,dc.draw_away,latest_pre_match,2026-02-27 06:28:16.685196+00:00,2026-02-27 12:54:15.004420+00:00
4518,2026-03-01 18:45:00+00:00,I1,AS Roma,Juventus,dc_12,0.75799438590002,1.3636363636363638,0.7333333333333333,0.024661052566686714,dc.home_away,latest_pre_match,2026-02-27 06:28:16.685196+00:00,2026-02-27 12:54:15.004420+00:00
5907,2026-03-01 18:45:00+00:00,F1,Marseille,Lyon,o15,0.8223913232281433,1.2222222222222223,0.8181818181818181,0.004209505046325224,ou_1_5.over,latest_pre_match,2026-02-27 06:28:17.350424+00:00,2026-02-27 12:54:15.004420+00:00
5907,2026-03-01 18:45:00+00:00,F1,Marseille,Lyon,u15,0.17760867677185668,4.333333333333334,0.23076923076923073,-0.053160553997374044,ou_1_5.under,latest_pre_match,2026-02-27 06:28:17.350424+00:00,2026-02-27 12:54:15.004420+00:00
5907,2026-03-01 18:45:00+00:00,F1,Marseille,Lyon,o25,0.6397820824494304,1.6666666666666665,0.6000000000000001,0.03978208244943027,ou_2_5.over,latest_pre_match,2026-02-27 06:28:17.350424+00:00,2026-02-27 12:54:15.004420+00:00
5907,2026-03-01 18:45:00+00:00,F1,Marseille,Lyon,u25,0.36021791755056953,2.2,0.45454545454545453,-0.094327536994885,ou_2_5.under,latest_pre_match,2026-02-27 06:28:17.350424+00:00,2026-02-27 12:54:15.004420+00:00
5907,2026-03-01 18:45:00+00:00,F1,Marseille,Lyon,c85,0.6148840600639782,,,,corners_ou_8_5.over,,,2026-02-27 12:54:15.004420+00:00
5907,2026-03-01 18:45:00+00:00,F1,Marseille,Lyon,btts,0.6224627462041085,1.6153846153846154,0.6190476190476191,0.003415127156489395,btts.yes,latest_pre_match,2026-02-27 06:28:17.350424+00:00,2026-02-27 12:54:15.004420+00:00
5907,2026-03-01 18:45:00+00:00,F1,Marseille,Lyon,1x2_h,0.4152666499470232,1.95,0.5128205128205129,-0.09755386287348966,1x2.home,latest_pre_match,2026-02-27 06:28:17.350424+00:00,2026-02-27 12:54:15.004420+00:00
5907,2026-03-01 18:45:00+00:00,F1,Marseille,Lyon,1x2_d,0.22780018131542154,3.6,0.2777777777777778,-0.04997759646235625,1x2.draw,latest_pre_match,2026-02-27 06:28:17.350424+00:00,2026-02-27 12:54:15.004420+00:00
5907,2026-03-01 18:45:00+00:00,F1,Marseille,Lyon,1x2_a,0.42729000333987804,3.8,0.2631578947368421,0.16413210860303595,1x2.away,latest_pre_match,2026-02-27 06:28:17.350424+00:00,2026-02-27 12:54:15.004420+00:00
5907,2026-03-01 18:45:00+00:00,F1,Marseille,Lyon,dc_1x,0.572709996660122,1.25,0.8,-0.22729000333987803,dc.home_draw,latest_pre_match,2026-02-27 06:28:17.350424+00:00,2026-02-27 12:54:15.004420+00:00
5907,2026-03-01 18:45:00+00:00,F1,Marseille,Lyon,dc_x2,0.5847333500529768,1.8,0.5555555555555556,0.029177794497421194,dc.draw_away,latest_pre_match,2026-02-27 06:28:17.350424+00:00,2026-02-27 12:54:15.004420+00:00
5907,2026-03-01 18:45:00+00:00,F1,Marseille,Lyon,dc_12,0.7732625383399001,1.2857142857142856,0.7777777777777779,-0.004515239437877794,dc.home_away,latest_pre_match,2026-02-27 06:28:17.350424+00:00,2026-02-27 12:54:15.004420+00:00
5137,2026-03-01 19:00:00+00:00,SP1,Girona,Celta Vigo,o15,0.7326755764182336,1.3,0.7692307692307692,-0.03655519281253561,ou_1_5.over,latest_pre_match,2026-02-27 06:28:18.017027+00:00,2026-02-27 12:54:15.004420+00:00
5137,2026-03-01 19:00:00+00:00,SP1,Girona,Celta Vigo,u15,0.26702603416560317,3.5,0.2857142857142857,-0.018688251548682533,ou_1_5.under,latest_pre_match,2026-02-27 06:28:18.017027+00:00,2026-02-27 12:54:15.004420+00:00
5137,2026-03-01 19:00:00+00:00,SP1,Girona,Celta Vigo,o25,0.4672815638502528,2.0,0.5,-0.032718436149747177,ou_2_5.over,latest_pre_match,2026-02-27 06:28:18.017027+00:00,2026-02-27 12:54:15.004420+00:00
5137,2026-03-01 19:00:00+00:00,SP1,Girona,Celta Vigo,u25,0.5327184361497471,1.8,0.5555555555555556,-0.02283711940580846,ou_2_5.under,latest_pre_match,2026-02-27 06:28:18.017027+00:00,2026-02-27 12:54:15.004420+00:00
5137,2026-03-01 19:00:00+00:00,SP1,Girona,Celta Vigo,c85,0.6079007328091182,1.7272727272727273,0.5789473684210527,0.028953364388065506,corners_ou_8_5.over,latest_pre_match,2026-02-27 06:28:18.017027+00:00,2026-02-27 12:54:15.004420+00:00
5137,2026-03-01 19:00:00+00:00,SP1,Girona,Celta Vigo,btts,0.5696776682715123,1.75,0.5714285714285714,-0.0017509031570590583,btts.yes,latest_pre_match,2026-02-27 06:28:18.017027+00:00,2026-02-27 12:54:15.004420+00:00
5137,2026-03-01 19:00:00+00:00,SP1,Girona,Celta Vigo,1x2_h,0.2947072420756631,2.38,0.42016806722689076,-0.12546082515122764,1x2.home,latest_pre_match,2026-02-27 06:28:18.017027+00:00,2026-02-27 12:54:15.004420+00:00
5137,2026-03-01 19:00:00+00:00,SP1,Girona,Celta Vigo,1x2_d,0.26984095983510165,3.3,0.30303030303030304,-0.03318934319520139,1x2.draw,latest_pre_match,2026-02-27 06:28:18.017027+00:00,2026-02-27 12:54:15.004420+00:00
5137,2026-03-01 19:00:00+00:00,SP1,Girona,Celta Vigo,1x2_a,0.3483543906034006,3.0,0.3333333333333333,0.015021057270067306,1x2.away,latest_pre_match,2026-02-27 06:28:18.017027+00:00,2026-02-27 12:54:15.004420+00:00
5137,2026-03-01 19:00:00+00:00,SP1,Girona,Celta Vigo,dc_1x,0.6516456093965994,1.3636363636363638,0.7333333333333333,-0.08168772393673385,dc.home_draw,latest_pre_match,2026-02-27 06:28:18.017027+00:00,2026-02-27 12:54:15.004420+00:00
5137,2026-03-01 19:00:00+00:00,SP1,Girona,Celta Vigo,dc_x2,0.705292757924337,1.5333333333333332,0.6521739130434783,0.05311884488085872,dc.draw_away,latest_pre_match,2026-02-27 06:28:18.017027+00:00,2026-02-27 12:54:15.004420+00:00
5137,2026-03-01 19:00:00+00:00,SP1,Girona,Celta Vigo,dc_12,0.731221759820221,1.3333333333333333,0.75,-0.018778240179779027,dc.home_away,latest_pre_match,2026-02-27 06:28:18.017027+00:00,2026-02-27 12:54:15.004420+00:00
5536,2026-03-01 19:00:00+00:00,SP2,Eibar,Cadiz CF,o15,0.7393064200952234,1.4,0.7142857142857143,0.025020705809509103,ou_1_5.over,latest_pre_match,2026-02-27 06:28:18.680170+00:00,2026-02-27 12:54:15.004420+00:00
5536,2026-03-01 19:00:00+00:00,SP2,Eibar,Cadiz CF,u15,0.26069357990477665,2.75,0.36363636363636365,-0.102942783731587,ou_1_5.under,latest_pre_match,2026-02-27 06:28:18.680170+00:00,2026-02-27 12:54:15.004420+00:00
5536,2026-03-01 19:00:00+00:00,SP2,Eibar,Cadiz CF,o25,0.49157189191416584,2.25,0.4444444444444444,0.04712744746972142,ou_2_5.over,latest_pre_match,2026-02-27 06:28:18.680170+00:00,2026-02-27 12:54:15.004420+00:00
5536,2026-03-01 19:00:00+00:00,SP2,Eibar,Cadiz CF,u25,0.5084281080858343,1.6153846153846154,0.6190476190476191,-0.1106195109617848,ou_2_5.under,latest_pre_match,2026-02-27 06:28:18.680170+00:00,2026-02-27 12:54:15.004420+00:00
5536,2026-03-01 19:00:00+00:00,SP2,Eibar,Cadiz CF,c85,0.6314441266442934,,,,corners_ou_8_5.over,,,2026-02-27 12:54:15.004420+00:00
5536,2026-03-01 19:00:00+00:00,SP2,Eibar,Cadiz CF,btts,0.5504475972512987,2.1,0.47619047619047616,0.0742571210608225,btts.yes,latest_pre_match,2026-02-27 06:28:18.680170+00:00,2026-02-27 12:54:15.004420+00:00
5536,2026-03-01 19:00:00+00:00,SP2,Eibar,Cadiz CF,1x2_h,0.5315692989090707,1.71,0.5847953216374269,-0.05322602272835619,1x2.home,latest_pre_match,2026-02-27 06:28:18.680170+00:00,2026-02-27 12:54:15.004420+00:00
5536,2026-03-01 19:00:00+00:00,SP2,Eibar,Cadiz CF,1x2_d,0.23664317401920046,3.4,0.29411764705882354,-0.05747447303962308,1x2.draw,latest_pre_match,2026-02-27 06:28:18.680170+00:00,2026-02-27 12:54:15.004420+00:00
5536,2026-03-01 19:00:00+00:00,SP2,Eibar,Cadiz CF,1x2_a,0.2197608859752902,5.0,0.2,0.019760885975290188,1x2.away,latest_pre_match,2026-02-27 06:28:18.680170+00:00,2026-02-27 12:54:15.004420+00:00
5536,2026-03-01 19:00:00+00:00,SP2,Eibar,Cadiz CF,dc_1x,0.7802391140247097,1.1666666666666667,0.8571428571428571,-0.0769037431181474,dc.home_draw,latest_pre_match,2026-02-27 06:28:18.680170+00:00,2026-02-27 12:54:15.004420+00:00
5536,2026-03-01 19:00:00+00:00,SP2,Eibar,Cadiz CF,dc_x2,0.4684307010909294,2.0,0.5,-0.03156929890907062,dc.draw_away,latest_pre_match,2026-02-27 06:28:18.680170+00:00,2026-02-27 12:54:15.004420+00:00
5536,2026-03-01 19:00:00+00:00,SP2,Eibar,Cadiz CF,dc_12,0.7667085322695216,1.3,0.7692307692307692,-0.002522236961247537,dc.home_away,latest_pre_match,2026-02-27 06:28:18.680170+00:00,2026-02-27 12:54:15.004420+00:00
19587,2026-03-01 20:30:00+00:00,P1,Rio Ave,Famalicao,o15,0.7439395317611361,1.25,0.8,-0.0560604682388639,ou_1_5.over,latest_pre_match,2026-02-27 06:28:19.340327+00:00,2026-02-27 12:54:15.004420+00:00
19587,2026-03-01 20:30:00+00:00,P1,Rio Ave,Famalicao,u15,0.2560604682388638,3.75,0.26666666666666666,-0.01060619842780286,ou_1_5.under,latest_pre_match,2026-02-27 06:28:19.340327+00:00,2026-02-27 12:54:15.004420+00:00
19587,2026-03-01 20:30:00+00:00,P1,Rio Ave,Famalicao,o25,0.4172771672771673,1.9,0.5263157894736842,-0.10903862219651689,ou_2_5.over,latest_pre_match,2026-02-27 06:28:19.340327+00:00,2026-02-27 12:54:15.004420+00:00
19587,2026-03-01 20:30:00+00:00,P1,Rio Ave,Famalicao,u25,0.5827228327228328,1.9,0.5263157894736842,0.05640704324914858,ou_2_5.under,latest_pre_match,2026-02-27 06:28:19.340327+00:00,2026-02-27 12:54:15.004420+00:00
19587,2026-03-01 20:30:00+00:00,P1,Rio Ave,Famalicao,c85,0.5635828287361034,,,,corners_ou_8_5.over,,,2026-02-27 12:54:15.004420+00:00
19587,2026-03-01 20:30:00+00:00,P1,Rio Ave,Famalicao,btts,0.5696776682715123,1.75,0.5714285714285714,-0.0017509031570590583,btts.yes,latest_pre_match,2026-02-27 06:28:19.340327+00:00,2026-02-27 12:54:15.004420+00:00
19587,2026-03-01 20:30:00+00:00,P1,Rio Ave,Famalicao,1x2_h,0.21241181657848326,4.1,0.24390243902439027,-0.031490622445907,1x2.home,latest_pre_match,2026-02-27 06:28:19.340327+00:00,2026-02-27 12:54:15.004420+00:00
19587,2026-03-01 20:30:00+00:00,P1,Rio Ave,Famalicao,1x2_d,0.2589713946177104,3.4,0.29411764705882354,-0.035146252441113135,1x2.draw,latest_pre_match,2026-02-27 06:28:19.340327+00:00,2026-02-27 12:54:15.004420+00:00
19587,2026-03-01 20:30:00+00:00,P1,Rio Ave,Famalicao,1x2_a,0.47771594726023964,1.81,0.5524861878453039,-0.07477024058506426,1x2.away,latest_pre_match,2026-02-27 06:28:19.340327+00:00,2026-02-27 12:54:15.004420+00:00
19587,2026-03-01 20:30:00+00:00,P1,Rio Ave,Famalicao,dc_1x,0.5222840527397604,1.9090909090909092,0.5238095238095238,-0.0015254710697634177,dc.home_draw,latest_pre_match,2026-02-27 06:28:19.340327+00:00,2026-02-27 12:54:15.004420+00:00
19587,2026-03-01 20:30:00+00:00,P1,Rio Ave,Famalicao,dc_x2,0.7875881834215167,1.2222222222222223,0.8181818181818181,-0.030593634760301414,dc.draw_away,latest_pre_match,2026-02-27 06:28:19.340327+00:00,2026-02-27 12:54:15.004420+00:00
19587,2026-03-01 20:30:00+00:00,P1,Rio Ave,Famalicao,dc_12,0.7419693143006674,1.3,0.7692307692307692,-0.02726145493010179,dc.home_away,latest_pre_match,2026-02-27 06:28:19.340327+00:00,2026-02-27 12:54:15.004420+00:00
22030,2026-03-02 15:30:00+00:00,RO1,Unirea Slobozia,FC Rapid Bucuresti,o15,0.7335955279181446,,,,ou_1_5.over,,,2026-02-27 12:54:15.004420+00:00
22030,2026-03-02 15:30:00+00:00,RO1,Unirea Slobozia,FC Rapid Bucuresti,u15,0.2664044720818553,,,,ou_1_5.under,,,2026-02-27 12:54:15.004420+00:00
22030,2026-03-02 15:30:00+00:00,RO1,Unirea Slobozia,FC Rapid Bucuresti,o25,0.498422475455218,,,,ou_2_5.over,,,2026-02-27 12:54:15.004420+00:00
22030,2026-03-02 15:30:00+00:00,RO1,Unirea Slobozia,FC Rapid Bucuresti,u25,0.5015775245447819,,,,ou_2_5.under,,,2026-02-27 12:54:15.004420+00:00
22030,2026-03-02 15:30:00+00:00,RO1,Unirea Slobozia,FC Rapid Bucuresti,c85,0.603735710205951,,,,corners_ou_8_5.over,,,2026-02-27 12:54:15.004420+00:00
22030,2026-03-02 15:30:00+00:00,RO1,Unirea Slobozia,FC Rapid Bucuresti,btts,0.526601403914885,,,,btts.yes,,,2026-02-27 12:54:15.004420+00:00
22030,2026-03-02 15:30:00+00:00,RO1,Unirea Slobozia,FC Rapid Bucuresti,1x2_h,0.2080026455026455,,,,1x2.home,,,2026-02-27 12:54:15.004420+00:00
22030,2026-03-02 15:30:00+00:00,RO1,Unirea Slobozia,FC Rapid Bucuresti,1x2_d,0.2507554321763958,,,,1x2.draw,,,2026-02-27 12:54:15.004420+00:00
22030,2026-03-02 15:30:00+00:00,RO1,Unirea Slobozia,FC Rapid Bucuresti,1x2_a,0.589164255866281,,,,1x2.away,,,2026-02-27 12:54:15.004420+00:00
22030,2026-03-02 15:30:00+00:00,RO1,Unirea Slobozia,FC Rapid Bucuresti,dc_1x,0.4108357441337191,,,,dc.home_draw,,,2026-02-27 12:54:15.004420+00:00
22030,2026-03-02 15:30:00+00:00,RO1,Unirea Slobozia,FC Rapid Bucuresti,dc_x2,0.7919973544973545,,,,dc.draw_away,,,2026-02-27 12:54:15.004420+00:00
22030,2026-03-02 15:30:00+00:00,RO1,Unirea Slobozia,FC Rapid Bucuresti,dc_12,0.7503072874789268,,,,dc.home_away,,,2026-02-27 12:54:15.004420+00:00
4519,2026-03-02 16:30:00+00:00,I1,Pisa,Bologna,o15,0.6989049025948736,,,,ou_1_5.over,,,2026-02-27 12:54:15.004420+00:00
4519,2026-03-02 16:30:00+00:00,I1,Pisa,Bologna,u15,0.30109509740512647,,,,ou_1_5.under,,,2026-02-27 12:54:15.004420+00:00
4519,2026-03-02 16:30:00+00:00,I1,Pisa,Bologna,o25,0.449722970949386,,,,ou_2_5.over,,,2026-02-27 12:54:15.004420+00:00
4519,2026-03-02 16:30:00+00:00,I1,Pisa,Bologna,u25,0.5502770290506139,,,,ou_2_5.under,,,2026-02-27 12:54:15.004420+00:00
4519,2026-03-02 16:30:00+00:00,I1,Pisa,Bologna,c85,0.6133010542605067,,,,corners_ou_8_5.over,,,2026-02-27 12:54:15.004420+00:00
4519,2026-03-02 16:30:00+00:00,I1,Pisa,Bologna,btts,0.5220154892242919,,,,btts.yes,,,2026-02-27 12:54:15.004420+00:00
4519,2026-03-02 16:30:00+00:00,I1,Pisa,Bologna,1x2_h,0.24957584180407597,,,,1x2.home,,,2026-02-27 12:54:15.004420+00:00
4519,2026-03-02 16:30:00+00:00,I1,Pisa,Bologna,1x2_d,0.2589713946177104,,,,1x2.draw,,,2026-02-27 12:54:15.004420+00:00
4519,2026-03-02 16:30:00+00:00,I1,Pisa,Bologna,1x2_a,0.4440502406002773,,,,1x2.away,,,2026-02-27 12:54:15.004420+00:00
4519,2026-03-02 16:30:00+00:00,I1,Pisa,Bologna,dc_1x,0.5559497593997227,,,,dc.home_draw,,,2026-02-27 12:54:15.004420+00:00
4519,2026-03-02 16:30:00+00:00,I1,Pisa,Bologna,dc_x2,0.750424158195924,,,,dc.draw_away,,,2026-02-27 12:54:15.004420+00:00
4519,2026-03-02 16:30:00+00:00,I1,Pisa,Bologna,dc_12,0.7419693143006674,,,,dc.home_away,,,2026-02-27 12:54:15.004420+00:00
21698,2026-03-02 17:00:00+00:00,PL1,Zaglebie,Wisla Plock,o15,0.6770176816813914,,,,ou_1_5.over,,,2026-02-27 12:54:15.004420+00:00
21698,2026-03-02 17:00:00+00:00,PL1,Zaglebie,Wisla Plock,u15,0.32298231831860863,,,,ou_1_5.under,,,2026-02-27 12:54:15.004420+00:00
21698,2026-03-02 17:00:00+00:00,PL1,Zaglebie,Wisla Plock,o25,0.48109716044949064,,,,ou_2_5.over,,,2026-02-27 12:54:15.004420+00:00
21698,2026-03-02 17:00:00+00:00,PL1,Zaglebie,Wisla Plock,u25,0.5189028395505093,,,,ou_2_5.under,,,2026-02-27 12:54:15.004420+00:00
21698,2026-03-02 17:00:00+00:00,PL1,Zaglebie,Wisla Plock,c85,0.6133010542605067,,,,corners_ou_8_5.over,,,2026-02-27 12:54:15.004420+00:00
21698,2026-03-02 17:00:00+00:00,PL1,Zaglebie,Wisla Plock,btts,0.5112951300418249,,,,btts.yes,,,2026-02-27 12:54:15.004420+00:00
21698,2026-03-02 17:00:00+00:00,PL1,Zaglebie,Wisla Plock,1x2_h,0.46714945980855654,,,,1x2.home,,,2026-02-27 12:54:15.004420+00:00
21698,2026-03-02 17:00:00+00:00,PL1,Zaglebie,Wisla Plock,1x2_d,0.22977667399998492,,,,1x2.draw,,,2026-02-27 12:54:15.004420+00:00
21698,2026-03-02 17:00:00+00:00,PL1,Zaglebie,Wisla Plock,1x2_a,0.3029770321128346,,,,1x2.away,,,2026-02-27 12:54:15.004420+00:00
21698,2026-03-02 17:00:00+00:00,PL1,Zaglebie,Wisla Plock,dc_1x,0.6970229678871656,,,,dc.home_draw,,,2026-02-27 12:54:15.004420+00:00
21698,2026-03-02 17:00:00+00:00,PL1,Zaglebie,Wisla Plock,dc_x2,0.5328505401914435,,,,dc.draw_away,,,2026-02-27 12:54:15.004420+00:00
21698,2026-03-02 17:00:00+00:00,PL1,Zaglebie,Wisla Plock,dc_12,0.7667085322695216,,,,dc.home_away,,,2026-02-27 12:54:15.004420+00:00
5537,2026-03-02 18:30:00+00:00,SP2,Cordoba,Andorra,o15,0.6967002213639311,,,,ou_1_5.over,,,2026-02-27 12:54:15.004420+00:00
5537,2026-03-02 18:30:00+00:00,SP2,Cordoba,Andorra,u15,0.30329977863606894,,,,ou_1_5.under,,,2026-02-27 12:54:15.004420+00:00
5537,2026-03-02 18:30:00+00:00,SP2,Cordoba,Andorra,o25,0.4817114851713584,,,,ou_2_5.over,,,2026-02-27 12:54:15.004420+00:00
5537,2026-03-02 18:30:00+00:00,SP2,Cordoba,Andorra,u25,0.5182885148286416,,,,ou_2_5.under,,,2026-02-27 12:54:15.004420+00:00
5537,2026-03-02 18:30:00+00:00,SP2,Cordoba,Andorra,c85,0.6224749747247498,,,,corners_ou_8_5.over,,,2026-02-27 12:54:15.004420+00:00
5537,2026-03-02 18:30:00+00:00,SP2,Cordoba,Andorra,btts,0.5085520100858988,,,,btts.yes,,,2026-02-27 12:54:15.004420+00:00
5537,2026-03-02 18:30:00+00:00,SP2,Cordoba,Andorra,1x2_h,0.6184623437607198,,,,1x2.home,,,2026-02-27 12:54:15.004420+00:00
5537,2026-03-02 18:30:00+00:00,SP2,Cordoba,Andorra,1x2_d,0.20924527303380133,,,,1x2.draw,,,2026-02-27 12:54:15.004420+00:00
5537,2026-03-02 18:30:00+00:00,SP2,Cordoba,Andorra,1x2_a,0.2074437412259996,,,,1x2.away,,,2026-02-27 12:54:15.004420+00:00
5537,2026-03-02 18:30:00+00:00,SP2,Cordoba,Andorra,dc_1x,0.7925562587740008,,,,dc.home_draw,,,2026-02-27 12:54:15.004420+00:00
5537,2026-03-02 18:30:00+00:00,SP2,Cordoba,Andorra,dc_x2,0.3815376562392802,,,,dc.draw_away,,,2026-02-27 12:54:15.004420+00:00
5537,2026-03-02 18:30:00+00:00,SP2,Cordoba,Andorra,dc_12,0.78736194397265,,,,dc.home_away,,,2026-02-27 12:54:15.004420+00:00
4520,2026-03-02 18:45:00+00:00,I1,Udinese,Fiorentina,o15,0.6980365788253821,,,,ou_1_5.over,,,2026-02-27 12:54:15.004420+00:00
4520,2026-03-02 18:45:00+00:00,I1,Udinese,Fiorentina,u15,0.30196342117461794,,,,ou_1_5.under,,,2026-02-27 12:54:15.004420+00:00
4520,2026-03-02 18:45:00+00:00,I1,Udinese,Fiorentina,o25,0.41660331282972796,,,,ou_2_5.over,,,2026-02-27 12:54:15.004420+00:00
4520,2026-03-02 18:45:00+00:00,I1,Udinese,Fiorentina,u25,0.583396687170272,,,,ou_2_5.under,,,2026-02-27 12:54:15.004420+00:00
4520,2026-03-02 18:45:00+00:00,I1,Udinese,Fiorentina,c85,0.6240579805282213,,,,corners_ou_8_5.over,,,2026-02-27 12:54:15.004420+00:00
4520,2026-03-02 18:45:00+00:00,I1,Udinese,Fiorentina,btts,0.5182555359128793,,,,btts.yes,,,2026-02-27 12:54:15.004420+00:00
4520,2026-03-02 18:45:00+00:00,I1,Udinese,Fiorentina,1x2_h,0.34518361950709203,,,,1x2.home,,,2026-02-27 12:54:15.004420+00:00
4520,2026-03-02 18:45:00+00:00,I1,Udinese,Fiorentina,1x2_d,0.25689842612683145,,,,1x2.draw,,,2026-02-27 12:54:15.004420+00:00
4520,2026-03-02 18:45:00+00:00,I1,Udinese,Fiorentina,1x2_a,0.3936144252911687,,,,1x2.away,,,2026-02-27 12:54:15.004420+00:00
4520,2026-03-02 18:45:00+00:00,I1,Udinese,Fiorentina,dc_1x,0.6063855747088313,,,,dc.home_draw,,,2026-02-27 12:54:15.004420+00:00
4520,2026-03-02 18:45:00+00:00,I1,Udinese,Fiorentina,dc_x2,0.654816380492908,,,,dc.draw_away,,,2026-02-27 12:54:15.004420+00:00
4520,2026-03-02 18:45:00+00:00,I1,Udinese,Fiorentina,dc_12,0.7467279942114352,,,,dc.home_away,,,2026-02-27 12:54:15.004420+00:00
12137,2026-03-02 18:45:00+00:00,F2,Amiens,Troyes,o15,0.7740565162726467,,,,ou_1_5.over,,,2026-02-27 12:54:15.004420+00:00
12137,2026-03-02 18:45:00+00:00,F2,Amiens,Troyes,u15,0.2259434837273533,,,,ou_1_5.under,,,2026-02-27 12:54:15.004420+00:00
12137,2026-03-02 18:45:00+00:00,F2,Amiens,Troyes,o25,0.5489473001325005,,,,ou_2_5.over,,,2026-02-27 12:54:15.004420+00:00
12137,2026-03-02 18:45:00+00:00,F2,Amiens,Troyes,u25,0.4510526998674995,,,,ou_2_5.under,,,2026-02-27 12:54:15.004420+00:00
12137,2026-03-02 18:45:00+00:00,F2,Amiens,Troyes,c85,0.6295364677561942,,,,corners_ou_8_5.over,,,2026-02-27 12:54:15.004420+00:00
12137,2026-03-02 18:45:00+00:00,F2,Amiens,Troyes,btts,0.5277820811061126,,,,btts.yes,,,2026-02-27 12:54:15.004420+00:00
12137,2026-03-02 18:45:00+00:00,F2,Amiens,Troyes,1x2_h,0.23199348101996076,,,,1x2.home,,,2026-02-27 12:54:15.004420+00:00
12137,2026-03-02 18:45:00+00:00,F2,Amiens,Troyes,1x2_d,0.20924527303380133,,,,1x2.draw,,,2026-02-27 12:54:15.004420+00:00
12137,2026-03-02 18:45:00+00:00,F2,Amiens,Troyes,1x2_a,0.6096943938473993,,,,1x2.away,,,2026-02-27 12:54:15.004420+00:00
12137,2026-03-02 18:45:00+00:00,F2,Amiens,Troyes,dc_1x,0.3903056061526007,,,,dc.home_draw,,,2026-02-27 12:54:15.004420+00:00
12137,2026-03-02 18:45:00+00:00,F2,Amiens,Troyes,dc_x2,0.7680065189800391,,,,dc.draw_away,,,2026-02-27 12:54:15.004420+00:00
12137,2026-03-02 18:45:00+00:00,F2,Amiens,Troyes,dc_12,0.78736194397265,,,,dc.home_away,,,2026-02-27 12:54:15.004420+00:00
5138,2026-03-02 19:00:00+00:00,SP1,Real Madrid,Getafe,o15,0.7042698203207282,,,,ou_1_5.over,,,2026-02-27 12:54:15.004420+00:00
5138,2026-03-02 19:00:00+00:00,SP1,Real Madrid,Getafe,u15,0.2957301796792718,,,,ou_1_5.under,,,2026-02-27 12:54:15.004420+00:00
5138,2026-03-02 19:00:00+00:00,SP1,Real Madrid,Getafe,o25,0.4672815638502528,,,,ou_2_5.over,,,2026-02-27 12:54:15.004420+00:00
5138,2026-03-02 19:00:00+00:00,SP1,Real Madrid,Getafe,u25,0.5327184361497471,,,,ou_2_5.under,,,2026-02-27 12:54:15.004420+00:00
5138,2026-03-02 19:00:00+00:00,SP1,Real Madrid,Getafe,c85,0.6148840600639782,,,,corners_ou_8_5.over,,,2026-02-27 12:54:15.004420+00:00
5138,2026-03-02 19:00:00+00:00,SP1,Real Madrid,Getafe,btts,0.4850979265002775,,,,btts.yes,,,2026-02-27 12:54:15.004420+00:00
5138,2026-03-02 19:00:00+00:00,SP1,Real Madrid,Getafe,1x2_h,0.5335439868988144,,,,1x2.home,,,2026-02-27 12:54:15.004420+00:00
5138,2026-03-02 19:00:00+00:00,SP1,Real Madrid,Getafe,1x2_d,0.26984095983510165,,,,1x2.draw,,,2026-02-27 12:54:15.004420+00:00
5138,2026-03-02 19:00:00+00:00,SP1,Real Madrid,Getafe,1x2_a,0.1905652753843308,,,,1x2.away,,,2026-02-27 12:54:15.004420+00:00
5138,2026-03-02 19:00:00+00:00,SP1,Real Madrid,Getafe,dc_1x,0.8094347246156692,,,,dc.home_draw,,,2026-02-27 12:54:15.004420+00:00
5138,2026-03-02 19:00:00+00:00,SP1,Real Madrid,Getafe,dc_x2,0.4664560131011856,,,,dc.draw_away,,,2026-02-27 12:54:15.004420+00:00
5138,2026-03-02 19:00:00+00:00,SP1,Real Madrid,Getafe,dc_12,0.731221759820221,,,,dc.home_away,,,2026-02-27 12:54:15.004420+00:00
20829,2026-03-02 19:45:00+00:00,IE1,St. Patricks,Galway,o15,0.8334647610294353,,,,ou_1_5.over,,,2026-02-27 12:54:15.004420+00:00
20829,2026-03-02 19:45:00+00:00,IE1,St. Patricks,Galway,u15,0.16653523897056458,,,,ou_1_5.under,,,2026-02-27 12:54:15.004420+00:00
20829,2026-03-02 19:45:00+00:00,IE1,St. Patricks,Galway,o25,0.45476214132996456,,,,ou_2_5.over,,,2026-02-27 12:54:15.004420+00:00
20829,2026-03-02 19:45:00+00:00,IE1,St. Patricks,Galway,u25,0.5452378586700354,,,,ou_2_5.under,,,2026-02-27 12:54:15.004420+00:00
20829,2026-03-02 19:45:00+00:00,IE1,St. Patricks,Galway,c85,0.5076679630900633,,,,corners_ou_8_5.over,,,2026-02-27 12:54:15.004420+00:00
20829,2026-03-02 19:45:00+00:00,IE1,St. Patricks,Galway,btts,0.504462020004542,,,,btts.yes,,,2026-02-27 12:54:15.004420+00:00
20829,2026-03-02 19:45:00+00:00,IE1,St. Patricks,Galway,1x2_h,0.47497951452789383,,,,1x2.home,,,2026-02-27 12:54:15.004420+00:00
20829,2026-03-02 19:45:00+00:00,IE1,St. Patricks,Galway,1x2_d,0.21611177305301688,,,,1x2.draw,,,2026-02-27 12:54:15.004420+00:00
20829,2026-03-02 19:45:00+00:00,IE1,St. Patricks,Galway,1x2_a,0.25118427728377263,,,,1x2.away,,,2026-02-27 12:54:15.004420+00:00
20829,2026-03-02 19:45:00+00:00,IE1,St. Patricks,Galway,dc_1x,0.7488157227162273,,,,dc.home_draw,,,2026-02-27 12:54:15.004420+00:00
20829,2026-03-02 19:45:00+00:00,IE1,St. Patricks,Galway,dc_x2,0.5250204854721062,,,,dc.draw_away,,,2026-02-27 12:54:15.004420+00:00
20829,2026-03-02 19:45:00+00:00,IE1,St. Patricks,Galway,dc_12,0.7849509466023058,,,,dc.home_away,,,2026-02-27 12:54:15.004420+00:00
1123,2026-03-02 20:00:00+00:00,E1,Birmingham,Middlesbrough,o15,0.7563050969549705,,,,ou_1_5.over,,,2026-02-27 12:54:15.004420+00:00
1123,2026-03-02 20:00:00+00:00,E1,Birmingham,Middlesbrough,u15,0.24339651362886616,,,,ou_1_5.under,,,2026-02-27 12:54:15.004420+00:00
1123,2026-03-02 20:00:00+00:00,E1,Birmingham,Middlesbrough,o25,0.5139906284292429,,,,ou_2_5.over,,,2026-02-27 12:54:15.004420+00:00
1123,2026-03-02 20:00:00+00:00,E1,Birmingham,Middlesbrough,u25,0.48600937157075713,,,,ou_2_5.under,,,2026-02-27 12:54:15.004420+00:00
1123,2026-03-02 20:00:00+00:00,E1,Birmingham,Middlesbrough,c85,0.6138518955468961,,,,corners_ou_8_5.over,,,2026-02-27 12:54:15.004420+00:00
1123,2026-03-02 20:00:00+00:00,E1,Birmingham,Middlesbrough,btts,0.5412455602445055,,,,btts.yes,,,2026-02-27 12:54:15.004420+00:00
1123,2026-03-02 20:00:00+00:00,E1,Birmingham,Middlesbrough,1x2_h,0.2753310489037333,,,,1x2.home,,,2026-02-27 12:54:15.004420+00:00
1123,2026-03-02 20:00:00+00:00,E1,Birmingham,Middlesbrough,1x2_d,0.23664317401920046,,,,1x2.draw,,,2026-02-27 12:54:15.004420+00:00
1123,2026-03-02 20:00:00+00:00,E1,Birmingham,Middlesbrough,1x2_a,0.4323245060949979,,,,1x2.away,,,2026-02-27 12:54:15.004420+00:00
1123,2026-03-02 20:00:00+00:00,E1,Birmingham,Middlesbrough,dc_1x,0.5676754939050022,,,,dc.home_draw,,,2026-02-27 12:54:15.004420+00:00
1123,2026-03-02 20:00:00+00:00,E1,Birmingham,Middlesbrough,dc_x2,0.7246689510962666,,,,dc.draw_away,,,2026-02-27 12:54:15.004420+00:00
1123,2026-03-02 20:00:00+00:00,E1,Birmingham,Middlesbrough,dc_12,0.7642975348991774,,,,dc.home_away,,,2026-02-27 12:54:15.004420+00:00
19588,2026-03-02 20:15:00+00:00,P1,Gil Vicente,Benfica,o15,0.8253679262047463,,,,ou_1_5.over,,,2026-02-27 12:54:15.004420+00:00
19588,2026-03-02 20:15:00+00:00,P1,Gil Vicente,Benfica,u15,0.17463207379525372,,,,ou_1_5.under,,,2026-02-27 12:54:15.004420+00:00
19588,2026-03-02 20:15:00+00:00,P1,Gil Vicente,Benfica,o25,0.5162731565607704,,,,ou_2_5.over,,,2026-02-27 12:54:15.004420+00:00
19588,2026-03-02 20:15:00+00:00,P1,Gil Vicente,Benfica,u25,0.4837268434392296,,,,ou_2_5.under,,,2026-02-27 12:54:15.004420+00:00
19588,2026-03-02 20:15:00+00:00,P1,Gil Vicente,Benfica,c85,0.5668342410277895,,,,corners_ou_8_5.over,,,2026-02-27 12:54:15.004420+00:00
19588,2026-03-02 20:15:00+00:00,P1,Gil Vicente,Benfica,btts,0.6751614987080105,,,,btts.yes,,,2026-02-27 12:54:15.004420+00:00
19588,2026-03-02 20:15:00+00:00,P1,Gil Vicente,Benfica,1x2_h,0.22652116402116404,,,,1x2.home,,,2026-02-27 12:54:15.004420+00:00
19588,2026-03-02 20:15:00+00:00,P1,Gil Vicente,Benfica,1x2_d,0.26984095983510165,,,,1x2.draw,,,2026-02-27 12:54:15.004420+00:00
19588,2026-03-02 20:15:00+00:00,P1,Gil Vicente,Benfica,1x2_a,0.3559211434649061,,,,1x2.away,,,2026-02-27 12:54:15.004420+00:00
19588,2026-03-02 20:15:00+00:00,P1,Gil Vicente,Benfica,dc_1x,0.6440788565350939,,,,dc.home_draw,,,2026-02-27 12:54:15.004420+00:00
19588,2026-03-02 20:15:00+00:00,P1,Gil Vicente,Benfica,dc_x2,0.7734788359788359,,,,dc.draw_away,,,2026-02-27 12:54:15.004420+00:00
19588,2026-03-02 20:15:00+00:00,P1,Gil Vicente,Benfica,dc_12,0.731221759820221,,,,dc.home_away,,,2026-02-27 12:54:15.004420+00:00
