fixture_id,flashscore_id,match_datetime_utc,league_code,home_team,away_team,risk_market_code,risk_action,risk_score,risk_edge_adjusted,risk_stake_fraction,p_o15,p_o25,p_o35,p_o45,p_u15,p_u25,p_c85,p_btts,p_1x2_h,p_1x2_d,p_1x2_a,p_dc_1x,p_dc_x2,p_dc_12,p_ho15,p_ao15,p_h_1up,p_a_1up,p_h_2up,p_a_2up,p_home_or_o25,p_away_or_o25,p_home_or_o15,p_away_or_o15,p_home_and_o25,p_away_and_o25
22023,40L9e0Fi,2026-02-27 13:00:00+00:00,RO1,FC Hermannstadt,FC Botosani,u15,pass,12.0,-0.03994228723612492,0.0,0.6820734347771085,0.46704828595511344,0.2379346992470348,0.08105982019363762,0.3179265652228915,0.5329517140448865,0.6079007328091182,0.5220154892242919,0.369667632186542,0.25182853747485323,0.35402180823223756,0.6459781917677625,0.630332367813458,0.7516451795508137,0.37112201113474397,0.28570556723074225,0.4740441433989821,0.5247268673355631,0.24336132107734665,0.19784708863166148,0.6381859945468569,0.6480779401243995,0.8319490852912867,0.7809636076956784,0.21423000474892004,0.19137338071764298
22183,SA0ygTas,2026-02-27 13:30:00+00:00,RU1,Zenit,Baltika,o25,pass,37.0,-0.08858457220368104,0.0,0.6760071881180784,0.4087737273914606,0.22264226884291705,0.10219450045888756,0.3239928118819217,0.5912377126389415,0.5991808521090162,0.45166245276350475,0.6438300314802216,0.22315111052713696,0.1905652753843308,0.8094347246156692,0.3561699685197784,0.7803226064985299,0.4868406486965185,0.19014340080352646,0.7018691991663294,0.29426129426129427,0.27680747793156785,0.11367483074472323,0.7442513668118421,0.5680501907456089,0.9028185554903111,0.7338273904849059,0.25439665991938215,0.09591397215286808
19886,EeIGt0O6,2026-02-27 14:00:00+00:00,T1,Trabzonspor,Karagumruk,1x2_d,pass,47.0,,0.0,0.7284462531099628,0.4825927151531362,0.30083959677895267,0.13188335507982962,0.2722908838500844,0.5174072848468638,0.6520476970742873,0.5043279975204912,0.5877391352646656,0.2257736088018091,0.19143107625013167,0.8085689237498683,0.4122608647353345,0.7774505325025839,0.4465656973189615,0.2434465197866811,0.7357548744005653,0.3585172326117643,0.3318602048075605,0.07223832438424714,0.6555708769994484,0.6163722190011319,0.8771751830797058,0.7809636076956784,0.3927295350176902,0.07525630095962577
19887,QVqTk41K,2026-02-27 14:00:00+00:00,T1,Basaksehir,Konyaspor,1x2_a,pass,47.0,,0.0,0.7278838234136747,0.548938375927661,0.3041128398482647,0.12622603865603158,0.2722908838500844,0.45106162407233913,0.6294858221629595,0.5473704920971474,0.5754220797654624,0.23664317401920046,0.17384458115721627,0.8261418829801309,0.4245779202345375,0.7642975348991774,0.5297814207650273,0.2585085496929899,0.7018691991663294,0.4489660405995067,0.3527896708589778,0.09385121051787719,0.7007333930760278,0.6480779401243995,0.8581696709069909,0.8113807153009708,0.33611803787021316,0.10077255275324982
21690,6HgBXY1d,2026-02-27 16:00:00+00:00,PL1,Cracovia,Piast Gliwice,o25,pass,22.0,-0.014853735269582224,0.0,0.7326755764182336,0.46933081408664096,0.1970836354172476,0.08547543864227493,0.26702603416560317,0.530669185913359,0.6079007328091182,0.5666005631173611,0.3590896859262676,0.26984095983510165,0.35402180823223756,0.6459781917677625,0.6409103140737323,0.731221759820221,0.37336061382647356,0.3561394571655294,0.49760766047742827,0.5383093171480514,0.201001963064065,0.23592614403865186,0.6431402284981903,0.6480779401243995,0.8319490852912867,0.834611331553314,0.1937537673297167,0.24763617677286742
22024,xfTNXdNp,2026-02-27 16:00:00+00:00,RO1,U. Cluj,Otelul,o25,pass,22.0,-0.04856993246086527,0.0,0.7326755764182336,0.4848989670606659,0.2278922585890308,0.10423857017363393,0.26702603416560317,0.5151010329393342,0.6133010542605067,0.5473704920971474,0.4204141006056415,0.2511522858257487,0.2759909670315314,0.7240090329684685,0.5795858993943586,0.7499104338295739,0.43002565430805006,0.26431212740142707,0.6086187120669879,0.4664483185134393,0.23657180710121892,0.19350742173041824,0.6868447644309713,0.6278628172151196,0.8488925405191523,0.7829764901433435,0.2631764218241441,0.17465173640246542
4152,0CjIXSvI,2026-02-27 16:30:00+00:00,D2,Dusseldorf,Bochum,1x2_a,pass,47.0,,0.0,0.830129830966651,0.5778637329228585,0.273845538399299,0.11971593401508583,0.16987016903334895,0.4221362670771414,0.6240579805282213,0.5750051972930712,0.318267673061261,0.23664317401920046,0.34708641929601064,0.6529135807039893,0.681732326938739,0.7642975348991774,0.36534030598121064,0.48789037063803037,0.4740441433989821,0.5195045850423948,0.24029076996652318,0.2612048180043712,0.7082625035293201,0.6867419144690753,0.869754197372335,0.8775615352027982,0.25634365470745185,0.23914682052767633
4153,SvnXRc8d,2026-02-27 16:30:00+00:00,D2,SG Dynamo Dresden,Darmstadt,1x2_h,pass,47.0,,0.0,0.7860666084743547,0.5500207139718718,0.30364268533825284,0.1608454816001986,0.2139333915256453,0.4499792860281282,0.6133010542605067,0.5696776682715123,0.3947380090863822,0.25689842612683145,0.316979943320986,0.683020056679014,0.6052619909136178,0.7467279942114352,0.4142007711246342,0.526624679407628,0.5038003953774562,0.503685661234073,0.18895249723584517,0.2657559936664258,0.6822781769088891,0.6477601763512256,0.8484683627062187,0.8520406011853668,0.25212286800517975,0.23223753122230276
4891,ttoBMgQs,2026-02-27 17:00:00+00:00,I2,Monza,Entella,1x2_d,pass,47.0,,0.0,0.7563050969549705,0.5132109633876706,0.22264226884291705,0.10209192371300928,0.24339651362886616,0.4867890366123295,0.6133010542605067,0.5666005631173611,0.5716441615779364,0.23664317401920046,0.25785906874881437,0.7421409312511855,0.4283558384220636,0.7642975348991774,0.4206437199423543,0.29934179080465667,0.7378779269443623,0.41939757571019703,0.19229260760470954,0.16359221935258803,0.7330433007142246,0.6477601763512256,0.8562873384195372,0.8273186758725627,0.32574368502274204,0.17397359183939157
22592,f1zdLWod,2026-02-27 17:30:00+00:00,CH2,Bellinzona,Yverdon,o15,pass,37.0,-0.06852137518455503,0.0,0.8176294184662386,0.5348709218694452,0.30364268533825284,0.12572892110608558,0.18237058153376143,0.4651290781305549,0.6133010542605067,0.5723536821415561,0.41292175458170627,0.22938605212674532,0.4054398640034,0.5945601359966001,0.5870782454182938,0.7716766675285774,0.37755624774072344,0.4168185321775824,0.4984095206317429,0.503685661234073,0.24336132107734665,0.2680005698057577,0.6748410791015117,0.6751167010381524,0.8832640876231195,0.8602697779080811,0.27999469255966836,0.2651331242698149
12129,ddDMTXqo,2026-02-27 18:00:00+00:00,F2,Grenoble,Boulogne,1x2_a,pass,47.0,,0.0,0.711111826450062,0.46704828595511344,0.25784699419587354,0.10412223213246985,0.2890628808136972,0.5329517140448865,0.6148840600639782,0.5458314749350986,0.2080026455026455,0.2507554321763958,0.42708183059949495,0.5729181694005051,0.7919973544973545,0.7503072874789268,0.3125278541396325,0.414268612598123,0.44985059501188535,0.6579496504643677,0.14931719558982381,0.39673802242609585,0.5933166449378544,0.7045003607503607,0.8315836477086638,0.8736240039431529,0.12987125703455418,0.2622456122831845
12130,KSmewYx0,2026-02-27 18:00:00+00:00,F2,Laval,Nancy,1x2_a,pass,47.0,,0.0,0.6942803586322969,0.43590737435014826,0.22264226884291705,0.10219450045888756,0.3058943486314622,0.5640926256498516,0.6036700873631614,0.5220154892242919,0.23199348101996076,0.2589713946177104,0.4550887978142077,0.5449112021857924,0.7680065189800391,0.7419693143006674,0.19674047431718555,0.37801628717816915,0.4131639135387261,0.612685929382844,0.18470566676776867,0.2612048180043712,0.5459595602947062,0.619487298688789,0.8306901965158113,0.8142796566713212,0.13629801359870145,0.23823106961192542
12131,OEZKggNt,2026-02-27 18:00:00+00:00,F2,Montpellier,Reims,1x2_h,pass,47.0,,0.0,0.7019442000158879,0.41002445224081113,0.24272782244420252,0.08547543864227493,0.29805579998411214,0.5899755477591889,0.6079007328091182,0.5220154892242919,0.23552081788063095,0.25182853747485323,0.42449842829767537,0.5755015717023246,0.764479182119369,0.7492341821804697,0.2551948051948052,0.3678461447727703,0.47960684699035955,0.5195045850423948,0.17796547068933732,0.20254084539798825,0.5933166449378544,0.6114605277880214,0.8216002027322782,0.8046431705761559,0.12528043867128072,0.1926886599685652
12132,UZ2BwsXr,2026-02-27 18:00:00+00:00,F2,Clermont,Dunkerque,1x2_a,pass,47.0,,0.0,0.6942803586322969,0.41660331282972796,0.22264226884291705,0.10173625304580756,0.3058943486314622,0.583396687170272,0.6133010542605067,0.5220154892242919,0.24957584180407597,0.26925508256097275,0.4229273363887987,0.5770726636112012,0.750424158195924,0.7318076370943499,0.3103365691736778,0.384623292199441,0.47960684699035955,0.612685929382844,0.15306471221243056,0.2725400593519103,0.5933166449378544,0.594134736761171,0.8319490852912867,0.7664470668633481,0.16367706314385458,0.26295634433720017
12133,x6kSZbW7,2026-02-27 18:00:00+00:00,F2,Bastia,Annecy,1x2_a,pass,47.0,,0.0,0.6537872811960033,0.4672815638502528,0.2278922585890308,0.10459424084083564,0.34621271880399673,0.5327184361497471,0.5635828287361034,0.526601403914885,0.23552081788063095,0.2589713946177104,0.45396647269109297,0.5460335273089071,0.764479182119369,0.7419693143006674,0.3173760072636477,0.3629199942755825,0.45172950728506284,0.5940097308978233,0.1501619368286035,0.25542007635376435,0.6214378182581802,0.6998426224801754,0.8118720668543081,0.8062421418697365,0.11266563032052705,0.22426586814672397
19051,tWX5oCEE,2026-02-27 18:00:00+00:00,N1,Telstar,NAC Breda,o25,bet,12.0,0.07731085120964176,0.03,0.8320067078435279,0.622774768735415,0.36215937017463734,0.15225596984612985,0.16799329215647207,0.3793210190746585,0.6285043032391121,0.5696776682715123,0.17456077872744538,0.20924527303380133,0.6944444444444443,0.3055555555555555,0.8254392212725546,0.78736194397265,0.29073728510126795,0.8237628384687209,0.39000637466110616,0.7697506823491684,0.12607863474102332,0.6611374672503589,0.7364841984733183,0.9333333333333332,0.8718643125626495,0.8924858886781667,0.13210774790822855,0.4361378516251739
22593,neNsqzv3,2026-02-27 18:15:00+00:00,CH2,Aarau,Rapperswil-Jona,u15,pass,37.0,-0.04141559676361267,0.0,0.7220369105574999,0.5007050035867455,0.29278302239995563,0.1516000503046522,0.2783571305091146,0.4992949964132544,0.5785274829557315,0.5085520100858988,0.5716441615779364,0.24547933112564688,0.22663441307662566,0.7733655869233743,0.4283558384220636,0.755583388529676,0.5752388142487367,0.2941283460023582,0.7405437352245863,0.34715804733953554,0.28826046777174597,0.09206194461109317,0.7158627169050039,0.6480779401243995,0.8476336517436769,0.8018781504243141,0.32480438184663535,0.10077255275324982
3845,xbauZ7Yi,2026-02-27 18:30:00+00:00,D1,Augsburg,FC Koln,a_1up,pass,47.0,,0.0,0.8087472469051417,0.5302408169239626,0.36781409938913656,0.15454036168733576,0.19125275309485837,0.46975918307603765,0.6330271324477649,0.5750051972930712,0.46475482379323085,0.26925508256097275,0.2832446482795204,0.7167553517204794,0.5352451762067691,0.7318076370943499,0.5462694002881081,0.3561394571655294,0.6508446611505122,0.47730476998734145,0.3318602048075605,0.16359221935258803,0.7124550047976395,0.6163722190011319,0.8718643125626495,0.8821244376387495,0.333255484164329,0.10077255275324982
5527,MmEchzld,2026-02-27 18:30:00+00:00,SP2,Albacete,Almeria,1x2_a,pass,47.0,,0.0,0.830129830966651,0.6062858355153335,0.29278302239995563,0.14047286683389834,0.16987016903334895,0.39371416448466645,0.6079007328091182,0.5874699612113234,0.4147990324581292,0.2345702055283215,0.32546465124205776,0.6745353487579422,0.5852009675418709,0.7668947931608748,0.4901519237717271,0.4008855764652368,0.6014424143166658,0.520345038523172,0.21705005821145487,0.27175220142645046,0.7098478805366527,0.691567448003605,0.8931745735566232,0.8655620624556848,0.3483993025596779,0.19775611148504824
21691,Kp3yLeIj,2026-02-27 18:30:00+00:00,PL1,Arka Gdynia,Lechia Gdansk,u15,pass,47.0,,0.0,0.8320067078435279,0.6080066977955522,0.3349914474407449,0.12537325043888387,0.16799329215647207,0.3919933022044477,0.6295364677561942,0.5750051972930712,0.24957584180407597,0.24810182940031908,0.5590407990761576,0.44095920092384255,0.750424158195924,0.7553718876253478,0.35740328775678804,0.6640406162464987,0.4686532686532687,0.7040800719748089,0.18895249723584517,0.3645833333333333,0.6897929834458266,0.7577665123927023,0.8474705552567983,0.8992408986566557,0.2063661126542374,0.31289987364946753
4511,pSb6xJq9,2026-02-27 18:45:00+00:00,I1,Parma,Cagliari,o15,watch,12.0,0.031832046739792896,0.0,0.7611327460404923,0.4943561964078542,0.22264226884291705,0.09147399538050334,0.23886725395950772,0.5056438035921457,0.6214694966755245,0.526601403914885,0.3947380090863822,0.2589713946177104,0.316979943320986,0.683020056679014,0.6052619909136178,0.7419693143006674,0.39753279925693724,0.23889531850226545,0.5733649018441873,0.47556935817805385,0.20349155358626417,0.19489069543136586,0.620779557080399,0.6914482800250555,0.8216002027322782,0.8348985081927122,0.25439665991938215,0.17335357546379518
5899,dEAxVMcn,2026-02-27 18:45:00+00:00,F1,Strasbourg,Lens,u25,pass,12.0,-0.033866636042575005,0.0,0.8253679262047463,0.5594221915981307,0.29278302239995563,0.17296998567894115,0.17463207379525372,0.4405778084018694,0.6133010542605067,0.5723536821415561,0.35756566357545605,0.2507554321763958,0.4035405287707314,0.5964594712292687,0.642434336424544,0.7503072874789268,0.37364599793829756,0.3923277744005646,0.5000916035398795,0.5960838566836802,0.18701122232332423,0.2293096332135165,0.6859502305776966,0.6361563025571146,0.883351774630607,0.8768321530911458,0.25625927879356153,0.26263791027939826
19341,0f1dkRME,2026-02-27 18:45:00+00:00,B1,St. Liege,RAAL La Louviere,1x2_a,pass,47.0,,0.0,0.7740565162726467,0.5013193283086134,0.2379346992470348,0.08898610860544831,0.2259434837273533,0.49868067169138675,0.6138518955468961,0.5246915030943357,0.4494401532912294,0.25182853747485323,0.3428209765136419,0.657179023486358,0.5505598467087706,0.7492341821804697,0.4301292910142871,0.3069588581357531,0.626735569338257,0.5138273964360921,0.26357996470405465,0.20688051229923152,0.6578290572573708,0.6861562912928588,0.8527096654469855,0.8461639620401505,0.3124447903363133,0.1805513327252458
19580,p0AdAXhT,2026-02-27 18:45:00+00:00,P1,FC Porto,Arouca,o35,pass,47.0,,0.0,0.7326755764182336,0.5702557499727047,0.33587286682902623,0.11849024657568961,0.26702603416560317,0.4297442500272954,0.6079007328091182,0.5458314749350986,0.64380255584821,0.18154282647036268,0.1905652753843308,0.8094347246156692,0.35619744415179005,0.8150643905360887,0.6005577689243028,0.2341374246771637,0.7378779269443623,0.19833139629097304,0.44829293274154997,0.15717738502313958,0.8200693400015705,0.640965970207892,0.8832640876231195,0.7933651139426855,0.4382688492063492,0.10056571550558598
4892,ALxSIBP6,2026-02-27 19:00:00+00:00,I2,Sampdoria,Bari,1x2_d,pass,47.0,,0.0,0.7156768995584862,0.46789588857212067,0.22264226884291705,0.10412223213246985,0.28432310044151365,0.5321041114278794,0.6094837386125896,0.5220154892242919,0.5511771420463255,0.26297445981588613,0.19830460335146707,0.8016953966485328,0.44882285795367444,0.7336327571905651,0.4327003738938999,0.22052888833187115,0.6672929119737631,0.39651018832514273,0.25336747273589383,0.12442933197541493,0.6959897954526268,0.5805269002077513,0.8428200971428543,0.7933651139426855,0.26589469546022815,0.09591397215286808
5129,84QhNDWA,2026-02-27 19:00:00+00:00,SP1,Levante,Alaves,o25,pass,22.0,0.018243126674455545,0.0,0.7103360669797584,0.5099243493818791,0.2580202528483203,0.09406595268944178,0.2896639330202417,0.4900756506181209,0.6052530931666329,0.5412455602445055,0.27557078084249326,0.2589713946177104,0.3725013924684371,0.6274986075315628,0.7244292191575067,0.7419693143006674,0.32307078783840404,0.4187337027198706,0.4942942942942943,0.6341839126649255,0.17990674560185824,0.21957869281295753,0.5933166449378544,0.6667411825118217,0.8306901965158113,0.8374606515831339,0.17990393605862556,0.2364465876755244
21024,Iu5NGw8m,2026-02-27 19:00:00+00:00,JP1,Yokohama F. Marinos,Verdy,1x2_a,pass,96.0,,0.0,0.7030870838758871,0.36380527684875513,0.2379346992470348,0.09222124568764178,0.2969129161241129,0.6361947231512449,0.5835489237506022,0.5408164015735912,0.4968359623728969,0.2927143446282347,0.20317789769844566,0.7968221023015544,0.503164037627103,0.731221759820221,0.41142247294818873,0.23920264475427133,0.7046422525171523,0.3820169702382851,0.22395407701095849,0.1071512617211542,0.629178815893193,0.5481528316095029,0.8678296401068678,0.7800378335324573,0.19839711844609687,0.10077255275324982
2202,Y7PQ3jLt,2026-02-27 19:45:00+00:00,E3,Harrogate,Cheltenham,1x2_a,pass,47.0,,0.0,0.7299794422248943,0.5089680895591301,0.23306489687128876,0.12326153569152863,0.2701952650388649,0.49103191044086997,0.6148840600639782,0.5292774177849288,0.4792726871631472,0.2449620374556377,0.2803641384299638,0.7196358615700363,0.5207273128368528,0.7516451795508137,0.4266451164833369,0.2979529146771915,0.6240374315925342,0.43389079379705464,0.27680747793156785,0.2160207761156628,0.6751231527093596,0.6477601763512256,0.8300744108576493,0.8187489864440862,0.34138695987654316,0.15794937718494384
20824,2cENk5ed,2026-02-27 19:45:00+00:00,IE1,Drogheda,Shelbourne,o25,pass,38.0,-0.014757159248552087,0.0,0.6990721116368556,0.4834686472030609,0.30036701775820845,0.10574010213533036,0.30062949894698093,0.516531352796939,0.5934328237023775,0.5412455602445055,0.24805260846450775,0.2623885825417572,0.3684050667484769,0.6315949332515232,0.7519473915354923,0.734218634464694,0.3347832835080326,0.43814675695408306,0.377297587442515,0.5940097308978233,0.19376379001706842,0.21054526914538751,0.5933166449378544,0.6477601763512256,0.8455882227693444,0.8714387016009009,0.1375886524822695,0.18399187333613562
20825,l6MABnIF,2026-02-27 19:45:00+00:00,IE1,St. Patricks,Dundalk,1x2_a,pass,73.0,,0.0,0.8622574955908289,0.5357716370915853,0.30447823049664785,0.14751017457431384,0.13774250440917107,0.46422836290841474,0.5359461323279587,0.5557751262728575,0.64380255584821,0.22977667399998492,0.1367380270365345,0.8632619729634655,0.35619744415179005,0.7667085322695216,0.6118572039525513,0.2220071697387033,0.7412854030501089,0.30815018315018317,0.3294079794079794,0.11367483074472323,0.7558656697264926,0.5481528316095029,0.9323515325670497,0.8602697779080811,0.34557213524661407,0.10077255275324982
20826,ttJ2D8m3,2026-02-27 19:45:00+00:00,IE1,Galway,Sligo Rovers,o15,pass,38.0,-0.03278272518429992,0.0,0.8496188496188496,0.5500207139718718,0.3400236790005288,0.2069121325828643,0.15038115038115038,0.4499792860281282,0.618388117898167,0.5524101517987146,0.5235310670021736,0.22263381685712771,0.29886325584094803,0.701136744159052,0.47646893299782644,0.7739734001493236,0.5387126806303583,0.5166461767579468,0.631753196869476,0.47190248970348736,0.3816000729793833,0.24511727875899447,0.7486274497863072,0.6977815047237819,0.9057649696824955,0.8827320005120135,0.33175154320987654,0.19775611148504824
20827,Ys6kfUuC,2026-02-27 19:45:00+00:00,IE1,Derry City,Waterford,u25,pass,38.0,-0.11227724243503434,0.0,0.7758852974562237,0.5172772424350344,0.3093628295943785,0.14254985606491913,0.2241147025437764,0.4827227575649657,0.6096212501009394,0.4844198640025332,0.6314855003490069,0.24547933112564688,0.1538992408557626,0.8461007591442374,0.3685144996509931,0.75799438590002,0.5391304347826087,0.2336496138705989,0.7048853923853925,0.39339986764202944,0.4467065139693693,0.09117197918010926,0.7464385650969892,0.6477601763512256,0.9054294894347872,0.8772656728379703,0.3087401093886178,0.06688179315916543
597,S4iAhinA,2026-02-27 20:00:00+00:00,E0,Wolves,Aston Villa,ho15,pass,47.0,,0.0,0.7908285132362595,0.5978755058512757,0.30364268533825284,0.15099476001089296,0.20917148676374053,0.40422028195879783,0.6148840600639782,0.5719280921389199,0.24957584180407597,0.2384399936515268,0.5541193778898696,0.44588062211013035,0.750424158195924,0.762622726003796,0.34268658429836263,0.5902102068897735,0.44985059501188535,0.7506722507457585,0.17990674560185824,0.34119152046783624,0.629178815893193,0.7548381758117547,0.834724868971593,0.8940038702628631,0.1437210883056453,0.36128697042366104
1112,0pURKOdf,2026-02-27 20:00:00+00:00,E1,Bristol City,Watford,h_2up,pass,47.0,,0.0,0.7278838234136747,0.4438438822866562,0.22264226884291705,0.06754096374594905,0.2722908838500844,0.5561561177133437,0.6148840600639782,0.4978833431409262,0.3709388266067493,0.25689842612683145,0.26475809031920267,0.7352419096807973,0.6290611733932506,0.7445665725623648,0.36924021234698384,0.2979529146771915,0.5528973685223685,0.4097570736544079,0.1942617669856336,0.17968861905020161,0.629178815893193,0.5915631686519154,0.8300744108576493,0.8348985081927122,0.22834376752088106,0.15694197659146333
20828,UqGFiRQq,2026-02-27 20:00:00+00:00,IE1,Bohemians,Shamrock Rovers,1x2_a,pass,73.0,,0.0,0.5765300897513252,0.41456885456885456,0.26870665713417075,0.08628966492453671,0.423469910248675,0.5854311454311454,0.5934328237023775,0.565563876321066,0.24957584180407597,0.2623885825417572,0.4062588451144096,0.5937411548855905,0.750424158195924,0.734218634464694,0.2980378497619877,0.289171063223818,0.4756210604375231,0.4990490981904303,0.21846793221793223,0.24194014563608982,0.6386059205226964,0.6207214154374728,0.8131309556297838,0.810014320105966,0.14609812994932517,0.23573585562150878
21025,E7bWEHx0,2026-02-27 20:00:00+00:00,JP1,Urawa Reds,Kashima Antlers,1x2_a,pass,81.0,,0.0,0.7266093297592033,0.49157189191416584,0.37682377633085223,0.16215867465867465,0.2730922808246334,0.5084281080858343,0.6007274186670681,0.4850979265002775,0.5158346803814872,0.24064623921737618,0.15552781822804704,0.844472181771953,0.4841653196185128,0.7559609777890751,0.46211552888222057,0.22132055853712532,0.7249338694434876,0.20306513409961688,0.3828733259426329,0.10447203038338627,0.6845808234328189,0.5751915925232557,0.8652659014577306,0.8142796566713212,0.3176555584672723,0.11159460074564707
19581,ryEuEFg4,2026-02-27 20:45:00+00:00,P1,Sporting CP,Estoril,dc_1x,pass,47.0,,0.0,0.8576540220608018,0.7326437003856358,0.453457023187603,0.2581510263830706,0.14234597793919826,0.26735629961436413,0.666650573120814,0.47675205849827185,0.7922668835192069,0.19950450071843395,0.001,0.999,0.20773311648079307,0.8024562835952915,0.7405763177486198,0.12281964067678354,0.9290180088152932,0.14942528735632185,0.7166471734892789,0.04773369622108239,0.8635277506245248,0.7373674855583063,0.9591691816083792,0.8390506210295398,0.6826210826210826,0.014749262536873156
21026,MX1vDe7C,2026-02-27 21:00:00+00:00,JP1,FC Tokyo,Kashiwa Reysol,1x2_a,pass,81.0,,0.0,0.7675690522978732,0.5445851528877751,0.35125827400554616,0.258201477980031,0.23243094770212683,0.45541484711222485,0.6021527044024795,0.5509229795993442,0.5703563389983684,0.22770370550910593,0.17726827249154054,0.8227317275084595,0.4296436610016317,0.769305790531219,0.4309866460980933,0.26147349942265,0.7641047335901634,0.40172705110699614,0.3115486887951587,0.12448700163292438,0.7937468539917183,0.6114605277880214,0.8832640876231195,0.8240412709916899,0.2968129172596526,0.17210012210012207
21027,rmjmBZyP,2026-02-27 21:00:00+00:00,JP1,Gamba Osaka,Shimizu S-Pulse,1x2_a,pass,96.0,,0.0,0.8320067078435279,0.5139906284292429,0.33904886805234674,0.17366968076275646,0.16799329215647207,0.48600937157075713,0.603735710205951,0.5557751262728575,0.5703563389983684,0.2500319261076159,0.2197608859752902,0.7802391140247097,0.4296436610016317,0.7469775699327089,0.5313996784293814,0.3072160995680462,0.7148132566672039,0.4170757872152458,0.39567755874686567,0.1254225110598949,0.7125817643059023,0.6114605277880214,0.8980398058045824,0.881908502739868,0.3101041966902051,0.13546501847795736
21028,C2QdVxNt,2026-02-27 23:00:00+00:00,JP1,V-Varen Nagasaki,Cerezo Osaka,1x2_a,pass,96.0,,0.0,0.6942803586322969,0.5139906284292429,0.2379346992470348,0.10178145911875995,0.3058943486314622,0.48600937157075713,0.603735710205951,0.4850979265002775,0.4152666499470232,0.25689842612683145,0.29533702611676893,0.7046629738832312,0.5847333500529768,0.7445665725623648,0.35740328775678804,0.3304936360268134,0.5959800950919164,0.4061506903809318,0.17405628528857434,0.20254084539798825,0.646107445535759,0.5890156943142052,0.8334659801961176,0.7676363272854502,0.23349370425022983,0.16068653493726395
22184,2TEJ56qm,2026-02-28 06:00:00+00:00,RU1,Orenburg,Akron Togliatti,1x2_a,pass,72.0,,0.0,0.7628071475359685,0.5315843078636537,0.27793254779715904,0.12622603865603158,0.23719285246403157,0.4684156921363463,0.6007638579124875,0.5696776682715123,0.44509918381894115,0.2589713946177104,0.2499596676262029,0.7500403323737972,0.5549008161810589,0.7419693143006674,0.446260821514091,0.3072160995680462,0.5770948657755689,0.4097570736544079,0.24336132107734665,0.16793188625383126,0.7402081649379966,0.6208935042496285,0.8357226764210134,0.8306701211135111,0.3176215277777778,0.19137338071764298
21404,St1x7jDl,2026-02-28 07:00:00+00:00,MX1,Mazatlan FC,Pachuca,a_2up,pass,50.0,,0.0,0.7439395317611361,0.46614333219733345,0.22264226884291705,0.10661011890752486,0.2560604682388638,0.5338566678026665,0.6036700873631614,0.5304580949761563,0.26355820105820105,0.26925508256097275,0.3960426942972007,0.6039573057027993,0.736441798941799,0.7318076370943499,0.30996146502659233,0.35413814282220907,0.42197325530658863,0.5702855458833157,0.18998705204915398,0.25771213436985846,0.6072780575428517,0.6658558133887009,0.834724868971593,0.8191825061909107,0.17881767410977825,0.25874728788397855
21405,YgWx5Us1,2026-02-28 07:00:00+00:00,MX1,Queretaro,Santos Laguna,1x2_d,pass,60.0,,0.0,0.7671989926995225,0.5007050035867455,0.24769344505688393,0.11936026334788413,0.2328010073004775,0.4992949964132544,0.6041830474215323,0.5458314749350986,0.40792970609877505,0.2386128311064313,0.3684050667484769,0.6315949332515232,0.5920702939012249,0.75799438590002,0.36534030598121064,0.32134840567598283,0.54657784825807,0.4990490981904303,0.24336132107734665,0.2196855329618188,0.6742286188560849,0.6667411825118217,0.871693044867141,0.8201562958165373,0.22394342523162938,0.21172131295024968
19888,WWlscL8m,2026-02-28 07:30:00+00:00,T1,Kasimpasa,Rizespor,h_1up,pass,47.0,,0.0,0.7211390757149806,0.45941203526068114,0.22264226884291705,0.10173625304580756,0.2785625348688561,0.5405879647393189,0.6094837386125896,0.5316929085791305,0.45675707441617114,0.25182853747485323,0.31853982570111644,0.6814601742988836,0.5432429255838288,0.7492341821804697,0.3896033240079832,0.3223168984690717,0.5244010293818723,0.4471376791263198,0.257716342461122,0.22678588022222057,0.6735703576783036,0.6398745104102247,0.8319490852912867,0.792775255380957,0.25625927879356153,0.17002667187093415
22185,M9gpi7Ug,2026-02-28 08:30:00+00:00,RU1,Krasnodar,FK Rostov,1x2_a,pass,72.0,,0.0,0.831059631059631,0.5564376572309203,0.3665928869369212,0.16827953838074147,0.16894036894036893,0.44356234276907974,0.57694447715226,0.5762563451351282,0.43665548030313234,0.2589713946177104,0.3174060033412154,0.6825939966587846,0.5633445196968677,0.7441307359497378,0.5322081164777794,0.347819195374557,0.6505440677722665,0.4876695226056152,0.32916873395134266,0.20403095924779713,0.776501711337179,0.6685198851170768,0.9110785913614734,0.8824361381471858,0.28455788990467257,0.19645795054637802
21406,tKZp38CD,2026-02-28 09:00:00+00:00,MX1,Juarez,Atlas,1x2_a,pass,60.0,,0.0,0.7266093297592033,0.43590737435014826,0.22264226884291705,0.08029110818630832,0.2730922808246334,0.5640926256498516,0.6021527044024795,0.5085520100858988,0.36124095993698685,0.24547933112564688,0.3684050667484769,0.6315949332515232,0.6387590400630131,0.755583388529676,0.35740328775678804,0.3521969339506719,0.5297349907631832,0.48868434557215656,0.18895249723584517,0.22871895662938882,0.629178815893193,0.5890156943142052,0.8504094354239832,0.7841338975507508,0.17990393605862556,0.2186233676081392
21407,C07Oa3t2,2026-02-28 09:06:00+00:00,MX1,Club Tijuana,UNAM Pumas,1x2_a,pass,60.0,,0.0,0.7284462531099628,0.4677221404025527,0.25784699419587354,0.17296998567894115,0.2722908838500844,0.5322778595974472,0.6045811735604047,0.526601403914885,0.3456538112824245,0.2589713946177104,0.3483543906034006,0.6516456093965994,0.6543461887175755,0.7419693143006674,0.3618235326781054,0.33443615924167086,0.44962955168739366,0.4442555464153284,0.22040920713045317,0.22871895662938882,0.5933166449378544,0.5924349347621618,0.8316880039652318,0.7933651139426855,0.20398165563175763,0.19267154165631326
19889,pGQaprPs,2026-02-28 10:00:00+00:00,T1,Kocaelispor,Besiktas,dc_12,pass,47.0,,0.0,0.7494284836691801,0.4834686472030609,0.22264226884291705,0.10661011890752486,0.25027312691465653,0.516531352796939,0.6241361463048056,0.5696776682715123,0.3160007297938332,0.22950031687634329,0.4304251708623294,0.5695748291376707,0.6839992702061667,0.7715624027789795,0.25105727268637246,0.3725988519393609,0.4541938490214353,0.7091192411076426,0.17796547068933732,0.27029262782185176,0.6102452745804204,0.6756869648339396,0.8551261785996759,0.902970717403707,0.17881767410977825,0.23823106961192542
4154,dvpRV69U,2026-02-28 11:00:00+00:00,D2,Kaiserslautern,Paderborn,1x2_d,pass,47.0,,0.0,0.8576296793688097,0.6042924491103242,0.37682377633085223,0.14751017457431384,0.14237032063119018,0.3978033386997493,0.6593246519571525,0.5696776682715123,0.31585282658816977,0.24388893215718024,0.4948136884009595,0.5051863115990406,0.6841471734118301,0.7527182848492711,0.40275912352738025,0.6578008106189945,0.5298478555183537,0.691675562335346,0.201001963064065,0.31290849673202614,0.7317725792910167,0.7577212790792718,0.8758676731185323,0.9088323289623498,0.21262348021907865,0.31289987364946753
4155,ht41yBug,2026-02-28 11:00:00+00:00,D2,Holstein Kiel,Elversberg,1x2_a,pass,47.0,,0.0,0.8075814204872062,0.5550600443534052,0.30364268533825284,0.12537325043888387,0.19241857951279392,0.4449399556465947,0.6094837386125896,0.5504475972512987,0.2044753086419753,0.2412353293811035,0.7048260381593715,0.29517396184062855,0.7955246913580246,0.7553718876253478,0.30996146502659233,0.6463203097330886,0.3910674885752132,0.7536556708344418,0.11449023606320753,0.3866666666666667,0.6349193037497641,0.7983015623036924,0.8357226764210134,0.9103344724034379,0.12016202776473676,0.3702936268496724
4156,KErPTJwp,2026-02-28 11:00:00+00:00,D2,Arminia Bielefeld,Hannover,1x2_a,pass,47.0,,0.0,0.7515431921930658,0.49666531342351555,0.2629858754610017,0.12326153569152863,0.24815841839077094,0.5033346865764844,0.6148840600639782,0.5901214763628385,0.41018940987097857,0.2345702055283215,0.33454807064068565,0.6654519293593144,0.5898105901290215,0.7668947931608748,0.39205195216599353,0.37388956618031327,0.5393157715448618,0.5541282409563733,0.1866469416802896,0.2486243245523779,0.660246204091887,0.6140699578199578,0.8552740686543503,0.8433989418883088,0.26589469546022815,0.19137338071764298
22025,EZAgeiL8,2026-02-28 11:00:00+00:00,RO1,Univ. Craiova,Metaloglobus Bucharest,1x2_a,pass,47.0,,0.0,0.8474001094690751,0.7326437003856358,0.45365048522552237,0.23755482042101095,0.15259989053092501,0.26735629961436413,0.5684889668614588,0.5085520100858988,0.8211805555555555,0.23157349363231125,0.08472758472758472,0.9152724152724153,0.17881944444444442,0.7680910259597447,0.875,0.018018018018018018,0.8952409388563681,0.14942528735632185,0.7236842105263158,0.0532989304448532,0.9208754208754208,0.7949650022131974,0.902875332844896,0.8483222098628106,0.7492877492877493,0.001
22186,jko1mPTI,2026-02-28 11:00:00+00:00,RU1,Lokomotiv Moscow,Pari NN,1x2_a,pass,72.0,,0.0,0.7724344889598823,0.5500207139718718,0.35321798104357943,0.1708641790962233,0.2275655110401177,0.4499792860281282,0.6148840600639782,0.5277820811061126,0.5877391352646656,0.22315111052713696,0.2326232808283342,0.7673767191716657,0.4122608647353345,0.7803226064985299,0.5548145974362606,0.2823571637456552,0.7378779269443623,0.43092704910518265,0.3324781548465759,0.17979652729943088,0.7686519234271801,0.619487298688789,0.9220431456164556,0.815713069813012,0.3808608481490033,0.15550297977781344
5130,tWw0Li1N,2026-02-28 12:00:00+00:00,SP1,Rayo Vallecano,Ath Bilbao,home_or_o25,pass,47.0,,0.0,0.7339655875164953,0.5500207139718718,0.2688799157866175,0.11023712691186233,0.2660344124835046,0.4499792860281282,0.6036700873631614,0.5666005631173611,0.24957584180407597,0.26925508256097275,0.42459539310272704,0.575404606897273,0.750424158195924,0.7318076370943499,0.35740328775678804,0.44837902311855254,0.44985059501188535,0.6516275914372219,0.14931719558982381,0.2664119088676034,0.6521474071518542,0.6751167010381524,0.8329468927407072,0.8742315668164169,0.14782803521003096,0.269147666941074
12134,jkiKyL1e,2026-02-28 12:00:00+00:00,F2,Guingamp,Rodez,away_or_o25,pass,47.0,,0.0,0.7628071475359685,0.5878035158902427,0.2828981704098404,0.1617570027521806,0.23719285246403157,0.41219648410975723,0.6148840600639782,0.5666251494574208,0.4254913406816862,0.22275428513031156,0.2639625788343543,0.7360374211656456,0.5745086593183139,0.7783084345250112,0.4000156230735856,0.3310987499224451,0.6610920429818067,0.47973845880331084,0.2541524340304828,0.16359221935258803,0.7023934969140448,0.6751167010381524,0.8570085110871298,0.8127793402578077,0.33292653909159964,0.17002667187093415
12135,O0fnuf8m,2026-02-28 12:00:00+00:00,F2,Red Star,Le Mans,1x2_a,pass,47.0,,0.0,0.7156768995584862,0.4479775023298325,0.22264226884291705,0.08105982019363762,0.28432310044151365,0.5520224976701674,0.6094837386125896,0.5220154892242919,0.47497951452789383,0.2284272115778859,0.2422530206380532,0.7577469793619468,0.5250204854721062,0.7726355080774369,0.3515754731872516,0.28188252491570226,0.5825712519260907,0.48868434557215656,0.20330751861962057,0.20254084539798825,0.6669196281126095,0.5680501907456089,0.8338403439335597,0.7809636076956784,0.25212286800517975,0.13820217623027753
598,hOA1PhIN,2026-02-28 12:30:00+00:00,E0,Bournemouth,Sunderland,away_or_o25,pass,47.0,,0.0,0.7278838234136747,0.5267009872289222,0.3022957410575203,0.12290586502432693,0.2722908838500844,0.4732990127710777,0.6430785451547437,0.5412455602445055,0.5090275526752047,0.22315111052713696,0.225871636570142,0.7741283634298579,0.4909724473247954,0.7779116091281858,0.48614313082443106,0.1660295172199934,0.6454124579124579,0.40914472341294145,0.33027282446622136,0.0858972272621653,0.697766176038459,0.7009711173719294,0.8919632365284539,0.8384061528391425,0.3600501543209876,0.11595193345272413
1113,29QrHtdJ,2026-02-28 12:30:00+00:00,E1,Derby,Blackburn,1x2_a,pass,47.0,,0.0,0.6942803586322969,0.465291123923411,0.22264226884291705,0.13149537677839565,0.3058943486314622,0.534708876076589,0.6148840600639782,0.5220154892242919,0.5511771420463255,0.24547933112564688,0.2600045724737083,0.7399954275262918,0.44882285795367444,0.7577448101787461,0.40810292677724885,0.27310067346232886,0.6883066204874716,0.3996494710391283,0.30611346262822514,0.13446892257332993,0.666070195845527,0.619487298688789,0.8488925405191523,0.7809636076956784,0.32480438184663535,0.15550297977781344
1114,f3DUvplQ,2026-02-28 12:30:00+00:00,E1,Leicester,Norwich,1x2_a,pass,47.0,,0.0,0.8148498450984297,0.49666531342351555,0.29278302239995563,0.12290586502432693,0.18515015490157014,0.5033346865764844,0.6133010542605067,0.5220154892242919,0.22205766942609048,0.2589713946177104,0.4155945065998026,0.5844054934001973,0.7779423305739095,0.7419693143006674,0.31643810394205835,0.45099656326105414,0.47549162065291095,0.5862849949925117,0.17227721558931752,0.27833648711841913,0.6214378182581802,0.6751167010381524,0.8706060883454018,0.8558728676288179,0.1455915443363566,0.24835134958028635
1115,MDc9X1t0,2026-02-28 12:30:00+00:00,E1,Portsmouth,Hull,1x2_a,pass,47.0,,0.0,0.7336817493703226,0.4679554182976922,0.2682696222242453,0.1168723765728291,0.2670553875897246,0.5320445817023078,0.6214694966755245,0.5319289329364438,0.5388600865471226,0.26984095983510165,0.15476454928509722,0.8452354507149028,0.4611399134528775,0.731221759820221,0.5216699380349483,0.21453307100359786,0.6537955061725726,0.3801529823127643,0.3200751298199094,0.07223832438424714,0.671873862063943,0.6163722190011319,0.8488925405191523,0.8139839654640765,0.3547812323146576,0.12464297048556013
1649,QiPUdza5,2026-02-28 12:30:00+00:00,E2,Leyton Orient,Barnsley,1x2_a,pass,47.0,,0.0,0.7659279352724425,0.5412985388819838,0.29278302239995563,0.15418469102013407,0.2340720647275574,0.4587014611180163,0.616069175224136,0.5696776682715123,0.38617558896686105,0.26925508256097275,0.3483543906034006,0.6516456093965994,0.613824411033139,0.7318076370943499,0.4231512896668111,0.3236800314476767,0.5742620081040016,0.47973845880331084,0.20330751861962057,0.21158380384105632,0.6551146241894229,0.6751167010381524,0.8306901965158113,0.8655620624556848,0.25212286800517975,0.16253152747139796
1650,rTeeDeqn,2026-02-28 12:30:00+00:00,E2,Northampton,Peterborough,dc_12,pass,47.0,,0.0,0.80210846526636,0.5412985388819838,0.25757829704699914,0.12860852468158795,0.19789153473364,0.4587014611180163,0.6148840600639782,0.5696776682715123,0.3280044108199613,0.2893681412820313,0.32546465124205776,0.6745353487579422,0.6719955891800385,0.731221759820221,0.3711103569081818,0.4794716318572507,0.512966812966813,0.5385922070132597,0.14401896057844363,0.21672913976152317,0.6594652444900015,0.6861562912928588,0.892683803149582,0.817044676823163,0.21367371077949918,0.21172131295024968
2203,E3h0mVz0,2026-02-28 12:30:00+00:00,E3,Cambridge Utd,MK Dons,dc_12,pass,47.0,,0.0,0.6570176816813914,0.4904984780747945,0.22264226884291705,0.046481411626639844,0.34298231831860865,0.5095015219252055,0.6079007328091182,0.49320999857226006,0.5091530178720999,0.26984095983510165,0.20429347110317567,0.7957065288968243,0.4908469821279,0.731221759820221,0.4301292910142871,0.2369980173556859,0.6569630529888887,0.32024913620658296,0.2406278507571611,0.0858972272621653,0.67444458871854,0.5747387260145461,0.8480725970230379,0.7244026635330983,0.27307754952908575,0.09201870695857745
2204,MkXrbnkI,2026-02-28 12:30:00+00:00,E3,Shrewsbury,Walsall,1x2_h,pass,47.0,,0.0,0.6933784320695929,0.4479775023298325,0.20876322198055508,0.06754096374594905,0.3066215679304071,0.5520224976701674,0.5949502066630594,0.5473704920971474,0.5677174902430204,0.2589713946177104,0.24499667389577037,0.7550033261042296,0.4322825097569795,0.7441307359497378,0.44786976726127486,0.19981002619982133,0.6422747688453837,0.32024913620658296,0.30223464664121186,0.13122483198826626,0.6742286188560849,0.5954067154325355,0.8501212642778908,0.7657807229475763,0.2914410022457607,0.10135104501972163
2205,UFzidQJU,2026-02-28 12:30:00+00:00,E3,Swindon,Bristol Rovers,ao15,pass,47.0,,0.0,0.7860666084743547,0.5412985388819838,0.2728707274511169,0.15133017909345717,0.2139333915256453,0.4587014611180163,0.6243072517476628,0.5485074888051424,0.4152666499470232,0.2589713946177104,0.35245071632336095,0.6475492836766391,0.5847333500529768,0.7419693143006674,0.4707087648887669,0.32145454314114685,0.5742620081040016,0.49473977446522727,0.22395407701095849,0.19489069543136586,0.6219668863020321,0.6914482800250555,0.8357226764210134,0.863366603461179,0.30798611111111107,0.1996011040191822
21692,bij3ZfXq,2026-02-28 12:45:00+00:00,PL1,Pogon Szczecin,Widzew Lodz,dc_12,pass,47.0,,0.0,0.7278838234136747,0.4479775023298325,0.2630969839419873,0.11936026334788413,0.2722908838500844,0.5520224976701674,0.6330271324477649,0.5220154892242919,0.5877391352646656,0.21484134857377427,0.24499667389577037,0.7550033261042296,0.4122608647353345,0.7862213710815485,0.3920713861771146,0.22056186030491087,0.6863855099149218,0.3099962839093274,0.35865329310191035,0.11367483074472323,0.7101604977055311,0.5481528316095029,0.8551261785996759,0.7389192043654287,0.3349206349206349,0.12464297048556013
4512,QNRuMcaS,2026-02-28 13:00:00+00:00,I1,Como,Lecce,away_or_o15,pass,47.0,,0.0,0.7331193196740347,0.5564376572309203,0.2956219024743789,0.13603975142397337,0.2670553875897246,0.44356234276907974,0.6103583855644135,0.5390492104352015,0.6058176649221426,0.2589713946177104,0.14392012369231535,0.8560798763076848,0.3941823350778575,0.7419693143006674,0.6571327683615819,0.1965903608395417,0.7378779269443623,0.2827170848768668,0.31636450114710984,0.06969237306780401,0.7236161960847212,0.6570735635802079,0.869754197372335,0.8156156850652688,0.4334810558403595,0.06043478260869565
4893,IywMvgnQ,2026-02-28 13:00:00+00:00,I2,Sudtirol,Venezia,o35,pass,47.0,,0.0,0.8320067078435279,0.5669125486965504,0.30983041325050475,0.20167060353976243,0.16799329215647207,0.43308745130344956,0.6153380998281192,0.5916423131323146,0.240576187944609,0.21890710878259356,0.6337908496732026,0.3662091503267974,0.759423812055391,0.7777001082238577,0.36534030598121064,0.5444391480991299,0.4264720128097737,0.7091192411076426,0.18895249723584517,0.48968008255933954,0.6676026653413588,0.7411970779378687,0.8678296401068678,0.8827320005120135,0.19045372866127583,0.3676093144429073
4894,roJp6Yu1,2026-02-28 13:00:00+00:00,I2,Empoli,Cesena,1x2_a,pass,47.0,,0.0,0.7326755764182336,0.5139906284292429,0.2682696222242453,0.11936026334788413,0.26702603416560317,0.48600937157075713,0.6330271324477649,0.5504475972512987,0.4204141006056415,0.22263381685712771,0.35650378754435197,0.643496212455648,0.5795858993943586,0.7739734001493236,0.35366563794126327,0.38578477756421137,0.5373349257905726,0.48102878138395594,0.20836832008956607,0.2160207761156628,0.6742286188560849,0.6751167010381524,0.8516683241994586,0.7938776799768372,0.2914410022457607,0.18563590255398077
4895,W6auSF2K,2026-02-28 13:00:00+00:00,I2,Modena,Padova,dc_12,pass,47.0,,0.0,0.7556624919962696,0.5412985388819838,0.2629858754610017,0.12326153569152863,0.24433750800373052,0.4587014611180163,0.6330271324477649,0.5458314749350986,0.486589608288089,0.24547933112564688,0.27437527067825523,0.7256247293217447,0.5134103917119109,0.755583388529676,0.4157141424775656,0.2552730345157605,0.6198991182827389,0.4337790119892962,0.2651673450453938,0.1406336399222578,0.6742286188560849,0.7101115224124778,0.8687371158120415,0.8184405256073789,0.3600501543209876,0.1340789594526335
20137,2Dr5vnkC,2026-02-28 13:00:00+00:00,G1,OFI Crete,AEL Larissa,u15,pass,12.0,-0.04358263686368369,0.0,0.6864509213647145,0.4154131006913177,0.22264226884291705,0.09222124568764178,0.3142862155953327,0.5845868993086824,0.6133010542605067,0.5085520100858988,0.32533980884626806,0.26925508256097275,0.35090013824718747,0.6490998617528125,0.6746601911537319,0.7318076370943499,0.2976627456149022,0.3725988519393609,0.4686532686532687,0.5858381177530113,0.14401896057844363,0.27292809467164586,0.5785190999476714,0.5691183351780992,0.834724868971593,0.8018781504243141,0.1655324984060771,0.17870634019111176
3846,MkHhB4to,2026-02-28 13:30:00+00:00,D1,B. Monchengladbach,Union Berlin,1x2_a,pass,47.0,,0.0,0.7563050969549705,0.5249953316506585,0.2535874853824997,0.08547543864227493,0.24339651362886616,0.47500466834934146,0.6052530931666329,0.5524101517987146,0.41018940987097857,0.2818447794108434,0.32546465124205776,0.6745353487579422,0.5898105901290215,0.7419693143006674,0.4142007711246342,0.3561394571655294,0.499978738784709,0.5227732832049379,0.20366137566137565,0.20526627488497107,0.6800302452702384,0.638817052474948,0.831115752105176,0.7972854993311681,0.2653374017957351,0.21042315201157946
3847,pnel2R3U,2026-02-28 13:30:00+00:00,D1,Bayer Leverkusen,Mainz,u25,pass,47.0,,0.0,0.832936507936508,0.5604956054375019,0.349908530990644,0.18929380308782864,0.16706349206349205,0.43950439456249807,0.6148840600639782,0.5696776682715123,0.4945873576651487,0.24751273923659176,0.3152806156399477,0.6847193843600522,0.5054126423348513,0.753549980418731,0.6280701754385964,0.38853180765170653,0.6814227307585942,0.43992416451542954,0.4043522785458269,0.22871895662938882,0.7075361075361076,0.6442315309962369,0.9127243395845936,0.875432141669505,0.34239523089380763,0.1567582264714065
3848,re2mXo34,2026-02-28 13:30:00+00:00,D1,Hoffenheim,St. Pauli,1x2_a,pass,47.0,,0.0,0.830129830966651,0.5500207139718718,0.356096258902896,0.20862332112332113,0.16987016903334895,0.4499792860281282,0.6224749747247498,0.5412455602445055,0.5877391352646656,0.2589713946177104,0.18792576932111812,0.8120742306788818,0.4122608647353345,0.7419693143006674,0.5571389655054994,0.3304936360268134,0.7498241384698293,0.37958328142231573,0.35133565621370505,0.08553837558752414,0.776814850478789,0.6574802948623703,0.8848144346844745,0.8324891411817781,0.34473582453991586,0.09591397215286808
3849,UixEInlB,2026-02-28 13:30:00+00:00,D1,Werder Bremen,Heidenheim,dc_x2,pass,47.0,,0.0,0.851962317205917,0.6051624446199745,0.35125827400554616,0.12537325043888387,0.14803768279408305,0.3948375553800257,0.6036700873631614,0.5696776682715123,0.5570658611703387,0.22263381685712771,0.289233516031229,0.710766483968771,0.4429341388296612,0.7739734001493236,0.5216699380349483,0.3404677762577899,0.6751276698085209,0.46649157347404563,0.3082581220058534,0.21661145269979046,0.746565324605252,0.6645286870898524,0.9062813804078541,0.8557223407455349,0.39234118852459016,0.18318950514685037
22187,zeSQ3pEa,2026-02-28 13:30:00+00:00,RU1,Dynamo Makhachkala,Rubin Kazan,1x2_a,pass,72.0,,0.0,0.7159035794546207,0.43590737435014826,0.2379346992470348,0.06584517372899117,0.2837980311292159,0.5640926256498516,0.6049580641130249,0.5220154892242919,0.369667632186542,0.2589713946177104,0.2994333518367292,0.7005666481632709,0.630332367813458,0.7419693143006674,0.34341757845040943,0.31599795102141964,0.5633264345407021,0.3947454844006568,0.22271476268600873,0.15818364116580083,0.6431402284981903,0.6162400487658689,0.8562873384195372,0.8433989418883088,0.2054502428441581,0.17740817925244157
19342,G6RhV5Vr,2026-02-28 14:00:00+00:00,B1,KV Mechelen,Waregem,1x2_h,pass,47.0,,0.0,0.8075814204872062,0.5445851528877751,0.30364268533825284,0.12927452278252838,0.19241857951279392,0.45541484711222485,0.6387103882204372,0.5478242371081214,0.37774891671730587,0.25689842612683145,0.35499646396714774,0.6450035360328522,0.6222510832826941,0.7445665725623648,0.39979723482016194,0.37987058503285037,0.4964497044852463,0.4990490981904303,0.20330751861962057,0.2394840607359466,0.671873862063943,0.7290470777683055,0.8644140104846638,0.8714387016009009,0.25212286800517975,0.2364465876755244
19890,ITO7rMgf,2026-02-28 14:00:00+00:00,T1,Galatasaray,Alanyaspor,1x2_a,pass,47.0,,0.0,0.8320067078435279,0.5942204591492911,0.2867888758194279,0.12891885211532667,0.16799329215647207,0.4057795408507088,0.6330271324477649,0.5085520100858988,0.6629817528002527,0.21890710878259356,0.10011138958507378,0.8998886104149261,0.3370182471997473,0.7777001082238577,0.6462219906201147,0.21440214996916027,0.7896342113114265,0.2928381962864722,0.4853171983865053,0.08553837558752414,0.802394025311695,0.6658558133887009,0.945362473347548,0.8478178095821215,0.4555991927125948,0.07525630095962577
19891,YNsrS09D,2026-02-28 14:00:00+00:00,T1,Goztepe,Eyupspor,1x2_a,pass,47.0,,0.0,0.8087472469051417,0.5172772424350344,0.29278302239995563,0.12891885211532667,0.19125275309485837,0.4827227575649657,0.6330271324477649,0.5762563451351282,0.5107574403054425,0.25689842612683145,0.2197608859752902,0.7802391140247097,0.48924255969455754,0.7467279942114352,0.4638019259271526,0.33770124894527814,0.6240374315925342,0.4666599879783611,0.28040150636238237,0.15272980987266702,0.7098478805366527,0.6482500289365553,0.8846099988478547,0.8334351412653529,0.34440687946718646,0.12464297048556013
5131,QHILO5jI,2026-02-28 14:15:00+00:00,SP1,Barcelona,Villarreal,1x2_a,pass,47.0,,0.0,0.8068703700282648,0.7326437003856358,0.5600020660530362,0.2982943955586978,0.19312962997173524,0.26735629961436413,0.6148840600639782,0.526601403914885,0.6902260671926763,0.1983130128057664,0.1119877641616772,0.8880122358383229,0.3097739328073237,0.798294204200685,0.8273809523809524,0.186094740123505,0.8925925925925925,0.28668776273131996,0.7403508771929825,0.06955909304647921,0.8987231657743452,0.7653757416514161,0.8827276663604008,0.8794518589039138,0.6011396011396012,0.047105794893405516
5528,0vZW6Z2k,2026-02-28 14:15:00+00:00,SP2,Zaragoza,Burgos CF,1x2_a,pass,47.0,,0.0,0.6736815678132381,0.43590737435014826,0.20307846745859126,0.08105982019363762,0.326318432186762,0.5640926256498516,0.6330271324477649,0.5220154892242919,0.4133390456730857,0.25182853747485323,0.3265183339415981,0.673481666058402,0.5866609543269142,0.7492341821804697,0.3259187910962779,0.19014340080352646,0.47960684699035955,0.5133903133903134,0.1866469416802896,0.19055102853012262,0.5933166449378544,0.6207214154374728,0.8206023952828579,0.7626208951866847,0.21262348021907865,0.14345662356175543
19052,2oMEqjqR,2026-02-28 14:30:00+00:00,N1,Heerenveen,Sparta Rotterdam,1x2_a,pass,47.0,,0.0,0.8655035577449371,0.6514154048716261,0.4686609686609686,0.21817430173371574,0.13449644225506294,0.35068038293844744,0.625837653609831,0.5913726242048956,0.37497889136427914,0.2162846105079214,0.4035028741126987,0.5964971258873014,0.6250211086357208,0.7803226064985299,0.4605394129964611,0.5683988452143015,0.6422747688453837,0.611357471693418,0.2229357520786092,0.2874242969358997,0.7860038529159491,0.7548381758117547,0.9278659611992945,0.8824361381471858,0.27307754952908575,0.269147666941074
599,42vKszYi,2026-02-28 15:00:00+00:00,E0,Burnley,Brentford,home_or_o15,pass,47.0,,0.0,0.8087472469051417,0.5691950768280779,0.34579130177953016,0.12891885211532667,0.19125275309485837,0.43080492317192204,0.6096212501009394,0.5504475972512987,0.22646684050192822,0.25182853747485323,0.5139959210997462,0.48600407890025377,0.7735331594980718,0.7492341821804697,0.3347832835080326,0.597154651334218,0.44962955168739366,0.7087306113052886,0.15792219420554213,0.46537330259508886,0.6381859945468569,0.732297669598625,0.8488925405191523,0.881908502739868,0.12987125703455418,0.35767813289089484
600,KbUrxW1T,2026-02-28 15:00:00+00:00,E0,Liverpool,West Ham,ao15,pass,47.0,,0.0,0.7675690522978732,0.5604956054375019,0.3291640160622316,0.1738286820607263,0.23243094770212683,0.43950439456249807,0.6476795401399809,0.5220154892242919,0.6902260671926763,0.2053523502798865,0.15185663162882332,0.8481433683711767,0.3097739328073237,0.7912548667265648,0.6923081937823413,0.24542079612730183,0.7832812848477202,0.30295566502463056,0.4853171983865053,0.09206194461109317,0.8449371638915251,0.6751167010381524,0.9385506249073483,0.8142796566713212,0.47623181216931215,0.07525630095962577
601,Wxb1fDHc,2026-02-28 15:00:00+00:00,E0,Newcastle,Everton,1x2_a,pass,47.0,,0.0,0.7628071475359685,0.5139906284292429,0.2630969839419873,0.1258703679888299,0.23719285246403157,0.48600937157075713,0.6148840600639782,0.526601403914885,0.47737415054321947,0.22315111052713696,0.2671130904147712,0.7328869095852287,0.5226258494567805,0.7800730307772561,0.44636445822032805,0.2979529146771915,0.6660487857296368,0.47730476998734145,0.2862808460634548,0.19055102853012262,0.6891190901613772,0.6480779401243995,0.86253167799721,0.8348985081927122,0.26589469546022815,0.1471273291925466
1116,8AXZI2R6,2026-02-28 15:00:00+00:00,E1,Coventry,Stoke,u15,pass,47.0,,0.0,0.720329741900668,0.49816086812716104,0.2630969839419873,0.12290586502432693,0.27967025809933194,0.501839131872839,0.6148840600639782,0.526601403914885,0.5877391352646656,0.20797484855455872,0.19143107625013167,0.8085689237498683,0.4122608647353345,0.7886323684518927,0.5228952675765678,0.1965903608395417,0.7237847835819137,0.30815018315018317,0.3828733259426329,0.09392174432497014,0.7469450446711791,0.6127847899138555,0.8870122368822767,0.7685683764111467,0.3988160505430242,0.13672026517155048
1117,dlHXXVit,2026-02-28 15:00:00+00:00,E1,Sheffield Wed,Southampton,1x2_a,pass,47.0,,0.0,0.7688286808976464,0.4672815638502528,0.26101856769617865,0.16557970444073597,0.23190845606240076,0.5327184361497471,0.550072283695924,0.4721627227591478,0.22023481246304663,0.24547933112564688,0.612495446265938,0.38750455373406195,0.7797651875369533,0.755583388529676,0.19863266814486324,0.6748739307078254,0.42175221198209706,0.7682467386414755,0.08591239641467951,0.4645308924485126,0.5933166449378544,0.7460960656483486,0.8542327274068234,0.8807474140807474,0.12987125703455418,0.26133974934072807
1118,EeAUsV95,2026-02-28 15:00:00+00:00,E1,Ipswich,Swansea,away_or_o15,pass,47.0,,0.0,0.7628071475359685,0.5653318652747551,0.349908530990644,0.12927452278252838,0.23719285246403157,0.43466813472524496,0.5785274829557315,0.5473704920971474,0.6058176649221426,0.2162846105079214,0.2639625788343543,0.7360374211656456,0.3941823350778575,0.7803226064985299,0.5938911022576361,0.25122437383573903,0.6731902356902357,0.3733241148849135,0.3828733259426329,0.16793188625383126,0.736904124449158,0.6867419144690753,0.8497859917120048,0.8824361381471858,0.4334810558403595,0.13546501847795736
1119,Emf1ZNBm,2026-02-28 15:00:00+00:00,E1,Oxford Utd,West Brom,away_or_o15,pass,47.0,,0.0,0.6547048896186828,0.43590737435014826,0.18537856695253216,0.08494954557478052,0.34529511038131727,0.5640926256498516,0.6148840600639782,0.5182555359128793,0.240576187944609,0.21611177305301688,0.47653317099331804,0.5234668290066821,0.759423812055391,0.7849509466023058,0.2227109807754969,0.3072160995680462,0.44985059501188535,0.5432287700569023,0.15792219420554213,0.22871547295510428,0.5933166449378544,0.6751167010381524,0.8017842656213547,0.8655620624556848,0.18228844199508676,0.19137338071764298
1120,GfaPTJuP,2026-02-28 15:00:00+00:00,E1,QPR,Sheffield Utd,home_or_o15,pass,47.0,,0.0,0.7439395317611361,0.5867301020508714,0.27793254779715904,0.1448200744525114,0.2560604682388638,0.41326989794912855,0.6079007328091182,0.5511590039566575,0.3915240800315451,0.2643719096553539,0.3073180053095292,0.6926819946904709,0.608475919968455,0.7366328736323821,0.42608248415750977,0.33905984481808416,0.5748824221046444,0.48868434557215656,0.257716342461122,0.20592693383736604,0.670603140640735,0.659117530379106,0.8476336517436769,0.8461639620401505,0.2823352862057766,0.2078329644720568
1121,ITGLqiug,2026-02-28 15:00:00+00:00,E1,Charlton,Wrexham,c85,pass,47.0,,0.0,0.6760071881180784,0.43590737435014826,0.2379346992470348,0.08105982019363762,0.3239928118819217,0.5640926256498516,0.6133010542605067,0.5220154892242919,0.31609255852692975,0.26925508256097275,0.35867334355125696,0.641326656448743,0.6839074414730701,0.7318076370943499,0.29161628546061813,0.33770124894527814,0.47549162065291095,0.4876695226056152,0.15792219420554213,0.21672913976152317,0.5933166449378544,0.6102264110393376,0.7998625325675461,0.7566692268305171,0.1437210883056453,0.21042315201157946
1122,rToIVuBC,2026-02-28 15:00:00+00:00,E1,Preston,Millwall,1x2_a,pass,47.0,,0.0,0.6990721116368556,0.4672815638502528,0.2540443519314458,0.12230789132402427,0.30062949894698093,0.5327184361497471,0.6148840600639782,0.5696776682715123,0.240576187944609,0.26925508256097275,0.42708183059949495,0.5729181694005051,0.759423812055391,0.7318076370943499,0.24072855458451012,0.39916781369709753,0.4984095206317429,0.5432287700569023,0.15111431778098444,0.2486243245523779,0.6214378182581802,0.6393846578248951,0.8325814551580842,0.7664470668633481,0.14595757917931965,0.2651331242698149
1651,46Sj2Vzo,2026-02-28 15:00:00+00:00,E2,Stevenage,Stockport County,1x2_a,pass,47.0,,0.0,0.6430220600372684,0.4828497168242778,0.21695751432095323,0.08547543864227493,0.3569779399627315,0.5171502831757223,0.6330271324477649,0.5182555359128793,0.49892832713743696,0.2589713946177104,0.3029212181396888,0.697078781860311,0.5010716728625629,0.7441307359497378,0.3763207175241474,0.2369980173556859,0.6146764222315249,0.48645948672522826,0.2370697840697841,0.11367483074472323,0.6660498703103029,0.6480779401243995,0.8316880039652318,0.7512641821152459,0.281805585579094,0.1549238205454551
1652,4rp4BZDb,2026-02-28 15:00:00+00:00,E2,Port Vale,Luton,1x2_a,pass,47.0,,0.0,0.6622818326748457,0.4766180636620087,0.22264226884291705,0.11722804724003082,0.3377181673251542,0.5233819363379913,0.6079007328091182,0.526601403914885,0.5287608610093547,0.2412353293811035,0.2422530206380532,0.7577469793619468,0.4712391389906452,0.7553718876253478,0.43937466832563143,0.25653427335236917,0.6519925446784888,0.43893110362606363,0.28146503371150355,0.16359221935258803,0.6955789777533119,0.6867419144690753,0.8268744493644092,0.7818245132752772,0.3394616265750286,0.15824013753013355
1653,8zsL7iDN,2026-02-28 15:00:00+00:00,E2,Rotherham,Plymouth,1x2_a,pass,47.0,,0.0,0.7278838234136747,0.4905529468656462,0.20876322198055508,0.10173625304580756,0.2722908838500844,0.5094470531343538,0.5658915900955044,0.5473704920971474,0.2599644607575393,0.25182853747485323,0.42729000333987804,0.572709996660122,0.7400355392424607,0.7492341821804697,0.3347832835080326,0.39613286929864616,0.44962955168739366,0.5274098462485806,0.17796547068933732,0.2322660264138121,0.6431402284981903,0.6751167010381524,0.8319490852912867,0.849275581033525,0.14133622518742042,0.2651331242698149
1654,b5NxeETH,2026-02-28 15:00:00+00:00,E2,Lincoln,Blackpool,dc_12,pass,47.0,,0.0,0.831059631059631,0.5564376572309203,0.3093628295943785,0.15986417057138017,0.16894036894036893,0.44356234276907974,0.6061827956989247,0.47675205849827185,0.6629817528002527,0.2386128311064313,0.1119877641616772,0.8880122358383229,0.3370182471997473,0.75799438590002,0.6706518151815182,0.177671961351889,0.8229254571026723,0.29426129426129427,0.46598901533112064,0.06955909304647921,0.7466204331875974,0.7256479686554459,0.9144782913165267,0.8768321530911458,0.4334810558403595,0.047105794893405516
1655,C8mC9DrB,2026-02-28 15:00:00+00:00,E2,Reading,Bradford City,1x2_a,pass,47.0,,0.0,0.6760071881180784,0.4330236740776754,0.2327751764464413,0.08867564401119898,0.3239928118819217,0.5669763259223246,0.6330271324477649,0.4850979265002775,0.24957584180407597,0.26925508256097275,0.4060862764145183,0.5939137235854818,0.750424158195924,0.7318076370943499,0.23157547318725155,0.3664875488999642,0.41338495686321775,0.5121912726229273,0.17227721558931752,0.2612048180043712,0.5459595602947062,0.6751167010381524,0.8206023952828579,0.7814197860614193,0.12987125703455418,0.1940115531392476
1656,fXGoghbU,2026-02-28 15:00:00+00:00,E2,Mansfield,AFC Wimbledon,1x2_a,pass,47.0,,0.0,0.7628071475359685,0.5162731565607704,0.21401321172666887,0.10681509483670293,0.23719285246403157,0.4837268434392296,0.6240579805282213,0.5696776682715123,0.37774891671730587,0.25182853747485323,0.3483543906034006,0.6516456093965994,0.6222510832826941,0.7492341821804697,0.4034359224881941,0.3695224932984156,0.5339248967991483,0.503685661234073,0.23657180710121892,0.25542007635376435,0.6861518731238085,0.6751167010381524,0.8542327274068234,0.8191825061909107,0.25625927879356153,0.26295634433720017
1657,GhrxAjQ1,2026-02-28 15:00:00+00:00,E2,Doncaster,Cardiff,dc_1x,pass,47.0,,0.0,0.8262977262977262,0.5790813408003547,0.29278302239995563,0.15557614347783452,0.17370227370227367,0.4209186591996454,0.6373952893820714,0.5531236111213423,0.23552081788063095,0.21814949275100096,0.6337908496732026,0.3662091503267974,0.764479182119369,0.7829132269043296,0.31786476581692236,0.4549220199549057,0.43561221870454353,0.7506722507457585,0.17891785164171825,0.2874242969358997,0.6690374128830957,0.7143509391786155,0.8516683241994586,0.875432141669505,0.13262833502195204,0.3702936268496724
1658,UanVPYSi,2026-02-28 15:00:00+00:00,E2,Wigan,Huddersfield,1x2_a,pass,47.0,,0.0,0.6797478144722682,0.4465540122962828,0.2036241809876199,0.08705837693186602,0.32025218552773177,0.5534459877037171,0.6330271324477649,0.4850979265002775,0.2874826331355248,0.25182853747485323,0.4508313051686416,0.5491686948313584,0.7125173668644752,0.7516451795508137,0.3507406095777182,0.2979529146771915,0.47960684699035955,0.5048847020014592,0.19376379001706842,0.22871895662938882,0.5933166449378544,0.6751167010381524,0.8206023952828579,0.7814197860614193,0.1599479612204163,0.23152679916828714
1659,UPVLbdUh,2026-02-28 15:00:00+00:00,E2,Exeter,Bolton,1x2_a,pass,47.0,,0.0,0.7491750280214959,0.5249953316506585,0.2682696222242453,0.09147399538050334,0.250824971978504,0.47500466834934146,0.6330271324477649,0.5458314749350986,0.45554875371782266,0.2507554321763958,0.32546465124205776,0.6745353487579422,0.5444512462821773,0.7503072874789268,0.3896033240079832,0.33770124894527814,0.4998705602153879,0.47973845880331084,0.24404729729729732,0.2486243245523779,0.6859502305776966,0.6526070495225675,0.8504094354239832,0.8334351412653529,0.27307754952908575,0.21042315201157946
1660,xQkwOCc4,2026-02-28 15:00:00+00:00,E2,Wycombe,Burton,1x2_a,pass,47.0,,0.0,0.7131479744071293,0.5216393896797596,0.26670332221814247,0.1204179782492719,0.28702673285663,0.4783606103202403,0.6330271324477649,0.526601403914885,0.5311554970246805,0.2589713946177104,0.19143107625013167,0.8085689237498683,0.4688445029753195,0.7419693143006674,0.45099990645365823,0.20891941617301527,0.6685425728132636,0.3490219802379513,0.33772382705049314,0.07259717605888828,0.6884658309172184,0.638817052474948,0.8338403439335597,0.8095247301593597,0.39234118852459016,0.12608196729921006
2206,0zqz08K5,2026-02-28 15:00:00+00:00,E3,Oldham,Crawley,away_or_o15,pass,47.0,,0.0,0.830129830966651,0.5564376572309203,0.2728707274511169,0.13223902574703134,0.16987016903334895,0.44356234276907974,0.6373952893820714,0.5458314749350986,0.4992305983882226,0.2449620374556377,0.26123186059502357,0.7387681394049764,0.5007694016117774,0.7516451795508137,0.4489355410999409,0.3052418232274255,0.616920116920117,0.4097570736544079,0.27401403112723177,0.15138814115294952,0.7466204331875974,0.6593853897821487,0.8516683241994586,0.8751204411610689,0.3547812323146576,0.1340789594526335
2207,AX8Q4ta4,2026-02-28 15:00:00+00:00,E3,Fleetwood,Newport,a_2up,pass,47.0,,0.0,0.7515431921930658,0.5239219178112872,0.2791292851625425,0.1420527385149731,0.24815841839077094,0.4760780821887128,0.6094837386125896,0.5458314749350986,0.6058176649221426,0.25182853747485323,0.19830460335146707,0.8016953966485328,0.3941823350778575,0.7516451795508137,0.5549295774647888,0.20068686389284396,0.6928255814712724,0.3820169702382851,0.35865329310191035,0.11826461462648706,0.7023934969140448,0.6774810268196241,0.8811818775980084,0.8479744768801076,0.45242228835978837,0.10077255275324982
2208,hAuS1Ukg,2026-02-28 15:00:00+00:00,E3,Notts Co,Grimsby,1x2_a,pass,47.0,,0.0,0.7878679069468544,0.5826859333387623,0.30364268533825284,0.11023712691186233,0.2118337036369823,0.41731406666123777,0.5991808521090162,0.5473950784372071,0.5877391352646656,0.1983130128057664,0.3111842899199874,0.6888157100800125,0.4122608647353345,0.798294204200685,0.47432704058831127,0.28239120004738877,0.6549799941344059,0.3846005568644249,0.3828733259426329,0.19489069543136586,0.7214621834513033,0.7009711173719294,0.8701298701298702,0.836442777238697,0.404209875393277,0.23862336760813918
2209,hl4iki6m,2026-02-28 15:00:00+00:00,E3,Bromley,Accrington,1x2_a,pass,47.0,,0.0,0.6346301930733979,0.41660331282972796,0.1714995200901702,0.07353952048417746,0.3653698069266021,0.583396687170272,0.6148840600639782,0.4844198640025332,0.46475482379323085,0.2589713946177104,0.2724647373073523,0.7275352626926477,0.5352451762067691,0.7419693143006674,0.35293464378921646,0.12281964067678354,0.5921745184804887,0.41809061018178717,0.18470566676776867,0.0858972272621653,0.6220502785036071,0.5481528316095029,0.8288155220821737,0.7459156658971645,0.24747951688879957,0.15938837399859374
2210,IekHqmzP,2026-02-28 15:00:00+00:00,E3,Crewe,Tranmere,1x2_a,pass,47.0,,0.0,0.7600090631018466,0.5412985388819838,0.2278922585890308,0.10661011890752486,0.24072807385820053,0.4587014611180163,0.6295364677561942,0.5666005631173611,0.4031646813359373,0.2386128311064313,0.31952569096477285,0.6804743090352273,0.5968353186640627,0.75799438590002,0.3675327992569371,0.31599795102141964,0.5206432528723431,0.4901032114215846,0.20330751861962057,0.24194014563608982,0.646107445535759,0.7184870409388084,0.8329468927407072,0.8607032976549055,0.24726553170527824,0.23152679916828714
2211,lIxK7aME,2026-02-28 15:00:00+00:00,E3,Barrow,Gillingham,dc_12,pass,47.0,,0.0,0.7501375233881366,0.4848989670606659,0.2431846889931486,0.12537325043888387,0.24986247661186342,0.5151010329393342,0.6148840600639782,0.5412455602445055,0.3588368579956634,0.2386128311064313,0.3919463685772404,0.6080536314227596,0.6411631420043366,0.75799438590002,0.3514277519751847,0.3867981386315426,0.5212537964909881,0.5048847020014592,0.1942617669856336,0.25661572984999453,0.6957810396267224,0.6278628172151196,0.834724868971593,0.8397986743929544,0.1937537673297167,0.20930457694606494
2212,MTe8o95C,2026-02-28 15:00:00+00:00,E3,Colchester,Salford,1x2_a,pass,47.0,,0.0,0.7096106528994562,0.5139906284292429,0.2379346992470348,0.08298755186721991,0.29038934710054387,0.48600937157075713,0.6174442239144647,0.526601403914885,0.5213446081744076,0.2469268619624628,0.21552634781550442,0.7844736521844956,0.4786553918255923,0.7565468550632041,0.41152605153878435,0.25825130826069675,0.6479472635958566,0.38265947888589397,0.21960520728573027,0.10099245139567721,0.6955789777533119,0.6751167010381524,0.8668907266845411,0.7612931123090937,0.2914410022457607,0.16315154384699435
2213,Y9fXqdU7,2026-02-28 15:00:00+00:00,E3,Barnet,Chesterfield,1x2_a,pass,47.0,,0.0,0.7278838234136747,0.5627781335690294,0.25784699419587354,0.1168723765728291,0.2722908838500844,0.43722186643097055,0.6036700873631614,0.5696776682715123,0.49093057776037724,0.2386128311064313,0.3226361514210767,0.6773638485789233,0.5090694222396227,0.75799438590002,0.3882884868662743,0.38578477756421137,0.5706075533661741,0.5247268673355631,0.17796547068933732,0.24014204267397474,0.7125817643059023,0.6774810268196241,0.8516683241994586,0.7750224014336918,0.27307754952908575,0.21042315201157946
2759,2eazC7QG,2026-02-28 15:00:00+00:00,EC,Aldershot,Rochdale,1x2_a,pass,92.0,,0.0,0.8320067078435279,0.6434371291514148,0.3695459932262935,0.19893551966756387,0.16799329215647207,0.35865865865865865,0.6079007328091182,0.5557751262728575,0.45675707441617114,0.2589713946177104,0.2639625788343543,0.7360374211656456,0.5432429255838288,0.7419693143006674,0.6120429174391543,0.38838040597951196,0.6636058690250446,0.4901032114215846,0.3828733259426329,0.20403095924779713,0.736904124449158,0.7577212790792718,0.8992703533026113,0.8984708779229327,0.40387731481481476,0.18563590255398077
2760,8UsHKy9l,2026-02-28 15:00:00+00:00,EC,Truro,Braintree,1x2_a,pass,92.0,,0.0,0.7467514391885071,0.5564376572309203,0.35963724914722434,0.14047286683389834,0.2534232680752521,0.44356234276907974,0.6045811735604047,0.5666251494574208,0.5658526727299962,0.2589713946177104,0.23099376268761895,0.769006237312381,0.4341473272700038,0.7443803116710116,0.5346235626004446,0.32866215605961163,0.6311599387150413,0.41083611420096416,0.3210746460746461,0.23592614403865186,0.7103993502292151,0.6867419144690753,0.8824121966500525,0.80005051948301,0.398332531665865,0.15920462387853693
2761,Gt6j4GO7,2026-02-28 15:00:00+00:00,EC,Scunthorpe,Solihull Moors,1x2_a,pass,92.0,,0.0,0.8223913232281433,0.6403925126539968,0.2917544984321094,0.19700679849355965,0.17760867677185668,0.3596074873460033,0.6330271324477649,0.5666251494574208,0.5311493508834887,0.21611177305301688,0.29886325584094803,0.701136744159052,0.46885064911651125,0.78736194397265,0.4963568048901908,0.38598188807224704,0.6240374315925342,0.48868434557215656,0.2754607525783401,0.22756154922198144,0.732623374738385,0.7411518446244382,0.8960097739083247,0.8824361381471858,0.3927295350176902,0.21918129831798897
2762,lp1pQcoR,2026-02-28 15:00:00+00:00,EC,Tamworth,Boreham Wood,1x2_a,pass,92.0,,0.0,0.832936507936508,0.7300795978215332,0.3241983934495502,0.21424416164287252,0.16706349206349205,0.2699204021784667,0.6373952893820714,0.5504475972512987,0.2370488510839388,0.1745034889962426,0.7449494949494949,0.255050505050505,0.7629511489160611,0.8251610305958131,0.3259187910962779,0.6807072829131654,0.394914366178734,0.7626605548393258,0.17408776313744054,0.6317880389620846,0.709741089051434,0.9333333333333332,0.86315289648623,0.9384180790960452,0.21262348021907865,0.5750000000000001
2763,MaW0SSAc,2026-02-28 15:00:00+00:00,EC,Eastleigh,Carlisle,1x2_a,pass,92.0,,0.0,0.7908285132362595,0.6042924491103242,0.30983041325050475,0.14856284315591886,0.20917148676374053,0.3978033386997493,0.6148840600639782,0.5723536821415561,0.3856030467530262,0.20032341375242738,0.45672039307526296,0.5432796069247371,0.6143969532469739,0.796283803254027,0.416260821514091,0.44837902311855254,0.5695943620788307,0.5383093171480514,0.17796547068933732,0.2874242969358997,0.7099794242533756,0.7548381758117547,0.8944285574293325,0.8824361381471858,0.26589469546022815,0.26295634433720017
2764,n1EZ7bPr,2026-02-28 15:00:00+00:00,EC,Gateshead,Forest Green,1x2_a,pass,92.0,,0.0,0.9087802904284494,0.7055643967105875,0.4308325887984627,0.2069121325828643,0.09121970957155061,0.2944356032894125,0.6828680457923277,0.5696776682715123,0.2185303325654203,0.05714285714285714,0.7449494949494949,0.255050505050505,0.7814696674345797,0.942857142857143,0.36534030598121064,0.7959850606909432,0.4264720128097737,0.7626605548393258,0.17990674560185824,0.8746441949187175,0.7421471492072372,0.9333333333333332,0.8936438987366871,0.9384180790960452,0.19324718171674812,0.7083333333333334
2765,t2n2Q6uA,2026-02-28 15:00:00+00:00,EC,FC Halifax,Sutton,1x2_a,pass,92.0,,0.0,0.7860666084743547,0.5445851528877751,0.2828981704098404,0.14751017457431384,0.2139333915256453,0.45541484711222485,0.6214694966755245,0.5504475972512987,0.4147990324581292,0.24547933112564688,0.3483543906034006,0.6516456093965994,0.5852009675418709,0.75799438590002,0.3755883654720645,0.347819195374557,0.5540564807367024,0.4876695226056152,0.2370697840697841,0.2486243245523779,0.6865626908231235,0.7184870409388084,0.8696665103648473,0.8266030555285471,0.2914410022457607,0.21172131295024968
2766,U5qF4PIj,2026-02-28 15:00:00+00:00,EC,Brackley Town,Altrincham,1x2_a,pass,92.0,,0.0,0.7439395317611361,0.532220321399372,0.2580202528483203,0.18929380308782864,0.2560604682388638,0.4677796786006279,0.6330271324477649,0.5277820811061126,0.5311554970246805,0.23157349363231125,0.2740074836818597,0.7259925163181403,0.4688445029753195,0.76503372337414,0.4160324020262029,0.3304936360268134,0.6390484871776141,0.38453865281144745,0.2765146704057914,0.14522342380402165,0.680004936577255,0.6911305162518818,0.8503268284162625,0.7972854993311681,0.3586860670194003,0.17002667187093415
3071,8zyhOdN6,2026-02-28 15:00:00+00:00,SC0,Dundee FC,Hibernian,1x2_a,pass,47.0,,0.0,0.7379110726785933,0.5139906284292429,0.24835732727540658,0.10607270533402437,0.26179053790524337,0.48600937157075713,0.6133010542605067,0.526601403914885,0.34692500570263185,0.2449620374556377,0.4440502406002773,0.5559497593997227,0.6530749942973681,0.7516451795508137,0.38603240202620287,0.38853180765170653,0.5152523781266296,0.5165517030626937,0.1866469416802896,0.2837202561000202,0.6072780575428517,0.6861562912928588,0.8504094354239832,0.8304508620220808,0.25212286800517975,0.2622456122831845
3072,ddHnpvpQ,2026-02-28 15:00:00+00:00,SC0,Hearts,Aberdeen,1x2_a,pass,47.0,,0.0,0.7491750280214959,0.5571619306342321,0.2629858754610017,0.15010213188325228,0.250824971978504,0.4428380693657678,0.6330271324477649,0.5458314749350986,0.4147990324581292,0.26984095983510165,0.3208140297297064,0.6791859702702935,0.5852009675418709,0.731221759820221,0.43749389350268686,0.2823571637456552,0.56557412844838,0.44300509507021585,0.2526884026884027,0.14522342380402165,0.6578290572573708,0.7009711173719294,0.8338403439335597,0.8336070520062279,0.3351787346941065,0.17002667187093415
3073,G0v0MzhJ,2026-02-28 15:00:00+00:00,SC0,Falkirk,Kilmarnock,away_or_o15,pass,47.0,,0.0,0.7326755764182336,0.46704828595511344,0.07760141093474425,0.10219450045888756,0.26702603416560317,0.5329517140448865,0.666650573120814,0.5412455602445055,0.45675707441617114,0.26984095983510165,0.25785906874881437,0.7421409312511855,0.5432429255838288,0.731221759820221,0.36534030598121064,0.2434465197866811,0.6672929119737631,0.3820169702382851,0.22922728908617182,0.13122483198826626,0.6566417280357376,0.6480779401243995,0.8570085110871298,0.8142796566713212,0.30798611111111107,0.11015021686237174
3074,htIHvI7m,2026-02-28 15:00:00+00:00,SC0,Livingston,St. Mirren,away_or_o15,pass,47.0,,0.0,0.7908285132362595,0.6570591793206635,0.33524412483442917,0.13858003465309793,0.20917148676374053,0.34294082067933657,0.6241361463048056,0.5600464725938049,0.3061657044501751,0.23157349363231125,0.5215780489697294,0.4784219510302708,0.6938342955498249,0.76503372337414,0.38603822994798254,0.5845961529300477,0.44985059501188535,0.7502836209434046,0.15792219420554213,0.3450722394220846,0.7147425849040573,0.8089256958822176,0.8644140104846638,0.8927975891866029,0.24726553170527824,0.28985839899508964
3075,l8BQxdx0,2026-02-28 15:00:00+00:00,SC0,Motherwell,Dundee Utd,1x2_a,pass,47.0,,0.0,0.7594466334055586,0.47498479389162135,0.25784699419587354,0.09147399538050334,0.24072807385820053,0.5250152061083786,0.6314441266442934,0.2974308300395257,0.6249968618741853,0.23664317401920046,0.11605590552958973,0.8839440944704103,0.3750031381258147,0.7667085322695216,0.5369203862705266,0.061227894561227895,0.7378779269443623,0.2865984590122521,0.3527896708589778,0.07259717605888828,0.7350061302729469,0.5691183351780992,0.8508706007406405,0.7299582190886539,0.37367799408014574,0.038558786346396964
3230,8nRzQsdm,2026-02-28 15:00:00+00:00,SC1,Partick Thistle,Arbroath,1x2_a,pass,92.0,,0.0,0.6570305099235231,0.4672815638502528,0.232249944725071,0.1168723765728291,0.342969490076477,0.5327184361497471,0.6148840600639782,0.4850979265002775,0.46723280150969293,0.26984095983510165,0.276371121178185,0.723628878821815,0.5327671984903071,0.731221759820221,0.34341757845040943,0.235852736334807,0.5973438932693468,0.3366063422189614,0.257716342461122,0.16481063380589434,0.6579124494589457,0.5481528316095029,0.8542327274068234,0.7657807229475763,0.29378159589186886,0.1567582264714065
3231,d8cI70tJ,2026-02-28 15:00:00+00:00,SC1,Airdrieonians,Morton,1x2_a,pass,92.0,,0.0,0.7515431921930658,0.4848989670606659,0.22264226884291705,0.11936026334788413,0.24815841839077094,0.5151010329393342,0.6396125690593112,0.5504475972512987,0.4152666499470232,0.2589713946177104,0.3483543906034006,0.6516456093965994,0.5847333500529768,0.7419693143006674,0.34341757845040943,0.33443615924167086,0.6240374315925342,0.5040928508966624,0.18895249723584517,0.2075888759450919,0.6735703576783036,0.619487298688789,0.8542327274068234,0.8015508358965233,0.2467082380407852,0.18529003427480584
3232,dMxiMaeC,2026-02-28 15:00:00+00:00,SC1,St Johnstone,Ayr,1x2_a,pass,92.0,,0.0,0.7467514391885071,0.531412274909707,0.2630969839419873,0.14856284315591886,0.2534232680752521,0.468587725090293,0.6476795401399809,0.4850979265002775,0.5868966871950633,0.23664317401920046,0.19143107625013167,0.8085689237498683,0.4131033128049368,0.7667085322695216,0.4887544949329847,0.21213908153329494,0.700115676996662,0.3366063422189614,0.35865329310191035,0.07259717605888828,0.7319657764863244,0.6593853897821487,0.869754197372335,0.8059706133971024,0.3750957455424809,0.12464297048556013
3233,GCUrOLQa,2026-02-28 15:00:00+00:00,SC1,Ross County,Raith,1x2_a,pass,92.0,,0.0,0.711111826450062,0.4154131006913177,0.20876322198055508,0.10173625304580756,0.2890628808136972,0.5845868993086824,0.6148840600639782,0.5085520100858988,0.3155200163130949,0.26984095983510165,0.3684050667484769,0.6315949332515232,0.684479983686905,0.731221759820221,0.34732782825283537,0.34084172776124816,0.5563073975137929,0.45750243174459354,0.1866469416802896,0.24114474605006075,0.5933166449378544,0.5618636578203291,0.8329468927407072,0.7657807229475763,0.22834376752088106,0.19267154165631326
3234,OEk4V3YP,2026-02-28 15:00:00+00:00,SC1,Dunfermline,Queen's Park,1x2_a,pass,92.0,,0.0,0.7908285132362595,0.5015576500870619,0.27462568789754827,0.16800966716954643,0.20917148676374053,0.4984423499129382,0.6148840600639782,0.5762563451351282,0.2753310489037333,0.25689842612683145,0.4793840039741679,0.5206159960258321,0.7246689510962666,0.7445665725623648,0.3755883654720645,0.5166461767579468,0.44962955168739366,0.6621384325343388,0.18895249723584517,0.3513790543310839,0.6431402284981903,0.6867419144690753,0.8412262156791254,0.8940038702628631,0.19933830451537748,0.28599781899157806
3409,6D9vAAdJ,2026-02-28 15:00:00+00:00,SC2,Hamilton,Montrose,1x2_a,pass,100.0,,0.0,0.7730580042059172,0.49666531342351555,0.356096258902896,0.12927452278252838,0.22664360637791955,0.5033346865764844,0.6052530931666329,0.5504475972512987,0.4152666499470232,0.2469268619624628,0.32136832552209743,0.6786316744779025,0.5847333500529768,0.75413585769286,0.4122028504995982,0.31965621260105,0.616920116920117,0.4340592083013701,0.23140507959523027,0.20403095924779713,0.700840701882989,0.6163722190011319,0.8580498523346566,0.839474043184511,0.2914410022457607,0.21042315201157946
3410,IiwcSiCm,2026-02-28 15:00:00+00:00,SC2,Queen of South,Peterhead,1x2_a,pass,100.0,,0.0,0.7563050969549705,0.5445851528877751,0.3124990133605217,0.15168584976065888,0.24339651362886616,0.45541484711222485,0.6339046246905008,0.526601403914885,0.4152666499470232,0.23664317401920046,0.35245071632336095,0.6475492836766391,0.5847333500529768,0.7642975348991774,0.43002565430805006,0.35749805303833543,0.5749799161863115,0.4901032114215846,0.27103096728832643,0.22871895662938882,0.7098478805366527,0.6777807727665283,0.8497859917120048,0.8607032976549055,0.2914410022457607,0.21172131295024968
3411,nBgwCWR6,2026-02-28 15:00:00+00:00,SC2,East Fife,Alloa,1x2_a,pass,100.0,,0.0,0.747313868884795,0.4826164389291383,0.30364268533825284,0.12927452278252838,0.2534232680752521,0.5173835610708617,0.6094837386125896,0.5277820811061126,0.4068399776974681,0.2589713946177104,0.3480648577935426,0.6519351422064574,0.5931600223025318,0.7419693143006674,0.4035890333143617,0.31599795102141964,0.5285158732041964,0.43764807702710007,0.2614353053264264,0.21672913976152317,0.6742286188560849,0.5748708962498091,0.8488925405191523,0.8264716791183172,0.23763011503861156,0.19267154165631326
3412,QHt5QVt0,2026-02-28 15:00:00+00:00,SC2,Stenhousemuir,Cove Rangers,1x2_a,pass,100.0,,0.0,0.6630967565825533,0.4677221404025527,0.2828981704098404,0.12927452278252838,0.33690324341744676,0.5322778595974472,0.6241361463048056,0.4850979265002775,0.4068399776974681,0.25689842612683145,0.3480648577935426,0.6519351422064574,0.5931600223025318,0.7445665725623648,0.36765134724764187,0.3561394571655294,0.5206432528723431,0.4901032114215846,0.257716342461122,0.21957869281295753,0.6852919693999154,0.5691183351780992,0.8329468927407072,0.7604322067294947,0.18873755286547864,0.19267154165631326
3413,YJ1QXDlQ,2026-02-28 15:00:00+00:00,SC2,Kelty Hearts,Inverness,1x2_a,pass,100.0,,0.0,0.7515431921930658,0.5195597705665619,0.3124990133605217,0.15168584976065888,0.24815841839077094,0.48044022943343817,0.6339046246905008,0.526601403914885,0.4152666499470232,0.23664317401920046,0.35245071632336095,0.6475492836766391,0.5847333500529768,0.7642975348991774,0.43002565430805006,0.35749805303833543,0.5566179880817363,0.4901032114215846,0.27103096728832643,0.22871895662938882,0.7098478805366527,0.6777807727665283,0.8497859917120048,0.8607032976549055,0.2914410022457607,0.21172131295024968
3587,2HUgNcQa,2026-02-28 15:00:00+00:00,SC3,Edinburgh City,Forfar Athletic,c85,pass,100.0,,0.0,0.7675690522978732,0.5195597705665619,0.3124990133605217,0.17296998567894115,0.23243094770212683,0.48044022943343817,0.6199055008588489,0.5750051972930712,0.4068399776974681,0.2589713946177104,0.3483543906034006,0.6516456093965994,0.5931600223025318,0.7419693143006674,0.4133217080722233,0.38122918090565644,0.547188391876715,0.503685661234073,0.257716342461122,0.2486243245523779,0.6742286188560849,0.638817052474948,0.8516683241994586,0.836442777238697,0.2467082380407852,0.26295634433720017
3588,4tRAJFPO,2026-02-28 15:00:00+00:00,SC3,Stranraer,Elgin City,1x2_a,pass,100.0,,0.0,0.7675690522978732,0.5598963041906584,0.356096258902896,0.17296998567894115,0.23243094770212683,0.4401036958093416,0.6199055008588489,0.5750051972930712,0.4068399776974681,0.2589713946177104,0.3483543906034006,0.6516456093965994,0.5931600223025318,0.7419693143006674,0.43002565430805006,0.38122918090565644,0.5749799161863115,0.503685661234073,0.257716342461122,0.2486243245523779,0.6748410791015117,0.638817052474948,0.863509857794662,0.857061628760088,0.2653374017957351,0.26295634433720017
3589,8fiLwJAt,2026-02-28 15:00:00+00:00,SC3,Spartans,Annan,1x2_a,pass,100.0,,0.0,0.7675690522978732,0.5195597705665619,0.3124990133605217,0.17296998567894115,0.23243094770212683,0.48044022943343817,0.6199055008588489,0.5750051972930712,0.4068399776974681,0.2589713946177104,0.3483543906034006,0.6516456093965994,0.5931600223025318,0.7419693143006674,0.4133217080722233,0.38122918090565644,0.547188391876715,0.503685661234073,0.257716342461122,0.2486243245523779,0.6742286188560849,0.638817052474948,0.8516683241994586,0.836442777238697,0.2467082380407852,0.26295634433720017
3590,bqO2LyeC,2026-02-28 15:00:00+00:00,SC3,Stirling,Dumbarton,1x2_a,pass,100.0,,0.0,0.7675690522978732,0.5573425724849329,0.349908530990644,0.17296998567894115,0.23243094770212683,0.4426574275150672,0.6118385297781792,0.5719280921389199,0.4152666499470232,0.2589713946177104,0.32136832552209743,0.6786316744779025,0.5847333500529768,0.7419693143006674,0.46317031370936235,0.3678461447727703,0.5915990598243659,0.4664483185134393,0.27103096728832643,0.2486243245523779,0.6748410791015117,0.638817052474948,0.863509857794662,0.857061628760088,0.2914410022457607,0.23573585562150878
3591,U3WoPJem,2026-02-28 15:00:00+00:00,SC3,Clyde,East Kilbride,1x2_a,pass,100.0,,0.0,0.7675690522978732,0.5573425724849329,0.349908530990644,0.17296998567894115,0.23243094770212683,0.4426574275150672,0.6118385297781792,0.5719280921389199,0.4152666499470232,0.2589713946177104,0.32136832552209743,0.6786316744779025,0.5847333500529768,0.7419693143006674,0.46317031370936235,0.3678461447727703,0.5915990598243659,0.4664483185134393,0.27103096728832643,0.2486243245523779,0.6748410791015117,0.638817052474948,0.863509857794662,0.857061628760088,0.2914410022457607,0.23573585562150878
5900,dGuqBS6D,2026-02-28 15:00:00+00:00,F1,Rennes,Toulouse,o25,pass,47.0,,0.0,0.7908285132362595,0.5362709634405398,0.2688799157866175,0.12537325043888387,0.20917148676374053,0.46372903655946013,0.6295364677561942,0.5762563451351282,0.3042789148137851,0.2589713946177104,0.4735182849936949,0.5264817150063051,0.6957210851862149,0.7419693143006674,0.3723311607965887,0.4850856858169766,0.47960684699035955,0.7209585398941857,0.18701122232332423,0.3677890734771469,0.6735703576783036,0.7114678359110984,0.8553938872266847,0.8827320005120135,0.19287396365386036,0.289147666941074
4896,6mWzHkfJ,2026-02-28 15:15:00+00:00,I2,Spezia,Reggiana,o15,pass,47.0,,0.0,0.7671989926995225,0.4928354749971738,0.23306489687128876,0.10412223213246985,0.2328010073004775,0.5071645250028263,0.6330271324477649,0.5666005631173611,0.4031646813359373,0.24388893215718024,0.30949025859236806,0.6905097414076321,0.5968353186640627,0.7524687091279972,0.4147251078599626,0.31973750823281927,0.4686532686532687,0.4898833863395427,0.241963963963964,0.19350742173041824,0.6578290572573708,0.7125963308028526,0.8491483214255492,0.8824203000035774,0.2800097684368205,0.17740817925244157
19582,M3W0JAVq,2026-02-28 15:30:00+00:00,P1,AFS,Estrela,1x2_a,pass,47.0,,0.0,0.7860666084743547,0.4772673220231489,0.2379346992470348,0.08298755186721991,0.2139333915256453,0.5227326779768511,0.603735710205951,0.5509229795993442,0.43606215927679987,0.24547933112564688,0.2803641384299638,0.7196358615700363,0.5639378407232002,0.755583388529676,0.4901519237717271,0.26748316673291783,0.6276204797323993,0.4291109680021337,0.2394125491951579,0.1438868976503385,0.6555345501652625,0.6480779401243995,0.8488925405191523,0.8461639620401505,0.27190823846000767,0.15920462387853693
20138,t0ZF0x6E,2026-02-28 15:30:00+00:00,G1,Atromitos,Panetolikos,o25,pass,22.0,0.005999961652790542,0.0,0.7472397095503701,0.5114504121032409,0.22264226884291705,0.13958535310041617,0.25276029044962983,0.488549587896759,0.6148840600639782,0.4850979265002775,0.5530057987284919,0.2589713946177104,0.2315077074236042,0.7684922925763957,0.4469942012715082,0.7419693143006674,0.4995009377893085,0.23920264475427133,0.6928255814712724,0.3585172326117643,0.3048951390414805,0.13410493827160494,0.6705902079141515,0.5691183351780992,0.8960097739083247,0.7657807229475763,0.34856981394540076,0.12081051405310587
21693,rJlWtwuA,2026-02-28 15:30:00+00:00,PL1,Motor Lublin,Korona Kielce,ao15,pass,47.0,,0.0,0.7671989926995225,0.5162731565607704,0.29278302239995563,0.12537325043888387,0.2328010073004775,0.4837268434392296,0.6330271324477649,0.5750051972930712,0.28796334661626316,0.27849857606464007,0.35090013824718747,0.6490998617528125,0.7120366533837368,0.7419693143006674,0.41142247294818873,0.3871732117789004,0.5152523781266296,0.6275147766203604,0.17990674560185824,0.2486243245523779,0.6072780575428517,0.6885206170743307,0.8319490852912867,0.8655620624556848,0.19677445228525503,0.21042315201157946
4513,fuDgXrPQ,2026-02-28 16:00:00+00:00,I1,Verona,Napoli,away_or_o15,pass,47.0,,0.0,0.5946739807033925,0.3902785265049416,0.20307846745859126,0.11936026334788413,0.4053260192966075,0.6097214734950583,0.5353046594982079,0.5085520100858988,0.22205766942609048,0.25182853747485323,0.45249936188256995,0.54750063811743,0.7779423305739095,0.7492341821804697,0.1884195686174602,0.26431212740142707,0.36305921113517314,0.6039024321483376,0.10989497271926975,0.17707215007026256,0.5230245944531658,0.5915631686519154,0.7998625325675461,0.7664470668633481,0.12987125703455418,0.21172131295024968
20139,8Ekdt8Ka,2026-02-28 16:00:00+00:00,G1,Kifisia,Levadiakos,o15,pass,12.0,-0.06660451946888923,0.0,0.7507970553342603,0.49903680017708574,0.25784699419587354,0.12290586502432693,0.24920294466573958,0.5009631998229143,0.6330271324477649,0.5220154892242919,0.5084460561330921,0.2589713946177104,0.26123186059502357,0.7387681394049764,0.49155394386690787,0.7419693143006674,0.41152605153878435,0.19014340080352646,0.6246479752111792,0.42508661188804847,0.30745030745030744,0.11367483074472323,0.6748410791015117,0.6114605277880214,0.8357226764210134,0.8522028639593088,0.30096444996072647,0.17335357546379518
22026,YuDQiIEG,2026-02-28 16:00:00+00:00,RO1,Farul Constanta,CFR Cluj,o15,pass,12.0,-0.039171486763740604,0.0,0.7908285132362595,0.5366550223693081,0.2837303903894141,0.14517574511971312,0.20917148676374053,0.46544076544076546,0.6148840600639782,0.567796119795901,0.32822748517340244,0.25182853747485323,0.4009571264689118,0.5990428735310882,0.6717725148265975,0.7492341821804697,0.41744202308797934,0.4806418836597361,0.47960684699035955,0.5596787668094969,0.1891699524820544,0.2657559936664258,0.6690374128830957,0.7301122543697316,0.8581696709069909,0.8409153466831909,0.20253352923447862,0.28599781899157806
22435,Ei4wLQQG,2026-02-28 16:00:00+00:00,CH1,St. Gallen,Winterthur,1x2_a,pass,47.0,,0.0,0.8039853421432369,0.5445851528877751,0.42210826108511085,0.17528264242961647,0.1960146578567631,0.45541484711222485,0.6924140919241409,0.5412455602445055,0.6263666584123125,0.2162846105079214,0.20226356735437742,0.7977364326456226,0.3736333415876875,0.7803226064985299,0.5440600122473974,0.3304936360268134,0.7602166145705618,0.3960662525879917,0.4574781548465759,0.1071512617211542,0.7290298148507103,0.7521101174171546,0.9073683369295932,0.849275581033525,0.42262557435254805,0.09198675760839216
22436,IPAUMnd4,2026-02-28 16:00:00+00:00,CH1,Thun,Luzern,1x2_a,pass,47.0,,0.0,0.9073867624592262,0.6120463239059065,0.4308325887984627,0.2581510263830706,0.09261323754077377,0.38613294780277707,0.6389596594398789,0.5913726242048956,0.5677174902430204,0.22950031687634329,0.2262795610986165,0.7737204389013835,0.4322825097569795,0.7715624027789795,0.6856415271156745,0.33706306758056287,0.6771684477039024,0.4120918037252699,0.39567755874686567,0.10460531040471109,0.7686519234271801,0.6751167010381524,0.9558495945825536,0.8827320005120135,0.4307627961656719,0.14659977703455965
22594,rNGjsE8F,2026-02-28 16:00:00+00:00,CH2,Lausanne Ouchy,Etoile-Carouge,1x2_a,pass,72.0,,0.0,0.7659279352724425,0.5403064829535418,0.25784699419587354,0.12891885211532667,0.2340720647275574,0.4596935170464582,0.6079007328091182,0.5085520100858988,0.5845020511797375,0.2500319261076159,0.19143107625013167,0.8085689237498683,0.4154979488202624,0.7469775699327089,0.6272330117627147,0.1881675820679257,0.7012070846632836,0.3643464456350842,0.4595107467736021,0.06969237306780401,0.7466204331875974,0.6140699578199578,0.8676384678539851,0.8175411169577265,0.39234118852459016,0.10279004183337155
19343,CYK1Tq0e,2026-02-28 16:15:00+00:00,B1,Antwerp,St. Truiden,1x2_a,pass,47.0,,0.0,0.7572250484548816,0.5195597705665619,0.2828981704098404,0.18798380261794898,0.24277495154511838,0.48044022943343817,0.6330271324477649,0.5696776682715123,0.27828397577536784,0.24547933112564688,0.5139959210997462,0.48600407890025377,0.7217160242246322,0.75799438590002,0.39622550509069693,0.47765810447356083,0.40915274248607586,0.611357471693418,0.18565804772014963,0.2769361904145357,0.646107445535759,0.7465630013351844,0.8319490852912867,0.8824361381471858,0.19839711844609687,0.28599781899157806
3850,dQO6K8Jb,2026-02-28 16:30:00+00:00,D1,Dortmund,Bayern Munich,1x2_a,pass,47.0,,0.0,0.8410782703886152,0.6800795978215334,0.5379273504273504,0.3062710084739983,0.1589217296113848,0.31809967388715016,0.7001304631441618,0.5913726242048956,0.22809687553065036,0.23157349363231125,0.6328770399808651,0.36712296001913486,0.7719031244693496,0.76503372337414,0.36534030598121064,0.7126517273576098,0.593607656481908,0.6995026601024836,0.25453128652692275,0.4522935779816513,0.7207281192130814,0.9047619047619048,0.8644140104846638,0.9269652944559077,0.19776182096556114,0.5964841030401485
5132,nkxpPZ1b,2026-02-28 16:30:00+00:00,SP1,Mallorca,Real Sociedad,1x2_a,pass,47.0,,0.0,0.6925171680237446,0.4848989670606659,0.22884877558184055,0.11693380648513063,0.3082199689363025,0.5151010329393342,0.6148840600639782,0.5465730892660644,0.32936337111972064,0.26925508256097275,0.3602239216274304,0.6397760783725696,0.6706366288802793,0.7318076370943499,0.34732782825283537,0.384623292199441,0.5303843434449426,0.5003394207710755,0.18895249723584517,0.2160207761156628,0.646107445535759,0.6278628172151196,0.8516683241994586,0.7873616095919838,0.20253352923447862,0.22517603573540024
5529,A9fhEHAF,2026-02-28 16:30:00+00:00,SP2,Granada CF,Malaga,ho15,pass,47.0,,0.0,0.7284462531099628,0.4438438822866562,0.24769344505688393,0.09148842573327469,0.2722908838500844,0.5561561177133437,0.6133010542605067,0.5666005631173611,0.2900976194885125,0.2589713946177104,0.39938603456003513,0.6006139654399648,0.7099023805114876,0.7419693143006674,0.30996146502659233,0.3725988519393609,0.4964497044852463,0.5702855458833157,0.17796547068933732,0.22871895662938882,0.5933166449378544,0.6477601763512256,0.8476336517436769,0.8201562958165373,0.1515421163649804,0.2622456122831845
5530,UHV78nvf,2026-02-28 16:30:00+00:00,SP2,Valladolid,Huesca,1x2_a,pass,47.0,,0.0,0.6919547383274566,0.46704828595511344,0.20876322198055508,0.1042241398208626,0.3082199689363025,0.5329517140448865,0.5949502066630594,0.5085520100858988,0.4068399776974681,0.18154282647036268,0.3960426942972007,0.6039573057027993,0.5931600223025318,0.8150643905360887,0.36501170299592073,0.3236800314476767,0.5342248498498497,0.4990490981904303,0.24078874693508837,0.21054526914538751,0.6742286188560849,0.6477601763512256,0.8306901965158113,0.8060201656692886,0.25212286800517975,0.2364465876755244
19053,t0a1zn6D,2026-02-28 16:45:00+00:00,N1,Heracles,PSV,1x2_a,pass,47.0,,0.0,0.8595065562456866,0.760782228524164,0.41285873258931244,0.2413775221095663,0.1404934437543133,0.23921777147583598,0.6510350484479716,0.526601403914885,0.23552081788063095,0.03333333333333333,0.734949494949495,0.26505050505050504,0.764479182119369,0.9666666666666667,0.4013387763960699,0.747373949579832,0.4686532686532687,0.7070634920634921,0.18470566676776867,0.5212560386473429,0.7652005475641385,0.9025764895330113,0.9314373897707231,0.9164888959409506,0.19324718171674812,0.4473207561258931
5901,lASUYVbK,2026-02-28 17:00:00+00:00,F1,Monaco,Angers,1x2_d,pass,47.0,,0.0,0.7628071475359685,0.4679554182976922,0.25784699419587354,0.11063233677341561,0.23719285246403157,0.5320445817023078,0.6294858221629595,0.5666005631173611,0.5647704506927808,0.23664317401920046,0.2315077074236042,0.7684922925763957,0.4352295493072192,0.7642975348991774,0.48256416773382077,0.20483778351995405,0.6731902356902357,0.3820169702382851,0.28146503371150355,0.08553837558752414,0.6891190901613772,0.5915631686519154,0.8994193379500725,0.8331953150177788,0.3285034535236273,0.11015021686237174
602,YsWzvhXG,2026-02-28 17:30:00+00:00,E0,Leeds,Manchester City,1x2_a,pass,47.0,,0.0,0.7917583133292395,0.5942204591492911,0.30364268533825284,0.17878900057012095,0.2082416866707605,0.4057795408507088,0.6148840600639782,0.5762563451351282,0.38617558896686105,0.22950031687634329,0.4035405287707314,0.5964594712292687,0.613824411033139,0.7715624027789795,0.4147251078599626,0.40742857330158994,0.5279053295855513,0.5385922070132597,0.20546624877835065,0.2293096332135165,0.6906718851924332,0.7375321975132062,0.8516683241994586,0.8824361381471858,0.2467082380407852,0.2651331242698149
2767,8G2r6xfe,2026-02-28 17:30:00+00:00,EC,Morecambe,York City,1x2_a,pass,92.0,,0.0,0.8810557268760107,0.7134129311548666,0.33396292347289863,0.20116070972030475,0.11894427312398949,0.28658706884513335,0.6828680457923277,0.5723536821415561,0.2044753086419753,0.20924527303380133,0.7449494949494949,0.255050505050505,0.7955246913580246,0.7904192465582546,0.3347832835080326,0.7638213180008847,0.377297587442515,0.7640800719748088,0.13065580499510593,0.611111111111111,0.7287026343287687,0.8777777777777778,0.9083224978762504,0.9568627450980393,0.15944137560744773,0.6014139125130115
4897,GW24Q2RF,2026-02-28 17:30:00+00:00,I2,Avellino,Juve Stabia,1x2_a,pass,47.0,,0.0,0.6570305099235231,0.43590737435014826,0.22264226884291705,0.04817720164359774,0.342969490076477,0.5640926256498516,0.6240579805282213,0.5220154892242919,0.22205766942609048,0.2589713946177104,0.42449842829767537,0.5755015717023246,0.7779423305739095,0.7443803116710116,0.27964151952916,0.33905984481808416,0.42197325530658863,0.5494916779127306,0.17990674560185824,0.2486243245523779,0.5459595602947062,0.6751167010381524,0.7998625325675461,0.7739168926292281,0.16367706314385458,0.21172131295024968
12136,YkfBZkxP,2026-02-28 18:00:00+00:00,F2,Pau FC,St Etienne,1x2_a,pass,47.0,,0.0,0.80210846526636,0.5540559584791414,0.30163935042222456,0.12891885211532667,0.19789153473364,0.44594404152085865,0.6343838108893766,0.5412455602445055,0.4152666499470232,0.23664317401920046,0.358124976509941,0.641875023490059,0.5847333500529768,0.7664589565482478,0.35740328775678804,0.40742857330158994,0.5279053295855513,0.4901032114215846,0.21510878329893401,0.24129945008138218,0.700440226608451,0.691567448003605,0.8846099988478547,0.8558728676288179,0.23349370425022983,0.2651331242698149
19583,44sNQhwA,2026-02-28 18:00:00+00:00,P1,Nacional,Braga,dc_12,pass,47.0,,0.0,0.8028195157253014,0.5517734303476138,0.27793254779715904,0.11971593401508583,0.1971804842746987,0.44822656965238616,0.6476795401399809,0.5696776682715123,0.2044753086419753,0.2589713946177104,0.5215780489697294,0.4784219510302708,0.7955246913580246,0.7419693143006674,0.19396195202646815,0.4446897537904362,0.3464076328062899,0.7506722507457585,0.09974606564222732,0.28951668386652907,0.6072780575428517,0.7022069482616472,0.8516683241994586,0.8824361381471858,0.1030582164490585,0.2433486423334139
21694,nDWcexf3,2026-02-28 18:15:00+00:00,PL1,GKS Katowice,Gornik Zabrze,1x2_d,pass,47.0,,0.0,0.7520757736466998,0.4828497168242778,0.2278922585890308,0.12927452278252838,0.2486613633133474,0.5171502831757223,0.6476795401399809,0.5408164015735912,0.4152666499470232,0.22950031687634329,0.35216118351350284,0.6478388164864971,0.5847333500529768,0.7739734001493236,0.4358993419412583,0.2889138217915249,0.5926371082621084,0.503685661234073,0.27053299031976125,0.2486243245523779,0.646107445535759,0.6498566427296546,0.8497859917120048,0.8558728676288179,0.261962984316783,0.21042315201157946
4157,8IDqllPb,2026-02-28 18:30:00+00:00,D2,Greuther Furth,Schalke,c85,pass,47.0,,0.0,0.8636266808680602,0.5517734303476138,0.2828129749025534,0.13750836386939538,0.1363733191319398,0.44822656965238616,0.6094837386125896,0.5504475972512987,0.17866161616161616,0.23157349363231125,0.6437908496732027,0.3562091503267974,0.821338383838384,0.76503372337414,0.33869353331045843,0.6804879846675513,0.3989255372313843,0.7626605548393258,0.12059244811507634,0.4879227053140096,0.6353992308631774,0.8367590797665571,0.8652659014577306,0.894299732627691,0.12987125703455418,0.42981743637348185
22437,n52oJ4eT,2026-02-28 18:30:00+00:00,CH1,Servette,Sion,1x2_a,pass,47.0,,0.0,0.7908285132362595,0.5607394924091839,0.330557930678461,0.23755482042101095,0.20917148676374053,0.4374397792994995,0.6045811735604047,0.552392303228943,0.369667632186542,0.2589713946177104,0.3722118596585791,0.6277881403414208,0.630332367813458,0.7419693143006674,0.5151804082010032,0.4222709478301494,0.5000916035398795,0.5195045850423948,0.28981577396211544,0.21672913976152317,0.7031375008761943,0.7245010927076144,0.834724868971593,0.871750402109337,0.3061752180916854,0.21042315201157946
4514,IL6KEFi2,2026-02-28 18:45:00+00:00,I1,Inter,Genoa,a_1up,pass,47.0,,0.0,0.8965429109496906,0.7326437003856358,0.35520373238494046,0.20812518790456247,0.10345708905030941,0.26735629961436413,0.5352681536714448,0.47437756731781056,0.6631631586959443,0.23157349363231125,0.10405125622516925,0.8959487437748308,0.33683684130405567,0.7801280629967816,0.7273809523809524,0.12151898734177215,0.7896342113114265,0.14942528735632185,0.6447368421052632,0.06969237306780401,0.8401338524253362,0.7959748974496165,0.8835841156324303,0.8739198663079808,0.6027668367645685,0.0196078431372549
19344,reOQRWOj,2026-02-28 18:45:00+00:00,B1,Anderlecht,Leuven,1x2_a,pass,47.0,,0.0,0.8567242219678217,0.6800795978215334,0.453457023187603,0.2413775221095663,0.14327577803217828,0.31809967388715016,0.618388117898167,0.5762563451351282,0.4068399776974681,0.21611177305301688,0.3741593049211516,0.625840695078848,0.5931600223025318,0.78736194397265,0.4901519237717271,0.6199001599278192,0.5560074444630912,0.6408946014944251,0.20330751861962057,0.3328085068096538,0.7655819784649321,0.9333333333333332,0.9025441628264209,0.8984708779229327,0.32480438184663535,0.35838886494491046
5133,0GKWFVOp,2026-02-28 19:00:00+00:00,SP1,Oviedo,Atl. Madrid,1x2_a,pass,47.0,,0.0,0.7675690522978732,0.5249953316506585,0.29278302239995563,0.12572892110608558,0.23243094770212683,0.47500466834934146,0.603735710205951,0.5277820811061126,0.34692500570263185,0.2589713946177104,0.41883101066883843,0.5811689893311616,0.6530749942973681,0.7419693143006674,0.4172961024657555,0.41941416059288295,0.5279053295855513,0.611750050231063,0.21293916599604748,0.28563596491228066,0.698126268815041,0.7125963308028526,0.8616382268043576,0.875432141669505,0.19287396365386036,0.23823106961192542
5531,2qipGwt3,2026-02-28 19:00:00+00:00,SP2,Castellon,Racing Santander,o35,pass,47.0,,0.0,0.7209123958188463,0.5550600443534052,0.26670332221814247,0.12338248121377486,0.27908760418115386,0.4449399556465947,0.6330271324477649,0.5220154892242919,0.5511771420463255,0.22315111052713696,0.19830460335146707,0.8016953966485328,0.44882285795367444,0.7800730307772561,0.484335058380192,0.1660295172199934,0.7180569627378137,0.3341380250954719,0.27376280375741047,0.11792478078498925,0.7218821094271428,0.638817052474948,0.8893719036097595,0.7512641821152459,0.36521757329520216,0.12608196729921006
19054,8n1gx8y1,2026-02-28 19:00:00+00:00,N1,Nijmegen,Sittard,1x2_a,pass,47.0,,0.0,0.8613276954978488,0.5878035158902427,0.47309448542325255,0.21620285110156198,0.1386723045021511,0.41219648410975723,0.6330271324477649,0.5913726242048956,0.5716441615779364,0.25689842612683145,0.225871636570142,0.7741283634298579,0.4283558384220636,0.7445665725623648,0.6674897119341564,0.3304936360268134,0.7168642184306537,0.44235785333139893,0.4467065139693693,0.19055102853012262,0.7957201616543886,0.6867419144690753,0.940379505314473,0.8824361381471858,0.42262557435254805,0.10077255275324982
5902,0lnzDlx1,2026-02-28 19:05:00+00:00,F1,Le Havre,PSG,1x2_a,pass,47.0,,0.0,0.8334647610294353,0.5550600443534052,0.2775629851564397,0.13958535310041617,0.16653523897056458,0.4449399556465947,0.6210174254805275,0.43069403714565,0.14891975308641975,0.1532052703365517,0.7581347411279308,0.24186525887206933,0.8510802469135802,0.8008177181691954,0.1877859801660738,0.7293183940242765,0.11728395061728396,0.7626605548393258,0.10407599025485204,0.5464052287581699,0.620779557080399,0.7855950196120768,0.8706738363721733,0.9164888959409506,0.04785651793525809,0.4607314148681055
21029,8UJ5TGig,2026-02-28 20:00:00+00:00,JP1,Okayama,Nagoya Grampus,1x2_a,pass,96.0,,0.0,0.7326755764182336,0.3896881989580923,0.25784699419587354,0.10219450045888756,0.26702603416560317,0.6103118010419076,0.6199055008588489,0.4850979265002775,0.45632815154367573,0.26925508256097275,0.26123186059502357,0.7387681394049764,0.5436718484563242,0.7318076370943499,0.38129763205089623,0.25122437383573903,0.6065819149219309,0.43234591495461067,0.25269380938967273,0.09446888237210817,0.629178815893193,0.5618636578203291,0.8480725970230379,0.7891493296495162,0.18358761613612987,0.13293072298417333
19584,j1HmCgOG,2026-02-28 20:30:00+00:00,P1,Vitoria Guimaraes,Alverca,1x2_a,pass,47.0,,0.0,0.662107493739164,0.4216527160050462,0.19811475630845,0.10412223213246985,0.33789250626083606,0.5783472839949537,0.6262420736856186,0.4850979265002775,0.5287608610093547,0.23664317401920046,0.20266395296246043,0.7973360470375397,0.4712391389906452,0.7642975348991774,0.38129763205089623,0.2004966374013993,0.6870977606271724,0.3643464456350842,0.22688732178144652,0.06969237306780401,0.6914330479547871,0.5680501907456089,0.8488925405191523,0.7244026635330983,0.30096444996072647,0.07727379003974748
21030,trIDRfM5,2026-02-28 22:00:00+00:00,JP1,Kawasaki Frontale,Mito,dc_x2,pass,96.0,,0.0,0.8013638638638639,0.5264042403553981,0.3400236790005288,0.18194231117020598,0.19863613613613615,0.4735957596446019,0.6159501496951408,0.5696776682715123,0.31323784023518214,0.24508250572882148,0.3834898526256551,0.616510147374345,0.6867621597648178,0.7559802139265012,0.4302440425614737,0.513385251185707,0.5393157715448618,0.5349139562323294,0.1866469416802896,0.26175758765044477,0.670603140640735,0.7024878702797621,0.8694149475966979,0.9146060954571592,0.1775268944149457,0.2470531886416161
21408,KlycAPJt,2026-03-01 05:00:00+00:00,MX1,Atl. San Luis,Puebla,o15,pass,50.0,,0.0,0.6967002213639311,0.4413986417409157,0.22264226884291705,0.08898610860544831,0.30329977863606894,0.5586013582590844,0.5949502066630594,0.5220154892242919,0.5560430669653971,0.2384399936515268,0.2545740547170926,0.7454259452829074,0.44395693303460293,0.762622726003796,0.3586439103680483,0.19226408512122797,0.6516357782063931,0.3005010315355143,0.30748160669725505,0.0878088162705285,0.6865626908231235,0.5817610169564351,0.8570085110871298,0.7568762661679913,0.2948355036376922,0.1567582264714065
21409,SEv583lg,2026-03-01 05:00:00+00:00,MX1,Toluca,Guadalajara Chivas,away_or_o25,pass,60.0,,0.0,0.7832408494915276,0.5139906284292429,0.27195331196425626,0.1465615871470302,0.21675915050847225,0.48600937157075713,0.5673135102549147,0.5587228585753404,0.5703563389983684,0.22977667399998492,0.2197608859752902,0.7802391140247097,0.4296436610016317,0.7667085322695216,0.5151645112233405,0.34583603700665616,0.7097265347976923,0.4316255194854008,0.3828733259426329,0.10751011339579536,0.7252898215345075,0.6480779401243995,0.9161918663413579,0.8520406011853668,0.39551809287739653,0.11342833970571198
21410,MDXD6sJ5,2026-03-01 07:00:00+00:00,MX1,Club Leon,Necaxa,o35,pass,60.0,,0.0,0.7860666084743547,0.5099243493818791,0.2431846889931486,0.12290586502432693,0.2139333915256453,0.4900756506181209,0.6148840600639782,0.5696776682715123,0.44509918381894115,0.2507554321763958,0.2600045724737083,0.7399954275262918,0.5549008161810589,0.7503072874789268,0.37336061382647356,0.23920264475427133,0.6146764222315249,0.41939757571019703,0.26261052235530197,0.17979652729943088,0.6593818522884267,0.6278628172151196,0.8570085110871298,0.8142796566713212,0.3176215277777778,0.17335357546379518
21411,v7aAN6Y8,2026-03-01 07:00:00+00:00,MX1,Monterrey,Cruz Azul,1x2_a,pass,60.0,,0.0,0.7675690522978732,0.5666816801458999,0.33904886805234674,0.19872747772008817,0.23243094770212683,0.4354141076641736,0.6007638579124875,0.5723536821415561,0.4152666499470232,0.2589713946177104,0.2899938782396828,0.7100061217603173,0.5847333500529768,0.7419693143006674,0.4013387763960699,0.3673465693439601,0.6430099033157544,0.48645948672522826,0.20280954165105536,0.19489069543136586,0.7003139844219305,0.6751167010381524,0.8761678570723798,0.8523555844268772,0.33292653909159964,0.17740817925244157
22188,fNihkoa6,2026-03-01 07:00:00+00:00,RU1,Dynamo Moscow,Krylya Sovetov,1x2_a,pass,72.0,,0.0,0.8842240703699805,0.6083585400282314,0.42057540642446306,0.2638290060319958,0.11577592963001952,0.3898207316804519,0.6133010542605067,0.5750051972930712,0.5492278805409657,0.23664317401920046,0.19743880248566623,0.8025611975143337,0.4507721194590342,0.7642975348991774,0.6674897119341564,0.3447842509761057,0.7431409094989757,0.35049523110785036,0.4853171983865053,0.09192293105566507,0.7874083006732993,0.6278628172151196,0.9120093092601683,0.8984708779229327,0.43030415148755313,0.1316325620455031
21412,Y7Hr5bIs,2026-03-01 09:00:00+00:00,MX1,Club America,Tigres UANL,dc_x2,pass,35.0,,0.0,0.6766255248186462,0.43590737435014826,0.14065326686019605,0.08898610860544831,0.3233744751813537,0.5640926256498516,0.6650675673173424,0.47292360078987944,0.5653228542276948,0.24508250572882148,0.19143107625013167,0.8085689237498683,0.43467714577230515,0.7559802139265012,0.4036926700205988,0.15728676085818943,0.6863855099149218,0.3909661788260601,0.23657180710121892,0.10099245139567721,0.6802685804721799,0.5680501907456089,0.8678980526918672,0.7608883850952358,0.33611803787021316,0.10077255275324982
19892,Sbrjeaw0,2026-03-01 10:00:00+00:00,T1,Genclerbirligi,Kayserispor,dc_12,pass,47.0,,0.0,0.711111826450062,0.49903680017708574,0.20876322198055508,0.0982255830826342,0.2890628808136972,0.5009631998229143,0.6330271324477649,0.5220154892242919,0.4487098676623606,0.25182853747485323,0.35090013824718747,0.6490998617528125,0.5512901323376393,0.7513956038295397,0.3838940574291514,0.33681258347446547,0.5655503199812902,0.4990490981904303,0.22395407701095849,0.22871895662938882,0.6373162367445503,0.6384992887017743,0.8118720668543081,0.8187489864440862,0.27307754952908575,0.18529003427480584
19055,CK7pvU6l,2026-03-01 10:15:00+00:00,N1,Zwolle,Ajax,1x2_a,pass,47.0,,0.0,0.8699485199485201,0.613476122579712,0.42639907203617883,0.16984697907420113,0.13005148005148007,0.38470314912897147,0.6148840600639782,0.5600464725938049,0.23552081788063095,0.20924527303380133,0.6160683760683762,0.3839316239316239,0.764479182119369,0.78736194397265,0.36534030598121064,0.7959850606909432,0.3923392063923507,0.7626605548393258,0.1618001814380941,0.5813690844681801,0.7554842388256988,0.7854886840639187,0.879098544264675,0.9145958908548836,0.13629801359870145,0.44132958700388597
21695,nieNraAc,2026-03-01 10:15:00+00:00,PL1,Termalica B-B.,Radomiak Radom,1x2_a,pass,47.0,,0.0,0.7917583133292395,0.6423710792131845,0.3282884870447323,0.16504516420504345,0.2082416866707605,0.3576289207868155,0.6373952893820714,0.5762563451351282,0.4152666499470232,0.24751273923659176,0.3226361514210767,0.6773638485789233,0.5847333500529768,0.753549980418731,0.4887544949329847,0.4189502387553717,0.5945342474723948,0.5432287700569023,0.22395407701095849,0.24857187055342714,0.7102678065124923,0.6998426224801754,0.8805165742789057,0.8824361381471858,0.3176215277777778,0.23823106961192542
4515,d6IBGyNk,2026-03-01 10:30:00+00:00,I1,Cremonese,AC Milan,1x2_d,pass,47.0,,0.0,0.7439395317611361,0.4523277355980957,0.21401321172666887,0.0985812537498359,0.2560604682388638,0.5476722644019042,0.5813021501345302,0.526601403914885,0.2486772486772487,0.24508250572882148,0.510860753577295,0.48913924642270507,0.7513227513227513,0.7581416355755716,0.21611103612723262,0.40904099072667904,0.44962955168739366,0.6579496504643677,0.14257699951139244,0.2485066374906452,0.5459595602947062,0.6858371183629385,0.8516683241994586,0.8348985081927122,0.12987125703455418,0.23732520666946896
22189,WMLZ1OrC,2026-03-01 10:30:00+00:00,RU1,Sochi,Spartak Moscow,1x2_a,pass,72.0,,0.0,0.7159035794546207,0.38953017858198047,0.2580202528483203,0.08298755186721991,0.2837980311292159,0.6104698214180196,0.6094837386125896,0.5220154892242919,0.240576187944609,0.2507554321763958,0.401209526439729,0.598790473560271,0.759423812055391,0.7503072874789268,0.3085286104521133,0.3521638664815883,0.44962955168739366,0.5195045850423948,0.17796547068933732,0.25470002103773404,0.5703816790963141,0.5890156943142052,0.834724868971593,0.8607032976549055,0.0742690058479532,0.20751225649702806
4158,0QVjnSgB,2026-03-01 11:30:00+00:00,D2,Braunschweig,Preussen Munster,1x2_d,pass,47.0,,0.0,0.8068703700282648,0.5385534915720673,0.36183290393816714,0.12891885211532667,0.19312962997173524,0.4614465084279326,0.6476795401399809,0.5916423131323146,0.48696907378383364,0.25182853747485323,0.24385615754066295,0.7561438424593371,0.5130309262161664,0.7492341821804697,0.4977190118999893,0.2823571637456552,0.6808554906526209,0.4471376791263198,0.3048951390414805,0.19055102853012262,0.6891190901613772,0.6867419144690753,0.8919632365284539,0.8824361381471858,0.34473582453991586,0.1471273291925466
4159,CjKzjAfn,2026-03-01 11:30:00+00:00,D2,Hertha Berlin,Nurnberg,1x2_a,pass,47.0,,0.0,0.7908285132362595,0.5384878055051164,0.33904886805234674,0.18502652845436351,0.20917148676374053,0.46151219449488345,0.6553959113600016,0.5777473061017985,0.4453240629831597,0.25182853747485323,0.34439206842251857,0.6556079315774813,0.5546759370168403,0.7492341821804697,0.44199109694301897,0.37123902322623276,0.6198991182827389,0.5227732832049379,0.2651673450453938,0.21672913976152317,0.7248698955586678,0.659117530379106,0.8932622605641108,0.8924858886781667,0.2776691747907123,0.21042315201157946
4160,EehAZlA5,2026-03-01 11:30:00+00:00,D2,Magdeburg,Karlsruher SC,1x2_a,pass,47.0,,0.0,0.8576540220608018,0.613476122579712,0.4280626780626781,0.20569032644504345,0.14234597793919826,0.38470314912897147,0.6330271324477649,0.5762563451351282,0.6710468702406335,0.24508250572882148,0.13587222617073363,0.8641277738292663,0.3289531297593664,0.7583912112968454,0.8282828282828283,0.32697397957943314,0.8078044537463748,0.4097570736544079,0.5705096073517125,0.10460531040471109,0.8416229158196386,0.6867419144690753,0.9467538834239256,0.8927975891866029,0.458074044011544,0.09591397215286808
19345,WG4LmEoA,2026-03-01 11:30:00+00:00,B1,Genk,Gent,1x2_a,pass,47.0,,0.0,0.8039853421432369,0.5249953316506585,0.39948382669597066,0.23328754578754582,0.1960146578567631,0.47500466834934146,0.6133010542605067,0.5762563451351282,0.4945873576651487,0.23664317401920046,0.2832446482795204,0.7167553517204794,0.5054126423348513,0.7642975348991774,0.5292306854091752,0.38184225434935387,0.6430099033157544,0.47730476998734145,0.22054561385771576,0.20403095924779713,0.6891190901613772,0.6977815047237819,0.8718643125626495,0.8607032976549055,0.34479161045455364,0.13672026517155048
22027,QF9Igvp4,2026-03-01 11:45:00+00:00,RO1,Petrolul,Csikszereda M. Ciuc,1x2_a,pass,47.0,,0.0,0.653700316472803,0.42209458022049534,0.18974513412525792,0.06754096374594905,0.3462996835271969,0.5779054197795047,0.5738857152396769,0.5504475972512987,0.46475482379323085,0.26984095983510165,0.225871636570142,0.7741283634298579,0.5352451762067691,0.731221759820221,0.38129763205089623,0.18222688047592786,0.5563073975137929,0.3238851727982163,0.20748928021314683,0.1395376669186193,0.6363282895634725,0.5680501907456089,0.8300744108576493,0.7389192043654287,0.2834001765218032,0.12464297048556013
3076,ML9Yzz7C,2026-03-01 12:00:00+00:00,SC0,Rangers,Celtic,1x2_a,pass,47.0,,0.0,0.8618253968253967,0.6345179745213941,0.349908530990644,0.20034616749314157,0.13817460317460317,0.3636612971872894,0.6421001821093973,0.6067585922020822,0.35792094615624026,0.20924527303380133,0.5275835275835276,0.4724164724164724,0.6420790538437596,0.78736194397265,0.4489202564240055,0.6570961718020542,0.56557412844838,0.6837870872681,0.21348257757115266,0.4879227053140096,0.7438314408360025,0.9333333333333332,0.9138398870998782,0.8992408986566557,0.2613806046818706,0.341286970423661
5134,vPYyReXo,2026-03-01 12:00:00+00:00,SP1,Elche,Espanyol,1x2_a,pass,47.0,,0.0,0.77550234175302,0.498422475455218,0.2867888758194279,0.08697985399424109,0.22449765824697998,0.5015775245447819,0.5965332124665309,0.5696776682715123,0.31323784023518214,0.2589713946177104,0.3722118596585791,0.6277881403414208,0.6867621597648178,0.7419693143006674,0.37336061382647356,0.37987058503285037,0.44985059501188535,0.5227732832049379,0.24799174174174174,0.24129945008138218,0.6295752391095374,0.6751167010381524,0.852973838631348,0.8433989418883088,0.23349370425022983,0.2622456122831845
5532,r1XaA89s,2026-03-01 12:00:00+00:00,SP2,Real Sociedad B,Dep. La Coruna,1x2_a,pass,47.0,,0.0,0.747313868884795,0.46789588857212067,0.2379346992470348,0.06754096374594905,0.2534232680752521,0.5321041114278794,0.6330271324477649,0.5085520100858988,0.4152666499470232,0.22950031687634329,0.3483543906034006,0.6516456093965994,0.5847333500529768,0.7737238244280498,0.40820656348348594,0.2741090333175093,0.5656072333456926,0.45750243174459354,0.25923109497882635,0.22678588022222057,0.6951590517774723,0.6384992887017743,0.8488925405191523,0.7933651139426855,0.20250938032052704,0.17335357546379518
20140,EiCNdT4t,2026-03-01 12:00:00+00:00,G1,Panserraikos,Olympiacos Piraeus,1x2_a,pass,47.0,,0.0,0.80210846526636,0.5139906284292429,0.30005541923666285,0.1420527385149731,0.19789153473364,0.48600937157075713,0.5407149275803268,0.4701677213561764,0.15244708994708994,0.25689842612683145,0.612495446265938,0.38750455373406195,0.8475529100529101,0.7469775699327089,0.24093285460867295,0.5902102068897735,0.2581209395302349,0.7821289821289822,0.17990674560185824,0.4444444444444444,0.6431402284981903,0.7404849039862315,0.8696665103648473,0.8996148202494497,0.12645918354374053,0.28985839899508964
22438,UP5ADrJj,2026-03-01 12:00:00+00:00,CH1,Lausanne,Basel,1x2_a,pass,47.0,,0.0,0.8135664568765134,0.5756933206613409,0.33904886805234674,0.21944133861342532,0.18643354312348656,0.42248595104734243,0.6094837386125896,0.5750051972930712,0.5287608610093547,0.23157349363231125,0.29334729230311557,0.7066527076968843,0.4712391389906452,0.76503372337414,0.4638019259271526,0.37343100875068097,0.6286846355743994,0.46649157347404563,0.257716342461122,0.19055102853012262,0.7656115696405577,0.6914482800250555,0.9083224978762504,0.8327946779152736,0.3101041966902051,0.17335357546379518
22595,EDNadaW9,2026-03-01 12:00:00+00:00,CH2,Vaduz,Stade Nyonnais,1x2_a,pass,72.0,,0.0,0.7278838234136747,0.4672815638502528,0.30163935042222456,0.12549782233326537,0.2722908838500844,0.5327184361497471,0.5715441557008715,0.526601403914885,0.5511771420463255,0.2469268619624628,0.19743880248566623,0.8025611975143337,0.44882285795367444,0.7565468550632041,0.49313292071912757,0.20891941617301527,0.62431181554119,0.3801529823127643,0.3082581220058534,0.07259717605888828,0.6763938741325676,0.638817052474948,0.8504094354239832,0.7891493296495162,0.3753338263692017,0.05196437549378726
22596,zVYcuhwS,2026-03-01 12:00:00+00:00,CH2,Xamax,Wil,1x2_a,pass,72.0,,0.0,0.7159035794546207,0.4905529468656462,0.20876322198055508,0.1168723765728291,0.2837980311292159,0.5094470531343538,0.6330271324477649,0.5458314749350986,0.35756566357545605,0.23157349363231125,0.3684050667484769,0.6315949332515232,0.642434336424544,0.76503372337414,0.35740328775678804,0.33770124894527814,0.4813062201121903,0.5003394207710755,0.21705005821145487,0.22871895662938882,0.629178815893193,0.6393846578248951,0.8316880039652318,0.8018781504243141,0.19839711844609687,0.19775611148504824
19056,d8slbkbK,2026-03-01 12:30:00+00:00,N1,FC Volendam,Groningen,1x2_a,pass,47.0,,0.0,0.832936507936508,0.6800795978215334,0.38456674314607153,0.1768602793961168,0.16706349206349205,0.31809967388715016,0.6339046246905008,0.5762563451351282,0.2874826331355248,0.2469268619624628,0.43659673029341817,0.5634896187469002,0.7125173668644752,0.75413585769286,0.41224155680260405,0.5683988452143015,0.5339248967991483,0.6621384325343388,0.20330751861962057,0.32798724146558683,0.6985461947908806,0.8207008188916397,0.8981040564373898,0.9103344724034379,0.21305977863393125,0.289147666941074
19057,nwMSj7jf,2026-03-01 12:30:00+00:00,N1,Twente,Feyenoord,1x2_a,pass,47.0,,0.0,0.9133837639584765,0.6345179745213941,0.4623748129388742,0.2982943955586978,0.0866162360415234,0.3636612971872894,0.6162407385055899,0.6544693486309683,0.3835711243192792,0.21611177305301688,0.4383828229714404,0.5616171770285596,0.6164288756807208,0.7849509466023058,0.43937466832563143,0.8237628384687209,0.5393157715448618,0.6092819414126716,0.20330751861962057,0.52499447290417,0.7496352695675,0.7854434507504879,0.9463025628918444,0.931981981981982,0.26249722085265087,0.3446925954690286
21696,zmrEifgS,2026-03-01 12:45:00+00:00,PL1,Jagiellonia,Legia,dc_12,pass,47.0,,0.0,0.7860666084743547,0.5139906284292429,0.3656980046748545,0.15750486465183872,0.2139333915256453,0.48600937157075713,0.6330271324477649,0.5696776682715123,0.46475482379323085,0.24547933112564688,0.3483543906034006,0.6516456093965994,0.5352451762067691,0.755583388529676,0.4417545291423139,0.33443615924167086,0.5842466471208987,0.49196665493920305,0.28981577396211544,0.20254084539798825,0.6748410791015117,0.6498566427296546,0.8516683241994586,0.8582322235720934,0.30096444996072647,0.17316982534373837
4516,IZogTE6e,2026-03-01 13:00:00+00:00,I1,Sassuolo,Atalanta,away_and_o25,pass,47.0,,0.0,0.7675690522978732,0.49903680017708574,0.22264226884291705,0.11023712691186233,0.23243094770212683,0.5009631998229143,0.5731271615043428,0.5504475972512987,0.46475482379323085,0.2589713946177104,0.2600045724737083,0.7399954275262918,0.5352451762067691,0.7419693143006674,0.3631849929103213,0.28719678688319733,0.5747227797036226,0.4990490981904303,0.18895249723584517,0.15138814115294952,0.646107445535759,0.5890156943142052,0.8357226764210134,0.7922700672324027,0.25212286800517975,0.17870634019111176
4898,nJPy8fBl,2026-03-01 13:00:00+00:00,I2,Catanzaro,Frosinone,o45,pass,47.0,,0.0,0.8423496935005886,0.5412985388819838,0.2682696222242453,0.1168723765728291,0.15765030649941136,0.4587014611180163,0.6094837386125896,0.5666005631173611,0.32533980884626806,0.24547933112564688,0.3919463685772404,0.6080536314227596,0.6746601911537319,0.7577448101787461,0.4036926700205988,0.42009229859267666,0.44985059501188535,0.5767338157794396,0.1942617669856336,0.23592614403865186,0.637708186722965,0.7125963308028526,0.8357226764210134,0.8827320005120135,0.16218445209409063,0.2470531886416161
4899,x8vKKXff,2026-03-01 13:00:00+00:00,I2,Pescara,Palermo,o15,pass,47.0,,0.0,0.7326755764182336,0.5566096901848671,0.27793254779715904,0.11015572058396768,0.26702603416560317,0.44339030981513305,0.6148840600639782,0.5696776682715123,0.33797210655879795,0.26984095983510165,0.4035405287707314,0.5964594712292687,0.662027893441202,0.731221759820221,0.36534030598121064,0.40267586613499934,0.4984095206317429,0.5336727541044088,0.18701122232332423,0.2293096332135165,0.6295752391095374,0.7290470777683055,0.8699819800751957,0.8142796566713212,0.20398165563175763,0.23862336760813918
5903,rX3QN5jJ,2026-03-01 13:00:00+00:00,F1,Paris FC,Nice,1x2_a,pass,47.0,,0.0,0.7628071475359685,0.5451388756807476,0.2837303903894141,0.11882663866593106,0.23719285246403157,0.45695691212932593,0.6224749747247498,0.5666005631173611,0.3977050153641121,0.2384399936515268,0.3483543906034006,0.6516456093965994,0.6022949846358879,0.762622726003796,0.4049177394866801,0.384623292199441,0.5451261701261702,0.4990490981904303,0.18895249723584517,0.21672913976152317,0.6593818522884267,0.6593853897821487,0.8455882227693444,0.8315840124379178,0.19287396365386036,0.23443769468283857
22190,IewmBSLP,2026-03-01 13:00:00+00:00,RU1,Akhmat Grozny,CSKA Moscow,1x2_a,pass,72.0,,0.0,0.7345445153333187,0.5604956054375019,0.30364268533825284,0.12881799596497004,0.26545548466668145,0.43950439456249807,0.5949502066630594,0.5750051972930712,0.4792726871631472,0.26925508256097275,0.289233516031229,0.710766483968771,0.5207273128368528,0.7339690587434203,0.41162968824502144,0.35749805303833543,0.5774383221191732,0.4901032114215846,0.26357996470405465,0.19489069543136586,0.719984115250932,0.6224454763462883,0.8508706007406405,0.7965354037977579,0.26589469546022815,0.14754231316394772
3851,QJVMGQIN,2026-03-01 13:30:00+00:00,D1,Stuttgart,Wolfsburg,1x2_a,pass,47.0,,0.0,0.830129830966651,0.531412274909707,0.356096258902896,0.24553143333631142,0.16987016903334895,0.468587725090293,0.6476795401399809,0.5666005631173611,0.6377529946303181,0.22950031687634329,0.15272243249462417,0.8472775675053758,0.36224700536968196,0.7739734001493236,0.6571327683615819,0.32171178457344,0.8078044537463748,0.3713536715351598,0.4467065139693693,0.11535981163540278,0.7686519234271801,0.6751167010381524,0.8709204942375566,0.8772656728379703,0.40738677974608345,0.07585963702634313
20141,0lnlrUkm,2026-03-01 13:30:00+00:00,G1,Volos,AEK Athens,o35,pass,47.0,,0.0,0.7851177263684046,0.4744227805126133,0.2379346992470348,0.13858003465309793,0.21488227363159537,0.5255772194873867,0.6148840600639782,0.5473704920971474,0.2080026455026455,0.2589713946177104,0.6630004967709886,0.33699950322901145,0.7919973544973545,0.7441307359497378,0.19574780058651023,0.4446897537904362,0.36305921113517314,0.7682467386414755,0.11449023606320753,0.3338920426739747,0.5933166449378544,0.6822062163043935,0.8357226764210134,0.9161771954325145,0.1030582164490585,0.3702936268496724
603,CSsSuE24,2026-03-01 14:00:00+00:00,E0,Fulham,Tottenham,o45,pass,47.0,,0.0,0.8068703700282648,0.5162731565607704,0.27793254779715904,0.12326153569152863,0.19312962997173524,0.4837268434392296,0.6148840600639782,0.5666005631173611,0.5311493508834887,0.2449620374556377,0.2326232808283342,0.7673767191716657,0.46885064911651125,0.7516451795508137,0.5145296551616353,0.25825130826069675,0.6883066204874716,0.3820169702382851,0.34590043004677146,0.13747608789787272,0.7031546596763988,0.6477601763512256,0.8982075761061269,0.8393173758865249,0.3570954160502378,0.12464297048556013
604,lfdXJWuo,2026-03-01 14:00:00+00:00,E0,Brighton,Nottingham,1x2_a,pass,47.0,,0.0,0.779560054786915,0.6397820824494304,0.3124990133605217,0.14346882341764808,0.22043994521308496,0.36021791755056953,0.6372021933829802,0.5696776682715123,0.4789929877569188,0.22315111052713696,0.33843511798382364,0.6615648820161764,0.5210070122430812,0.7803226064985299,0.4995009377893085,0.3834078301431292,0.6501324104382614,0.5077694655595862,0.28732865595443613,0.21672913976152317,0.7570376205125297,0.7411518446244382,0.86253167799721,0.8558728676288179,0.34440687946718646,0.21042315201157946
605,vqBFW9Pj,2026-03-01 14:00:00+00:00,E0,Manchester Utd,Crystal Palace,1x2_a,pass,47.0,,0.0,0.8087472469051417,0.5823679548061461,0.30163935042222456,0.15261164051333156,0.19125275309485837,0.41763204519385394,0.6373952893820714,0.5473704920971474,0.4888364345286722,0.21611177305301688,0.35216118351350284,0.6478388164864971,0.5111635654713241,0.7849509466023058,0.5442900914599028,0.3304936360268134,0.6105381089217295,0.47973845880331084,0.3082581220058534,0.2196855329618188,0.7290298148507103,0.7577212790792718,0.86253167799721,0.8658737629641209,0.34138695987654316,0.17002667187093415
19346,h2J3m5iR,2026-03-01 14:00:00+00:00,B1,Westerlo,Royale Union SG,dc_1x,pass,47.0,,0.0,0.8576296793688097,0.633365139190382,0.3124990133605217,0.13162413297533607,0.14237032063119018,0.3666348608096181,0.6133010542605067,0.5762563451351282,0.2943766212132029,0.23664317401920046,0.4508313051686416,0.5491686948313584,0.705623378786797,0.7642975348991774,0.39567236217533575,0.511032122798221,0.4996851690400077,0.623585400282315,0.17997251894782015,0.24129945008138218,0.6832357975097487,0.7812487575244321,0.8652659014577306,0.8824361381471858,0.18358761613612987,0.289147666941074
19893,0lbB2soQ,2026-03-01 14:00:00+00:00,T1,Antalyaspor,Fenerbahce,dc_12,pass,47.0,,0.0,0.8505659264027465,0.5789779250625927,0.3158520912914522,0.2413775221095663,0.1494340735972535,0.42102207493740723,0.6314441266442934,0.5696776682715123,0.2044753086419753,0.2500319261076159,0.6437908496732027,0.3562091503267974,0.7955246913580246,0.7469775699327089,0.32199158082868945,0.6807072829131654,0.42175221198209706,0.7502836209434046,0.1656778889899909,0.4777777777777777,0.5933166449378544,0.7854434507504879,0.901731598968572,0.9108086307723332,0.12528043867128072,0.38143033959928835
19894,KhLOvvgJ,2026-03-01 14:00:00+00:00,T1,Samsunspor,Gaziantep,1x2_a,pass,47.0,,0.0,0.7218175767546446,0.4530015900455351,0.20876322198055508,0.08029110818630832,0.2783571305091146,0.5469984099544649,0.6241361463048056,0.48862408388166695,0.5287608610093547,0.2589713946177104,0.22663441307662566,0.7733655869233743,0.4712391389906452,0.7419693143006674,0.408827989289106,0.2080574488802337,0.6814227307585942,0.35499646552278136,0.26308198773548946,0.06969237306780401,0.6581945230667935,0.5481528316095029,0.8300744108576493,0.7244026635330983,0.29378159589186886,0.10077255275324982
22028,QDUbZ9bk,2026-03-01 14:00:00+00:00,RO1,Din. Bucuresti,FC Arges,a_2up,pass,47.0,,0.0,0.6906339747049008,0.4438438822866562,0.2388289063405764,0.08697985399424109,0.30936602529509916,0.5561561177133437,0.5950875495360467,0.5220154892242919,0.5013229631527626,0.2589713946177104,0.23099376268761895,0.769006237312381,0.4986770368472373,0.7419693143006674,0.36924021234698384,0.24577986880905933,0.6792630027924146,0.3005010315355143,0.2435823104699472,0.11367483074472323,0.6897549859996719,0.5481528316095029,0.9026537057544809,0.7244026635330983,0.25625927879356153,0.13672026517155048
5135,fZ3ZZjGG,2026-03-01 14:15:00+00:00,SP1,Valencia,Osasuna,1x2_a,pass,47.0,,0.0,0.7131479744071293,0.4905529468656462,0.2629858754610017,0.12891885211532667,0.28702673285663,0.5094470531343538,0.6021527044024795,0.5511590039566575,0.45675707441617114,0.26984095983510165,0.25037483266398924,0.7496251673360108,0.5432429255838288,0.731221759820221,0.4172961024657555,0.2979529146771915,0.6054096912969377,0.42834346247904276,0.2860968110968111,0.15138814115294952,0.6572999892135188,0.6076789367016274,0.8329468927407072,0.8240412709916899,0.23349370425022983,0.13722211292543773
5533,OCKRSGP8,2026-03-01 14:15:00+00:00,SP2,Mirandes,Ceuta,a_2up,pass,47.0,,0.0,0.7019442000158879,0.46704828595511344,0.22264226884291705,0.1168723765728291,0.29805579998411214,0.5329517140448865,0.6148840600639782,0.5277820811061126,0.24957584180407597,0.25689842612683145,0.45396647269109297,0.5460335273089071,0.750424158195924,0.7445665725623648,0.3347832835080326,0.384623292199441,0.44962955168739366,0.611357471693418,0.17796547068933732,0.27833648711841913,0.5933166449378544,0.6480779401243995,0.8243759864125845,0.8157308071757807,0.1775268944149457,0.23823106961192542
5534,QqPG6Q86,2026-03-01 14:15:00+00:00,SP2,Gijon,Leganes,1x2_a,pass,47.0,,0.0,0.7628071475359685,0.5004842362476906,0.2682696222242453,0.12195222065682255,0.23719285246403157,0.4995157637523095,0.6373952893820714,0.5085520100858988,0.5164438055101518,0.25689842612683145,0.2704812539576806,0.7295187460423195,0.48355619448984816,0.7469775699327089,0.425063156495147,0.31965621260105,0.6422747688453837,0.4471376791263198,0.29146245637117846,0.16793188625383126,0.6829974623078071,0.6480779401243995,0.8616382268043576,0.802334328790055,0.3299406501904509,0.15550297977781344
22439,dWcdynBc,2026-03-01 14:30:00+00:00,CH1,Young Boys,Zurich,1x2_a,pass,47.0,,0.0,0.8087472469051417,0.5513705288430167,0.35121464612755116,0.22399331662489555,0.19125275309485837,0.4507252589670569,0.6330271324477649,0.5723536821415561,0.6058176649221426,0.2284272115778859,0.1810522422197827,0.8189477577802172,0.3941823350778575,0.7747969297265072,0.6238672768878718,0.2700281084121816,0.7551110003176272,0.3643464456350842,0.4467065139693693,0.11367483074472323,0.7492153435916604,0.6393846578248951,0.9328287998471008,0.8602697779080811,0.44361751315976666,0.10077255275324982
22440,Ion5ZPuA,2026-03-01 14:30:00+00:00,CH1,Grasshoppers,Lugano,1x2_a,pass,47.0,,0.0,0.7467514391885071,0.5691950768280779,0.30364268533825284,0.1617570027521806,0.2534232680752521,0.43080492317192204,0.6330271324477649,0.5762563451351282,0.41772248859820044,0.2386128311064313,0.3483543906034006,0.6516456093965994,0.5822775114017988,0.75799438590002,0.4556098355316724,0.38853180765170653,0.6009266465595188,0.5125950314337656,0.24336132107734665,0.2486243245523779,0.7562816333436914,0.6867419144690753,0.8824121966500525,0.819500119916401,0.3362847222222222,0.2622456122831845
19058,QNXJhTLs,2026-03-01 14:45:00+00:00,N1,Utrecht,AZ Alkmaar,1x2_a,pass,47.0,,0.0,0.8888275439000076,0.6708959243521454,0.381257293093136,0.2098900090498883,0.11117245609999232,0.331199863457928,0.6285043032391121,0.5913726242048956,0.47515659685507755,0.21611177305301688,0.32546465124205776,0.6745353487579422,0.5248434031449225,0.78736194397265,0.6051905372858847,0.38816053730971983,0.6266465130501764,0.49473977446522727,0.30866863103705205,0.2486243245523779,0.7673501180963869,0.7373222522448758,0.9177311343204159,0.8827320005120135,0.32281914318378446,0.21172131295024968
20142,MHFVf7Zh,2026-03-01 15:00:00+00:00,G1,PAOK,Asteras Tripolis,1x2_a,pass,47.0,,0.0,0.7439395317611361,0.5007050035867455,0.2630969839419873,0.10661011890752486,0.2560604682388638,0.4992949964132544,0.5850072429642431,0.4827234353198162,0.6249968618741853,0.22977667399998492,0.21580106330481097,0.784198936695189,0.3750031381258147,0.7667085322695216,0.4887544949329847,0.2004966374013993,0.6937995481534953,0.3099962839093274,0.35865329310191035,0.0876924001924002,0.7396896644904162,0.6064463056872421,0.8758676731185323,0.8221696874179143,0.36521757329520216,0.14410177255305787
20287,0pMILuEs,2026-03-01 15:00:00+00:00,AT1,BW Linz,Tirol,1x2_a,pass,47.0,,0.0,0.7675690522978732,0.5015576500870619,0.24769344505688393,0.12290586502432693,0.23243094770212683,0.4984423499129382,0.6072154708157133,0.5331096101276714,0.4152666499470232,0.2507554321763958,0.32193842151787866,0.6780615784821213,0.5847333500529768,0.7503072874789268,0.4717559577086985,0.4168642410134235,0.6207272098816216,0.5049759838147181,0.2754607525783401,0.26157975190400823,0.6836557234855883,0.6751167010381524,0.8644140104846638,0.8410598245404958,0.275152432136919,0.21172131295024968
20288,GMm03bbD,2026-03-01 15:00:00+00:00,AT1,Wolfsberger AC,Sturm Graz,1x2_a,pass,47.0,,0.0,0.8075814204872062,0.5600927039329048,0.330557930678461,0.12290586502432693,0.19241857951279392,0.44200308387716875,0.6294858221629595,0.5762563451351282,0.26825891311872624,0.22950031687634329,0.5223425410671613,0.4776574589328387,0.7317410868812738,0.7715624027789795,0.4265964031991605,0.5902102068897735,0.4942942942942943,0.7087306113052886,0.19376379001706842,0.3429798524914553,0.646107445535759,0.7577212790792718,0.8516683241994586,0.8998270323696564,0.22885035313384963,0.30802650236382334
20289,MaARJJrf,2026-03-01 15:00:00+00:00,AT1,Altach,SK Rapid,1x2_a,pass,47.0,,0.0,0.7137104041034172,0.4936211421505539,0.25757829704699914,0.12927452278252838,0.28702673285663,0.506378857849446,0.6314441266442934,0.5085520100858988,0.4068399776974681,0.23664317401920046,0.35245071632336095,0.6475492836766391,0.5931600223025318,0.7642975348991774,0.37525976248677456,0.33443615924167086,0.5279053295855513,0.503685661234073,0.26308198773548946,0.24391754933626852,0.6852919693999154,0.5954067154325355,0.834463787645538,0.7869217124850172,0.27307754952908575,0.17335357546379518
20290,r9kh5KT0,2026-03-01 15:00:00+00:00,AT1,Salzburg,Hartberg,1x2_a,pass,47.0,,0.0,0.7628071475359685,0.5417995140550911,0.30163935042222456,0.1768602793961168,0.23719285246403157,0.4581641225495785,0.57694447715226,0.5458314749350986,0.6360096951141727,0.21221885029910204,0.18262876744782286,0.8173712325521771,0.3639903048858273,0.7888438693562208,0.6637994350282486,0.2336496138705989,0.7249338694434876,0.3341380250954719,0.4467065139693693,0.11212245985661791,0.7558656697264926,0.6598617268803376,0.8729056538101764,0.8071579236977257,0.4382688492063492,0.10056571550558598
20291,UPDZHcD6,2026-03-01 15:00:00+00:00,AT1,Grazer AK,Ried,1x2_a,pass,47.0,,0.0,0.7572250484548816,0.5500207139718718,0.31533182988559044,0.20976057986178295,0.24277495154511838,0.4499792860281282,0.6133010542605067,0.5524101517987146,0.3372271390328694,0.25689842612683145,0.39938603456003513,0.6006139654399648,0.6627728609671305,0.7445665725623648,0.37112201113474397,0.4715841892312482,0.4873257873257874,0.5267243905480652,0.17371127060376854,0.30661070096054616,0.6551146241894229,0.6751167010381524,0.8668162485190858,0.8190831088647439,0.2121689459011453,0.23581433360774065
20292,WUVnR1jK,2026-03-01 15:00:00+00:00,AT1,Austria Vienna,LASK,1x2_a,pass,47.0,,0.0,0.7908285132362595,0.5162731565607704,0.2629858754610017,0.12230789132402427,0.20917148676374053,0.4837268434392296,0.6094837386125896,0.5750051972930712,0.3192882323317106,0.25182853747485323,0.42708183059949495,0.5729181694005051,0.6807117676682894,0.7492341821804697,0.41180389267513967,0.5683988452143015,0.47960684699035955,0.7412787369385206,0.17796547068933732,0.2874242969358997,0.646107445535759,0.6751167010381524,0.878011587742936,0.871750402109337,0.1655324984060771,0.28599781899157806
20805,GC8gsi6t,2026-03-01 15:00:00+00:00,DK1,Fredericia,Silkeborg,1x2_a,pass,47.0,,0.0,0.7806472022181284,0.6588748322790875,0.2989707503122076,0.12077364891647362,0.21935279778187164,0.3411251677209124,0.6147265424987199,0.545813626365327,0.4152666499470232,0.25182853747485323,0.35245071632336095,0.6475492836766391,0.5847333500529768,0.7492341821804697,0.5259713027588893,0.384623292199441,0.6441821269407476,0.5849014959190012,0.26357996470405465,0.20688051229923152,0.7736886714148059,0.8251338663356339,0.8870122368822767,0.8461063324133927,0.30096444996072647,0.1847498941918093
20806,jk3IymzI,2026-03-01 15:00:00+00:00,DK1,Viborg,Nordsjaelland,1x2_a,pass,47.0,,0.0,0.8576296793688097,0.5878035158902427,0.349908530990644,0.19700679849355965,0.14237032063119018,0.41219648410975723,0.6148840600639782,0.5750051972930712,0.4618783915878995,0.25182853747485323,0.3158349114323387,0.6841650885676612,0.5381216084121005,0.7516451795508137,0.4841445658549705,0.4146614534262923,0.6470562750468056,0.5247268673355631,0.2688863079106982,0.2075888759450919,0.7110118104746418,0.6498566427296546,0.9155333321226137,0.8775615352027982,0.3144467067348619,0.1996011040191822
20807,M9B1uVzg,2026-03-01 15:00:00+00:00,DK1,Vejle,Aarhus,1x2_a,pass,47.0,,0.0,0.8576296793688097,0.5627781335690294,0.2917544984321094,0.11015572058396768,0.14237032063119018,0.43722186643097055,0.6108404170542013,0.5696776682715123,0.2185303325654203,0.2589713946177104,0.47653317099331804,0.5234668290066821,0.7814696674345797,0.7443803116710116,0.20675365470581128,0.6386923234391721,0.24950024987506247,0.7333354737901069,0.1256778889899909,0.352848436671966,0.6307316109242489,0.7143509391786155,0.86315289648623,0.9384180790960452,0.13210774790822855,0.3343849157657716
20808,nHdRZQ4U,2026-03-01 15:00:00+00:00,DK1,Sonderjyske,Odense,1x2_a,pass,47.0,,0.0,0.9133837639584765,0.6492992751671257,0.47309448542325255,0.2581510263830706,0.0866162360415234,0.35070072483287423,0.6049580641130249,0.5959406903257171,0.45632815154367573,0.2589713946177104,0.3722118596585791,0.6277881403414208,0.5436718484563242,0.7419693143006674,0.5938911022576361,0.5683988452143015,0.6147654785196055,0.5767338157794396,0.35650863372428215,0.3447724477244773,0.7293996502990062,0.7742851730064007,0.9177311343204159,0.9030281587392063,0.37669791367078903,0.26295634433720017
20809,rPaAw955,2026-03-01 15:00:00+00:00,DK1,Midtjylland,Brondby,1x2_a,pass,47.0,,0.0,0.8840627763041556,0.7253880870902147,0.4614698437004235,0.24333621156825577,0.1159372236958444,0.27461191290978526,0.6520476970742873,0.6073464671343412,0.4945873576651487,0.18840932648957823,0.3684050667484769,0.6315949332515232,0.5054126423348513,0.8150643905360887,0.674156378600823,0.5219430532503794,0.6903117554280346,0.7213471696965396,0.4166228588857142,0.28563596491228066,0.8056752034013379,0.7301122543697316,0.9465529495380242,0.894299732627691,0.333255484164329,0.2748611062419621
20810,xnwqNmLO,2026-03-01 15:00:00+00:00,DK1,FC Copenhagen,Randers FC,1x2_a,pass,47.0,,0.0,0.9087802904284494,0.627262361225973,0.4743589743589744,0.2413775221095663,0.09121970957155061,0.3709169104827104,0.5785274829557315,0.6073464671343412,0.5311554970246805,0.24508250572882148,0.3089100858913974,0.6910899141086025,0.4688445029753195,0.7559802139265012,0.7020403494520281,0.44074238536938354,0.6937995481534953,0.48868434557215656,0.4467065139693693,0.19489069543136586,0.8052543324711894,0.691567448003605,0.9195600147275406,0.8827320005120135,0.3798748180235954,0.21172131295024968
4900,jBMh4CAD,2026-03-01 15:15:00+00:00,I2,Mantova,Carrarese,1x2_d,pass,47.0,,0.0,0.6570305099235231,0.4672815638502528,0.20876322198055508,0.08867564401119898,0.342969490076477,0.5327184361497471,0.6148840600639782,0.4850979265002775,0.46475482379323085,0.24751273923659176,0.2715683552814709,0.7284316447185312,0.5352451762067691,0.753549980418731,0.35548572298967746,0.24256020344877968,0.6672929119737631,0.3366063422189614,0.23825641025641028,0.09206194461109317,0.6742286188560849,0.5954067154325355,0.8329468927407072,0.7244026635330983,0.29217993842656514,0.12608196729921006
5904,8f91T9Ms,2026-03-01 15:15:00+00:00,F1,Lorient,Auxerre,1x2_a,pass,47.0,,0.0,0.7047619047619049,0.49133861401902634,0.2379346992470348,0.1168723765728291,0.29523809523809524,0.5086613859809735,0.6314441266442934,0.48777394037032124,0.44509918381894115,0.24388893215718024,0.26475809031920267,0.7352419096807973,0.5549008161810589,0.7527182848492711,0.39979723482016194,0.3072160995680462,0.6422747688453837,0.42834346247904276,0.290990990990991,0.10751011339579536,0.6836557234855883,0.6278628172151196,0.8357226764210134,0.7901266297438255,0.2914410022457607,0.1857572947852898
5905,EiC9Rmif,2026-03-01 15:15:00+00:00,F1,Metz,Brest,h_1up,pass,47.0,,0.0,0.7675690522978732,0.5293546938325367,0.29375783334813765,0.1420527385149731,0.23243094770212683,0.4706453061674633,0.6056324650122419,0.5539491689607633,0.4494401532912294,0.25689842612683145,0.2832446482795204,0.7167553517204794,0.5505598467087706,0.7445665725623648,0.4560142844699939,0.27284343203003575,0.6266465130501764,0.4471376791263198,0.28779999754477714,0.22871895662938882,0.7442513668118421,0.6667411825118217,0.8542327274068234,0.8607032976549055,0.27307754952908575,0.15920462387853693
5906,z70IPRL6,2026-03-01 15:15:00+00:00,F1,Lille,Nantes,1x2_a,pass,47.0,,0.0,0.6967002213639311,0.4825927151531362,0.25784699419587354,0.1168723765728291,0.30329977863606894,0.5174072848468638,0.6148840600639782,0.5412455602445055,0.47737415054321947,0.23664317401920046,0.24804131145302646,0.7519586885469737,0.5226258494567805,0.7642975348991774,0.4055672857471331,0.20933156311021595,0.6485158360158362,0.3554069119286511,0.30611346262822514,0.1003747795414462,0.6619040050831203,0.6274118092558384,0.8480725970230379,0.8019529981934896,0.33175154320987654,0.10279004183337155
3852,zBzbMUln,2026-03-01 15:30:00+00:00,D1,Eintracht Frankfurt,Freiburg,o35,pass,47.0,,0.0,0.7908285132362595,0.5903925126539967,0.32438446189613196,0.1599196908475259,0.20917148676374053,0.4096074873460032,0.6330271324477649,0.5696776682715123,0.4494401532912294,0.22315111052713696,0.3483543906034006,0.6516456093965994,0.5505598467087706,0.7803226064985299,0.48832480094665404,0.38122918090565644,0.6234918309629901,0.503685661234073,0.2788008629472044,0.22871895662938882,0.7510613050902931,0.6667411825118217,0.9289375526265631,0.8186559794030238,0.30096444996072647,0.21172131295024968
19585,dvvFSE8c,2026-03-01 15:30:00+00:00,P1,Tondela,Santa Clara,1x2_a,pass,47.0,,0.0,0.7156768995584862,0.47498479389162135,0.22264226884291705,0.09796438312099404,0.28432310044151365,0.5250152061083786,0.6148840600639782,0.5220154892242919,0.4257745633399171,0.2589713946177104,0.26559559187621046,0.7344044081237852,0.5742254366600829,0.7419693143006674,0.36501170299592073,0.186094740123505,0.5649332724044315,0.4664483185134393,0.201001963064065,0.15138814115294952,0.6581945230667935,0.5915631686519154,0.8300744108576493,0.7664470668633481,0.29862385631461824,0.17496178184531117
21697,fwz6gGOF,2026-03-01 15:30:00+00:00,PL1,Lech Poznan,Rakow,1x2_a,pass,47.0,,0.0,0.8068703700282648,0.5573425724849329,0.38150997048682034,0.187022841656988,0.19312962997173524,0.4426574275150672,0.6243072517476628,0.5696776682715123,0.4945873576651487,0.2589713946177104,0.30185570124009525,0.6981442987599049,0.5054126423348513,0.7419693143006674,0.4619750159497014,0.39613286929864616,0.6808554906526209,0.47973845880331084,0.28999980892875904,0.21672913976152317,0.7320109144929582,0.6728038615664227,0.8982630272952853,0.8186559794030238,0.32607263009547144,0.21042315201157946
4517,Qak1Rhy8,2026-03-01 16:00:00+00:00,I1,Torino,Lazio,dc_x2,pass,47.0,,0.0,0.7103360669797584,0.43590737435014826,0.22264226884291705,0.06584517372899117,0.2896639330202417,0.5640926256498516,0.6021527044024795,0.5473704920971474,0.4152666499470232,0.2589713946177104,0.29505998956270557,0.7049400104373195,0.5847333500529768,0.7419693143006674,0.33869353331045843,0.22056186030491087,0.5110624720906646,0.5138273964360921,0.20330751861962057,0.1406336399222578,0.5933166449378544,0.6667411825118217,0.8306901965158113,0.8189709626445344,0.24330919025783906,0.17335357546379518
20143,zRtDxQJO,2026-03-01 16:00:00+00:00,G1,Panathinaikos,Aris,1x2_a,pass,47.0,,0.0,0.6572340222178111,0.45147552732417323,0.2379346992470348,0.08867564401119898,0.34294068504594816,0.5485244726758268,0.6330271324477649,0.5085520100858988,0.5388600865471226,0.22977667399998492,0.22663441307662566,0.7733655869233743,0.4611399134528775,0.7667085322695216,0.43002565430805006,0.19981002619982133,0.6909157019451139,0.4063191048852473,0.27121500225497003,0.08553837558752414,0.6742286188560849,0.6163722190011319,0.8497859917120048,0.7678939937004453,0.36857575642582474,0.12608196729921006
606,CE2gREmB,2026-03-01 16:30:00+00:00,E0,Arsenal,Chelsea,1x2_a,pass,47.0,,0.0,0.8548944748855992,0.6083397568691686,0.349908530990644,0.15734586335386894,0.14510552511440086,0.39166024313083136,0.6094837386125896,0.6042247386759582,0.5339132100389642,0.2162846105079214,0.2371045132824708,0.7628954867175292,0.46608678996103575,0.7803226064985299,0.590345002966856,0.30656845903536195,0.7148132566672039,0.4291109680021337,0.35865329310191035,0.11902075378862775,0.7558656697264926,0.691567448003605,0.899294532627866,0.8692138219747699,0.45346842060002784,0.12608196729921006
5136,bVGTMqLU,2026-03-01 16:30:00+00:00,SP1,Betis,Sevilla,1x2_a,pass,47.0,,0.0,0.7460351505723556,0.529631324635618,0.29278302239995563,0.12572892110608558,0.25396484942764436,0.47036867536438204,0.6094837386125896,0.5412455602445055,0.4945873576651487,0.24547933112564688,0.32136832552209743,0.6786316744779025,0.5054126423348513,0.755583388529676,0.4013387763960699,0.3310987499224451,0.6579319026127538,0.43661608528303403,0.2788008629472044,0.19744688811547728,0.7093211630755943,0.6384992887017743,0.8644140104846638,0.8309144513478879,0.275152432136919,0.18399187333613562
5535,48m1CeuS,2026-03-01 16:30:00+00:00,SP2,Cultural Leonesa,Las Palmas,dc_12,pass,47.0,,0.0,0.6567902789620099,0.4961220890029652,0.22264226884291705,0.10717176779700273,0.3429113316218267,0.5038779109970348,0.6148840600639782,0.5412455602445055,0.24805260846450775,0.2589713946177104,0.45672039307526296,0.5432796069247371,0.7519473915354923,0.7441307359497378,0.2524520171094028,0.4446897537904362,0.4684322253287771,0.5541282409563733,0.1866469416802896,0.27918076655386753,0.5933166449378544,0.6867419144690753,0.8306901965158113,0.8018781504243141,0.20398165563175763,0.28985839899508964
19347,A1GCkzHc,2026-03-01 16:30:00+00:00,B1,Charleroi,Club Brugge KV,1x2_a,pass,47.0,,0.0,0.7513567958288897,0.5540559584791414,0.29278302239995563,0.17296998567894115,0.24864320417111027,0.44594404152085865,0.6148840600639782,0.5723536821415561,0.37989232292120495,0.22950031687634329,0.3037917755853501,0.6962082244146499,0.6201076770787951,0.7715624027789795,0.39622550509069693,0.3561394571655294,0.5580926737412668,0.5286088870159666,0.21293916599604748,0.19055102853012262,0.7015847058451384,0.691567448003605,0.8663072427052576,0.8821244376387495,0.32480438184663535,0.1953920475659606
22029,8OAawJaN,2026-03-01 17:00:00+00:00,RO1,UTA Arad,FCSB,1x2_a,pass,47.0,,0.0,0.8567242219678217,0.5635131878263296,0.2379346992470348,0.08547543864227493,0.14327577803217828,0.4364868121736702,0.5991808521090162,0.5847939473412797,0.3042789148137851,0.2589713946177104,0.45672039307526296,0.5432796069247371,0.6957210851862149,0.7419693143006674,0.32248456409634246,0.4208116094344761,0.49046183411626937,0.6049092017972941,0.17990674560185824,0.4068829499623277,0.5933166449378544,0.7027257257476925,0.8488925405191523,0.8692138219747699,0.23349370425022983,0.24513312426981493
19348,pnJ9RNU7,2026-03-01 17:15:00+00:00,B1,Cercle Brugge KSV,Dender,o35,pass,47.0,,0.0,0.8065003104299141,0.5756933206613409,0.2989707503122076,0.15695518788302296,0.19349968957008593,0.42248595104734243,0.6387103882204372,0.5762563451351282,0.45675707441617114,0.21611177305301688,0.3480648577935426,0.6519351422064574,0.5432429255838288,0.7849509466023058,0.4358993419412583,0.347819195374557,0.6212060030957669,0.4664483185134393,0.2607548204996001,0.2394840607359466,0.7317725792910167,0.7301122543697316,0.8570085110871298,0.8724352428118826,0.3124447903363133,0.2351484267368542
3853,4AjdVPXG,2026-03-01 17:30:00+00:00,D1,Hamburger SV,RB Leipzig,a_1up,pass,47.0,,0.0,0.894824545399258,0.6127027787743821,0.38301150424310415,0.24102086682317747,0.10517545460074196,0.3872972212256179,0.6373952893820714,0.5762563451351282,0.35756566357545605,0.20924527303380133,0.45672039307526296,0.5432796069247371,0.642434336424544,0.78736194397265,0.43612689872027666,0.733485060690943,0.5373349257905726,0.7502836209434046,0.21838688369898562,0.3977777777777778,0.7317725792910167,0.8367590797665571,0.9195600147275406,0.9088323289623498,0.29378159589186886,0.31289987364946753
19059,f3PzkoL6,2026-03-01 18:00:00+00:00,N1,Excelsior,G.A. Eagles,1x2_a,pass,47.0,,0.0,0.8576540220608018,0.6708959243521454,0.453457023187603,0.1617570027521806,0.14234597793919826,0.331199863457928,0.6295364677561942,0.6113266583229037,0.4068399776974681,0.26984095983510165,0.3834898526256551,0.616510147374345,0.5931600223025318,0.731221759820221,0.5326455971906208,0.5835321416702275,0.6392892549378479,0.5450588837685613,0.23140507959523027,0.2874242969358997,0.7426117943359323,0.8368043130799876,0.892683803149582,0.9093064873312451,0.30096444996072647,0.21172131295024968
19586,IVP9Hl0d,2026-03-01 18:00:00+00:00,P1,Casa Pia,Moreirense,o45,pass,47.0,,0.0,0.692630605713231,0.37852031696309085,0.11834625322997416,0.10219450045888756,0.3073693942867691,0.621479683036909,0.6094837386125896,0.5085520100858988,0.4250237231927922,0.26984095983510165,0.2422530206380532,0.7577469793619468,0.5749762768072079,0.731221759820221,0.37336061382647356,0.20823280497143726,0.5238394960617183,0.3713536715351598,0.2721448582729071,0.16359221935258803,0.629178815893193,0.5481528316095029,0.8008603400169664,0.8018781504243141,0.21262348021907865,0.11159460074564707
4518,M7hpVzxq,2026-03-01 18:45:00+00:00,I1,AS Roma,Juventus,dc_1x,pass,47.0,,0.0,0.7927213868003342,0.5139906284292429,0.2580202528483203,0.10173625304580756,0.20698022378350248,0.48600937157075713,0.5770715046885736,0.5696776682715123,0.5546712251550131,0.2386128311064313,0.25785906874881437,0.7421409312511855,0.44532877484498684,0.75799438590002,0.43937466832563143,0.2687947713500142,0.6549799941344059,0.48868434557215656,0.27680747793156785,0.16793188625383126,0.6942991480535792,0.659117530379106,0.878365659270182,0.8433989418883088,0.36857575642582474,0.13263457556935818
5907,UR8pT0Sb,2026-03-01 18:45:00+00:00,F1,Marseille,Lyon,1x2_a,pass,47.0,,0.0,0.8223913232281433,0.6397820824494304,0.3656980046748545,0.2320832929469161,0.17760867677185668,0.36021791755056953,0.6148840600639782,0.6224627462041085,0.4152666499470232,0.22780018131542154,0.42729000333987804,0.572709996660122,0.5847333500529768,0.7732625383399001,0.43002565430805006,0.47765810447356083,0.6015371901781638,0.5784834989151536,0.2229357520786092,0.34056773491758013,0.7860038529159491,0.7933887398659007,0.9383496910214467,0.871750402109337,0.29378159589186886,0.31289987364946753
5137,hA7IwZGi,2026-03-01 19:00:00+00:00,SP1,Girona,Celta Vigo,1x2_a,pass,47.0,,0.0,0.7326755764182336,0.4672815638502528,0.27793254779715904,0.08898610860544831,0.26702603416560317,0.5327184361497471,0.6079007328091182,0.5696776682715123,0.2947072420756631,0.26984095983510165,0.3483543906034006,0.6516456093965994,0.705292757924337,0.731221759820221,0.3507406095777182,0.39916781369709753,0.5152523781266296,0.471084881557082,0.18701122232332423,0.19489069543136586,0.6579124494589457,0.6163722190011319,0.8542327274068234,0.7972854993311681,0.18311143160060647,0.23732520666946896
5536,d6Su5DX1,2026-03-01 19:00:00+00:00,SP2,Eibar,Cadiz CF,1x2_a,pass,47.0,,0.0,0.7393064200952234,0.49157189191416584,0.2379346992470348,0.12794977510195285,0.26069357990477665,0.5084281080858343,0.6314441266442934,0.5504475972512987,0.5315692989090707,0.23664317401920046,0.2197608859752902,0.7802391140247097,0.4684307010909294,0.7667085322695216,0.45243550940689853,0.21213908153329494,0.713087427612309,0.40253746917093536,0.27865932978341973,0.0876924001924002,0.6754973004750303,0.6207214154374728,0.8329468927407072,0.7890997773773303,0.357958136667464,0.10077255275324982
19587,tWeS4BGj,2026-03-01 20:30:00+00:00,P1,Rio Ave,Famalicao,1x2_a,pass,47.0,,0.0,0.7439395317611361,0.4172771672771673,0.30364268533825284,0.15454036168733576,0.2560604682388638,0.5827228327228328,0.5635828287361034,0.5696776682715123,0.21241181657848326,0.2589713946177104,0.47771594726023964,0.5222840527397604,0.7875881834215167,0.7419693143006674,0.32248456409634246,0.39843826453816655,0.44962955168739366,0.623585400282315,0.15534951533243885,0.25038725989886274,0.5459595602947062,0.6480779401243995,0.834463787645538,0.8772656728379703,0.13406152272502708,0.289147666941074
22030,bRS6XmT1,2026-03-02 15:30:00+00:00,RO1,Unirea Slobozia,FC Rapid Bucuresti,1x2_a,pass,72.0,,0.0,0.7335955279181446,0.498422475455218,0.2917544984321094,0.1359602237293278,0.2664044720818553,0.5015775245447819,0.603735710205951,0.526601403914885,0.2080026455026455,0.2507554321763958,0.589164255866281,0.4108357441337191,0.7919973544973545,0.7503072874789268,0.28297258297258293,0.5520971611978437,0.36305921113517314,0.7506722507457585,0.11477346565065864,0.37438596491228066,0.5933166449378544,0.8123804111016387,0.8206023952828579,0.8490356782212346,0.1455915443363566,0.31289987364946753
4519,Qy7EzcEL,2026-03-02 16:30:00+00:00,I1,Pisa,Bologna,1x2_a,pass,72.0,,0.0,0.6989049025948736,0.449722970949386,0.20876322198055508,0.07184373046721955,0.30109509740512647,0.5502770290506139,0.6133010542605067,0.5220154892242919,0.24957584180407597,0.2589713946177104,0.4440502406002773,0.5559497593997227,0.750424158195924,0.7419693143006674,0.32277591363048636,0.32452649983322746,0.44962955168739366,0.6004580007939472,0.15792219420554213,0.26384028485416533,0.5459595602947062,0.6278628172151196,0.8008603400169664,0.7911126598249955,0.14595757917931965,0.22517603573540024
21698,GWnvuH9M,2026-03-02 17:00:00+00:00,PL1,Zaglebie,Wisla Plock,1x2_a,pass,72.0,,0.0,0.6770176816813914,0.48109716044949064,0.22264226884291705,0.08105982019363762,0.32298231831860863,0.5189028395505093,0.6133010542605067,0.5112951300418249,0.46714945980855654,0.22977667399998492,0.3029770321128346,0.6970229678871656,0.5328505401914435,0.7667085322695216,0.3263948138987684,0.2794272237467664,0.5412928971752501,0.45282671530417123,0.1771713954834974,0.14522342380402165,0.6214378182581802,0.6207214154374728,0.8504094354239832,0.7809636076956784,0.21316712516653058,0.1316325620455031
5537,ShaW3Dp3,2026-03-02 18:30:00+00:00,SP2,Cordoba,Andorra,1x2_a,pass,72.0,,0.0,0.6967002213639311,0.4817114851713584,0.18974513412525792,0.06584517372899117,0.30329977863606894,0.5182885148286416,0.6224749747247498,0.5085520100858988,0.6184623437607198,0.20924527303380133,0.2074437412259996,0.7925562587740008,0.3815376562392802,0.78736194397265,0.48614313082443106,0.12281964067678354,0.7002767113061231,0.29426129426129427,0.35449285730694385,0.09482773404674932,0.7466204331875974,0.6384992887017743,0.8718643125626495,0.7746327888171859,0.3690604198668715,0.10056571550558598
4520,8OEoZ4fE,2026-03-02 18:45:00+00:00,I1,Udinese,Fiorentina,1x2_a,pass,72.0,,0.0,0.6980365788253821,0.41660331282972796,0.232249944725071,0.08898610860544831,0.30196342117461794,0.583396687170272,0.6240579805282213,0.5182555359128793,0.34518361950709203,0.25689842612683145,0.3936144252911687,0.6063855747088313,0.654816380492908,0.7467279942114352,0.29973615146028937,0.2837650951853609,0.4131639135387261,0.5274098462485806,0.15792219420554213,0.21169171209028562,0.616246612285191,0.5691183351780992,0.8008603400169664,0.7451286261631088,0.1437210883056453,0.21042315201157946
12137,hEXEc2OE,2026-03-02 18:45:00+00:00,F2,Amiens,Troyes,1x2_a,pass,72.0,,0.0,0.7740565162726467,0.5489473001325005,0.3158520912914522,0.15099476001089296,0.2259434837273533,0.4510526998674995,0.6295364677561942,0.5277820811061126,0.23199348101996076,0.20924527303380133,0.6096943938473993,0.3903056061526007,0.7680065189800391,0.78736194397265,0.34268658429836263,0.6532647541775332,0.3989255372313843,0.6961640211640212,0.18701122232332423,0.36846405228758167,0.5933166449378544,0.7826055807964015,0.8367640176685404,0.8940038702628631,0.15201830090050386,0.30176316089985156
5138,lx1RyDo4,2026-03-02 19:00:00+00:00,SP1,Real Madrid,Getafe,1x2_a,pass,72.0,,0.0,0.7042698203207282,0.4672815638502528,0.21891661139173768,0.08898610860544831,0.2957301796792718,0.5327184361497471,0.6148840600639782,0.4850979265002775,0.5335439868988144,0.26984095983510165,0.1905652753843308,0.8094347246156692,0.4664560131011856,0.731221759820221,0.39933599876584475,0.21213908153329494,0.6936461883270394,0.35241287889664147,0.22345610004239327,0.06969237306780401,0.6800005459496653,0.5680501907456089,0.8718643125626495,0.7459156658971645,0.2914410022457607,0.07039772035924402
20829,xYe2pAJG,2026-03-02 19:45:00+00:00,IE1,St. Patricks,Galway,o15,pass,63.0,-0.06477597971130533,0.0,0.8334647610294353,0.45476214132996456,0.33941425870073,0.12891885211532667,0.16653523897056458,0.5452378586700354,0.5076679630900633,0.504462020004542,0.47497951452789383,0.21611177305301688,0.25118427728377263,0.7488157227162273,0.5250204854721062,0.7849509466023058,0.4930681636851513,0.37124025606655486,0.4404247306546158,0.6450833835643963,0.19229260760470954,0.371410896369299,0.629178815893193,0.6008240563013668,0.9069370878416105,0.853316852930198,0.27281183849081075,0.11159460074564707
1123,vVuJMpSs,2026-03-02 20:00:00+00:00,E1,Birmingham,Middlesbrough,1x2_a,pass,72.0,,0.0,0.7563050969549705,0.5139906284292429,0.23306489687128876,0.08547543864227493,0.24339651362886616,0.48600937157075713,0.6138518955468961,0.5412455602445055,0.2753310489037333,0.23664317401920046,0.4323245060949979,0.5676754939050022,0.7246689510962666,0.7642975348991774,0.34659683410078856,0.4652102068897735,0.4686532686532687,0.5706741756856696,0.1942617669856336,0.2816278691693908,0.6214378182581802,0.7031926614345282,0.8329468927407072,0.8751204411610689,0.1775268944149457,0.2651331242698149
19588,QJVVOW7M,2026-03-02 20:15:00+00:00,P1,Gil Vicente,Benfica,1x2_a,pass,72.0,,0.0,0.8253679262047463,0.5162731565607704,0.27395664688028454,0.12349558520589027,0.17463207379525372,0.4837268434392296,0.5668342410277895,0.6751614987080105,0.22652116402116404,0.26984095983510165,0.3559211434649061,0.6440788565350939,0.7734788359788359,0.731221759820221,0.3576144573381634,0.3969430532503793,0.4633237771442422,0.5846390769856252,0.21020322787579682,0.22517164280796018,0.629178815893193,0.638817052474948,0.8497859917120048,0.8935962749785452,0.1937537673297167,0.2293015782863499
