fixture_id,market_code,model_name,model_version,p_model,home_corners_mu_pred,away_corners_mu_pred
21423,c75,market_outcome_v2,challenger_20260307,0.7476760120542636,5.617849518985543,4.2802185674592375
21423,c85,market_outcome_v2,challenger_20260307,0.637411939997826,5.617849518985543,4.2802185674592375
21423,c95,market_outcome_v2,challenger_20260307,0.5197565127767179,5.617849518985543,4.2802185674592375
21423,c105,market_outcome_v2,challenger_20260307,0.4049413052349997,5.617849518985543,4.2802185674592375
21423,hc25,market_outcome_v2,challenger_20260307,0.8578153531402792,5.617849518985543,4.2802185674592375
21423,hc35,market_outcome_v2,challenger_20260307,0.7386768092117332,5.617849518985543,4.2802185674592375
21423,hc45,market_outcome_v2,challenger_20260307,0.6016563903532957,5.617849518985543,4.2802185674592375
21423,hc55,market_outcome_v2,challenger_20260307,0.46493627929055603,5.617849518985543,4.2802185674592375
21423,ac25,market_outcome_v2,challenger_20260307,0.7333132646619773,5.617849518985543,4.2802185674592375
21423,ac35,market_outcome_v2,challenger_20260307,0.5690334650634645,5.617849518985543,4.2802185674592375
21423,ac45,market_outcome_v2,challenger_20260307,0.41198743336484833,5.617849518985543,4.2802185674592375
21423,ac55,market_outcome_v2,challenger_20260307,0.2806865599588144,5.617849518985543,4.2802185674592375
21424,c75,market_outcome_v2,challenger_20260307,0.7242672779685768,5.604212555524729,4.039711274689786
21424,c85,market_outcome_v2,challenger_20260307,0.6096206590102966,5.604212555524729,4.039711274689786
21424,c95,market_outcome_v2,challenger_20260307,0.48995274156456625,5.604212555524729,4.039711274689786
21424,c105,market_outcome_v2,challenger_20260307,0.37571654720455494,5.604212555524729,4.039711274689786
21424,hc25,market_outcome_v2,challenger_20260307,0.8569450061501731,5.604212555524729,4.039711274689786
21424,hc35,market_outcome_v2,challenger_20260307,0.7373431610524405,5.604212555524729,4.039711274689786
21424,hc45,market_outcome_v2,challenger_20260307,0.5999942198414788,5.604212555524729,4.039711274689786
21424,hc55,market_outcome_v2,challenger_20260307,0.4631498729574409,5.604212555524729,4.039711274689786
21424,ac25,market_outcome_v2,challenger_20260307,0.7041623542734377,5.604212555524729,4.039711274689786
21424,ac35,market_outcome_v2,challenger_20260307,0.532569550485491,5.604212555524729,4.039711274689786
21424,ac45,market_outcome_v2,challenger_20260307,0.3745854420339223,5.604212555524729,4.039711274689786
21424,ac55,market_outcome_v2,challenger_20260307,0.24737417382137905,5.604212555524729,4.039711274689786
22193,c75,market_outcome_v2,challenger_20260307,0.7217303179960894,5.160994184115156,4.456341679970615
22193,c85,market_outcome_v2,challenger_20260307,0.6066450634408039,5.160994184115156,4.456341679970615
22193,c95,market_outcome_v2,challenger_20260307,0.48680028675171505,5.160994184115156,4.456341679970615
22193,c105,market_outcome_v2,challenger_20260307,0.37266286706819907,5.160994184115156,4.456341679970615
22193,hc25,market_outcome_v2,challenger_20260307,0.8254578549220035,5.160994184115156,4.456341679970615
22193,hc35,market_outcome_v2,challenger_20260307,0.6903626377501171,5.160994184115156,4.456341679970615
22193,hc45,market_outcome_v2,challenger_20260307,0.5429669509848434,5.160994184115156,4.456341679970615
22193,hc55,market_outcome_v2,challenger_20260307,0.4034446323029388,5.160994184115156,4.456341679970615
22193,ac25,market_outcome_v2,challenger_20260307,0.7528471276019033,5.160994184115156,4.456341679970615
22193,ac35,market_outcome_v2,challenger_20260307,0.5942541421763592,5.160994184115156,4.456341679970615
22193,ac45,market_outcome_v2,challenger_20260307,0.4386878776300974,5.160994184115156,4.456341679970615
22193,ac55,market_outcome_v2,challenger_20260307,0.30522984509944084,5.160994184115156,4.456341679970615
21425,c75,market_outcome_v2,challenger_20260307,0.6889828301919368,4.874852656136803,4.41371748807286
21425,c85,market_outcome_v2,challenger_20260307,0.5688460565530166,4.874852656136803,4.41371748807286
21425,c95,market_outcome_v2,challenger_20260307,0.4473882441733368,4.874852656136803,4.41371748807286
21425,c105,market_outcome_v2,challenger_20260307,0.3350870287496295,4.874852656136803,4.41371748807286
21425,hc25,market_outcome_v2,challenger_20260307,0.8014538473694164,4.874852656136803,4.41371748807286
21425,hc35,market_outcome_v2,challenger_20260307,0.6560763051544265,4.874852656136803,4.41371748807286
21425,hc45,market_outcome_v2,challenger_20260307,0.5031294952546164,4.874852656136803,4.41371748807286
21425,hc55,market_outcome_v2,challenger_20260307,0.3635255689564715,4.874852656136803,4.41371748807286
21425,ac25,market_outcome_v2,challenger_20260307,0.7482542948746501,4.874852656136803,4.41371748807286
21425,ac35,market_outcome_v2,challenger_20260307,0.5882655550426625,4.874852656136803,4.41371748807286
21425,ac45,market_outcome_v2,challenger_20260307,0.4322855397718579,4.874852656136803,4.41371748807286
21425,ac55,market_outcome_v2,challenger_20260307,0.29928716165040203,4.874852656136803,4.41371748807286
19897,c75,market_outcome_v2,challenger_20260307,0.7558926176632594,6.169103198717539,3.82230620204914
19897,c85,market_outcome_v2,challenger_20260307,0.6473143388838846,6.169103198717539,3.82230620204914
19897,c95,market_outcome_v2,challenger_20260307,0.5305361747581816,6.169103198717539,3.82230620204914
19897,c105,market_outcome_v2,challenger_20260307,0.4156706116799215,6.169103198717539,3.82230620204914
19897,hc25,market_outcome_v2,challenger_20260307,0.8887627776019322,6.169103198717539,3.82230620204914
19897,hc35,market_outcome_v2,challenger_20260307,0.7874631643870945,6.169103198717539,3.82230620204914
19897,hc45,market_outcome_v2,challenger_20260307,0.6642271884147466,6.169103198717539,3.82230620204914
19897,hc55,market_outcome_v2,challenger_20260307,0.5341559307429334,6.169103198717539,3.82230620204914
19897,ac25,market_outcome_v2,challenger_20260307,0.6751764996466925,6.169103198717539,3.82230620204914
19897,ac35,market_outcome_v2,challenger_20260307,0.4976329917422816,6.169103198717539,3.82230620204914
19897,ac45,market_outcome_v2,challenger_20260307,0.3400558127336797,6.169103198717539,3.82230620204914
19897,ac55,market_outcome_v2,challenger_20260307,0.21774082058289945,6.169103198717539,3.82230620204914
19898,c75,market_outcome_v2,challenger_20260307,0.7366801090590009,5.360374549499744,4.41625288431663
19898,c85,market_outcome_v2,challenger_20260307,0.6242811677692947,5.360374549499744,4.41625288431663
19898,c95,market_outcome_v2,challenger_20260307,0.5055930952257734,5.360374549499744,4.41625288431663
19898,c105,market_outcome_v2,challenger_20260307,0.39097282038635517,5.360374549499744,4.41625288431663
19898,hc25,market_outcome_v2,challenger_20260307,0.8404198576471158,5.360374549499744,4.41625288431663
19898,hc35,market_outcome_v2,challenger_20260307,0.7123872908588313,5.360374549499744,4.41625288431663
19898,hc45,market_outcome_v2,challenger_20260307,0.5693384149295496,5.360374549499744,4.41625288431663
19898,hc55,market_outcome_v2,challenger_20260307,0.4306747879753736,5.360374549499744,4.41625288431663
19898,ac25,market_outcome_v2,challenger_20260307,0.7485298541402857,5.360374549499744,4.41625288431663
19898,ac35,market_outcome_v2,challenger_20260307,0.5886238268657152,5.360374549499744,4.41625288431663
19898,ac45,market_outcome_v2,challenger_20260307,0.4326674659397105,5.360374549499744,4.41625288431663
19898,ac55,market_outcome_v2,challenger_20260307,0.29964064960972137,5.360374549499744,4.41625288431663
22194,c75,market_outcome_v2,challenger_20260307,0.7276255384191641,4.394715552720038,5.284675971203318
22194,c85,market_outcome_v2,challenger_20260307,0.6135703115243569,4.394715552720038,5.284675971203318
22194,c95,market_outcome_v2,challenger_20260307,0.4941485749358834,4.394715552720038,5.284675971203318
22194,c105,market_outcome_v2,challenger_20260307,0.3797920147243795,4.394715552720038,5.284675971203318
22194,hc25,market_outcome_v2,challenger_20260307,0.7535163041972124,4.394715552720038,5.284675971203318
22194,hc35,market_outcome_v2,challenger_20260307,0.5910960318058062,4.394715552720038,5.284675971203318
22194,hc45,market_outcome_v2,challenger_20260307,0.43145905661857475,4.394715552720038,5.284675971203318
22194,hc55,market_outcome_v2,challenger_20260307,0.2953331282189934,4.394715552720038,5.284675971203318
22194,ac25,market_outcome_v2,challenger_20260307,0.827026339999134,4.394715552720038,5.284675971203318
22194,ac35,market_outcome_v2,challenger_20260307,0.6964193475129803,4.394715552720038,5.284675971203318
22194,ac45,market_outcome_v2,challenger_20260307,0.5541630631546596,4.394715552720038,5.284675971203318
22194,ac55,market_outcome_v2,challenger_20260307,0.4186521291789217,4.394715552720038,5.284675971203318
21426,c75,market_outcome_v2,challenger_20260307,0.7520721978963356,5.581690361269707,4.366030684055676
21426,c85,market_outcome_v2,challenger_20260307,0.6427003264241838,5.581690361269707,4.366030684055676
21426,c95,market_outcome_v2,challenger_20260307,0.5255027750778755,5.581690361269707,4.366030684055676
21426,c105,market_outcome_v2,challenger_20260307,0.41065014516329135,5.581690361269707,4.366030684055676
21426,hc25,market_outcome_v2,challenger_20260307,0.8554954993759483,5.581690361269707,4.366030684055676
21426,hc35,market_outcome_v2,challenger_20260307,0.7351264422110328,5.581690361269707,4.366030684055676
21426,hc45,market_outcome_v2,challenger_20260307,0.597236903584652,5.581690361269707,4.366030684055676
21426,hc55,market_outcome_v2,challenger_20260307,0.4601923163675177,5.581690361269707,4.366030684055676
21426,ac25,market_outcome_v2,challenger_20260307,0.7430151061288324,5.581690361269707,4.366030684055676
21426,ac35,market_outcome_v2,challenger_20260307,0.5814785609301888,5.581690361269707,4.366030684055676
21426,ac45,market_outcome_v2,challenger_20260307,0.42507675998233196,5.581690361269707,4.366030684055676
21426,ac55,market_outcome_v2,challenger_20260307,0.29263938796573385,5.581690361269707,4.366030684055676
19899,c75,market_outcome_v2,challenger_20260307,0.719604119940835,5.5097804229947736,4.085405933383817
19899,c85,market_outcome_v2,challenger_20260307,0.6041566034386443,5.5097804229947736,4.085405933383817
19899,c95,market_outcome_v2,challenger_20260307,0.48416958126203546,5.5097804229947736,4.085405933383817
19899,c105,market_outcome_v2,challenger_20260307,0.3701200597957184,5.5097804229947736,4.085405933383817
19899,hc25,market_outcome_v2,challenger_20260307,0.8507650720834686,5.5097804229947736,4.085405933383817
19899,hc35,market_outcome_v2,challenger_20260307,0.7279299256848516,5.5097804229947736,4.085405933383817
19899,hc45,market_outcome_v2,challenger_20260307,0.5883319437530252,5.5097804229947736,4.085405933383817
19899,hc55,market_outcome_v2,challenger_20260307,0.4506903346039899,5.5097804229947736,4.085405933383817
19899,ac25,market_outcome_v2,challenger_20260307,0.7099300457983551,5.5097804229947736,4.085405933383817
19899,ac35,market_outcome_v2,challenger_20260307,0.539676051951393,5.5097804229947736,4.085405933383817
19899,ac45,market_outcome_v2,challenger_20260307,0.3817647199216966,5.5097804229947736,4.085405933383817
19899,ac55,market_outcome_v2,challenger_20260307,0.25367120854441993,5.5097804229947736,4.085405933383817
19064,c75,market_outcome_v2,challenger_20260307,0.7773936365448154,5.817267101130323,4.430196562671642
19064,c85,market_outcome_v2,challenger_20260307,0.6736068591634061,5.817267101130323,4.430196562671642
19064,c95,market_outcome_v2,challenger_20260307,0.5595788281842813,5.817267101130323,4.430196562671642
19064,c105,market_outcome_v2,challenger_20260307,0.4450035989625435,5.817267101130323,4.430196562671642
19064,hc25,market_outcome_v2,challenger_20260307,0.8699341699607646,5.817267101130323,4.430196562671642
19064,hc35,market_outcome_v2,challenger_20260307,0.7574572382966935,5.817267101130323,4.430196562671642
19064,hc45,market_outcome_v2,challenger_20260307,0.6253293423234649,5.817267101130323,4.430196562671642
19064,hc55,market_outcome_v2,challenger_20260307,0.49066900840743444,5.817267101130323,4.430196562671642
19064,ac25,market_outcome_v2,challenger_20260307,0.7500399560672636,5.817267101130323,4.430196562671642
19064,ac35,market_outcome_v2,challenger_20260307,0.5905895327707982,5.817267101130323,4.430196562671642
19064,ac45,market_outcome_v2,challenger_20260307,0.43476543988420113,5.817267101130323,4.430196562671642
19064,ac55,market_outcome_v2,challenger_20260307,0.3015847121277737,5.817267101130323,4.430196562671642
21704,c75,market_outcome_v2,challenger_20260307,0.7291093751507268,4.793510484169524,4.901653058074643
21704,c85,market_outcome_v2,challenger_20260307,0.6153193782885036,4.793510484169524,4.901653058074643
21704,c95,market_outcome_v2,challenger_20260307,0.4960108387564026,4.793510484169524,4.901653058074643
21704,c105,market_outcome_v2,challenger_20260307,0.38160492204336327,4.793510484169524,4.901653058074643
21704,hc25,market_outcome_v2,challenger_20260307,0.7940409463107085,4.793510484169524,4.901653058074643
21704,hc35,market_outcome_v2,challenger_20260307,0.6457342976669377,4.793510484169524,4.901653058074643
21704,hc45,market_outcome_v2,challenger_20260307,0.4913937368935317,4.793510484169524,4.901653058074643
21704,hc55,market_outcome_v2,challenger_20260307,0.3520415990949848,4.793510484169524,4.901653058074643
21704,ac25,market_outcome_v2,challenger_20260307,0.7960662172066968,4.793510484169524,4.901653058074643
21704,ac35,market_outcome_v2,challenger_20260307,0.6524725454497255,4.793510484169524,4.901653058074643
21704,ac45,market_outcome_v2,challenger_20260307,0.5030071986174016,4.793510484169524,4.901653058074643
21704,ac55,market_outcome_v2,challenger_20260307,0.3669430923936339,4.793510484169524,4.901653058074643
22195,c75,market_outcome_v2,challenger_20260307,0.7310518360143358,4.211649920120696,5.504255429206966
22195,c85,market_outcome_v2,challenger_20260307,0.617612701720751,4.211649920120696,5.504255429206966
22195,c95,market_outcome_v2,challenger_20260307,0.4984564810609202,4.211649920120696,5.504255429206966
22195,c105,market_outcome_v2,challenger_20260307,0.38398954760621573,4.211649920120696,5.504255429206966
22195,hc25,market_outcome_v2,challenger_20260307,0.7323847085146731,4.211649920120696,5.504255429206966
22195,hc35,market_outcome_v2,challenger_20260307,0.5637973825895563,4.211649920120696,5.504255429206966
22195,hc45,market_outcome_v2,challenger_20260307,0.40277338391490014,4.211649920120696,5.504255429206966
22195,hc55,market_outcome_v2,challenger_20260307,0.26933818689251154,4.211649920120696,5.504255429206966
22195,ac25,market_outcome_v2,challenger_20260307,0.8425339734764522,4.211649920120696,5.504255429206966
22195,ac35,market_outcome_v2,challenger_20260307,0.7192107315207974,4.211649920120696,5.504255429206966
22195,ac45,market_outcome_v2,challenger_20260307,0.5816284544977023,4.211649920120696,5.504255429206966
22195,ac55,market_outcome_v2,challenger_20260307,0.4473897048960743,4.211649920120696,5.504255429206966
4167,c75,market_outcome_v2,challenger_20260307,0.7523916499576726,5.602229675511015,4.349125022497712
4167,c85,market_outcome_v2,challenger_20260307,0.6430854836424733,5.602229675511015,4.349125022497712
4167,c95,market_outcome_v2,challenger_20260307,0.5259222295908795,5.602229675511015,4.349125022497712
4167,c105,market_outcome_v2,challenger_20260307,0.4110678131737653,5.602229675511015,4.349125022497712
4167,hc25,market_outcome_v2,challenger_20260307,0.8568179954681241,5.602229675511015,4.349125022497712
4167,hc35,market_outcome_v2,challenger_20260307,0.7371487059275097,5.602229675511015,4.349125022497712
4167,hc45,market_outcome_v2,challenger_20260307,0.5997520701466511,5.602229675511015,4.349125022497712
4167,hc55,market_outcome_v2,challenger_20260307,0.4628898457731848,5.602229675511015,4.349125022497712
4167,ac25,market_outcome_v2,challenger_20260307,0.7411318367465397,5.602229675511015,4.349125022497712
4167,ac35,market_outcome_v2,challenger_20260307,0.5790503668159726,5.602229675511015,4.349125022497712
4167,ac45,market_outcome_v2,challenger_20260307,0.4225097727833057,5.602229675511015,4.349125022497712
4167,ac55,market_outcome_v2,challenger_20260307,0.2902832936582438,5.602229675511015,4.349125022497712
4168,c75,market_outcome_v2,challenger_20260307,0.7467712010707526,6.004310211462562,3.8836186326287288
4168,c85,market_outcome_v2,challenger_20260307,0.6363262638743571,6.004310211462562,3.8836186326287288
4168,c95,market_outcome_v2,challenger_20260307,0.5185798359061301,6.004310211462562,3.8836186326287288
4168,c105,market_outcome_v2,challenger_20260307,0.40377526460698876,6.004310211462562,3.8836186326287288
4168,hc25,market_outcome_v2,challenger_20260307,0.880326000451277,6.004310211462562,3.8836186326287288
4168,hc35,market_outcome_v2,challenger_20260307,0.7738879749538766,6.004310211462562,3.8836186326287288
4168,hc45,market_outcome_v2,challenger_20260307,0.6464603600532484,6.004310211462562,3.8836186326287288
4168,hc55,market_outcome_v2,challenger_20260307,0.5141041240007809,6.004310211462562,3.8836186326287288
4168,ac25,market_outcome_v2,challenger_20260307,0.6836146205116076,6.004310211462562,3.8836186326287288
4168,ac35,market_outcome_v2,challenger_20260307,0.5076717371216362,6.004310211462562,3.8836186326287288
4168,ac45,market_outcome_v2,challenger_20260307,0.3498481494580379,6.004310211462562,3.8836186326287288
4168,ac55,market_outcome_v2,challenger_20260307,0.22603408978656392,6.004310211462562,3.8836186326287288
4169,c75,market_outcome_v2,challenger_20260307,0.7392447042998943,5.141346421855169,4.6632652926353995
4169,c85,market_outcome_v2,challenger_20260307,0.6273314578280539,5.141346421855169,4.6632652926353995
4169,c95,market_outcome_v2,challenger_20260307,0.5088701080297166,5.141346421855169,4.6632652926353995
4169,c105,market_outcome_v2,challenger_20260307,0.39419177503198544,5.141346421855169,4.6632652926353995
4169,hc25,market_outcome_v2,challenger_20260307,0.8239079807953613,5.141346421855169,4.6632652926353995
4169,hc35,market_outcome_v2,challenger_20260307,0.6881106993207821,5.141346421855169,4.6632652926353995
4169,hc45,market_outcome_v2,challenger_20260307,0.5403055997698084,5.141346421855169,4.6632652926353995
4169,hc55,market_outcome_v2,challenger_20260307,0.40073245314592765,5.141346421855169,4.6632652926353995
4169,ac25,market_outcome_v2,challenger_20260307,0.7739773425382098,5.141346421855169,4.6632652926353995
4169,ac35,market_outcome_v2,challenger_20260307,0.6222864646705445,5.141346421855169,4.6632652926353995
4169,ac45,market_outcome_v2,challenger_20260307,0.46918176949349133,5.141346421855169,4.6632652926353995
4169,ac55,market_outcome_v2,challenger_20260307,0.33403197204608615,5.141346421855169,4.6632652926353995
19353,c75,market_outcome_v2,challenger_20260307,0.756812939253128,6.0258531589010635,3.976157346452202
19353,c85,market_outcome_v2,challenger_20260307,0.6484283896943609,6.0258531589010635,3.976157346452202
19353,c95,market_outcome_v2,challenger_20260307,0.5317542802366741,6.0258531589010635,3.976157346452202
19353,c105,market_outcome_v2,challenger_20260307,0.4168883790462862,6.0258531589010635,3.976157346452202
19353,hc25,market_outcome_v2,challenger_20260307,0.8814659589739164,6.0258531589010635,3.976157346452202
19353,hc35,market_outcome_v2,challenger_20260307,0.7757095914580403,6.0258531589010635,3.976157346452202
19353,hc45,market_outcome_v2,challenger_20260307,0.6488279713563949,6.0258531589010635,3.976157346452202
19353,hc55,market_outcome_v2,challenger_20260307,0.5167577170090535,6.0258531589010635,3.976157346452202
19353,ac25,market_outcome_v2,challenger_20260307,0.6959558102987372,6.0258531589010635,3.976157346452202
19353,ac35,market_outcome_v2,challenger_20260307,0.5225477434786618,6.0258531589010635,3.976157346452202
19353,ac45,market_outcome_v2,challenger_20260307,0.3645507317814636,6.0258531589010635,3.976157346452202
19353,ac55,market_outcome_v2,challenger_20260307,0.2386505681138914,6.0258531589010635,3.976157346452202
1675,c75,market_outcome_v2,challenger_20260307,0.7423014824823879,4.989759675233736,4.848472798140285
1675,c85,market_outcome_v2,challenger_20260307,0.6309768137732539,4.989759675233736,4.848472798140285
1675,c95,market_outcome_v2,challenger_20260307,0.5127968353117496,4.989759675233736,4.848472798140285
1675,c105,market_outcome_v2,challenger_20260307,0.3980591951401764,4.989759675233736,4.848472798140285
1675,hc25,market_outcome_v2,challenger_20260307,0.811470680218032,4.989759675233736,4.848472798140285
1675,hc35,market_outcome_v2,challenger_20260307,0.6702326789412194,4.989759675233736,4.848472798140285
1675,hc45,market_outcome_v2,challenger_20260307,0.5194024753012649,4.989759675233736,4.848472798140285
1675,hc55,market_outcome_v2,challenger_20260307,0.37965654128791604,4.989759675233736,4.848472798140285
1675,ac25,market_outcome_v2,challenger_20260307,0.7913372286778834,4.989759675233736,4.848472798140285
1675,ac35,market_outcome_v2,challenger_20260307,0.6459313286755781,4.989759675233736,4.848472798140285
1675,ac45,market_outcome_v2,challenger_20260307,0.4955886394617902,4.989759675233736,4.848472798140285
1675,ac55,market_outcome_v2,challenger_20260307,0.3596382533829626,4.989759675233736,4.848472798140285
5145,c75,market_outcome_v2,challenger_20260307,0.7032589682882067,5.165558781209999,4.263210963861776
5145,c85,market_outcome_v2,challenger_20260307,0.5851871103835103,5.165558781209999,4.263210963861776
5145,c95,market_outcome_v2,challenger_20260307,0.46428369386185997,5.165558781209999,4.263210963861776
5145,c105,market_outcome_v2,challenger_20260307,0.3510592329332757,5.165558781209999,4.263210963861776
5145,hc25,market_outcome_v2,challenger_20260307,0.82581593182694,5.165558781209999,4.263210963861776
5145,hc35,market_outcome_v2,challenger_20260307,0.6908836896742057,5.165558781209999,4.263210963861776
5145,hc45,market_outcome_v2,challenger_20260307,0.5435836469308547,5.165558781209999,4.263210963861776
5145,hc55,market_outcome_v2,challenger_20260307,0.40407403918505547,5.165558781209999,4.263210963861776
5145,ac25,market_outcome_v2,challenger_20260307,0.731347839439016,5.165558781209999,4.263210963861776
5145,ac35,market_outcome_v2,challenger_20260307,0.5665315000001008,5.165558781209999,4.263210963861776
5145,ac45,market_outcome_v2,challenger_20260307,0.4093760218382204,5.165558781209999,4.263210963861776
5145,ac55,market_outcome_v2,challenger_20260307,0.2783201059213165,5.165558781209999,4.263210963861776
5543,c75,market_outcome_v2,challenger_20260307,0.7192587433901712,5.468028216662044,4.123571558551468
5543,c85,market_outcome_v2,challenger_20260307,0.6037528407878743,5.468028216662044,4.123571558551468
5543,c95,market_outcome_v2,challenger_20260307,0.4837432237476289,5.468028216662044,4.123571558551468
5543,c105,market_outcome_v2,challenger_20260307,0.3697084163424921,5.468028216662044,4.123571558551468
5543,hc25,market_outcome_v2,challenger_20260307,0.8479454952827474,5.468028216662044,4.123571558551468
5543,hc35,market_outcome_v2,challenger_20260307,0.7236674766799459,5.468028216662044,4.123571558551468
5543,hc45,market_outcome_v2,challenger_20260307,0.5830908654771446,5.468028216662044,4.123571558551468
5543,hc55,market_outcome_v2,challenger_20260307,0.4451331709643944,5.468028216662044,4.123571558551468
5543,ac25,market_outcome_v2,challenger_20260307,0.7146635959088313,5.468028216662044,4.123571558551468
5543,ac35,market_outcome_v2,challenger_20260307,0.5455477040180434,5.468028216662044,4.123571558551468
5543,ac45,market_outcome_v2,challenger_20260307,0.38773650409434635,5.468028216662044,4.123571558551468
5543,ac55,market_outcome_v2,challenger_20260307,0.2589444501755297,5.468028216662044,4.123571558551468
20148,c75,market_outcome_v2,challenger_20260307,0.7497317483739875,5.934169569386922,3.987036034842382
20148,c85,market_outcome_v2,challenger_20260307,0.6398821045661136,5.934169569386922,3.987036034842382
20148,c95,market_outcome_v2,challenger_20260307,0.5224375261959174,5.934169569386922,3.987036034842382
20148,c105,market_outcome_v2,challenger_20260307,0.4076018571458402,5.934169569386922,3.987036034842382
20148,hc25,market_outcome_v2,challenger_20260307,0.8765344450393893,5.934169569386922,3.987036034842382
20148,hc35,market_outcome_v2,challenger_20260307,0.7678568705686684,5.934169569386922,3.987036034842382
20148,hc45,market_outcome_v2,challenger_20260307,0.638657326968664,5.934169569386922,3.987036034842382
20148,hc55,market_outcome_v2,challenger_20260307,0.5053984555304079,5.934169569386922,3.987036034842382
20148,ac25,market_outcome_v2,challenger_20260307,0.697375934924815,5.934169569386922,3.987036034842382
20148,ac35,market_outcome_v2,challenger_20260307,0.5242745207465551,5.934169569386922,3.987036034842382
20148,ac45,market_outcome_v2,challenger_20260307,0.3662722650768113,5.934169569386922,3.987036034842382
20148,ac55,market_outcome_v2,challenger_20260307,0.2401406944540012,5.934169569386922,3.987036034842382
22450,c75,market_outcome_v2,challenger_20260307,0.7530283939580158,5.710598693876167,4.248009234928501
22450,c85,market_outcome_v2,challenger_20260307,0.6438535480735785,5.710598693876167,4.248009234928501
22450,c95,market_outcome_v2,challenger_20260307,0.526759074424049,5.710598693876167,4.248009234928501
22450,c105,market_outcome_v2,challenger_20260307,0.41190147851598913,5.710598693876167,4.248009234928501
22450,hc25,market_outcome_v2,challenger_20260307,0.8635912638666836,5.710598693876167,4.248009234928501
22450,hc35,market_outcome_v2,challenger_20260307,0.7475781114964017,5.710598693876167,4.248009234928501
22450,hc45,market_outcome_v2,challenger_20260307,0.6128141144020822,5.710598693876167,4.248009234928501
22450,hc55,market_outcome_v2,challenger_20260307,0.4769969533109679,5.710598693876167,4.248009234928501
22450,ac25,market_outcome_v2,challenger_20260307,0.7295790241537808,5.710598693876167,4.248009234928501
22450,ac35,market_outcome_v2,challenger_20260307,0.5642852906411245,5.710598693876167,4.248009234928501
22450,ac45,market_outcome_v2,challenger_20260307,0.40703725301296445,5.710598693876167,4.248009234928501
22450,ac55,market_outcome_v2,challenger_20260307,0.27620587219918036,5.710598693876167,4.248009234928501
22601,c75,market_outcome_v2,challenger_20260307,0.7193500782690183,4.943404648134999,4.649143292270855
22601,c85,market_outcome_v2,challenger_20260307,0.6038596034193491,4.943404648134999,4.649143292270855
22601,c95,market_outcome_v2,challenger_20260307,0.48385594774017604,4.943404648134999,4.649143292270855
22601,c105,market_outcome_v2,challenger_20260307,0.36981723740561434,4.943404648134999,4.649143292270855
22601,hc25,market_outcome_v2,challenger_20260307,0.8074925609610089,4.943404648134999,4.649143292270855
22601,hc35,market_outcome_v2,challenger_20260307,0.6645851996090631,4.943404648134999,4.649143292270855
22601,hc45,market_outcome_v2,challenger_20260307,0.5128814155514976,4.943404648134999,4.649143292270855
22601,hc55,market_outcome_v2,challenger_20260307,0.3731634233121115,4.943404648134999,4.649143292270855
22601,ac25,market_outcome_v2,challenger_20260307,0.772594964280344,4.943404648134999,4.649143292270855
22601,ac35,market_outcome_v2,challenger_20260307,0.6204278744748328,4.943404648134999,4.649143292270855
22601,ac45,market_outcome_v2,challenger_20260307,0.46713292196272926,4.943404648134999,4.649143292270855
22601,ac55,market_outcome_v2,challenger_20260307,0.3320710324657534,4.943404648134999,4.649143292270855
19065,c75,market_outcome_v2,challenger_20260307,0.7835723300926284,4.374409460770933,5.950146766074948
19065,c85,market_outcome_v2,challenger_20260307,0.6812678144414352,4.374409460770933,5.950146766074948
19065,c95,market_outcome_v2,challenger_20260307,0.5681587851914214,4.374409460770933,5.950146766074948
19065,c105,market_outcome_v2,challenger_20260307,0.4537895390627389,4.374409460770933,5.950146766074948
19065,hc25,market_outcome_v2,challenger_20260307,0.7512548107127861,4.374409460770933,5.950146766074948
19065,hc35,market_outcome_v2,challenger_20260307,0.588136963090226,4.374409460770933,5.950146766074948
19065,hc45,market_outcome_v2,challenger_20260307,0.42830985480986294,4.374409460770933,5.950146766074948
19065,hc55,market_outcome_v2,challenger_20260307,0.29244300357200614,4.374409460770933,5.950146766074948
19065,ac25,market_outcome_v2,challenger_20260307,0.8697018284123468,4.374409460770933,5.950146766074948
19065,ac35,market_outcome_v2,challenger_20260307,0.7605270647099479,4.374409460770933,5.950146766074948
19065,ac45,market_outcome_v2,challenger_20260307,0.6331548474232553,4.374409460770933,5.950146766074948
19065,ac55,market_outcome_v2,challenger_20260307,0.503190268818051,4.374409460770933,5.950146766074948
19066,c75,market_outcome_v2,challenger_20260307,0.7648123241567722,5.4546139031369645,4.640843168141834
19066,c85,market_outcome_v2,challenger_20260307,0.6581539565574787,5.4546139031369645,4.640843168141834
19066,c95,market_outcome_v2,challenger_20260307,0.5424347402001438,5.4546139031369645,4.640843168141834
19066,c105,market_outcome_v2,challenger_20260307,0.42761262387412446,5.4546139031369645,4.640843168141834
19066,hc25,market_outcome_v2,challenger_20260307,0.8470280107920682,5.4546139031369645,4.640843168141834
19066,hc35,market_outcome_v2,challenger_20260307,0.7222847814247909,5.4546139031369645,4.640843168141834
19066,hc45,market_outcome_v2,challenger_20260307,0.5813959826389747,5.4546139031369645,4.640843168141834
19066,hc55,market_outcome_v2,challenger_20260307,0.44334164433378676,5.4546139031369645,4.640843168141834
19066,ac25,market_outcome_v2,challenger_20260307,0.7717784935684961,5.4546139031369645,4.640843168141834
19066,ac35,market_outcome_v2,challenger_20260307,0.6193317898135149,5.4546139031369645,4.640843168141834
19066,ac45,market_outcome_v2,challenger_20260307,0.4659264513245249,5.4546139031369645,4.640843168141834
19066,ac55,market_outcome_v2,challenger_20260307,0.33091806274443003,5.4546139031369645,4.640843168141834
21705,c75,market_outcome_v2,challenger_20260307,0.7352202424829937,5.550417687792284,4.210369207572977
21705,c85,market_outcome_v2,challenger_20260307,0.6225481124255146,5.550417687792284,4.210369207572977
21705,c95,market_outcome_v2,challenger_20260307,0.5037347506416932,5.550417687792284,4.210369207572977
21705,c105,market_outcome_v2,challenger_20260307,0.38915085703164176,5.550417687792284,4.210369207572977
21705,hc25,market_outcome_v2,challenger_20260307,0.8534576117892515,5.550417687792284,4.210369207572977
21705,hc35,market_outcome_v2,challenger_20260307,0.732019120118672,5.550417687792284,4.210369207572977
21705,hc45,market_outcome_v2,challenger_20260307,0.5933832015079615,5.550417687792284,4.210369207572977
21705,hc55,market_outcome_v2,challenger_20260307,0.4560709547297511,5.550417687792284,4.210369207572977
21705,ac25,market_outcome_v2,challenger_20260307,0.7251499137077977,5.550417687792284,4.210369207572977
21705,ac35,market_outcome_v2,challenger_20260307,0.5586833972336721,5.550417687792284,4.210369207572977
21705,ac45,market_outcome_v2,challenger_20260307,0.4012279572103128,5.550417687792284,4.210369207572977
21705,ac55,market_outcome_v2,challenger_20260307,0.2709753893588547,5.550417687792284,4.210369207572977
4521,c75,market_outcome_v2,challenger_20260307,0.7393850780801383,5.503304266518414,4.3028450040295265
4521,c85,market_outcome_v2,challenger_20260307,0.6274986294299496,5.503304266518414,4.3028450040295265
4521,c95,market_outcome_v2,challenger_20260307,0.5090499344475288,5.503304266518414,4.3028450040295265
4521,c105,market_outcome_v2,challenger_20260307,0.3943686408844085,5.503304266518414,4.3028450040295265
4521,hc25,market_outcome_v2,challenger_20260307,0.8503312847460822,5.503304266518414,4.3028450040295265
4521,hc35,market_outcome_v2,challenger_20260307,0.7272728509966588,5.503304266518414,4.3028450040295265
4521,hc45,market_outcome_v2,challenger_20260307,0.5875224043183606,5.503304266518414,4.3028450040295265
4521,hc55,market_outcome_v2,challenger_20260307,0.44983026897406686,5.503304266518414,4.3028450040295265
4521,ac25,market_outcome_v2,challenger_20260307,0.7359060252741525,5.503304266518414,4.3028450040295265
4521,ac35,market_outcome_v2,challenger_20260307,0.5723438609924387,5.503304266518414,4.3028450040295265
4521,ac45,market_outcome_v2,challenger_20260307,0.4154529420829367,5.503304266518414,4.3028450040295265
4521,ac55,market_outcome_v2,challenger_20260307,0.28383635947184116,5.503304266518414,4.3028450040295265
4522,c75,market_outcome_v2,challenger_20260307,0.7651733582494853,6.689580393690658,3.410150765814831
4522,c85,market_outcome_v2,challenger_20260307,0.6585947028615551,6.689580393690658,3.410150765814831
4522,c95,market_outcome_v2,challenger_20260307,0.5429207484353793,6.689580393690658,3.410150765814831
4522,c105,market_outcome_v2,challenger_20260307,0.42810262614275485,6.689580393690658,3.410150765814831
4522,hc25,market_outcome_v2,challenger_20260307,0.911538861739047,6.689580393690658,3.410150765814831
4522,hc35,market_outcome_v2,challenger_20260307,0.8252688334902081,6.689580393690658,3.410150765814831
4522,hc45,market_outcome_v2,challenger_20260307,0.715277653782847,6.689580393690658,3.410150765814831
4522,hc55,market_outcome_v2,challenger_20260307,0.5936114692154262,6.689580393690658,3.410150765814831
4522,ac25,market_outcome_v2,challenger_20260307,0.6127803490062014,6.689580393690658,3.410150765814831
4522,ac35,market_outcome_v2,challenger_20260307,0.4265970843617697,6.689580393690658,3.410150765814831
4522,ac45,market_outcome_v2,challenger_20260307,0.2737142410600567,6.689580393690658,3.410150765814831
4522,ac55,market_outcome_v2,challenger_20260307,0.16392122727874436,6.689580393690658,3.410150765814831
4523,c75,market_outcome_v2,challenger_20260307,0.7465867360326908,6.0457900287142605,3.8400750230230383
4523,c85,market_outcome_v2,challenger_20260307,0.6361050409033643,6.0457900287142605,3.8400750230230383
4523,c95,market_outcome_v2,challenger_20260307,0.518340195053371,6.0457900287142605,3.8400750230230383
4523,c105,market_outcome_v2,challenger_20260307,0.40353791364185176,6.0457900287142605,3.8400750230230383
4523,hc25,market_outcome_v2,challenger_20260307,0.8825108157992712,6.0457900287142605,3.8400750230230383
4523,hc35,market_outcome_v2,challenger_20260307,0.7773826595288009,6.0457900287142605,3.8400750230230383
4523,hc45,market_outcome_v2,challenger_20260307,0.6510069649978296,6.0457900287142605,3.8400750230230383
4523,hc55,market_outcome_v2,challenger_20260307,0.519204912969628,6.0457900287142605,3.8400750230230383
4523,ac25,market_outcome_v2,challenger_20260307,0.6776436409363721,6.0457900287142605,3.8400750230230383
4523,ac35,market_outcome_v2,challenger_20260307,0.5005571080023399,6.0457900287142605,3.8400750230230383
4523,ac45,market_outcome_v2,challenger_20260307,0.3428974243517242,6.0457900287142605,3.8400750230230383
4523,ac55,market_outcome_v2,challenger_20260307,0.22013834807074617,6.0457900287142605,3.8400750230230383
4524,c75,market_outcome_v2,challenger_20260307,0.7276866538521709,5.142946202234809,4.537093700811759
4524,c85,market_outcome_v2,challenger_20260307,0.6136423034737444,5.142946202234809,4.537093700811759
4524,c95,market_outcome_v2,challenger_20260307,0.49422517540933475,5.142946202234809,4.537093700811759
4524,c105,market_outcome_v2,challenger_20260307,0.37986653569162876,5.142946202234809,4.537093700811759
4524,hc25,market_outcome_v2,challenger_20260307,0.824034698355625,5.142946202234809,4.537093700811759
4524,hc35,market_outcome_v2,challenger_20260307,0.6882946140810497,5.142946202234809,4.537093700811759
4524,hc45,market_outcome_v2,challenger_20260307,0.540522710733372,5.142946202234809,4.537093700811759
4524,hc55,market_outcome_v2,challenger_20260307,0.4009534658400413,5.142946202234809,4.537093700811759
4524,ac25,market_outcome_v2,challenger_20260307,0.7613197880471057,5.142946202234809,4.537093700811759
4524,ac35,market_outcome_v2,challenger_20260307,0.6053984524663667,5.142946202234809,4.537093700811759
4524,ac45,market_outcome_v2,challenger_20260307,0.45070665734864324,5.142946202234809,4.537093700811759
4524,ac55,market_outcome_v2,challenger_20260307,0.3164836831938197,5.142946202234809,4.537093700811759
4525,c75,market_outcome_v2,challenger_20260307,0.7339723213548707,4.7680029506774515,4.979293738768796
4525,c85,market_outcome_v2,challenger_20260307,0.6210685471536689,4.7680029506774515,4.979293738768796
4525,c95,market_outcome_v2,challenger_20260307,0.5021502382132277,4.7680029506774515,4.979293738768796
4525,c105,market_outcome_v2,challenger_20260307,0.3875993393499493,4.7680029506774515,4.979293738768796
4525,hc25,market_outcome_v2,challenger_20260307,0.7916597401937571,4.7680029506774515,4.979293738768796
4525,hc35,market_outcome_v2,challenger_20260307,0.6424358998170012,4.7680029506774515,4.979293738768796
4525,hc45,market_outcome_v2,challenger_20260307,0.4876775725921596,4.7680029506774515,4.979293738768796
4525,hc55,market_outcome_v2,challenger_20260307,0.348431180957978,4.7680029506774515,4.979293738768796
4525,ac25,market_outcome_v2,challenger_20260307,0.8027739565330856,4.7680029506774515,4.979293738768796
4525,ac35,market_outcome_v2,challenger_20260307,0.6618265838153876,4.7680029506774515,4.979293738768796
4525,ac45,market_outcome_v2,challenger_20260307,0.5137025378659895,4.7680029506774515,4.979293738768796
4525,ac55,market_outcome_v2,challenger_20260307,0.3775605797335877,4.7680029506774515,4.979293738768796
4526,c75,market_outcome_v2,challenger_20260307,0.7577922500732115,5.860782815296754,4.152541559641749
4526,c85,market_outcome_v2,challenger_20260307,0.6496149427403938,5.860782815296754,4.152541559641749
4526,c95,market_outcome_v2,challenger_20260307,0.5330528589425845,5.860782815296754,4.152541559641749
4526,c105,market_outcome_v2,challenger_20260307,0.4181877972218291,5.860782815296754,4.152541559641749
4526,hc25,market_outcome_v2,challenger_20260307,0.8724329889137824,5.860782815296754,4.152541559641749
4526,hc35,market_outcome_v2,challenger_20260307,0.761379872219473,5.860782815296754,4.152541559641749
4526,hc45,market_outcome_v2,challenger_20260307,0.6303378331459968,5.860782815296754,4.152541559641749
4526,hc55,market_outcome_v2,challenger_20260307,0.4961835193977131,5.860782815296754,4.152541559641749
4526,ac25,market_outcome_v2,challenger_20260307,0.7182063225511163,5.860782815296754,4.152541559641749
4526,ac35,market_outcome_v2,challenger_20260307,0.5499656433594474,5.860782815296754,4.152541559641749
4526,ac45,market_outcome_v2,challenger_20260307,0.39225372914860324,5.860782815296754,4.152541559641749
4526,ac55,market_outcome_v2,challenger_20260307,0.2629545289455728,5.860782815296754,4.152541559641749
4527,c75,market_outcome_v2,challenger_20260307,0.7474275776106158,4.505237317758587,5.390044140008572
4527,c85,market_outcome_v2,challenger_20260307,0.6371137516852929,4.505237317758587,5.390044140008572
4527,c95,market_outcome_v2,challenger_20260307,0.5194332290014229,4.505237317758587,5.390044140008572
4527,c105,market_outcome_v2,challenger_20260307,0.40462084310737667,4.505237317758587,5.390044140008572
4527,hc25,market_outcome_v2,challenger_20260307,0.7654766311899369,4.505237317758587,5.390044140008572
4527,hc35,market_outcome_v2,challenger_20260307,0.6068996938275625,4.505237317758587,5.390044140008572
4527,hc45,market_outcome_v2,challenger_20260307,0.4484441396370843,4.505237317758587,5.390044140008572
4527,hc55,market_outcome_v2,challenger_20260307,0.3110750511856957,4.505237317758587,5.390044140008572
4527,ac25,market_outcome_v2,challenger_20260307,0.834657818364065,4.505237317758587,5.390044140008572
4527,ac35,market_outcome_v2,challenger_20260307,0.7075669745009023,4.505237317758587,5.390044140008572
4527,ac45,market_outcome_v2,challenger_20260307,0.567514568555461,4.505237317758587,5.390044140008572
4527,ac55,market_outcome_v2,challenger_20260307,0.43253602739905295,4.505237317758587,5.390044140008572
4528,c75,market_outcome_v2,challenger_20260307,0.7019759939386557,5.460366635700434,3.9556156388581045
4528,c85,market_outcome_v2,challenger_20260307,0.5837100038057055,5.460366635700434,3.9556156388581045
4528,c95,market_outcome_v2,challenger_20260307,0.46274759128089726,5.460366635700434,3.9556156388581045
4528,c105,market_outcome_v2,challenger_20260307,0.34959864347237657,5.460366635700434,3.9556156388581045
4528,hc25,market_outcome_v2,challenger_20260307,0.8474221702172998,5.460366635700434,3.9556156388581045
4528,hc35,market_outcome_v2,challenger_20260307,0.7228785423526303,5.460366635700434,3.9556156388581045
4528,hc45,market_outcome_v2,challenger_20260307,0.5821234888677733,5.460366635700434,3.9556156388581045
4528,hc55,market_outcome_v2,challenger_20260307,0.4441103005164596,5.460366635700434,3.9556156388581045
4528,ac25,market_outcome_v2,challenger_20260307,0.6932567771333592,5.460366635700434,3.9556156388581045
4528,ac35,market_outcome_v2,challenger_20260307,0.5192744625061515,5.460366635700434,3.9556156388581045
4528,ac45,market_outcome_v2,challenger_20260307,0.36129590488098584,5.460366635700434,3.9556156388581045
4528,ac55,market_outcome_v2,challenger_20260307,0.23584060010924446,5.460366635700434,3.9556156388581045
4529,c75,market_outcome_v2,challenger_20260307,0.7369608004871224,4.534378676165239,5.245301820938511
4529,c85,market_outcome_v2,challenger_20260307,0.6246146586061216,4.534378676165239,5.245301820938511
4529,c95,market_outcome_v2,challenger_20260307,0.5059509881756594,4.534378676165239,5.245301820938511
4529,c105,market_outcome_v2,challenger_20260307,0.3913239940127883,4.534378676165239,5.245301820938511
4529,hc25,market_outcome_v2,challenger_20260307,0.7685340125407478,4.534378676165239,5.245301820938511
4529,hc35,market_outcome_v2,challenger_20260307,0.6109817757889372,4.534378676165239,5.245301820938511
4529,hc45,market_outcome_v2,challenger_20260307,0.4528771614923538,4.534378676165239,5.245301820938511
4529,hc55,market_outcome_v2,challenger_20260307,0.3152263976079166,4.534378676165239,5.245301820938511
4529,ac25,market_outcome_v2,challenger_20260307,0.8240812529986975,4.534378676165239,5.245301820938511
4529,ac35,market_outcome_v2,challenger_20260307,0.6921518304417354,4.534378676165239,5.245301820938511
4529,ac45,market_outcome_v2,challenger_20260307,0.5490928963990191,4.534378676165239,5.245301820938511
4529,ac55,market_outcome_v2,challenger_20260307,0.4134221690376164,4.534378676165239,5.245301820938511
4530,c75,market_outcome_v2,challenger_20260307,0.7388096103358752,5.756447464680465,4.043402401224976
4530,c85,market_outcome_v2,challenger_20260307,0.626813443805393,5.756447464680465,4.043402401224976
4530,c95,market_outcome_v2,challenger_20260307,0.5083130320148174,5.756447464680465,4.043402401224976
4530,c105,market_outcome_v2,challenger_20260307,0.3936440193151719,5.756447464680465,4.043402401224976
4530,hc25,market_outcome_v2,challenger_20260307,0.8663560908420675,5.756447464680465,4.043402401224976
4530,hc35,market_outcome_v2,challenger_20260307,0.7518707579749919,5.756447464680465,4.043402401224976
4530,hc45,market_outcome_v2,challenger_20260307,0.6182349785759237,5.756447464680465,4.043402401224976
4530,hc55,market_outcome_v2,challenger_20260307,0.48290009315866156,5.756447464680465,4.043402401224976
4530,ac25,market_outcome_v2,challenger_20260307,0.704632351238188,5.756447464680465,4.043402401224976
4530,ac35,market_outcome_v2,challenger_20260307,0.5331466867131369,5.756447464680465,4.043402401224976
4530,ac45,market_outcome_v2,challenger_20260307,0.3751665151121101,5.756447464680465,4.043402401224976
4530,ac55,market_outcome_v2,challenger_20260307,0.2478821129026072,5.756447464680465,4.043402401224976
4916,c75,market_outcome_v2,challenger_20260307,0.7437510460706208,4.921073016202069,4.933205883818166
4916,c85,market_outcome_v2,challenger_20260307,0.6327091866627159,4.921073016202069,4.933205883818166
4916,c95,market_outcome_v2,challenger_20260307,0.5146669146617251,4.921073016202069,4.933205883818166
4916,c105,market_outcome_v2,challenger_20260307,0.3999049680516601,4.921073016202069,4.933205883818166
4916,hc25,market_outcome_v2,challenger_20260307,0.8055459698357994,4.921073016202069,4.933205883818166
4916,hc35,market_outcome_v2,challenger_20260307,0.6618339876809824,4.921073016202069,4.933205883818166
4916,hc45,market_outcome_v2,challenger_20260307,0.5097187079431,4.921073016202069,4.933205883818166
4916,hc55,market_outcome_v2,challenger_20260307,0.3700282277226252,4.921073016202069,4.933205883818166
4916,ac25,market_outcome_v2,challenger_20260307,0.7988200042842409,4.921073016202069,4.933205883818166
4916,ac35,market_outcome_v2,challenger_20260307,0.6563018979945605,4.921073016202069,4.933205883818166
4916,ac45,market_outcome_v2,challenger_20260307,0.5073732618654974,4.921073016202069,4.933205883818166
4916,ac55,market_outcome_v2,challenger_20260307,0.3712650817636205,4.921073016202069,4.933205883818166
4917,c75,market_outcome_v2,challenger_20260307,0.7518176574162909,6.111363563877727,3.8334646848830363
4917,c85,market_outcome_v2,challenger_20260307,0.6423935168091439,6.111363563877727,3.8334646848830363
4917,c95,market_outcome_v2,challenger_20260307,0.5251687373239596,6.111363563877727,3.8334646848830363
4917,c105,market_outcome_v2,challenger_20260307,0.410317622190275,6.111363563877727,3.8334646848830363
4917,hc25,market_outcome_v2,challenger_20260307,0.8858799461532374,6.111363563877727,3.8334646848830363
4917,hc35,market_outcome_v2,challenger_20260307,0.7827999995554704,6.111363563877727,3.8334646848830363
4917,hc45,market_outcome_v2,challenger_20260307,0.6580919876028228,6.111363563877727,3.8334646848830363
4917,hc55,market_outcome_v2,challenger_20260307,0.527195306263739,6.111363563877727,3.8334646848830363
4917,ac25,market_outcome_v2,challenger_20260307,0.6767278965130471,6.111363563877727,3.8334646848830363
4917,ac35,market_outcome_v2,challenger_20260307,0.49947068700849073,6.111363563877727,3.8334646848830363
4917,ac45,market_outcome_v2,challenger_20260307,0.3418406282908597,6.111363563877727,3.8334646848830363
4917,ac55,market_outcome_v2,challenger_20260307,0.21924583884558668,6.111363563877727,3.8334646848830363
4918,c75,market_outcome_v2,challenger_20260307,0.766461724987864,5.387320340868844,4.727704070498811
4918,c85,market_outcome_v2,challenger_20260307,0.6601688086502735,5.387320340868844,4.727704070498811
4918,c95,market_outcome_v2,challenger_20260307,0.544657920618758,5.387320340868844,4.727704070498811
4918,c105,market_outcome_v2,challenger_20260307,0.4298555029087153,5.387320340868844,4.727704070498811
4918,hc25,market_outcome_v2,challenger_20260307,0.8423387230257149,5.387320340868844,4.727704070498811
4918,hc35,market_outcome_v2,challenger_20260307,0.7152503074362254,5.387320340868844,4.727704070498811
4918,hc45,market_outcome_v2,challenger_20260307,0.5728128880438245,5.387320340868844,4.727704070498811
4918,hc55,market_outcome_v2,challenger_20260307,0.4343107948277003,5.387320340868844,4.727704070498811
4918,ac25,market_outcome_v2,challenger_20260307,0.780177927418587,5.387320340868844,4.727704070498811
4918,ac35,market_outcome_v2,challenger_20260307,0.6306666299732522,5.387320340868844,4.727704070498811
4918,ac45,market_outcome_v2,challenger_20260307,0.47846810292063924,5.387320340868844,4.727704070498811
4918,ac55,market_outcome_v2,challenger_20260307,0.34296640597296013,5.387320340868844,4.727704070498811
5912,c75,market_outcome_v2,challenger_20260307,0.7450498870573699,6.515351106834527,3.3533629459299688
5912,c85,market_outcome_v2,challenger_20260307,0.6342634618910978,6.515351106834527,3.3533629459299688
5912,c95,market_outcome_v2,challenger_20260307,0.5163469344656753,6.515351106834527,3.3533629459299688
5912,c105,market_outcome_v2,challenger_20260307,0.401565321089528,6.515351106834527,3.3533629459299688
5912,hc25,market_outcome_v2,challenger_20260307,0.9045184584267293,6.515351106834527,3.3533629459299688
5912,hc35,market_outcome_v2,challenger_20260307,0.8134248079159289,6.515351106834527,3.3533629459299688
5912,hc45,market_outcome_v2,challenger_20260307,0.6990247766613787,6.515351106834527,3.3533629459299688
5912,hc55,market_outcome_v2,challenger_20260307,0.5743787931571165,6.515351106834527,3.3533629459299688
5912,ac25,market_outcome_v2,challenger_20260307,0.6033792957198025,6.515351106834527,3.3533629459299688
5912,ac35,market_outcome_v2,challenger_20260307,0.41636416314730573,6.515351106834527,3.3533629459299688
5912,ac45,market_outcome_v2,challenger_20260307,0.26458159122282576,6.515351106834527,3.3533629459299688
5912,ac55,market_outcome_v2,challenger_20260307,0.15684458303308002,6.515351106834527,3.3533629459299688
20149,c75,market_outcome_v2,challenger_20260307,0.720834524619423,5.54324325868824,4.064746027500865
20149,c85,market_outcome_v2,challenger_20260307,0.6055960510332267,5.54324325868824,4.064746027500865
20149,c95,market_outcome_v2,challenger_20260307,0.4856906830227865,5.54324325868824,4.064746027500865
20149,c105,market_outcome_v2,challenger_20260307,0.3715897311687969,5.54324325868824,4.064746027500865
20149,hc25,market_outcome_v2,challenger_20260307,0.8529859183541126,5.54324325868824,4.064746027500865
20149,hc35,market_outcome_v2,challenger_20260307,0.7313014160848976,5.54324325868824,4.064746027500865
20149,hc45,market_outcome_v2,challenger_20260307,0.5924949900924392,5.54324325868824,4.064746027500865
20149,hc55,market_outcome_v2,challenger_20260307,0.4551230654103393,5.54324325868824,4.064746027500865
20149,ac25,market_outcome_v2,challenger_20260307,0.7073359291731309,5.54324325868824,4.064746027500865
20149,ac35,market_outcome_v2,challenger_20260307,0.5364732991557487,5.54324325868824,4.064746027500865
20149,ac45,market_outcome_v2,challenger_20260307,0.37852261652237473,5.54324325868824,4.064746027500865
20149,ac55,market_outcome_v2,challenger_20260307,0.25082177097356495,5.54324325868824,4.064746027500865
3862,c75,market_outcome_v2,challenger_20260307,0.7404086886030843,5.144816558738371,4.672563100305501
3862,c85,market_outcome_v2,challenger_20260307,0.6287183216292671,5.144816558738371,4.672563100305501
3862,c95,market_outcome_v2,challenger_20260307,0.5103626791200524,5.144816558738371,4.672563100305501
3862,c105,market_outcome_v2,challenger_20260307,0.3956604841494076,5.144816558738371,4.672563100305501
3862,hc25,market_outcome_v2,challenger_20260307,0.8241827304386153,5.144816558738371,4.672563100305501
3862,hc35,market_outcome_v2,challenger_20260307,0.688509510036891,5.144816558738371,4.672563100305501
3862,hc45,market_outcome_v2,challenger_20260307,0.540776449031152,5.144816558738371,4.672563100305501
3862,hc55,market_outcome_v2,challenger_20260307,0.4012118191895493,5.144816558738371,4.672563100305501
3862,ac25,market_outcome_v2,challenger_20260307,0.7748828442177992,5.144816558738371,4.672563100305501
3862,ac35,market_outcome_v2,challenger_20260307,0.6235058098057092,5.144816558738371,4.672563100305501
3862,ac45,market_outcome_v2,challenger_20260307,0.4705280427456806,5.144816558738371,4.672563100305501
3862,ac55,market_outcome_v2,challenger_20260307,0.33532250257866125,5.144816558738371,4.672563100305501
22196,c75,market_outcome_v2,challenger_20260307,0.7596227718772176,5.218828635961253,4.815736535474163
22196,c85,market_outcome_v2,challenger_20260307,0.651835880159154,5.218828635961253,4.815736535474163
22196,c95,market_outcome_v2,challenger_20260307,0.535486812749303,5.218828635961253,4.815736535474163
22196,c105,market_outcome_v2,challenger_20260307,0.4206266633732607,5.218828635961253,4.815736535474163
22196,hc25,market_outcome_v2,challenger_20260307,0.8299398436077514,5.218828635961253,4.815736535474163
22196,hc35,market_outcome_v2,challenger_20260307,0.6969056357629398,5.218828635961253,4.815736535474163
22196,hc45,market_outcome_v2,challenger_20260307,0.5507360380769908,5.218828635961253,4.815736535474163
22196,hc55,market_outcome_v2,challenger_20260307,0.41139954226062114,5.218828635961253,4.815736535474163
22196,ac25,market_outcome_v2,challenger_20260307,0.7883706133551358,5.218828635961253,4.815736535474163
22196,ac35,market_outcome_v2,challenger_20260307,0.6418500646423004,5.218828635961253,4.815736535474163
22196,ac45,market_outcome_v2,challenger_20260307,0.49098503609514244,5.218828635961253,4.815736535474163
22196,ac55,market_outcome_v2,challenger_20260307,0.355129773062688,5.218828635961253,4.815736535474163
19354,c75,market_outcome_v2,challenger_20260307,0.7673648331389632,5.452133359847126,4.673649629393159
19354,c85,market_outcome_v2,challenger_20260307,0.6612734089474979,5.452133359847126,4.673649629393159
19354,c95,market_outcome_v2,challenger_20260307,0.5458782724532947,5.452133359847126,4.673649629393159
19354,c105,market_outcome_v2,challenger_20260307,0.4310882230691463,5.452133359847126,4.673649629393159
19354,hc25,market_outcome_v2,challenger_20260307,0.8468577284253216,5.452133359847126,4.673649629393159
19354,hc35,market_outcome_v2,challenger_20260307,0.7220283880396646,5.452133359847126,4.673649629393159
19354,hc45,market_outcome_v2,challenger_20260307,0.5810819828595062,5.452133359847126,4.673649629393159
19354,hc55,market_outcome_v2,challenger_20260307,0.44301003849744225,5.452133359847126,4.673649629393159
19354,ac25,market_outcome_v2,challenger_20260307,0.7749884200001091,5.452133359847126,4.673649629393159
19354,ac35,market_outcome_v2,challenger_20260307,0.6236480763657587,5.452133359847126,4.673649629393159
19354,ac45,market_outcome_v2,challenger_20260307,0.4706852275198976,5.452133359847126,4.673649629393159
19354,ac55,market_outcome_v2,challenger_20260307,0.33547328355974937,5.452133359847126,4.673649629393159
19900,c75,market_outcome_v2,challenger_20260307,0.7667678805819453,5.582137000729018,4.536531024532371
19900,c85,market_outcome_v2,challenger_20260307,0.6605431597830659,5.582137000729018,4.536531024532371
19900,c95,market_outcome_v2,challenger_20260307,0.5450713778455025,5.582137000729018,4.536531024532371
19900,c105,market_outcome_v2,challenger_20260307,0.4302730269956776,5.582137000729018,4.536531024532371
19900,hc25,market_outcome_v2,challenger_20260307,0.8555243917077817,5.582137000729018,4.536531024532371
19900,hc35,market_outcome_v2,challenger_20260307,0.7351705736855985,5.582137000729018,4.536531024532371
19900,hc45,market_outcome_v2,challenger_20260307,0.5972917312393331,5.582137000729018,4.536531024532371
19900,hc55,market_outcome_v2,challenger_20260307,0.46025105464301985,5.582137000729018,4.536531024532371
19900,ac25,market_outcome_v2,challenger_20260307,0.7612617703254148,5.582137000729018,4.536531024532371
19900,ac35,market_outcome_v2,challenger_20260307,0.6053217085123672,5.582137000729018,4.536531024532371
19900,ac45,market_outcome_v2,challenger_20260307,0.4506234241099145,5.582137000729018,4.536531024532371
19900,ac55,market_outcome_v2,challenger_20260307,0.31640530813847223,5.582137000729018,4.536531024532371
5146,c75,market_outcome_v2,challenger_20260307,0.7400143528656831,4.174496986221381,5.638552421790629
5146,c85,market_outcome_v2,challenger_20260307,0.6282483075408972,4.174496986221381,5.638552421790629
5146,c95,market_outcome_v2,challenger_20260307,0.5098566563041466,4.174496986221381,5.638552421790629
5146,c105,market_outcome_v2,challenger_20260307,0.39516237004864196,4.174496986221381,5.638552421790629
5146,hc25,market_outcome_v2,challenger_20260307,0.7278871721652571,4.174496986221381,5.638552421790629
5146,hc35,market_outcome_v2,challenger_20260307,0.5580868849555465,4.174496986221381,5.638552421790629
5146,hc45,market_outcome_v2,challenger_20260307,0.3968759929240552,4.174496986221381,5.638552421790629
5146,hc55,market_outcome_v2,challenger_20260307,0.2640862743197899,4.174496986221381,5.638552421790629
5146,ac25,market_outcome_v2,challenger_20260307,0.8512948417555596,4.174496986221381,5.638552421790629
5146,ac35,market_outcome_v2,challenger_20260307,0.7323338028885318,4.174496986221381,5.638552421790629
5146,ac45,market_outcome_v2,challenger_20260307,0.5977460426020088,4.174496986221381,5.638552421790629
5146,ac55,market_outcome_v2,challenger_20260307,0.4645767081404999,4.174496986221381,5.638552421790629
5544,c75,market_outcome_v2,challenger_20260307,0.7402591419174298,5.421602484070352,4.394134413553045
5544,c85,market_outcome_v2,challenger_20260307,0.6285400542709434,5.421602484070352,4.394134413553045
5544,c95,market_outcome_v2,challenger_20260307,0.5101707321124103,5.421602484070352,4.394134413553045
5544,c105,market_outcome_v2,challenger_20260307,0.3954715152330046,5.421602484070352,4.394134413553045
5544,hc25,market_outcome_v2,challenger_20260307,0.8447458270351083,5.421602484070352,4.394134413553045
5544,hc35,market_outcome_v2,challenger_20260307,0.7188544809253519,5.421602484070352,4.394134413553045
5544,hc45,market_outcome_v2,challenger_20260307,0.5772022608169909,5.421602484070352,4.394134413553045
5544,hc55,market_outcome_v2,challenger_20260307,0.43892046759506065,5.421602484070352,4.394134413553045
5544,ac25,market_outcome_v2,challenger_20260307,0.7461157527408011,5.421602484070352,4.394134413553045
5544,ac35,market_outcome_v2,challenger_20260307,0.5854895456503002,5.421602484070352,4.394134413553045
5544,ac45,market_outcome_v2,challenger_20260307,0.42933097535304043,5.421602484070352,4.394134413553045
5544,ac55,market_outcome_v2,challenger_20260307,0.2965569599711574,5.421602484070352,4.394134413553045
22451,c75,market_outcome_v2,challenger_20260307,0.7417084234411928,4.923449360223608,4.908237283332089
22451,c85,market_outcome_v2,challenger_20260307,0.630268736373088,4.923449360223608,4.908237283332089
22451,c95,market_outcome_v2,challenger_20260307,0.5120332140244953,4.923449360223608,4.908237283332089
22451,c105,market_outcome_v2,challenger_20260307,0.3973062300520456,4.923449360223608,4.908237283332089
22451,hc25,market_outcome_v2,challenger_20260307,0.8057540494379166,4.923449360223608,4.908237283332089
22451,hc35,market_outcome_v2,challenger_20260307,0.662127695447829,4.923449360223608,4.908237283332089
22451,hc45,market_outcome_v2,challenger_20260307,0.5100559073037441,4.923449360223608,4.908237283332089
22451,hc55,market_outcome_v2,challenger_20260307,0.3703620600192675,4.923449360223608,4.908237283332089
22451,ac25,market_outcome_v2,challenger_20260307,0.7966440307112843,4.923449360223608,4.908237283332089
22451,ac35,market_outcome_v2,challenger_20260307,0.653274795821638,4.923449360223608,4.908237283332089
22451,ac45,market_outcome_v2,challenger_20260307,0.5039204730773172,4.923449360223608,4.908237283332089
22451,ac55,market_outcome_v2,challenger_20260307,0.3678457460921234,4.923449360223608,4.908237283332089
22452,c75,market_outcome_v2,challenger_20260307,0.7372017556541712,4.7039565073317435,5.078346750819989
22452,c85,market_outcome_v2,challenger_20260307,0.6249010089140559,4.7039565073317435,5.078346750819989
22452,c95,market_outcome_v2,challenger_20260307,0.5062583667181912,4.7039565073317435,5.078346750819989
22452,c105,market_outcome_v2,challenger_20260307,0.39162567570129436,4.7039565073317435,5.078346750819989
22452,hc25,market_outcome_v2,challenger_20260307,0.7855588651518669,4.7039565073317435,5.078346750819989
22452,hc35,market_outcome_v2,challenger_20260307,0.6340367985893887,4.7039565073317435,5.078346750819989
22452,hc45,market_outcome_v2,challenger_20260307,0.47827250996074777,4.7039565073317435,5.078346750819989
22452,hc55,market_outcome_v2,challenger_20260307,0.3393495538235558,4.7039565073317435,5.078346750819989
22452,ac25,market_outcome_v2,challenger_20260307,0.8110036589179987,4.7039565073317435,5.078346750819989
22452,ac35,market_outcome_v2,challenger_20260307,0.6734271191356782,4.7039565073317435,5.078346750819989
22452,ac45,market_outcome_v2,challenger_20260307,0.5271099884923978,4.7039565073317435,5.078346750819989
22452,ac55,market_outcome_v2,challenger_20260307,0.39101447300827985,4.7039565073317435,5.078346750819989
19067,c75,market_outcome_v2,challenger_20260307,0.767385008082605,4.641255552768574,5.484768141452697
19067,c85,market_outcome_v2,challenger_20260307,0.661298096408277,4.641255552768574,5.484768141452697
19067,c95,market_outcome_v2,challenger_20260307,0.5459055594033372,4.641255552768574,5.484768141452697
19067,c105,market_outcome_v2,challenger_20260307,0.4311157991838769,4.641255552768574,5.484768141452697
19067,hc25,market_outcome_v2,challenger_20260307,0.779413780937224,4.641255552768574,5.484768141452697
19067,hc35,market_outcome_v2,challenger_20260307,0.6256508775182124,4.641255552768574,5.484768141452697
19067,hc45,market_outcome_v2,challenger_20260307,0.46896439206017315,4.641255552768574,5.484768141452697
19067,hc55,market_outcome_v2,challenger_20260307,0.3304402029683302,4.641255552768574,5.484768141452697
19067,ac25,market_outcome_v2,challenger_20260307,0.8412184052172338,4.641255552768574,5.484768141452697
19067,ac35,market_outcome_v2,challenger_20260307,0.7172558547773413,4.641255552768574,5.484768141452697
19067,ac45,market_outcome_v2,challenger_20260307,0.5792467128513307,4.641255552768574,5.484768141452697
19067,ac55,market_outcome_v2,challenger_20260307,0.44487029680190504,4.641255552768574,5.484768141452697
20150,c75,market_outcome_v2,challenger_20260307,0.7066301855129459,5.192130495604478,4.270425000783776
20150,c85,market_outcome_v2,challenger_20260307,0.5890765940418687,5.192130495604478,4.270425000783776
20150,c95,market_outcome_v2,challenger_20260307,0.4683370240210021,5.192130495604478,4.270425000783776
20150,c105,market_outcome_v2,challenger_20260307,0.354921407085135,5.192130495604478,4.270425000783776
20150,hc25,market_outcome_v2,challenger_20260307,0.8278855853675776,5.192130495604478,4.270425000783776
20150,hc35,market_outcome_v2,challenger_20260307,0.6939010387530676,5.192130495604478,4.270425000783776
20150,hc45,market_outcome_v2,challenger_20260307,0.5471616377923021,5.192130495604478,4.270425000783776
20150,hc55,market_outcome_v2,challenger_20260307,0.4077327119611136,5.192130495604478,4.270425000783776
20150,ac25,market_outcome_v2,challenger_20260307,0.7321832433705191,5.192130495604478,4.270425000783776
20150,ac35,market_outcome_v2,challenger_20260307,0.5675941763919987,5.192130495604478,4.270425000783776
20150,ac45,market_outcome_v2,challenger_20260307,0.4104843661969174,5.192130495604478,4.270425000783776
20150,ac55,market_outcome_v2,challenger_20260307,0.27932374343091193,5.192130495604478,4.270425000783776
20293,c75,market_outcome_v2,challenger_20260307,0.7261515542553836,5.422715029745069,4.241070623359261
20293,c85,market_outcome_v2,challenger_20260307,0.6118352437763152,5.422715029745069,4.241070623359261
20293,c95,market_outcome_v2,challenger_20260307,0.492303752361706,5.422715029745069,4.241070623359261
20293,c105,market_outcome_v2,challenger_20260307,0.3779985520281579,5.422715029745069,4.241070623359261
20293,hc25,market_outcome_v2,challenger_20260307,0.8448233081532586,5.422715029745069,4.241070623359261
20293,hc35,market_outcome_v2,challenger_20260307,0.7189707300618225,5.422715029745069,4.241070623359261
20293,hc45,market_outcome_v2,challenger_20260307,0.5773441237639896,5.422715029745069,4.241070623359261
20293,hc55,market_outcome_v2,challenger_20260307,0.439069753399584,5.422715029745069,4.241070623359261
20293,ac25,market_outcome_v2,challenger_20260307,0.7287678668000652,5.422715029745069,4.241070623359261
20293,ac35,market_outcome_v2,challenger_20260307,0.5632569344566859,5.422715029745069,4.241070623359261
20293,ac45,market_outcome_v2,challenger_20260307,0.40596831829959124,5.422715029745069,4.241070623359261
20293,ac55,market_outcome_v2,challenger_20260307,0.2752411832994215,5.422715029745069,4.241070623359261
20294,c75,market_outcome_v2,challenger_20260307,0.734217325015426,5.57296506135067,4.176976498674394
20294,c85,market_outcome_v2,challenger_20260307,0.6213588927474338,5.57296506135067,4.176976498674394
20294,c95,market_outcome_v2,challenger_20260307,0.5024610320429257,5.57296506135067,4.176976498674394
20294,c105,market_outcome_v2,challenger_20260307,0.387903518223333,5.57296506135067,4.176976498674394
20294,hc25,market_outcome_v2,challenger_20260307,0.8549298757858402,5.57296506135067,4.176976498674394
20294,hc35,market_outcome_v2,challenger_20260307,0.7342629182299673,5.57296506135067,4.176976498674394
20294,hc45,market_outcome_v2,challenger_20260307,0.5961646272763024,5.57296506135067,4.176976498674394
20294,hc55,market_outcome_v2,challenger_20260307,0.4590441380420468,5.57296506135067,4.176976498674394
20294,ac25,market_outcome_v2,challenger_20260307,0.7211610271700312,5.57296506135067,4.176976498674394
20294,ac35,market_outcome_v2,challenger_20260307,0.5536657485630151,5.57296506135067,4.176976498674394
20294,ac45,market_outcome_v2,challenger_20260307,0.3960528553598277,5.57296506135067,4.176976498674394
20294,ac55,market_outcome_v2,challenger_20260307,0.26634127271241104,5.57296506135067,4.176976498674394
20295,c75,market_outcome_v2,challenger_20260307,0.720812516618872,5.500131456817652,4.10762847165405
20295,c85,market_outcome_v2,challenger_20260307,0.6055702896106737,5.500131456817652,4.10762847165405
20295,c95,market_outcome_v2,challenger_20260307,0.4856634451257321,5.500131456817652,4.10762847165405
20295,c105,market_outcome_v2,challenger_20260307,0.37156339959507145,5.500131456817652,4.10762847165405
20295,hc25,market_outcome_v2,challenger_20260307,0.8501182887306916,5.500131456817652,4.10762847165405
20295,hc35,market_outcome_v2,challenger_20260307,0.7269503917350528,5.500131456817652,4.10762847165405
20295,hc45,market_outcome_v2,challenger_20260307,0.587125337476852,5.500131456817652,4.10762847165405
20295,hc55,market_outcome_v2,challenger_20260307,0.4494086475362996,5.500131456817652,4.10762847165405
20295,ac25,market_outcome_v2,challenger_20260307,0.7126954411614566,5.500131456817652,4.10762847165405
20295,ac35,market_outcome_v2,challenger_20260307,0.5431020078683702,5.500131456817652,4.10762847165405
20295,ac45,market_outcome_v2,challenger_20260307,0.38524469302550235,5.500131456817652,4.10762847165405
20295,ac55,market_outcome_v2,challenger_20260307,0.2567402227779506,5.500131456817652,4.10762847165405
20296,c75,market_outcome_v2,challenger_20260307,0.7289456699843062,4.715520151482025,4.977900266538822
20296,c85,market_outcome_v2,challenger_20260307,0.6151262929650116,4.715520151482025,4.977900266538822
20296,c95,market_outcome_v2,challenger_20260307,0.49580513102091117,4.715520151482025,4.977900266538822
20296,c105,market_outcome_v2,challenger_20260307,0.3814045433722275,4.715520151482025,4.977900266538822
20296,hc25,market_outcome_v2,challenger_20260307,0.7866734198860583,4.715520151482025,4.977900266538822
20296,hc35,market_outcome_v2,challenger_20260307,0.6355657013669314,4.715520151482025,4.977900266538822
20296,hc45,market_outcome_v2,challenger_20260307,0.47997837165286406,4.715520151482025,4.977900266538822
20296,hc55,market_outcome_v2,challenger_20260307,0.3409908167108895,4.715520151482025,4.977900266538822
20296,ac25,market_outcome_v2,challenger_20260307,0.8026555862376642,4.715520151482025,4.977900266538822
20296,ac35,market_outcome_v2,challenger_20260307,0.661660734728242,4.715520151482025,4.977900266538822
20296,ac45,market_outcome_v2,challenger_20260307,0.5135120126062562,4.715520151482025,4.977900266538822
20296,ac55,market_outcome_v2,challenger_20260307,0.37737055047070234,4.715520151482025,4.977900266538822
20297,c75,market_outcome_v2,challenger_20260307,0.7349776399175294,5.066475715267146,4.691684977422497
20297,c85,market_outcome_v2,challenger_20260307,0.6222603412946914,5.066475715267146,4.691684977422497
20297,c95,market_outcome_v2,challenger_20260307,0.5034264222344129,5.066475715267146,4.691684977422497
20297,c105,market_outcome_v2,challenger_20260307,0.3888488066656973,5.066475715267146,4.691684977422497
20297,hc25,market_outcome_v2,challenger_20260307,0.8178725928970413,5.066475715267146,4.691684977422497
20297,hc35,market_outcome_v2,challenger_20260307,0.6793926388289543,5.066475715267146,4.691684977422497
20297,hc45,market_outcome_v2,challenger_20260307,0.5300626962254389,5.066475715267146,4.691684977422497
20297,hc55,market_outcome_v2,challenger_20260307,0.3903547866404472,5.066475715267146,4.691684977422497
20297,ac25,market_outcome_v2,challenger_20260307,0.7767335713966594,5.066475715267146,4.691684977422497
20297,ac35,market_outcome_v2,challenger_20260307,0.6260027121435249,5.066475715267146,4.691684977422497
20297,ac45,market_outcome_v2,challenger_20260307,0.4732900833899888,5.066475715267146,4.691684977422497
20297,ac55,market_outcome_v2,challenger_20260307,0.33797519716866886,5.066475715267146,4.691684977422497
20298,c75,market_outcome_v2,challenger_20260307,0.7463421216875664,5.594741097449239,4.2883889342623105
20298,c85,market_outcome_v2,challenger_20260307,0.6358117429603426,5.594741097449239,4.2883889342623105
20298,c95,market_outcome_v2,challenger_20260307,0.5180225437847692,5.594741097449239,4.2883889342623105
20298,c105,market_outcome_v2,challenger_20260307,0.40322336219890287,5.594741097449239,4.2883889342623105
20298,hc25,market_outcome_v2,challenger_20260307,0.8563372722153555,5.594741097449239,4.2883889342623105
20298,hc35,market_outcome_v2,challenger_20260307,0.7364130928983816,5.594741097449239,4.2883889342623105
20298,hc45,market_outcome_v2,challenger_20260307,0.5988365053081065,5.594741097449239,4.2883889342623105
20298,hc55,market_outcome_v2,challenger_20260307,0.4619071951912599,5.594741097449239,4.2883889342623105
20298,ac25,market_outcome_v2,challenger_20260307,0.734252393283007,5.594741097449239,4.2883889342623105
20298,ac35,market_outcome_v2,challenger_20260307,0.5702312338939489,5.594741097449239,4.2883889342623105
20298,ac45,market_outcome_v2,challenger_20260307,0.4132399690690549,5.594741097449239,4.2883889342623105
20298,ac55,market_outcome_v2,challenger_20260307,0.281823756996439,5.594741097449239,4.2883889342623105
4919,c75,market_outcome_v2,challenger_20260307,0.748429454979313,5.3385131659449145,4.568018622488082
4919,c85,market_outcome_v2,challenger_20260307,0.6383167086875114,5.3385131659449145,4.568018622488082
4919,c95,market_outcome_v2,challenger_20260307,0.5207378974378263,5.3385131659449145,4.568018622488082
4919,c105,market_outcome_v2,challenger_20260307,0.4059145912789922,5.3385131659449145,4.568018622488082
4919,hc25,market_outcome_v2,challenger_20260307,0.8388454676003696,5.3385131659449145,4.568018622488082
4919,hc35,market_outcome_v2,challenger_20260307,0.7100448857216606,5.3385131659449145,4.568018622488082
4919,hc45,market_outcome_v2,challenger_20260307,0.5665037788665683,5.3385131659449145,4.568018622488082
4919,hc55,market_outcome_v2,challenger_20260307,0.4277167541783249,5.3385131659449145,4.568018622488082
4919,ac25,market_outcome_v2,challenger_20260307,0.7644867706511683,5.3385131659449145,4.568018622488082
4919,ac35,market_outcome_v2,challenger_20260307,0.6095967580294374,5.3385131659449145,4.568018622488082
4919,ac45,market_outcome_v2,challenger_20260307,0.4552698856165883,5.3385131659449145,4.568018622488082
4919,ac55,market_outcome_v2,challenger_20260307,0.3207899352701291,5.3385131659449145,4.568018622488082
5913,c75,market_outcome_v2,challenger_20260307,0.7359931758504681,5.3928121881949656,4.376353565652771
5913,c85,market_outcome_v2,challenger_20260307,0.6234653905881543,5.3928121881949656,4.376353565652771
5913,c95,market_outcome_v2,challenger_20260307,0.5047180246333756,5.3928121881949656,4.376353565652771
5913,c105,market_outcome_v2,challenger_20260307,0.3901145697202889,5.3928121881949656,4.376353565652771
5913,hc25,market_outcome_v2,challenger_20260307,0.8427268942246722,5.3928121881949656,4.376353565652771
5913,hc35,market_outcome_v2,challenger_20260307,0.7158305606835501,5.3928121881949656,4.376353565652771
5913,hc45,market_outcome_v2,challenger_20260307,0.5735183884206455,5.3928121881949656,4.376353565652771
5913,hc55,market_outcome_v2,challenger_20260307,0.43505048053656026,5.3928121881949656,4.376353565652771
5913,ac25,market_outcome_v2,challenger_20260307,0.7441583654987516,5.3928121881949656,4.376353565652771
5913,ac35,market_outcome_v2,challenger_20260307,0.5829555659451626,5.3928121881949656,4.376353565652771
5913,ac45,market_outcome_v2,challenger_20260307,0.4266413061192613,5.3928121881949656,4.376353565652771
5913,ac55,market_outcome_v2,challenger_20260307,0.29407826375470225,5.3928121881949656,4.376353565652771
5914,c75,market_outcome_v2,challenger_20260307,0.7399057654120778,6.024161604985154,3.787696240148822
5914,c85,market_outcome_v2,challenger_20260307,0.6281189114785275,6.024161604985154,3.787696240148822
5914,c95,market_outcome_v2,challenger_20260307,0.5097173800901882,6.024161604985154,3.787696240148822
5914,c105,market_outcome_v2,challenger_20260307,0.39502530322343143,6.024161604985154,3.787696240148822
5914,hc25,market_outcome_v2,challenger_20260307,0.881376861434515,6.024161604985154,3.787696240148822
5914,hc35,market_outcome_v2,challenger_20260307,0.7755670765207124,6.024161604985154,3.787696240148822
5914,hc45,market_outcome_v2,challenger_20260307,0.6486425582422136,6.024161604985154,3.787696240148822
5914,hc55,market_outcome_v2,challenger_20260307,0.5165497038524391,6.024161604985154,3.787696240148822
5914,ac25,market_outcome_v2,challenger_20260307,0.6703197216193657,6.024161604985154,3.787696240148822
5914,ac35,market_outcome_v2,challenger_20260307,0.4919030224483312,6.024161604985154,3.787696240148822
5914,ac45,market_outcome_v2,challenger_20260307,0.3345130434634258,6.024161604985154,3.787696240148822
5914,ac55,market_outcome_v2,challenger_20260307,0.2130856982946584,6.024161604985154,3.787696240148822
5915,c75,market_outcome_v2,challenger_20260307,0.7509190041033066,5.406865778266935,4.527767204485866
5915,c85,market_outcome_v2,challenger_20260307,0.6413109295015071,5.406865778266935,4.527767204485866
5915,c95,market_outcome_v2,challenger_20260307,0.5239907294604192,5.406865778266935,4.527767204485866
5915,c105,market_outcome_v2,challenger_20260307,0.4091456076928367,5.406865778266935,4.527767204485866
5915,hc25,market_outcome_v2,challenger_20260307,0.8437157573459458,5.406865778266935,4.527767204485866
5915,hc35,market_outcome_v2,challenger_20260307,0.7173104135965733,5.406865778266935,4.527767204485866
5915,hc45,market_outcome_v2,challenger_20260307,0.5753196898873164,5.406865778266935,4.527767204485866
5915,hc55,market_outcome_v2,challenger_20260307,0.4369411893165862,5.406865778266935,4.527767204485866
5915,ac25,market_outcome_v2,challenger_20260307,0.7603562999153362,5.406865778266935,4.527767204485866
5915,ac35,market_outcome_v2,challenger_20260307,0.6041247582507215,5.406865778266935,4.527767204485866
5915,ac45,market_outcome_v2,challenger_20260307,0.4493261040868122,5.406865778266935,4.527767204485866
5915,ac55,market_outcome_v2,challenger_20260307,0.31518450219361016,5.406865778266935,4.527767204485866
3863,c75,market_outcome_v2,challenger_20260307,0.7350719003815598,5.039673518421983,4.719507346442492
3863,c85,market_outcome_v2,challenger_20260307,0.6223721437035737,5.039673518421983,4.719507346442492
3863,c95,market_outcome_v2,challenger_20260307,0.5035462030397377,5.039673518421983,4.719507346442492
3863,c105,market_outcome_v2,challenger_20260307,0.388966140376369,5.039673518421983,4.719507346442492
3863,hc25,market_outcome_v2,challenger_20260307,0.8156613731458725,5.039673518421983,4.719507346442492
3863,hc35,market_outcome_v2,challenger_20260307,0.6762187078897948,5.039673518421983,4.719507346442492
3863,hc45,market_outcome_v2,challenger_20260307,0.5263571789859385,5.039673518421983,4.719507346442492
3863,hc55,market_outcome_v2,challenger_20260307,0.38662425344777396,5.039673518421983,4.719507346442492
3863,ac25,market_outcome_v2,challenger_20260307,0.7793988771874101,5.039673518421983,4.719507346442492
3863,ac35,market_outcome_v2,challenger_20260307,0.629609796023854,5.039673518421983,4.719507346442492
3863,ac45,market_outcome_v2,challenger_20260307,0.4772926175865444,5.039673518421983,4.719507346442492
3863,ac55,market_outcome_v2,challenger_20260307,0.3418312483771915,5.039673518421983,4.719507346442492
21706,c75,market_outcome_v2,challenger_20260307,0.7257392618877924,4.849407032786394,4.810024317773778
21706,c85,market_outcome_v2,challenger_20260307,0.6113503473563118,4.849407032786394,4.810024317773778
21706,c95,market_outcome_v2,challenger_20260307,0.4917886338639835,4.849407032786394,4.810024317773778
21706,c105,market_outcome_v2,challenger_20260307,0.37749821248539883,4.849407032786394,4.810024317773778
21706,hc25,market_outcome_v2,challenger_20260307,0.7991641686031157,4.849407032786394,4.810024317773778
21706,hc35,market_outcome_v2,challenger_20260307,0.6528698660425273,4.849407032786394,4.810024317773778
21706,hc45,market_outcome_v2,challenger_20260307,0.499477272685631,4.849407032786394,4.810024317773778
21706,hc55,market_outcome_v2,challenger_20260307,0.3599383145328392,4.849407032786394,4.810024317773778
21706,ac25,market_outcome_v2,challenger_20260307,0.7878485687832546,4.849407032786394,4.810024317773778
21706,ac35,market_outcome_v2,challenger_20260307,0.6411336284104396,4.849407032786394,4.810024317773778
21706,ac45,market_outcome_v2,challenger_20260307,0.4901788846462204,4.849407032786394,4.810024317773778
21706,ac55,market_outcome_v2,challenger_20260307,0.3543422120666406,4.849407032786394,4.810024317773778
1136,c75,market_outcome_v2,challenger_20260307,0.7790137349533743,4.614447416526671,5.653068069657605
1136,c85,market_outcome_v2,challenger_20260307,0.6756109616128212,4.614447416526671,5.653068069657605
1136,c95,market_outcome_v2,challenger_20260307,0.5618181319982278,4.614447416526671,5.653068069657605
1136,c105,market_outcome_v2,challenger_20260307,0.44729133401813914,4.614447416526671,5.653068069657605
1136,hc25,market_outcome_v2,challenger_20260307,0.7767333229045161,4.614447416526671,5.653068069657605
1136,hc35,market_outcome_v2,challenger_20260307,0.6220158988223887,4.614447416526671,5.653068069657605
1136,hc45,market_outcome_v2,challenger_20260307,0.464954980519221,4.614447416526671,5.653068069657605
1136,hc55,market_outcome_v2,challenger_20260307,0.3266266461750882,4.614447416526671,5.653068069657605
1136,ac25,market_outcome_v2,challenger_20260307,0.852210606181887,4.614447416526671,5.653068069657605
1136,ac35,market_outcome_v2,challenger_20260307,0.7337162413435417,4.614447416526671,5.653068069657605
1136,ac45,market_outcome_v2,challenger_20260307,0.5994571491166593,4.614447416526671,5.653068069657605
1136,ac55,market_outcome_v2,challenger_20260307,0.4664155179287174,4.614447416526671,5.653068069657605
5147,c75,market_outcome_v2,challenger_20260307,0.71198067097251,5.2357805729270375,4.280959559381234
5147,c85,market_outcome_v2,challenger_20260307,0.5952740411170911,5.2357805729270375,4.280959559381234
5147,c95,market_outcome_v2,challenger_20260307,0.47482109556224183,5.2357805729270375,4.280959559381234
5147,c105,market_outcome_v2,challenger_20260307,0.36112414070785026,5.2357805729270375,4.280959559381234
5147,hc25,market_outcome_v2,challenger_20260307,0.8312311890392876,5.2357805729270375,4.280959559381234
5147,hc35,market_outcome_v2,challenger_20260307,0.6987993619061853,5.2357805729270375,4.280959559381234
5147,hc45,market_outcome_v2,challenger_20260307,0.5529948363894557,5.2357805729270375,4.280959559381234
5147,hc55,market_outcome_v2,challenger_20260307,0.41372285769584116,5.2357805729270375,4.280959559381234
5147,ac25,market_outcome_v2,challenger_20260307,0.7333985716056481,5.2357805729270375,4.280959559381234
5147,ac35,market_outcome_v2,challenger_20260307,0.5691422052593405,5.2357805729270375,4.280959559381234
5147,ac45,market_outcome_v2,challenger_20260307,0.4121010821929211,5.2357805729270375,4.280959559381234
5147,ac55,market_outcome_v2,challenger_20260307,0.28078968597863674,5.2357805729270375,4.280959559381234
5545,c75,market_outcome_v2,challenger_20260307,0.7364454498254044,5.188583347490752,4.585493543041685
5545,c85,market_outcome_v2,challenger_20260307,0.6240024356131162,5.188583347490752,4.585493543041685
5545,c95,market_outcome_v2,challenger_20260307,0.5052940402845805,5.188583347490752,4.585493543041685
5545,c105,market_outcome_v2,challenger_20260307,0.39067945126429304,5.188583347490752,4.585493543041685
5545,hc25,market_outcome_v2,challenger_20260307,0.8276107561416277,5.188583347490752,4.585493543041685
5545,hc35,market_outcome_v2,challenger_20260307,0.6934998024800647,5.188583347490752,4.585493543041685
5545,hc45,market_outcome_v2,challenger_20260307,0.546685181734857,5.188583347490752,4.585493543041685
5545,hc55,market_outcome_v2,challenger_20260307,0.4072448288129985,5.188583347490752,4.585493543041685
5545,ac25,market_outcome_v2,challenger_20260307,0.7662576264685055,5.188583347490752,4.585493543041685
5545,ac35,market_outcome_v2,challenger_20260307,0.6119521363939695,5.188583347490752,4.585493543041685
5545,ac45,market_outcome_v2,challenger_20260307,0.45783855074881785,5.188583347490752,4.585493543041685
5545,ac55,market_outcome_v2,challenger_20260307,0.3232220438011497,5.188583347490752,4.585493543041685
5546,c75,market_outcome_v2,challenger_20260307,0.7570094011150262,5.298022918983244,4.706254528958775
5546,c85,market_outcome_v2,challenger_20260307,0.6486663362341869,5.298022918983244,4.706254528958775
5546,c95,market_outcome_v2,challenger_20260307,0.5320145927307293,5.298022918983244,4.706254528958775
5546,c105,market_outcome_v2,challenger_20260307,0.417148760557137,5.298022918983244,4.706254528958775
5546,hc25,market_outcome_v2,challenger_20260307,0.8358873053855285,5.298022918983244,4.706254528958775
5546,hc35,market_outcome_v2,challenger_20260307,0.7056597188832738,5.298022918983244,4.706254528958775
5546,hc45,market_outcome_v2,challenger_20260307,0.5612164483449467,5.298022918983244,4.706254528958775
5546,hc55,market_outcome_v2,challenger_20260307,0.4222193469511204,5.298022918983244,4.706254528958775
5546,ac25,market_outcome_v2,challenger_20260307,0.7781333426126694,5.298022918983244,4.706254528958775
5546,ac35,market_outcome_v2,challenger_20260307,0.6278954356487839,5.298022918983244,4.706254528958775
5546,ac45,market_outcome_v2,challenger_20260307,0.4753884750371271,5.298022918983244,4.706254528958775
5546,ac55,market_outcome_v2,challenger_20260307,0.3399950256884482,5.298022918983244,4.706254528958775
19355,c75,market_outcome_v2,challenger_20260307,0.7510680872303517,6.1912000929184146,3.74512233862316
19355,c85,market_outcome_v2,challenger_20260307,0.6414904617344824,6.1912000929184146,3.74512233862316
19355,c95,market_outcome_v2,challenger_20260307,0.5241860153445337,6.1912000929184146,3.74512233862316
19355,c105,market_outcome_v2,challenger_20260307,0.40933982985357975,6.1912000929184146,3.74512233862316
19355,hc25,market_outcome_v2,challenger_20260307,0.8898457336897778,6.1912000929184146,3.74512233862316
19355,hc35,market_outcome_v2,challenger_20260307,0.7892216379920792,6.1912000929184146,3.74512233862316
19355,hc45,market_outcome_v2,challenger_20260307,0.6665496385932792,6.1912000929184146,3.74512233862316
19355,hc55,market_outcome_v2,challenger_20260307,0.536800941312221,6.1912000929184146,3.74512233862316
19355,ac25,market_outcome_v2,challenger_20260307,0.6642516105624243,6.1912000929184146,3.74512233862316
19355,ac35,market_outcome_v2,challenger_20260307,0.4847927855401374,6.1912000929184146,3.74512233862316
19355,ac45,market_outcome_v2,challenger_20260307,0.32768201910070016,6.1912000929184146,3.74512233862316
19355,ac55,market_outcome_v2,challenger_20260307,0.20738775489736871,6.1912000929184146,3.74512233862316
19589,c75,market_outcome_v2,challenger_20260307,0.7466078525194564,4.331499240601885,5.554602005472444
19589,c85,market_outcome_v2,challenger_20260307,0.6361303632476414,4.331499240601885,5.554602005472444
19589,c95,market_outcome_v2,challenger_20260307,0.5183676234634246,4.331499240601885,5.554602005472444
19589,c105,market_outcome_v2,challenger_20260307,0.4035650778385603,4.331499240601885,5.554602005472444
19589,hc25,market_outcome_v2,challenger_20260307,0.7464091415212304,4.331499240601885,5.554602005472444
19589,hc35,market_outcome_v2,challenger_20260307,0.5818272912659079,4.331499240601885,5.554602005472444
19589,hc45,market_outcome_v2,challenger_20260307,0.4216272351366126,4.331499240601885,5.554602005472444
19589,hc55,market_outcome_v2,challenger_20260307,0.28633978968830154,4.331499240601885,5.554602005472444
19589,ac25,market_outcome_v2,challenger_20260307,0.8458801963672433,4.331499240601885,5.554602005472444
19589,ac35,market_outcome_v2,challenger_20260307,0.7242014413105923,4.331499240601885,5.554602005472444
19589,ac45,market_outcome_v2,challenger_20260307,0.5877314058513873,4.331499240601885,5.554602005472444
19589,ac55,market_outcome_v2,challenger_20260307,0.45386928648927805,4.331499240601885,5.554602005472444
19590,c75,market_outcome_v2,challenger_20260307,0.7597397347824356,6.056838036135126,3.9790884883079625
19590,c85,market_outcome_v2,challenger_20260307,0.6519779240162193,6.056838036135126,3.9790884883079625
19590,c95,market_outcome_v2,challenger_20260307,0.5356426284606122,6.056838036135126,3.9790884883079625
19590,c105,market_outcome_v2,challenger_20260307,0.42078294198541244,6.056838036135126,3.9790884883079625
19590,hc25,market_outcome_v2,challenger_20260307,0.8830856693793945,6.056838036135126,3.9790884883079625
19590,hc35,market_outcome_v2,challenger_20260307,0.7783045423262303,6.056838036135126,3.9790884883079625
19590,hc45,market_outcome_v2,challenger_20260307,0.652209449836631,6.056838036135126,3.9790884883079625
19590,hc55,market_outcome_v2,challenger_20260307,0.5205574645720968,6.056838036135126,3.9790884883079625
19590,ac25,market_outcome_v2,challenger_20260307,0.6963390765465758,6.056838036135126,3.9790884883079625
19590,ac35,market_outcome_v2,challenger_20260307,0.5230134630911776,6.056838036135126,3.9790884883079625
19590,ac45,market_outcome_v2,challenger_20260307,0.36501473138595353,6.056838036135126,3.9790884883079625
19590,ac55,market_outcome_v2,challenger_20260307,0.2390519327876781,6.056838036135126,3.9790884883079625
19591,c75,market_outcome_v2,challenger_20260307,0.7315222694347074,5.1732360692514,4.54770898363505
19591,c85,market_outcome_v2,challenger_20260307,0.6181687338490509,5.1732360692514,4.54770898363505
19591,c95,market_outcome_v2,challenger_20260307,0.49905011140548583,5.1732360692514,4.54770898363505
19591,c105,market_outcome_v2,challenger_20260307,0.3845690187506767,5.1732360692514,4.54770898363505
19591,hc25,market_outcome_v2,challenger_20260307,0.8264165021753075,5.1732360692514,4.54770898363505
19591,hc35,market_outcome_v2,challenger_20260307,0.6917582568788734,5.1732360692514,4.54770898363505
19591,hc45,market_outcome_v2,challenger_20260307,0.5446195232534969,5.1732360692514,4.54770898363505
19591,hc55,market_outcome_v2,challenger_20260307,0.4051320569253084,5.1732360692514,4.54770898363505
19591,ac25,market_outcome_v2,challenger_20260307,0.7624116826449493,5.1732360692514,4.54770898363505
19591,ac35,market_outcome_v2,challenger_20260307,0.6068438947040152,5.1732360692514,4.54770898363505
19591,ac45,market_outcome_v2,challenger_20260307,0.4522755382109327,5.1732360692514,4.54770898363505
19591,ac55,market_outcome_v2,challenger_20260307,0.31796213683560703,5.1732360692514,4.54770898363505
19592,c75,market_outcome_v2,challenger_20260307,0.7282517586608321,5.2276390676083855,4.458401077523903
19592,c85,market_outcome_v2,challenger_20260307,0.6143081718787295,5.2276390676083855,4.458401077523903
19592,c95,market_outcome_v2,challenger_20260307,0.49493387519897936,5.2276390676083855,4.458401077523903
19592,c105,market_outcome_v2,challenger_20260307,0.38055619677181285,5.2276390676083855,4.458401077523903
19592,hc25,market_outcome_v2,challenger_20260307,0.8306122486985017,5.2276390676083855,4.458401077523903
19592,hc35,market_outcome_v2,challenger_20260307,0.6978912196838181,5.2276390676083855,4.458401077523903
19592,hc45,market_outcome_v2,challenger_20260307,0.551911048319989,5.2276390676083855,4.458401077523903
19592,hc55,market_outcome_v2,challenger_20260307,0.41260752305371406,5.2276390676083855,4.458401077523903
19592,ac25,market_outcome_v2,challenger_20260307,0.7530669003843016,5.2276390676083855,4.458401077523903
19592,ac35,market_outcome_v2,challenger_20260307,0.5945416222292158,5.2276390676083855,4.458401077523903
19592,ac45,market_outcome_v2,challenger_20260307,0.4389962039863604,5.2276390676083855,4.458401077523903
19592,ac55,market_outcome_v2,challenger_20260307,0.30551695094279485,5.2276390676083855,4.458401077523903
19593,c75,market_outcome_v2,challenger_20260307,0.7439184992609867,5.672131382825066,4.184005521385541
19593,c85,market_outcome_v2,challenger_20260307,0.6329094638052158,5.672131382825066,4.184005521385541
19593,c95,market_outcome_v2,challenger_20260307,0.5148832780766213,5.672131382825066,4.184005521385541
19593,c105,market_outcome_v2,challenger_20260307,0.40011868343203494,5.672131382825066,4.184005521385541
19593,hc25,market_outcome_v2,challenger_20260307,0.8612258074247479,5.672131382825066,4.184005521385541
19593,hc35,market_outcome_v2,challenger_20260307,0.7439219387950748,5.672131382825066,4.184005521385541
19593,hc45,market_outcome_v2,challenger_20260307,0.6082176442415985,5.672131382825066,4.184005521385541
19593,hc55,market_outcome_v2,challenger_20260307,0.472013928000121,5.672131382825066,4.184005521385541
19593,ac25,market_outcome_v2,challenger_20260307,0.7220053570674334,5.672131382825066,4.184005521385541
19593,ac35,market_outcome_v2,challenger_20260307,0.5547256781089644,5.672131382825066,4.184005521385541
19593,ac45,market_outcome_v2,challenger_20260307,0.3971438208025202,5.672131382825066,4.184005521385541
19593,ac55,market_outcome_v2,challenger_20260307,0.2673162028064682,5.672131382825066,4.184005521385541
19594,c75,market_outcome_v2,challenger_20260307,0.7100351589426869,4.77128825658369,4.7256683026720765
19594,c85,market_outcome_v2,challenger_20260307,0.5930170794375849,4.77128825658369,4.7256683026720765
19594,c95,market_outcome_v2,challenger_20260307,0.47245610700770435,4.77128825658369,4.7256683026720765
19594,c105,market_outcome_v2,challenger_20260307,0.3588582783576827,4.77128825658369,4.7256683026720765
19594,hc25,market_outcome_v2,challenger_20260307,0.791967971926417,4.77128825658369,4.7256683026720765
19594,hc35,market_outcome_v2,challenger_20260307,0.6428622132624162,4.77128825658369,4.7256683026720765
19594,hc45,market_outcome_v2,challenger_20260307,0.488157158159517,4.77128825658369,4.7256683026720765
19594,hc55,market_outcome_v2,challenger_20260307,0.3488964171369574,4.77128825658369,4.7256683026720765
19594,ac25,market_outcome_v2,challenger_20260307,0.77998470079422,4.77128825658369,4.7256683026720765
19594,ac35,market_outcome_v2,challenger_20260307,0.6304043989242443,4.77128825658369,4.7256683026720765
19594,ac45,market_outcome_v2,challenger_20260307,0.4781763129353339,4.77128825658369,4.7256683026720765
19594,ac55,market_outcome_v2,challenger_20260307,0.34268451244948783,4.77128825658369,4.7256683026720765
19595,c75,market_outcome_v2,challenger_20260307,0.7290562606636327,4.958120782661694,4.736477115572813
19595,c85,market_outcome_v2,challenger_20260307,0.6152567281230334,4.958120782661694,4.736477115572813
19595,c95,market_outcome_v2,challenger_20260307,0.49594408957672165,4.958120782661694,4.736477115572813
19595,c105,market_outcome_v2,challenger_20260307,0.381539898721597,4.958120782661694,4.736477115572813
19595,hc25,market_outcome_v2,challenger_20260307,0.8087645750659596,4.958120782661694,4.736477115572813
19595,hc35,market_outcome_v2,challenger_20260307,0.666387329328803,4.958120782661694,4.736477115572813
19595,hc45,market_outcome_v2,challenger_20260307,0.5149580769363322,4.958120782661694,4.736477115572813
19595,hc55,market_outcome_v2,challenger_20260307,0.3752269768938876,4.958120782661694,4.736477115572813
19595,ac25,market_outcome_v2,challenger_20260307,0.7810086588074054,4.958120782661694,4.736477115572813
19595,ac35,market_outcome_v2,challenger_20260307,0.6317948282838985,4.958120782661694,4.736477115572813
19595,ac45,market_outcome_v2,challenger_20260307,0.4797243626536156,4.958120782661694,4.736477115572813
19595,ac55,market_outcome_v2,challenger_20260307,0.3441809182946166,4.958120782661694,4.736477115572813
19596,c75,market_outcome_v2,challenger_20260307,0.7555955783776764,6.25594370228447,3.7320505558657784
19596,c85,market_outcome_v2,challenger_20260307,0.6469549848831797,6.25594370228447,3.7320505558657784
19596,c95,market_outcome_v2,challenger_20260307,0.5301434886301247,6.25594370228447,3.7320505558657784
19596,c105,market_outcome_v2,challenger_20260307,0.41527826665767553,6.25594370228447,3.7320505558657784
19596,hc25,market_outcome_v2,challenger_20260307,0.89295551613223,6.25594370228447,3.7320505558657784
19596,hc35,market_outcome_v2,challenger_20260307,0.7942919528655585,6.25594370228447,3.7320505558657784
19596,hc45,market_outcome_v2,challenger_20260307,0.6732736212934322,6.25594370228447,3.7320505558657784
19596,hc55,market_outcome_v2,challenger_20260307,0.5444902958512343,6.25594370228447,3.7320505558657784
19596,ac25,market_outcome_v2,challenger_20260307,0.662367558372728,6.25594370228447,3.7320505558657784
19596,ac35,market_outcome_v2,challenger_20260307,0.4825961340522882,6.25594370228447,3.7320505558657784
19596,ac45,market_outcome_v2,challenger_20260307,0.3255821186257648,6.25594370228447,3.7320505558657784
19596,ac55,market_outcome_v2,challenger_20260307,0.20564488524018465,6.25594370228447,3.7320505558657784
19597,c75,market_outcome_v2,challenger_20260307,0.7352027712475778,4.892816544416909,4.867781163868942
19597,c85,market_outcome_v2,challenger_20260307,0.6225273861458092,4.892816544416909,4.867781163868942
19597,c95,market_outcome_v2,challenger_20260307,0.5037125414080053,4.892816544416909,4.867781163868942
19597,c105,market_outcome_v2,challenger_20260307,0.38912909771251836,4.892816544416909,4.867781163868942
19597,hc25,market_outcome_v2,challenger_20260307,0.8030544779272886,4.892816544416909,4.867781163868942
19597,hc35,market_outcome_v2,challenger_20260307,0.6583242578984163,4.892816544416909,4.867781163868942
19597,hc45,market_outcome_v2,challenger_20260307,0.5056973404553523,4.892816544416909,4.867781163868942
19597,hc55,market_outcome_v2,challenger_20260307,0.36605498924275914,4.892816544416909,4.867781163868942
19597,ac25,market_outcome_v2,challenger_20260307,0.7930670359832406,4.892816544416909,4.867781163868942
19597,ac35,market_outcome_v2,challenger_20260307,0.6483189557070067,4.892816544416909,4.867781163868942
19597,ac45,market_outcome_v2,challenger_20260307,0.49829075916787624,4.892816544416909,4.867781163868942
19597,ac55,market_outcome_v2,challenger_20260307,0.3622932950511516,4.892816544416909,4.867781163868942
20151,c75,market_outcome_v2,challenger_20260307,0.7461977095615776,6.013656504723394,3.867859782901516
20151,c85,market_outcome_v2,challenger_20260307,0.6356386218478203,6.013656504723394,3.867859782901516
20151,c95,market_outcome_v2,challenger_20260307,0.5178350828027701,6.013656504723394,3.867859782901516
20151,c105,market_outcome_v2,challenger_20260307,0.40303776507131994,6.013656504723394,3.867859782901516
20151,hc25,market_outcome_v2,challenger_20260307,0.8808219665956334,6.013656504723394,3.867859782901516
20151,hc35,market_outcome_v2,challenger_20260307,0.774680035702973,6.013656504723394,3.867859782901516
20151,hc45,market_outcome_v2,challenger_20260307,0.6474892060427624,6.013656504723394,3.867859782901516
20151,hc55,market_outcome_v2,challenger_20260307,0.5152565487323353,6.013656504723394,3.867859782901516
20151,ac25,market_outcome_v2,challenger_20260307,0.681465899706869,6.013656504723394,3.867859782901516
20151,ac35,market_outcome_v2,challenger_20260307,0.5051052980281017,6.013656504723394,3.867859782901516
20151,ac45,market_outcome_v2,challenger_20260307,0.3473348089981486,6.013656504723394,3.867859782901516
20151,ac55,market_outcome_v2,challenger_20260307,0.22389711010988622,6.013656504723394,3.867859782901516
19356,c75,market_outcome_v2,challenger_20260307,0.7563057043234256,5.532140978273682,4.464023000158564
19356,c85,market_outcome_v2,challenger_20260307,0.6478142577306971,5.532140978273682,4.464023000158564
19356,c95,market_outcome_v2,challenger_20260307,0.531082652320385,5.532140978273682,4.464023000158564
19356,c105,market_outcome_v2,challenger_20260307,0.4162168028496971,5.532140978273682,4.464023000158564
19356,hc25,market_outcome_v2,challenger_20260307,0.8522528916531232,5.532140978273682,4.464023000158564
19356,hc35,market_outcome_v2,challenger_20260307,0.7301872110188359,5.532140978273682,4.464023000158564
19356,hc45,market_outcome_v2,challenger_20260307,0.5911174764664675,5.532140978273682,4.464023000158564
19356,hc55,market_outcome_v2,challenger_20260307,0.4536544873828692,5.532140978273682,4.464023000158564
19356,ac25,market_outcome_v2,challenger_20260307,0.7536658613286792,5.532140978273682,4.464023000158564
19356,ac35,market_outcome_v2,challenger_20260307,0.595325538027285,5.532140978273682,4.464023000158564
19356,ac45,market_outcome_v2,challenger_20260307,0.4398374237620263,5.532140978273682,4.464023000158564
19356,ac55,market_outcome_v2,challenger_20260307,0.30630070174275936,5.532140978273682,4.464023000158564
4920,c75,market_outcome_v2,challenger_20260307,0.7838963282257082,6.068995317008785,4.259650529592101
4920,c85,market_outcome_v2,challenger_20260307,0.68167087439558,6.068995317008785,4.259650529592101
4920,c95,market_outcome_v2,challenger_20260307,0.568611694533081,6.068995317008785,4.259650529592101
4920,c105,market_outcome_v2,challenger_20260307,0.4542548598118208,6.068995317008785,4.259650529592101
4920,hc25,market_outcome_v2,challenger_20260307,0.8837148408494983,6.068995317008785,4.259650529592101
4920,hc35,market_outcome_v2,challenger_20260307,0.7793146810394984,6.068995317008785,4.259650529592101
4920,hc45,market_outcome_v2,challenger_20260307,0.6535285520423869,6.068995317008785,4.259650529592101
4920,hc55,market_outcome_v2,challenger_20260307,0.522042874155886,6.068995317008785,4.259650529592101
4920,ac25,market_outcome_v2,challenger_20260307,0.7309345858242238,6.068995317008785,4.259650529592101
4920,ac35,market_outcome_v2,challenger_20260307,0.5660062479964302,6.068995317008785,4.259650529592101
4920,ac45,market_outcome_v2,challenger_20260307,0.4088286431217947,6.068995317008785,4.259650529592101
4920,ac55,market_outcome_v2,challenger_20260307,0.2778248421619892,6.068995317008785,4.259650529592101
19068,c75,market_outcome_v2,challenger_20260307,0.7867012310993474,6.754214428789102,3.6100376550025457
19068,c85,market_outcome_v2,challenger_20260307,0.6851658444698531,6.754214428789102,3.6100376550025457
19068,c95,market_outcome_v2,challenger_20260307,0.5725452373061953,6.754214428789102,3.6100376550025457
19068,c105,market_outcome_v2,challenger_20260307,0.45830270694391007,6.754214428789102,3.6100376550025457
19068,hc25,market_outcome_v2,challenger_20260307,0.9140023897863551,6.754214428789102,3.6100376550025457
19068,hc35,market_outcome_v2,challenger_20260307,0.8294681381637173,6.754214428789102,3.6100376550025457
19068,hc45,market_outcome_v2,challenger_20260307,0.7210998082592226,6.754214428789102,3.6100376550025457
19068,hc55,market_outcome_v2,challenger_20260307,0.6005723057552019,6.754214428789102,3.6100376550025457
19068,ac25,market_outcome_v2,challenger_20260307,0.6443009202652452,6.754214428789102,3.6100376550025457
19068,ac35,market_outcome_v2,challenger_20260307,0.4617921734650229,6.754214428789102,3.6100376550025457
19068,ac45,market_outcome_v2,challenger_20260307,0.30593937273990934,6.754214428789102,3.6100376550025457
19068,ac55,market_outcome_v2,challenger_20260307,0.18954194454379125,6.754214428789102,3.6100376550025457
21707,c75,market_outcome_v2,challenger_20260307,0.7513270060298193,6.151191604557983,3.7880667621043407
21707,c85,market_outcome_v2,challenger_20260307,0.6418023240139095,6.151191604557983,3.7880667621043407
21707,c95,market_outcome_v2,challenger_20260307,0.5245253096691608,6.151191604557983,3.7880667621043407
21707,c105,market_outcome_v2,challenger_20260307,0.4096773423464368,6.151191604557983,3.7880667621043407
21707,hc25,market_outcome_v2,challenger_20260307,0.887876745290968,6.151191604557983,3.7880667621043407
21707,hc35,market_outcome_v2,challenger_20260307,0.7860271930240887,6.151191604557983,3.7880667621043407
21707,hc45,market_outcome_v2,challenger_20260307,0.6623342892045233,6.151191604557983,3.7880667621043407
21707,hc55,market_outcome_v2,challenger_20260307,0.5320042412445327,6.151191604557983,3.7880667621043407
21707,ac25,market_outcome_v2,challenger_20260307,0.6703720772131365,6.151191604557983,3.7880667621043407
21707,ac35,market_outcome_v2,challenger_20260307,0.49196460499670913,6.151191604557983,3.7880667621043407
21707,ac45,market_outcome_v2,challenger_20260307,0.3345724345602884,6.151191604557983,3.7880667621043407
21707,ac55,market_outcome_v2,challenger_20260307,0.21313542772440108,6.151191604557983,3.7880667621043407
5916,c75,market_outcome_v2,challenger_20260307,0.7312442850414704,5.771929468394798,3.9460367914310033
5916,c85,market_outcome_v2,challenger_20260307,0.6178401386965237,5.771929468394798,3.9460367914310033
5916,c95,market_outcome_v2,challenger_20260307,0.4986992655319358,5.771929468394798,3.9460367914310033
5916,c105,market_outcome_v2,challenger_20260307,0.38422651044711265,5.771929468394798,3.9460367914310033
5916,hc25,market_outcome_v2,challenger_20260307,0.8672765102662358,5.771929468394798,3.9460367914310033
5916,hc35,market_outcome_v2,challenger_20260307,0.7533044313947636,5.771929468394798,3.9460367914310033
5916,hc45,market_outcome_v2,challenger_20260307,0.6200513312294961,5.771929468394798,3.9460367914310033
5916,hc55,market_outcome_v2,challenger_20260307,0.48488445332517205,5.771929468394798,3.9460367914310033
5916,ac25,market_outcome_v2,challenger_20260307,0.6919903398530541,5.771929468394798,3.9460367914310033
5916,ac35,market_outcome_v2,challenger_20260307,0.5177424330879827,5.771929468394798,3.9460367914310033
5916,ac45,market_outcome_v2,challenger_20260307,0.3597763382849293,5.771929468394798,3.9460367914310033
5916,ac55,market_outcome_v2,challenger_20260307,0.2345320182119901,5.771929468394798,3.9460367914310033
5148,c75,market_outcome_v2,challenger_20260307,0.7271050062378084,5.593668057355586,4.080205354078878
5148,c85,market_outcome_v2,challenger_20260307,0.6129573075005521,5.593668057355586,4.080205354078878
5148,c95,market_outcome_v2,challenger_20260307,0.49349650593505334,5.593668057355586,4.080205354078878
5148,c105,market_outcome_v2,challenger_20260307,0.3791578190130296,5.593668057355586,4.080205354078878
5148,hc25,market_outcome_v2,challenger_20260307,0.8562682527189651,5.593668057355586,4.080205354078878
5148,hc35,market_outcome_v2,challenger_20260307,0.7363075272072548,5.593668057355586,4.080205354078878
5148,hc45,market_outcome_v2,challenger_20260307,0.5987051767456589,5.593668057355586,4.080205354078878
5148,hc55,market_outcome_v2,challenger_20260307,0.46176630982707356,5.593668057355586,4.080205354078878
5148,ac25,market_outcome_v2,challenger_20260307,0.7092791555614155,5.593668057355586,4.080205354078878
5148,ac35,market_outcome_v2,challenger_20260307,0.5388714492144859,5.593668057355586,4.080205354078878
5148,ac45,market_outcome_v2,challenger_20260307,0.3809492191042534,5.593668057355586,4.080205354078878
5148,ac55,market_outcome_v2,challenger_20260307,0.2529535865111132,5.593668057355586,4.080205354078878
5547,c75,market_outcome_v2,challenger_20260307,0.7230677920180366,5.215301778198799,4.416029337568864
5547,c85,market_outcome_v2,challenger_20260307,0.6082129156822248,5.215301778198799,4.416029337568864
5547,c95,market_outcome_v2,challenger_20260307,0.48846040660023027,5.215301778198799,4.416029337568864
5547,c105,market_outcome_v2,challenger_20260307,0.37427007962470493,5.215301778198799,4.416029337568864
5547,hc25,market_outcome_v2,challenger_20260307,0.8296699137178509,5.215301778198799,4.416029337568864
5547,hc35,market_outcome_v2,challenger_20260307,0.6965102772178773,5.215301778198799,4.416029337568864
5547,hc45,market_outcome_v2,challenger_20260307,0.550265042667878,5.215301778198799,4.416029337568864
5547,hc55,market_outcome_v2,challenger_20260307,0.4109156902861031,5.215301778198799,4.416029337568864
5547,ac25,market_outcome_v2,challenger_20260307,0.7485055700740907,5.215301778198799,4.416029337568864
5547,ac35,market_outcome_v2,challenger_20260307,0.5885922483720981,5.215301778198799,4.416029337568864
5547,ac45,market_outcome_v2,challenger_20260307,0.4326337969153312,5.215301778198799,4.416029337568864
5547,ac55,market_outcome_v2,challenger_20260307,0.2996094823874218,5.215301778198799,4.416029337568864
21427,c75,market_outcome_v2,challenger_20260307,0.7233524521147531,4.8459804218460665,4.788335622424171
21427,c85,market_outcome_v2,challenger_20260307,0.6085468579338167,4.8459804218460665,4.788335622424171
21427,c95,market_outcome_v2,challenger_20260307,0.4888142659148298,4.8459804218460665,4.788335622424171
21427,c105,market_outcome_v2,challenger_20260307,0.37461291798090846,4.8459804218460665,4.788335622424171
21427,hc25,market_outcome_v2,challenger_20260307,0.7988538116315815,4.8459804218460665,4.788335622424171
21427,hc35,market_outcome_v2,challenger_20260307,0.6524360774790993,4.8459804218460665,4.788335622424171
21427,hc45,market_outcome_v2,challenger_20260307,0.49898412149800686,4.8459804218460665,4.788335622424171
21427,hc55,market_outcome_v2,challenger_20260307,0.3594548636370305,4.8459804218460665,4.788335622424171
21427,ac25,market_outcome_v2,challenger_20260307,0.7858544353508294,4.8459804218460665,4.788335622424171
21427,ac35,market_outcome_v2,challenger_20260307,0.6384017597435834,4.8459804218460665,4.788335622424171
21427,ac45,market_outcome_v2,challenger_20260307,0.48711032321157977,4.8459804218460665,4.788335622424171
21427,ac55,market_outcome_v2,challenger_20260307,0.3513496817913847,4.8459804218460665,4.788335622424171
21428,c75,market_outcome_v2,challenger_20260307,0.7523078719907974,6.2248658863945785,3.7255355275884066
21428,c85,market_outcome_v2,challenger_20260307,0.6429844626702026,6.2248658863945785,3.7255355275884066
21428,c95,market_outcome_v2,challenger_20260307,0.5258122004424947,6.2248658863945785,3.7255355275884066
21428,c105,market_outcome_v2,challenger_20260307,0.4109582401950299,6.2248658863945785,3.7255355275884066
21428,hc25,market_outcome_v2,challenger_20260307,0.8914744493339428,6.2248658863945785,3.7255355275884066
21428,hc35,market_outcome_v2,challenger_20260307,0.7918733012568593,6.2248658863945785,3.7255355275884066
21428,hc45,market_outcome_v2,challenger_20260307,0.6700610137230563,6.2248658863945785,3.7255355275884066
21428,hc55,market_outcome_v2,challenger_20260307,0.5408105939038732,6.2248658863945785,3.7255355275884066
21428,ac25,market_outcome_v2,challenger_20260307,0.6614248511577531,6.2248658863945785,3.7255355275884066
21428,ac35,market_outcome_v2,challenger_20260307,0.4814989551998954,6.2248658863945785,3.7255355275884066
21428,ac45,market_outcome_v2,challenger_20260307,0.32453511738198293,6.2248658863945785,3.7255355275884066
21428,ac55,market_outcome_v2,challenger_20260307,0.20477743322410824,6.2248658863945785,3.7255355275884066
21429,c75,market_outcome_v2,challenger_20260307,0.728441863286658,5.099528686780179,4.588532006088009
21429,c85,market_outcome_v2,challenger_20260307,0.6145322526196134,5.099528686780179,4.588532006088009
21429,c95,market_outcome_v2,challenger_20260307,0.49517245345512584,5.099528686780179,4.588532006088009
21429,c105,market_outcome_v2,challenger_20260307,0.3807884472933025,5.099528686780179,4.588532006088009
21429,hc25,market_outcome_v2,challenger_20260307,0.820562506171284,5.099528686780179,4.588532006088009
21429,hc35,market_outcome_v2,challenger_20260307,0.6832681837347852,5.099528686780179,4.588532006088009
21429,hc45,market_outcome_v2,challenger_20260307,0.5346043421292055,5.099528686780179,4.588532006088009
21429,hc55,market_outcome_v2,challenger_20260307,0.39494427928179376,5.099528686780179,4.588532006088009
21429,ac25,market_outcome_v2,challenger_20260307,0.7665641638634275,5.099528686780179,4.588532006088009
21429,ac35,market_outcome_v2,challenger_20260307,0.6123604294580468,5.099528686780179,4.588532006088009
21429,ac45,market_outcome_v2,challenger_20260307,0.45828444273865954,5.099528686780179,4.588532006088009
21429,ac55,market_outcome_v2,challenger_20260307,0.32364482511937787,5.099528686780179,4.588532006088009
19901,c75,market_outcome_v2,challenger_20260307,0.7007646420549732,4.886200485440094,4.517743233284847
19901,c85,market_outcome_v2,challenger_20260307,0.5823169210884306,4.886200485440094,4.517743233284847
19901,c95,market_outcome_v2,challenger_20260307,0.4613004930499818,4.886200485440094,4.517743233284847
19901,c105,market_outcome_v2,challenger_20260307,0.34822422598427427,4.886200485440094,4.517743233284847
19901,hc25,market_outcome_v2,challenger_20260307,0.8024664846716005,4.886200485440094,4.517743233284847
19901,hc35,market_outcome_v2,challenger_20260307,0.657497851229458,4.886200485440094,4.517743233284847
19901,hc45,market_outcome_v2,challenger_20260307,0.5047526257089243,4.886200485440094,4.517743233284847
19901,hc55,market_outcome_v2,challenger_20260307,0.3651237143463406,4.886200485440094,4.517743233284847
19901,ac25,market_outcome_v2,challenger_20260307,0.7593164044417334,4.886200485440094,4.517743233284847
19901,ac35,market_outcome_v2,challenger_20260307,0.6027519076715243,4.886200485440094,4.517743233284847
19901,ac45,market_outcome_v2,challenger_20260307,0.4478400793209991,4.886200485440094,4.517743233284847
19901,ac55,market_outcome_v2,challenger_20260307,0.31378794946519917,4.886200485440094,4.517743233284847
22197,c75,market_outcome_v2,challenger_20260307,0.7194671974529009,5.284373124943686,4.3093909751672
22197,c85,market_outcome_v2,challenger_20260307,0.6039965187986424,5.284373124943686,4.3093909751672
22197,c95,market_outcome_v2,challenger_20260307,0.4840005219777397,5.284373124943686,4.3093909751672
22197,c105,market_outcome_v2,challenger_20260307,0.3699568193026952,5.284373124943686,4.3093909751672
22197,hc25,market_outcome_v2,challenger_20260307,0.8348775870143823,5.284373124943686,4.3093909751672
22197,hc35,market_outcome_v2,challenger_20260307,0.704167670759661,5.284373124943686,4.3093909751672
22197,hc45,market_outcome_v2,challenger_20260307,0.5594231568729705,5.284373124943686,4.3093909751672
22197,hc55,market_outcome_v2,challenger_20260307,0.42036073244349104,5.284373124943686,4.3093909751672
22197,ac25,market_outcome_v2,challenger_20260307,0.7366514704730452,5.284373124943686,4.3093909751672
22197,ac35,market_outcome_v2,challenger_20260307,0.5732977138405289,5.284373124943686,4.3093909751672
22197,ac45,market_outcome_v2,challenger_20260307,0.4164536704162295,5.284373124943686,4.3093909751672
22197,ac55,market_outcome_v2,challenger_20260307,0.28474790735976563,5.284373124943686,4.3093909751672
22198,c75,market_outcome_v2,challenger_20260307,0.7298262380283805,5.852912982804282,3.8498926887103715
22198,c85,market_outcome_v2,challenger_20260307,0.6161652432197786,5.852912982804282,3.8498926887103715
22198,c95,market_outcome_v2,challenger_20260307,0.49691236929907423,5.852912982804282,3.8498926887103715
22198,c105,market_outcome_v2,challenger_20260307,0.38248345770317105,5.852912982804282,3.8498926887103715
22198,hc25,market_outcome_v2,challenger_20260307,0.8719848061035194,5.852912982804282,3.8498926887103715
22198,hc35,market_outcome_v2,challenger_20260307,0.7606750196131672,5.852912982804282,3.8498926887103715
22198,hc45,market_outcome_v2,challenger_20260307,0.6294362063019879,5.852912982804282,3.8498926887103715
22198,hc55,market_outcome_v2,challenger_20260307,0.4951889715691883,5.852912982804282,3.8498926887103715
22198,ac25,market_outcome_v2,challenger_20260307,0.6789991689694148,5.852912982804282,3.8498926887103715
22198,ac35,market_outcome_v2,challenger_20260307,0.5021675778763631,5.852912982804282,3.8498926887103715
22198,ac45,market_outcome_v2,challenger_20260307,0.3444662184035525,5.852912982804282,3.8498926887103715
22198,ac55,market_outcome_v2,challenger_20260307,0.22146515524606336,5.852912982804282,3.8498926887103715
19902,c75,market_outcome_v2,challenger_20260307,0.7268112236375133,5.355330817117819,4.315431591269605
19902,c85,market_outcome_v2,challenger_20260307,0.6126114655690162,5.355330817117819,4.315431591269605
19902,c95,market_outcome_v2,challenger_20260307,0.49312876353317325,5.355330817117819,4.315431591269605
19902,c105,market_outcome_v2,challenger_20260307,0.37880029165476115,5.355330817117819,4.315431591269605
19902,hc25,market_outcome_v2,challenger_20260307,0.8400580288084669,5.355330817117819,4.315431591269605
19902,hc35,market_outcome_v2,challenger_20260307,0.7118484275153806,5.355330817117819,4.315431591269605
19902,hc45,market_outcome_v2,challenger_20260307,0.5686856760188815,5.355330817117819,4.315431591269605
19902,hc55,market_outcome_v2,challenger_20260307,0.4299929665116068,5.355330817117819,4.315431591269605
19902,ac25,market_outcome_v2,challenger_20260307,0.7373375200567622,5.355330817117819,4.315431591269605
19902,ac35,market_outcome_v2,challenger_20260307,0.574176389019335,5.355330817117819,4.315431591269605
19902,ac45,market_outcome_v2,challenger_20260307,0.41737639132730175,5.355330817117819,4.315431591269605
19902,ac55,market_outcome_v2,challenger_20260307,0.28558918789362364,5.355330817117819,4.315431591269605
19903,c75,market_outcome_v2,challenger_20260307,0.7343881541507362,5.222652300331145,4.529134453333325
19903,c85,market_outcome_v2,challenger_20260307,0.6215613760808895,5.222652300331145,4.529134453333325
19903,c95,market_outcome_v2,challenger_20260307,0.502677817978048,5.222652300331145,4.529134453333325
19903,c105,market_outcome_v2,challenger_20260307,0.3881157314417999,5.222652300331145,4.529134453333325
19903,hc25,market_outcome_v2,challenger_20260307,0.8302319965896778,5.222652300331145,4.529134453333325
19903,hc35,market_outcome_v2,challenger_20260307,0.6973337333172215,5.222652300331145,4.529134453333325
19903,hc45,market_outcome_v2,challenger_20260307,0.551246261700904,5.222652300331145,4.529134453333325
19903,hc55,market_outcome_v2,challenger_20260307,0.4119239253526321,5.222652300331145,4.529134453333325
19903,ac25,market_outcome_v2,challenger_20260307,0.7604977895789717,5.222652300331145,4.529134453333325
19903,ac35,market_outcome_v2,challenger_20260307,0.6043116986859065,5.222652300331145,4.529134453333325
19903,ac45,market_outcome_v2,challenger_20260307,0.4495286161544475,5.222652300331145,4.529134453333325
19903,ac55,market_outcome_v2,challenger_20260307,0.3153749723818503,5.222652300331145,4.529134453333325
20152,c75,market_outcome_v2,challenger_20260307,0.7102766092566015,5.181794845049853,4.317611886389411
20152,c85,market_outcome_v2,challenger_20260307,0.5932969657671168,5.181794845049853,4.317611886389411
20152,c95,market_outcome_v2,challenger_20260307,0.47274916264557587,5.181794845049853,4.317611886389411
20152,c105,market_outcome_v2,challenger_20260307,0.3591388333398464,5.181794845049853,4.317611886389411
20152,hc25,market_outcome_v2,challenger_20260307,0.8270835424588225,5.181794845049853,4.317611886389411
20152,hc35,market_outcome_v2,challenger_20260307,0.6927305812175579,5.181794845049853,4.317611886389411
20152,hc45,market_outcome_v2,challenger_20260307,0.5457723277880236,5.181794845049853,4.317611886389411
20152,hc55,market_outcome_v2,challenger_20260307,0.4063106680271582,5.181794845049853,4.317611886389411
20152,ac25,market_outcome_v2,challenger_20260307,0.7375847076686125,5.181794845049853,4.317611886389411
20152,ac35,market_outcome_v2,challenger_20260307,0.574493174416489,5.181794845049853,4.317611886389411
20152,ac45,market_outcome_v2,challenger_20260307,0.4177092598522032,5.181794845049853,4.317611886389411
20152,ac55,market_outcome_v2,challenger_20260307,0.2858928626952285,5.181794845049853,4.317611886389411
21708,c75,market_outcome_v2,challenger_20260307,0.7210836610673195,5.377887135815766,4.232699444376214
21708,c85,market_outcome_v2,challenger_20260307,0.605887713618791,5.377887135815766,4.232699444376214
21708,c95,market_outcome_v2,challenger_20260307,0.48599910027007,5.377887135815766,4.232699444376214
21708,c105,market_outcome_v2,challenger_20260307,0.3718879232474739,5.377887135815766,4.232699444376214
21708,hc25,market_outcome_v2,challenger_20260307,0.841669673749466,5.377887135815766,4.232699444376214
21708,hc35,market_outcome_v2,challenger_20260307,0.7142510476221309,5.377887135815766,4.232699444376214
21708,hc45,market_outcome_v2,challenger_20260307,0.5715989845324853,5.377887135815766,4.232699444376214
21708,hc55,market_outcome_v2,challenger_20260307,0.4330391663392036,5.377887135815766,4.232699444376214
21708,ac25,market_outcome_v2,challenger_20260307,0.7277860484111328,5.377887135815766,4.232699444376214
21708,ac35,market_outcome_v2,challenger_20260307,0.5620136703574232,5.377887135815766,4.232699444376214
21708,ac45,market_outcome_v2,challenger_20260307,0.4046775009173641,5.377887135815766,4.232699444376214
21708,ac55,market_outcome_v2,challenger_20260307,0.2740776073946376,5.377887135815766,4.232699444376214
5548,c75,market_outcome_v2,challenger_20260307,0.7294904122372264,5.502894706901276,4.196329058808084
5548,c85,market_outcome_v2,challenger_20260307,0.6157689140561635,5.502894706901276,4.196329058808084
5548,c95,market_outcome_v2,challenger_20260307,0.49648988312760056,5.502894706901276,4.196329058808084
5548,c105,market_outcome_v2,challenger_20260307,0.3820716746413597,5.502894706901276,4.196329058808084
5548,hc25,market_outcome_v2,challenger_20260307,0.8503038078715468,5.502894706901276,4.196329058808084
5548,hc35,market_outcome_v2,challenger_20260307,0.7272312467243802,5.502894706901276,4.196329058808084
5548,hc45,market_outcome_v2,challenger_20260307,0.5874711661124526,5.502894706901276,4.196329058808084
5548,hc55,market_outcome_v2,challenger_20260307,0.4497758537787475,5.502894706901276,4.196329058808084
5548,ac25,market_outcome_v2,challenger_20260307,0.723479626282267,5.502894706901276,4.196329058808084
5548,ac35,market_outcome_v2,challenger_20260307,0.5565791783152798,5.502894706901276,4.196329058808084
5548,ac45,market_outcome_v2,challenger_20260307,0.3990544558243685,5.502894706901276,4.196329058808084
5548,ac55,market_outcome_v2,challenger_20260307,0.2690261842775419,5.502894706901276,4.196329058808084
12146,c75,market_outcome_v2,challenger_20260307,0.7298565806543666,4.465153954460647,5.237975509534739
12146,c85,market_outcome_v2,challenger_20260307,0.6162010585720591,4.465153954460647,5.237975509534739
12146,c95,market_outcome_v2,challenger_20260307,0.49695055491240947,4.465153954460647,5.237975509534739
12146,c105,market_outcome_v2,challenger_20260307,0.3825206822845747,4.465153954460647,5.237975509534739
12146,hc25,market_outcome_v2,challenger_20260307,0.761206239404095,4.465153954460647,5.237975509534739
12146,hc35,market_outcome_v2,challenger_20260307,0.6012270429299968,4.465153954460647,5.237975509534739
12146,hc45,market_outcome_v2,challenger_20260307,0.44231511946552204,4.465153954460647,5.237975509534739
12146,hc55,market_outcome_v2,challenger_20260307,0.3053646370091323,4.465153954460647,5.237975509534739
12146,ac25,market_outcome_v2,challenger_20260307,0.8235275372123654,4.465153954460647,5.237975509534739
12146,ac35,market_outcome_v2,challenger_20260307,0.6913515944169237,4.465153954460647,5.237975509534739
12146,ac45,market_outcome_v2,challenger_20260307,0.5481446560340888,4.465153954460647,5.237975509534739
12146,ac55,market_outcome_v2,challenger_20260307,0.41244662417279687,4.465153954460647,5.237975509534739
5149,c75,market_outcome_v2,challenger_20260307,0.7094755401529229,5.362316346147935,4.128966869215524
5149,c85,market_outcome_v2,challenger_20260307,0.5923686118524941,5.362316346147935,4.128966869215524
5149,c95,market_outcome_v2,challenger_20260307,0.4717773743514262,5.362316346147935,4.128966869215524
5149,c105,market_outcome_v2,challenger_20260307,0.3582087341167942,5.362316346147935,4.128966869215524
5149,hc25,market_outcome_v2,challenger_20260307,0.8405589348996043,5.362316346147935,4.128966869215524
5149,hc35,market_outcome_v2,challenger_20260307,0.7125944994615878,5.362316346147935,4.128966869215524
5149,hc45,market_outcome_v2,challenger_20260307,0.5695895138520592,5.362316346147935,4.128966869215524
5149,hc55,market_outcome_v2,challenger_20260307,0.4309371809547664,5.362316346147935,4.128966869215524
5149,ac25,market_outcome_v2,challenger_20260307,0.7153266612635595,5.362316346147935,4.128966869215524
5149,ac35,market_outcome_v2,challenger_20260307,0.5463730452950823,5.362316346147935,4.128966869215524
5149,ac45,market_outcome_v2,challenger_20260307,0.3885788295836142,5.362316346147935,4.128966869215524
5149,ac55,market_outcome_v2,challenger_20260307,0.25969082123261766,5.362316346147935,4.128966869215524
20835,c75,market_outcome_v2,challenger_20260307,0.7106080637390513,5.990887726363199,3.5118848580426794
20835,c85,market_outcome_v2,challenger_20260307,0.5936812838419032,5.990887726363199,3.5118848580426794
20835,c95,market_outcome_v2,challenger_20260307,0.4731516685050111,5.990887726363199,3.5118848580426794
20835,c105,market_outcome_v2,challenger_20260307,0.3595242700854465,5.990887726363199,3.5118848580426794
20835,hc25,market_outcome_v2,challenger_20260307,0.8796099521601476,5.990887726363199,3.5118848580426794
20835,hc35,market_outcome_v2,challenger_20260307,0.7727457327731971,5.990887726363199,3.5118848580426794
20835,hc45,market_outcome_v2,challenger_20260307,0.6449783214210811,5.990887726363199,3.5118848580426794
20835,hc55,market_outcome_v2,challenger_20260307,0.5124459457573189,5.990887726363199,3.5118848580426794
20835,ac25,market_outcome_v2,challenger_20260307,0.6291258410880183,5.990887726363199,3.5118848580426794
20835,ac35,market_outcome_v2,challenger_20260307,0.4446759400214705,5.990887726363199,3.5118848580426794
20835,ac45,market_outcome_v2,challenger_20260307,0.29010986373048564,5.990887726363199,3.5118848580426794
20835,ac55,market_outcome_v2,challenger_20260307,0.1768312870407348,5.990887726363199,3.5118848580426794
1676,c75,market_outcome_v2,challenger_20260307,0.7225489443360564,5.692971451475769,3.9329247241293857
1676,c85,market_outcome_v2,challenger_20260307,0.6076044674920061,5.692971451475769,3.9329247241293857
1676,c95,market_outcome_v2,challenger_20260307,0.48781590824291177,5.692971451475769,3.9329247241293857
1676,c105,market_outcome_v2,challenger_20260307,0.37364588569201174,5.692971451475769,3.9329247241293857
1676,hc25,market_outcome_v2,challenger_20260307,0.8625125501365465,5.692971451475769,3.9329247241293857
1676,hc35,market_outcome_v2,challenger_20260307,0.7459089307292214,5.692971451475769,3.9329247241293857
1676,hc45,market_outcome_v2,challenger_20260307,0.6107133079115149,5.692971451475769,3.9329247241293857
1676,hc55,market_outcome_v2,challenger_20260307,0.47471693072147414,5.692971451475769,3.9329247241293857
1676,ac25,market_outcome_v2,challenger_20260307,0.6902486445643794,5.692971451475769,3.9329247241293857
1676,ac35,market_outcome_v2,challenger_20260307,0.5156394850622291,5.692971451475769,3.9329247241293857
1676,ac45,market_outcome_v2,challenger_20260307,0.3576944654459743,5.692971451475769,3.9329247241293857
1676,ac55,market_outcome_v2,challenger_20260307,0.23274261390419493,5.692971451475769,3.9329247241293857
1137,c75,market_outcome_v2,challenger_20260307,0.7775835713216194,5.666170144614532,4.583638462700675
1137,c85,market_outcome_v2,challenger_20260307,0.6738416430826017,5.666170144614532,4.583638462700675
1137,c95,market_outcome_v2,challenger_20260307,0.5598409762673813,5.666170144614532,4.583638462700675
1137,c105,market_outcome_v2,challenger_20260307,0.44527122264048924,5.666170144614532,4.583638462700675
1137,hc25,market_outcome_v2,challenger_20260307,0.8608554478898099,5.666170144614532,4.583638462700675
1137,hc35,market_outcome_v2,challenger_20260307,0.7433508489919387,5.666170144614532,4.583638462700675
1137,hc45,market_outcome_v2,challenger_20260307,0.6075013842688934,5.666170144614532,4.583638462700675
1137,hc55,market_outcome_v2,challenger_20260307,0.4712392748957338,5.666170144614532,4.583638462700675
1137,ac25,market_outcome_v2,challenger_20260307,0.766070276107582,5.666170144614532,4.583638462700675
1137,ac35,market_outcome_v2,challenger_20260307,0.6117026782599805,5.666170144614532,4.583638462700675
1137,ac45,market_outcome_v2,challenger_20260307,0.4575662116920812,5.666170144614532,4.583638462700675
1137,ac55,market_outcome_v2,challenger_20260307,0.32296390657781016,5.666170144614532,4.583638462700675
1138,c75,market_outcome_v2,challenger_20260307,0.7621286242348853,5.195763553864354,4.868078197973185
1138,c85,market_outcome_v2,challenger_20260307,0.6548826368503096,5.195763553864354,4.868078197973185
1138,c95,market_outcome_v2,challenger_20260307,0.5388328807757538,5.195763553864354,4.868078197973185
1138,c105,market_outcome_v2,challenger_20260307,0.423986603089347,5.195763553864354,4.868078197973185
1138,hc25,market_outcome_v2,challenger_20260307,0.8281666078213641,5.195763553864354,4.868078197973185
1138,hc35,market_outcome_v2,challenger_20260307,0.6943114955405764,5.195763553864354,4.868078197973185
1138,hc45,market_outcome_v2,challenger_20260307,0.5476492552595054,5.195763553864354,4.868078197973185
1138,hc55,market_outcome_v2,challenger_20260307,0.4082322417211208,5.195763553864354,4.868078197973185
1138,ac25,market_outcome_v2,challenger_20260307,0.7930935320191413,5.195763553864354,4.868078197973185
1138,ac35,market_outcome_v2,challenger_20260307,0.648355573135761,5.195763553864354,4.868078197973185
1138,ac45,market_outcome_v2,challenger_20260307,0.49833225112389457,5.195763553864354,4.868078197973185
1138,ac55,market_outcome_v2,challenger_20260307,0.3623341146202613,5.195763553864354,4.868078197973185
1139,c75,market_outcome_v2,challenger_20260307,0.7597069275347829,5.483574338738939,4.551970285438926
1139,c85,market_outcome_v2,challenger_20260307,0.6519380801042844,5.483574338738939,4.551970285438926
1139,c95,market_outcome_v2,challenger_20260307,0.5355989196865092,5.483574338738939,4.551970285438926
1139,c105,market_outcome_v2,challenger_20260307,0.42073910155701466,5.483574338738939,4.551970285438926
1139,hc25,market_outcome_v2,challenger_20260307,0.8490017023620193,5.483574338738939,4.551970285438926
1139,hc35,market_outcome_v2,challenger_20260307,0.7252618390360157,5.483574338738939,4.551970285438926
1139,hc45,market_outcome_v2,challenger_20260307,0.5850484047607198,5.483574338738939,4.551970285438926
1139,hc55,market_outcome_v2,challenger_20260307,0.44720571775759255,5.483574338738939,4.551970285438926
1139,ac25,market_outcome_v2,challenger_20260307,0.7628485895145737,5.483574338738939,4.551970285438926
1139,ac35,market_outcome_v2,challenger_20260307,0.6074228653196809,5.483574338738939,4.551970285438926
1139,ac45,market_outcome_v2,challenger_20260307,0.4529046000010606,5.483574338738939,4.551970285438926
1139,ac55,market_outcome_v2,challenger_20260307,0.31855555187163864,5.483574338738939,4.551970285438926
1140,c75,market_outcome_v2,challenger_20260307,0.7738355396492493,4.973495503851574,5.230323058750831
1140,c85,market_outcome_v2,challenger_20260307,0.6692169019684935,4.973495503851574,5.230323058750831
1140,c95,market_outcome_v2,challenger_20260307,0.5546864756275953,4.973495503851574,5.230323058750831
1140,c105,market_outcome_v2,challenger_20260307,0.4400184839698791,4.973495503851574,5.230323058750831
1140,hc25,market_outcome_v2,challenger_20260307,0.8100844555119286,4.973495503851574,5.230323058750831
1140,hc35,market_outcome_v2,challenger_20260307,0.6682609118109347,4.973495503851574,5.230323058750831
1140,hc45,market_outcome_v2,challenger_20260307,0.5171212764017687,4.973495503851574,5.230323058750831
1140,hc55,market_outcome_v2,challenger_20260307,0.37738070438660587,4.973495503851574,5.230323058750831
1140,ac25,market_outcome_v2,challenger_20260307,0.8229472388909985,4.973495503851574,5.230323058750831
1140,ac35,market_outcome_v2,challenger_20260307,0.6905136554342299,4.973495503851574,5.230323058750831
1140,ac45,market_outcome_v2,challenger_20260307,0.5471525853290539,4.973495503851574,5.230323058750831
1140,ac55,market_outcome_v2,challenger_20260307,0.41142685629743236,4.973495503851574,5.230323058750831
1141,c75,market_outcome_v2,challenger_20260307,0.7769529960266435,5.069330595923292,5.1726988593532175
1141,c85,market_outcome_v2,challenger_20260307,0.6730623442618346,5.069330595923292,5.1726988593532175
1141,c95,market_outcome_v2,challenger_20260307,0.5589710437172306,5.069330595923292,5.1726988593532175
1141,c105,market_outcome_v2,challenger_20260307,0.444383317303238,5.069330595923292,5.1726988593532175
1141,hc25,market_outcome_v2,challenger_20260307,0.818106534312478,5.069330595923292,5.1726988593532175
1141,hc35,market_outcome_v2,challenger_20260307,0.6797290601959816,5.069330595923292,5.1726988593532175
1141,hc45,market_outcome_v2,challenger_20260307,0.5304561968438082,5.069330595923292,5.1726988593532175
1141,hc55,market_outcome_v2,challenger_20260307,0.39075168341060706,5.069330595923292,5.1726988593532175
1141,ac25,market_outcome_v2,challenger_20260307,0.8185134012796509,5.069330595923292,5.1726988593532175
1141,ac35,market_outcome_v2,challenger_20260307,0.6841352492426407,5.069330595923292,5.1726988593532175
1141,ac45,market_outcome_v2,challenger_20260307,0.53962916596042,5.069330595923292,5.1726988593532175
1141,ac55,market_outcome_v2,challenger_20260307,0.40372228640642804,5.069330595923292,5.1726988593532175
1142,c75,market_outcome_v2,challenger_20260307,0.7949750238979099,6.244335890737239,4.22713204776496
1142,c85,market_outcome_v2,challenger_20260307,0.6955345712173651,6.244335890737239,4.22713204776496
1142,c95,market_outcome_v2,challenger_20260307,0.5842824071512264,6.244335890737239,4.22713204776496
1142,c105,market_outcome_v2,challenger_20260307,0.4704506724091936,6.244335890737239,4.22713204776496
1142,hc25,market_outcome_v2,challenger_20260307,0.8924048262582542,6.244335890737239,4.22713204776496
1142,hc35,market_outcome_v2,challenger_20260307,0.7933918256443512,6.244335890737239,4.22713204776496
1142,hc45,market_outcome_v2,challenger_20260307,0.6720769189854888,6.244335890737239,4.22713204776496
1142,hc55,market_outcome_v2,challenger_20260307,0.5431183445453799,6.244335890737239,4.22713204776496
1142,ac25,market_outcome_v2,challenger_20260307,0.7271311389418477,6.244335890737239,4.22713204776496
1142,ac35,market_outcome_v2,challenger_20260307,0.5611852482027341,6.244335890737239,4.22713204776496
1142,ac45,market_outcome_v2,challenger_20260307,0.40381830681399244,6.244335890737239,4.22713204776496
1142,ac55,market_outcome_v2,challenger_20260307,0.27330393101071493,6.244335890737239,4.22713204776496
1678,c75,market_outcome_v2,challenger_20260307,0.7936018925674124,4.795441170809931,5.657999914007859
1678,c85,market_outcome_v2,challenger_20260307,0.6938075543722628,4.795441170809931,5.657999914007859
1678,c95,market_outcome_v2,challenger_20260307,0.5823204224072251,4.795441170809931,5.657999914007859
1678,c105,market_outcome_v2,challenger_20260307,0.46841271894638736,4.795441170809931,5.657999914007859
1678,hc25,market_outcome_v2,challenger_20260307,0.7942200690979321,4.795441170809931,5.657999914007859
1678,hc35,market_outcome_v2,challenger_20260307,0.6459828773967755,4.795441170809931,5.657999914007859
1678,hc45,market_outcome_v2,challenger_20260307,0.4916743228773024,4.795441170809931,5.657999914007859
1678,hc55,market_outcome_v2,challenger_20260307,0.35231470842022117,4.795441170809931,5.657999914007859
1678,ac25,market_outcome_v2,challenger_20260307,0.8525203941028673,4.795441170809931,5.657999914007859
1678,ac35,market_outcome_v2,challenger_20260307,0.7341843628025222,4.795441170809931,5.657999914007859
1678,ac45,market_outcome_v2,challenger_20260307,0.6000371407795646,4.795441170809931,5.657999914007859
1678,ac55,market_outcome_v2,challenger_20260307,0.46703941565713325,4.795441170809931,5.657999914007859
1679,c75,market_outcome_v2,challenger_20260307,0.734811238971348,4.58737923899793,5.168981159340393
1679,c85,market_outcome_v2,challenger_20260307,0.6220629971510582,4.58737923899793,5.168981159340393
1679,c95,market_outcome_v2,challenger_20260307,0.5032150211673645,4.58737923899793,5.168981159340393
1679,c105,market_outcome_v2,challenger_20260307,0.38864174980891275,4.58737923899793,5.168981159340393
1679,hc25,market_outcome_v2,challenger_20260307,0.7739941109230737,4.58737923899793,5.168981159340393
1679,hc35,market_outcome_v2,challenger_20260307,0.6183154630463088,4.58737923899793,5.168981159340393
1679,hc45,market_outcome_v2,challenger_20260307,0.46088899313687004,4.58737923899793,5.168981159340393
1679,hc55,market_outcome_v2,challenger_20260307,0.3227740808029109,4.58737923899793,5.168981159340393
1679,ac25,market_outcome_v2,challenger_20260307,0.8182234224516455,4.58737923899793,5.168981159340393
1679,ac35,market_outcome_v2,challenger_20260307,0.6837195598405906,4.58737923899793,5.168981159340393
1679,ac45,market_outcome_v2,challenger_20260307,0.5391405802702558,4.58737923899793,5.168981159340393
1679,ac55,market_outcome_v2,challenger_20260307,0.4032236993681868,4.58737923899793,5.168981159340393
1680,c75,market_outcome_v2,challenger_20260307,0.7391669378738173,5.761854382679273,4.041905795032005
1680,c85,market_outcome_v2,challenger_20260307,0.6272388550766557,5.761854382679273,4.041905795032005
1680,c95,market_outcome_v2,challenger_20260307,0.5087705055568854,5.761854382679273,4.041905795032005
1680,c105,market_outcome_v2,challenger_20260307,0.39409382245639224,5.761854382679273,4.041905795032005
1680,hc25,market_outcome_v2,challenger_20260307,0.8666782882576359,5.761854382679273,4.041905795032005
1680,hc35,market_outcome_v2,challenger_20260307,0.7523723574731576,5.761854382679273,4.041905795032005
1680,hc45,market_outcome_v2,challenger_20260307,0.6188701303729516,5.761854382679273,4.041905795032005
1680,hc55,market_outcome_v2,challenger_20260307,0.4835936279839348,5.761854382679273,4.041905795032005
1680,ac25,market_outcome_v2,challenger_20260307,0.7044418731266701,5.761854382679273,4.041905795032005
1680,ac35,market_outcome_v2,challenger_20260307,0.5329127460070104,5.761854382679273,4.041905795032005
1680,ac45,market_outcome_v2,challenger_20260307,0.3749309366185498,5.761854382679273,4.041905795032005
1680,ac55,market_outcome_v2,challenger_20260307,0.24767614766380586,5.761854382679273,4.041905795032005
1681,c75,market_outcome_v2,challenger_20260307,0.7165073132669435,5.28555656127192,4.277582663143505
1681,c85,market_outcome_v2,challenger_20260307,0.6005408458999502,5.28555656127192,4.277582663143505
1681,c95,market_outcome_v2,challenger_20260307,0.4803562961456629,5.28555656127192,4.277582663143505
1681,c105,market_outcome_v2,challenger_20260307,0.3664430138459701,5.28555656127192,4.277582663143505
1681,hc25,market_outcome_v2,challenger_20260307,0.8349653806573765,5.28555656127192,4.277582663143505
1681,hc35,market_outcome_v2,challenger_20260307,0.7042973068152569,5.28555656127192,4.277582663143505
1681,hc45,market_outcome_v2,challenger_20260307,0.5595788516100331,5.28555656127192,4.277582663143505
1681,hc55,market_outcome_v2,challenger_20260307,0.42052197970589833,5.28555656127192,4.277582663143505
1681,ac25,market_outcome_v2,challenger_20260307,0.7330095868800637,5.28555656127192,4.277582663143505
1681,ac35,market_outcome_v2,challenger_20260307,0.5686464672933706,5.28555656127192,4.277582663143505
1681,ac45,market_outcome_v2,challenger_20260307,0.41158306885259455,5.28555656127192,4.277582663143505
1681,ac55,market_outcome_v2,challenger_20260307,0.28031972893761714,5.28555656127192,4.277582663143505
2231,c75,market_outcome_v2,challenger_20260307,0.7886531241328216,6.105798691198942,4.283448201010475
2231,c85,market_outcome_v2,challenger_20260307,0.6876039205423642,6.105798691198942,4.283448201010475
2231,c95,market_outcome_v2,challenger_20260307,0.575295999951541,6.105798691198942,4.283448201010475
2231,c105,market_outcome_v2,challenger_20260307,0.4611403557178556,6.105798691198942,4.283448201010475
2231,hc25,market_outcome_v2,challenger_20260307,0.885597994867687,6.105798691198942,4.283448201010475
2231,hc35,market_outcome_v2,challenger_20260307,0.7823453089257191,6.105798691198942,4.283448201010475
2231,hc45,market_outcome_v2,challenger_20260307,0.6574955797879346,6.105798691198942,4.283448201010475
2231,hc55,market_outcome_v2,challenger_20260307,0.5265207146310635,6.105798691198942,4.283448201010475
2231,ac25,market_outcome_v2,challenger_20260307,0.7336848802230065,6.105798691198942,4.283448201010475
2231,ac35,market_outcome_v2,challenger_20260307,0.5695072495289286,6.105798691198942,4.283448201010475
2231,ac45,market_outcome_v2,challenger_20260307,0.41248269749250666,6.105798691198942,4.283448201010475
2231,ac55,market_outcome_v2,challenger_20260307,0.2811360513524884,6.105798691198942,4.283448201010475
2232,c75,market_outcome_v2,challenger_20260307,0.7493539940353955,4.8887800448632746,5.028163291950722
2232,c85,market_outcome_v2,challenger_20260307,0.6394278309590367,4.8887800448632746,5.028163291950722
2232,c95,market_outcome_v2,challenger_20260307,0.5219440797395345,4.8887800448632746,5.028163291950722
2232,c105,market_outcome_v2,challenger_20260307,0.40711178267789017,4.8887800448632746,5.028163291950722
2232,hc25,market_outcome_v2,challenger_20260307,0.8026959492710696,4.8887800448632746,5.028163291950722
2232,hc35,market_outcome_v2,challenger_20260307,0.6578202711143339,4.8887800448632746,5.028163291950722
2232,hc45,market_outcome_v2,challenger_20260307,0.5051211052096507,4.8887800448632746,5.028163291950722
2232,hc55,market_outcome_v2,challenger_20260307,0.3654868552273982,4.8887800448632746,5.028163291950722
2232,ac25,market_outcome_v2,challenger_20260307,0.8068793846925275,4.8887800448632746,5.028163291950722
2232,ac35,market_outcome_v2,challenger_20260307,0.6675962667516552,4.8887800448632746,5.028163291950722
2232,ac45,market_outcome_v2,challenger_20260307,0.5203509178385788,4.8887800448632746,5.028163291950722
2232,ac55,market_outcome_v2,challenger_20260307,0.38421192408458427,4.8887800448632746,5.028163291950722
2234,c75,market_outcome_v2,challenger_20260307,0.7362236756296063,5.372407051878899,4.3992608739401975
2234,c85,market_outcome_v2,challenger_20260307,0.623739065077535,5.372407051878899,4.3992608739401975
2234,c95,market_outcome_v2,challenger_20260307,0.5050115276714096,5.372407051878899,4.3992608739401975
2234,c105,market_outcome_v2,challenger_20260307,0.3904023694593972,5.372407051878899,4.3992608739401975
2234,hc25,market_outcome_v2,challenger_20260307,0.8412796615818683,5.372407051878899,4.3992608739401975
2234,hc35,market_outcome_v2,challenger_20260307,0.7136690457767936,5.372407051878899,4.3992608739401975
2234,hc45,market_outcome_v2,challenger_20260307,0.5708925759503397,5.372407051878899,4.3992608739401975
2234,hc55,market_outcome_v2,challenger_20260307,0.43229980305626425,5.372407051878899,4.3992608739401975
2234,ac25,market_outcome_v2,challenger_20260307,0.746677322184,5.372407051878899,4.3992608739401975
2234,ac35,market_outcome_v2,challenger_20260307,0.5862177495316451,5.372407051878899,4.3992608739401975
2234,ac45,market_outcome_v2,challenger_20260307,0.43010520830678933,5.372407051878899,4.3992608739401975
2234,ac55,market_outcome_v2,challenger_20260307,0.2972716517371814,5.372407051878899,4.3992608739401975
2787,c75,market_outcome_v2,challenger_20260307,0.759863244754309,4.8125066036321416,5.224858021010355
2787,c85,market_outcome_v2,challenger_20260307,0.6521279364947511,4.8125066036321416,5.224858021010355
2787,c95,market_outcome_v2,challenger_20260307,0.5358072047365731,4.8125066036321416,5.224858021010355
2787,c105,market_outcome_v2,challenger_20260307,0.42094802659400943,4.8125066036321416,5.224858021010355
2787,hc25,market_outcome_v2,challenger_20260307,0.7957965751611845,4.8125066036321416,5.224858021010355
2787,hc35,market_outcome_v2,challenger_20260307,0.6481734959926574,4.8125066036321416,5.224858021010355
2787,hc45,market_outcome_v2,challenger_20260307,0.49415016798792233,4.8125066036321416,5.224858021010355
2787,hc55,market_outcome_v2,challenger_20260307,0.35472767139443273,4.8125066036321416,5.224858021010355
2787,ac25,market_outcome_v2,challenger_20260307,0.8225316032386759,4.8125066036321416,5.224858021010355
2787,ac35,market_outcome_v2,challenger_20260307,0.6899139344949672,4.8125066036321416,5.224858021010355
2787,ac45,market_outcome_v2,challenger_20260307,0.5464430814607116,4.8125066036321416,5.224858021010355
2787,ac55,market_outcome_v2,challenger_20260307,0.4106980891604688,4.8125066036321416,5.224858021010355
2788,c75,market_outcome_v2,challenger_20260307,0.771163871585721,5.560283965441691,4.61110957909514
2788,c85,market_outcome_v2,challenger_20260307,0.6659309191510769,5.560283965441691,4.61110957909514
2788,c95,market_outcome_v2,challenger_20260307,0.5510358876732134,5.560283965441691,4.61110957909514
2788,c105,market_outcome_v2,challenger_20260307,0.4363103098998323,5.560283965441691,4.61110957909514
2788,hc25,market_outcome_v2,challenger_20260307,0.854103734442292,5.560283965441691,4.61110957909514
2788,hc35,market_outcome_v2,challenger_20260307,0.7330031534929817,5.560283965441691,4.61110957909514
2788,hc45,market_outcome_v2,challenger_20260307,0.594602163367294,5.560283965441691,4.61110957909514
2788,hc55,market_outcome_v2,challenger_20260307,0.45737304394513645,5.560283965441691,4.61110957909514
2788,ac25,market_outcome_v2,challenger_20260307,0.7688292624989312,5.560283965441691,4.61110957909514
2788,ac35,market_outcome_v2,challenger_20260307,0.6153827037142116,5.560283965441691,4.61110957909514
2788,ac45,market_outcome_v2,challenger_20260307,0.4615908023691132,5.560283965441691,4.61110957909514
2788,ac55,market_outcome_v2,challenger_20260307,0.32678529833434244,5.560283965441691,4.61110957909514
2789,c75,market_outcome_v2,challenger_20260307,0.7428463747528951,5.361284556268856,4.482971932113497
2789,c85,market_outcome_v2,challenger_20260307,0.6316277343962415,5.361284556268856,4.482971932113497
2789,c95,market_outcome_v2,challenger_20260307,0.5134991955300829,5.361284556268856,4.482971932113497
2789,c105,market_outcome_v2,challenger_20260307,0.39875212822445005,5.361284556268856,4.482971932113497
2789,hc25,market_outcome_v2,challenger_20260307,0.8404850505280237,5.361284556268856,4.482971932113497
2789,hc35,market_outcome_v2,challenger_20260307,0.7124844146996933,5.361284556268856,4.482971932113497
2789,hc45,market_outcome_v2,challenger_20260307,0.5694561042106405,5.361284556268856,4.482971932113497
2789,hc55,market_outcome_v2,challenger_20260307,0.43079776338124853,5.361284556268856,4.482971932113497
2789,ac25,market_outcome_v2,challenger_20260307,0.7556740036838998,5.361284556268856,4.482971932113497
2789,ac35,market_outcome_v2,challenger_20260307,0.5979583591052309,5.361284556268856,4.482971932113497
2789,ac45,market_outcome_v2,challenger_20260307,0.44266762670666926,5.361284556268856,4.482971932113497
2789,ac55,market_outcome_v2,challenger_20260307,0.30894215247476264,5.361284556268856,4.482971932113497
2790,c75,market_outcome_v2,challenger_20260307,0.7447152071334705,5.689817357531675,4.175171900538961
2790,c85,market_outcome_v2,challenger_20260307,0.6338627787829003,5.689817357531675,4.175171900538961
2790,c95,market_outcome_v2,challenger_20260307,0.5159136362604297,5.689817357531675,4.175171900538961
2790,c105,market_outcome_v2,challenger_20260307,0.40113689860181656,5.689817357531675,4.175171900538961
2790,hc25,market_outcome_v2,challenger_20260307,0.8623186017002703,5.689817357531675,4.175171900538961
2790,hc35,market_outcome_v2,challenger_20260307,0.7456091508936451,5.689817357531675,4.175171900538961
2790,hc45,market_outcome_v2,challenger_20260307,0.6103364271739518,5.689817357531675,4.175171900538961
2790,hc55,market_outcome_v2,challenger_20260307,0.4743083519837791,5.689817357531675,4.175171900538961
2790,ac25,market_outcome_v2,challenger_20260307,0.720943853191434,5.689817357531675,4.175171900538961
2790,ac35,market_outcome_v2,challenger_20260307,0.5533933061107835,5.689817357531675,4.175171900538961
2790,ac45,market_outcome_v2,challenger_20260307,0.3957726277655379,5.689817357531675,4.175171900538961
2790,ac55,market_outcome_v2,challenger_20260307,0.2660910219192989,5.689817357531675,4.175171900538961
2791,c75,market_outcome_v2,challenger_20260307,0.7699857929731976,5.335241421280973,4.82194662969058
2791,c85,market_outcome_v2,challenger_20260307,0.6644847438898592,5.335241421280973,4.82194662969058
2791,c95,market_outcome_v2,challenger_20260307,0.5494323391193983,5.335241421280973,4.82194662969058
2791,c105,market_outcome_v2,challenger_20260307,0.4346846007141999,5.335241421280973,4.82194662969058
2791,hc25,market_outcome_v2,challenger_20260307,0.8386084801883837,5.335241421280973,4.82194662969058
2791,hc35,market_outcome_v2,challenger_20260307,0.7096928072422966,5.335241421280973,4.82194662969058
2791,hc45,market_outcome_v2,challenger_20260307,0.5660783381298937,5.335241421280973,4.82194662969058
2791,hc55,market_outcome_v2,challenger_20260307,0.42727344271416035,5.335241421280973,4.82194662969058
2791,ac25,market_outcome_v2,challenger_20260307,0.7889366728683075,5.335241421280973,4.82194662969058
2791,ac35,market_outcome_v2,challenger_20260307,0.6426274980748401,5.335241421280973,4.82194662969058
2791,ac45,market_outcome_v2,challenger_20260307,0.4918604903889633,5.335241421280973,4.82194662969058
2791,ac55,market_outcome_v2,challenger_20260307,0.355985691156957,5.335241421280973,4.82194662969058
2792,c75,market_outcome_v2,challenger_20260307,0.7601148347353504,5.752108007154466,4.288187762629889
2792,c85,market_outcome_v2,challenger_20260307,0.6524335681737322,5.752108007154466,4.288187762629889
2792,c95,market_outcome_v2,challenger_20260307,0.536142569843312,5.752108007154466,4.288187762629889
2792,c105,market_outcome_v2,challenger_20260307,0.4212844892679921,5.752108007154466,4.288187762629889
2792,hc25,market_outcome_v2,challenger_20260307,0.8660969183010737,5.752108007154466,4.288187762629889
2792,hc35,market_outcome_v2,challenger_20260307,0.7514674828472192,5.752108007154466,4.288187762629889
2792,hc45,market_outcome_v2,challenger_20260307,0.6177245919553437,5.752108007154466,4.288187762629889
2792,hc55,market_outcome_v2,challenger_20260307,0.4823430774727526,5.752108007154466,4.288187762629889
2792,ac25,market_outcome_v2,challenger_20260307,0.7342293092156842,5.752108007154466,4.288187762629889
2792,ac35,market_outcome_v2,challenger_20260307,0.5702017747495834,5.752108007154466,4.288187762629889
2792,ac45,market_outcome_v2,challenger_20260307,0.41320914449762336,5.752108007154466,4.288187762629889
2792,ac55,market_outcome_v2,challenger_20260307,0.28179575413515945,5.752108007154466,4.288187762629889
3242,c75,market_outcome_v2,challenger_20260307,0.7416789228046914,5.258919531234234,4.572441791972024
3242,c85,market_outcome_v2,challenger_20260307,0.6302335247598061,5.258919531234234,4.572441791972024
3242,c95,market_outcome_v2,challenger_20260307,0.5119952515126356,5.258919531234234,4.572441791972024
3242,c105,market_outcome_v2,challenger_20260307,0.39726880835603884,5.258919531234234,4.572441791972024
3242,hc25,market_outcome_v2,challenger_20260307,0.8329776971009546,5.258919531234234,4.572441791972024
3242,hc35,market_outcome_v2,challenger_20260307,0.7013667316638881,5.258919531234234,4.572441791972024
3242,hc45,market_outcome_v2,challenger_20260307,0.5560645079454924,5.258919531234234,4.572441791972024
3242,hc55,market_outcome_v2,challenger_20260307,0.4168878012496975,5.258919531234234,4.572441791972024
3242,ac25,market_outcome_v2,challenger_20260307,0.7649362740201717,5.258919531234234,4.572441791972024
3242,ac35,market_outcome_v2,challenger_20260307,0.6101940984137576,5.258919531234234,4.572441791972024
3242,ac45,market_outcome_v2,challenger_20260307,0.4559207341615259,5.258919531234234,4.572441791972024
3242,ac55,market_outcome_v2,challenger_20260307,0.32140563144621304,5.258919531234234,4.572441791972024
3421,c75,market_outcome_v2,challenger_20260307,0.6943916527766423,5.155257540880594,4.185899379365471
3421,c85,market_outcome_v2,challenger_20260307,0.5750127064649486,5.155257540880594,4.185899379365471
3421,c95,market_outcome_v2,challenger_20260307,0.4537387916815121,5.155257540880594,4.185899379365471
3421,c105,market_outcome_v2,challenger_20260307,0.34106664608032433,5.155257540880594,4.185899379365471
3421,hc25,market_outcome_v2,challenger_20260307,0.8250067719513706,5.155257540880594,4.185899379365471
3421,hc35,market_outcome_v2,challenger_20260307,0.6897066624861687,5.155257540880594,4.185899379365471
3421,hc45,market_outcome_v2,challenger_20260307,0.5421910542982613,5.155257540880594,4.185899379365471
3421,hc55,market_outcome_v2,challenger_20260307,0.40265324214960607,5.155257540880594,4.185899379365471
3421,ac25,market_outcome_v2,challenger_20260307,0.7222324197763202,5.155257540880594,4.185899379365471
3421,ac35,market_outcome_v2,challenger_20260307,0.5550109186976725,5.155257540880594,4.185899379365471
3421,ac45,market_outcome_v2,challenger_20260307,0.397437616856567,5.155257540880594,4.185899379365471
3421,ac55,market_outcome_v2,challenger_20260307,0.26757893242755915,5.155257540880594,4.185899379365471
3598,c75,market_outcome_v2,challenger_20260307,0.6943916527766423,5.155257540880594,4.185899379365471
3598,c85,market_outcome_v2,challenger_20260307,0.5750127064649486,5.155257540880594,4.185899379365471
3598,c95,market_outcome_v2,challenger_20260307,0.4537387916815121,5.155257540880594,4.185899379365471
3598,c105,market_outcome_v2,challenger_20260307,0.34106664608032433,5.155257540880594,4.185899379365471
3598,hc25,market_outcome_v2,challenger_20260307,0.8250067719513706,5.155257540880594,4.185899379365471
3598,hc35,market_outcome_v2,challenger_20260307,0.6897066624861687,5.155257540880594,4.185899379365471
3598,hc45,market_outcome_v2,challenger_20260307,0.5421910542982613,5.155257540880594,4.185899379365471
3598,hc55,market_outcome_v2,challenger_20260307,0.40265324214960607,5.155257540880594,4.185899379365471
3598,ac25,market_outcome_v2,challenger_20260307,0.7222324197763202,5.155257540880594,4.185899379365471
3598,ac35,market_outcome_v2,challenger_20260307,0.5550109186976725,5.155257540880594,4.185899379365471
3598,ac45,market_outcome_v2,challenger_20260307,0.397437616856567,5.155257540880594,4.185899379365471
3598,ac55,market_outcome_v2,challenger_20260307,0.26757893242755915,5.155257540880594,4.185899379365471
1143,c75,market_outcome_v2,challenger_20260307,0.7659905217242384,4.852856117377596,5.256567537673263
1143,c85,market_outcome_v2,challenger_20260307,0.6595928674467295,4.852856117377596,5.256567537673263
1143,c95,market_outcome_v2,challenger_20260307,0.5440220591670291,4.852856117377596,5.256567537673263
1143,c105,market_outcome_v2,challenger_20260307,0.42921363396756085,4.852856117377596,5.256567537673263
1143,hc25,market_outcome_v2,challenger_20260307,0.7994760755438617,4.852856117377596,5.256567537673263
1143,hc35,market_outcome_v2,challenger_20260307,0.6533060206013162,4.852856117377596,5.256567537673263
1143,hc45,market_outcome_v2,challenger_20260307,0.4999733406553484,4.852856117377596,5.256567537673263
1143,hc55,market_outcome_v2,challenger_20260307,0.36042484748190684,4.852856117377596,5.256567537673263
1143,ac25,market_outcome_v2,challenger_20260307,0.8249291859125283,4.852856117377596,5.256567537673263
1143,ac35,market_outcome_v2,challenger_20260307,0.6933785657844442,4.852856117377596,5.256567537673263
1143,ac45,market_outcome_v2,challenger_20260307,0.5505480520253518,4.852856117377596,5.256567537673263
1143,ac55,market_outcome_v2,challenger_20260307,0.41492080624397143,4.852856117377596,5.256567537673263
