fixture_id,market_code,model_name,model_version,p_model,lambda_home_pred,lambda_away_pred
21423,1x2_h,market_outcome_v2,challenger_20260307,0.48235600182140265,1.5287462552637618,1.0543171449079989
21423,1x2_d,market_outcome_v2,challenger_20260307,0.2560930245187472,1.5287462552637618,1.0543171449079989
21423,1x2_a,market_outcome_v2,challenger_20260307,0.2615509736598502,1.5287462552637618,1.0543171449079989
21423,dc_1x,market_outcome_v2,challenger_20260307,0.7384490263401499,1.5287462552637618,1.0543171449079989
21423,dc_x2,market_outcome_v2,challenger_20260307,0.5176439981785974,1.5287462552637618,1.0543171449079989
21423,dc_12,market_outcome_v2,challenger_20260307,0.7439069754812528,1.5287462552637618,1.0543171449079989
21423,o15,market_outcome_v2,challenger_20260307,0.7293272054535712,1.5287462552637618,1.0543171449079989
21423,u35,market_outcome_v2,challenger_20260307,0.739682203150759,1.5287462552637618,1.0543171449079989
21423,ah_h05,market_outcome_v2,challenger_20260307,0.48235600182140265,1.5287462552637618,1.0543171449079989
21423,ah_a05,market_outcome_v2,challenger_20260307,0.2615509736598502,1.5287462552637618,1.0543171449079989
21423,ah_h15,market_outcome_v2,challenger_20260307,0.2451578616966205,1.5287462552637618,1.0543171449079989
21423,ah_a15,market_outcome_v2,challenger_20260307,0.09796459363584803,1.5287462552637618,1.0543171449079989
21423,eh_h1,market_outcome_v2,challenger_20260307,0.2451578616966205,1.5287462552637618,1.0543171449079989
21423,eh_a1,market_outcome_v2,challenger_20260307,0.09796459363584803,1.5287462552637618,1.0543171449079989
21423,mg_0,market_outcome_v2,challenger_20260307,0.07554228444114425,1.5287462552637618,1.0543171449079989
21423,mg_1_2,market_outcome_v2,challenger_20260307,0.4471477495601873,1.5287462552637618,1.0543171449079989
21423,mg_1_3,market_outcome_v2,challenger_20260307,0.6641399187096148,1.5287462552637618,1.0543171449079989
21423,mg_1_4,market_outcome_v2,challenger_20260307,0.8042660512730564,1.5287462552637618,1.0543171449079989
21423,mg_1_5,market_outcome_v2,challenger_20260307,0.8766569881595047,1.5287462552637618,1.0543171449079989
21423,mg_1_6,market_outcome_v2,challenger_20260307,0.9078220514220929,1.5287462552637618,1.0543171449079989
21423,mg_2_3,market_outcome_v2,challenger_20260307,0.46900940860433044,1.5287462552637618,1.0543171449079989
21423,mg_2_4,market_outcome_v2,challenger_20260307,0.6091355411677719,1.5287462552637618,1.0543171449079989
21423,mg_2_5,market_outcome_v2,challenger_20260307,0.6815264780542203,1.5287462552637618,1.0543171449079989
21423,mg_2_6,market_outcome_v2,challenger_20260307,0.7126915413168085,1.5287462552637618,1.0543171449079989
21423,mg_3_4,market_outcome_v2,challenger_20260307,0.35711830171286896,1.5287462552637618,1.0543171449079989
21423,mg_3_5,market_outcome_v2,challenger_20260307,0.42950923859931744,1.5287462552637618,1.0543171449079989
21423,mg_3_6,market_outcome_v2,challenger_20260307,0.46067430186190556,1.5287462552637618,1.0543171449079989
21423,mg_4_5,market_outcome_v2,challenger_20260307,0.2125170694498899,1.5287462552637618,1.0543171449079989
21423,mg_4_6,market_outcome_v2,challenger_20260307,0.24368213271247804,1.5287462552637618,1.0543171449079989
21423,mg_5_6,market_outcome_v2,challenger_20260307,0.10355600014903656,1.5287462552637618,1.0543171449079989
21423,mg_7p,market_outcome_v2,challenger_20260307,0.01663566413676288,1.5287462552637618,1.0543171449079989
21423,hmg_0,market_outcome_v2,challenger_20260307,0.2168074616331783,1.5287462552637618,1.0543171449079989
21423,hmg_1_2,market_outcome_v2,challenger_20260307,0.5847901724936111,1.5287462552637618,1.0543171449079989
21423,hmg_1_3,market_outcome_v2,challenger_20260307,0.713891049659398,1.5287462552637618,1.0543171449079989
21423,hmg_2_3,market_outcome_v2,challenger_20260307,0.382447454574435,1.5287462552637618,1.0543171449079989
21423,hmg_4p,market_outcome_v2,challenger_20260307,0.06930148870742363,1.5287462552637618,1.0543171449079989
21423,amg_0,market_outcome_v2,challenger_20260307,0.348430279438242,1.5287462552637618,1.0543171449079989
21423,amg_1_2,market_outcome_v2,challenger_20260307,0.5610108911406629,1.5287462552637618,1.0543171449079989
21423,amg_1_3,market_outcome_v2,challenger_20260307,0.6290687756613418,1.5287462552637618,1.0543171449079989
21423,amg_2_3,market_outcome_v2,challenger_20260307,0.2617127582445184,1.5287462552637618,1.0543171449079989
21423,amg_4p,market_outcome_v2,challenger_20260307,0.02250094490041612,1.5287462552637618,1.0543171449079989
21423,ms_h_1_0_2_0_3_0,market_outcome_v2,challenger_20260307,0.24874125792128393,1.5287462552637618,1.0543171449079989
21423,ms_a_0_1_0_2_0_3,market_outcome_v2,challenger_20260307,0.13638680444382684,1.5287462552637618,1.0543171449079989
21423,ms_h_4_0_5_0_6_0,market_outcome_v2,challenger_20260307,0.023787411787013567,1.5287462552637618,1.0543171449079989
21423,ms_a_0_4_0_5_0_6,market_outcome_v2,challenger_20260307,0.004853436904135854,1.5287462552637618,1.0543171449079989
21423,ms_h_2_1_3_1_4_1,market_outcome_v2,challenger_20260307,0.15861994767503607,1.5287462552637618,1.0543171449079989
21423,ms_h_1_2_1_3_1_4,market_outcome_v2,challenger_20260307,0.09268866766309602,1.5287462552637618,1.0543171449079989
21423,ms_h_3_2_4_2_5_1,market_outcome_v2,challenger_20260307,0.04009794636484925,1.5287462552637618,1.0543171449079989
21423,ms_a_2_3_2_4_1_5,market_outcome_v2,challenger_20260307,0.02304064752801893,1.5287462552637618,1.0543171449079989
21423,ms_draw,market_outcome_v2,challenger_20260307,0.2560930245187472,1.5287462552637618,1.0543171449079989
21423,ms_other_homewin,market_outcome_v2,challenger_20260307,0.011109438073219834,1.5287462552637618,1.0543171449079989
21423,ms_other_awaywin,market_outcome_v2,challenger_20260307,0.0045814171207725005,1.5287462552637618,1.0543171449079989
21424,1x2_h,market_outcome_v2,challenger_20260307,0.4837717097463156,1.5530086837820847,1.0744688205877724
21424,1x2_d,market_outcome_v2,challenger_20260307,0.25350666816575385,1.5530086837820847,1.0744688205877724
21424,1x2_a,market_outcome_v2,challenger_20260307,0.26272162208793054,1.5530086837820847,1.0744688205877724
21424,dc_1x,market_outcome_v2,challenger_20260307,0.7372783779120695,1.5530086837820847,1.0744688205877724
21424,dc_x2,market_outcome_v2,challenger_20260307,0.5162282902536843,1.5530086837820847,1.0744688205877724
21424,dc_12,market_outcome_v2,challenger_20260307,0.7464933318342462,1.5530086837820847,1.0744688205877724
21424,o15,market_outcome_v2,challenger_20260307,0.7378764204692931,1.5530086837820847,1.0744688205877724
21424,u35,market_outcome_v2,challenger_20260307,0.7300115636856246,1.5530086837820847,1.0744688205877724
21424,ah_h05,market_outcome_v2,challenger_20260307,0.4837717097463156,1.5530086837820847,1.0744688205877724
21424,ah_a05,market_outcome_v2,challenger_20260307,0.26272162208793054,1.5530086837820847,1.0744688205877724
21424,ah_h15,market_outcome_v2,challenger_20260307,0.24794107522297767,1.5530086837820847,1.0744688205877724
21424,ah_a15,market_outcome_v2,challenger_20260307,0.09955919654523314,1.5530086837820847,1.0744688205877724
21424,eh_h1,market_outcome_v2,challenger_20260307,0.24794107522297767,1.5530086837820847,1.0744688205877724
21424,eh_a1,market_outcome_v2,challenger_20260307,0.09955919654523314,1.5530086837820847,1.0744688205877724
21424,mg_0,market_outcome_v2,challenger_20260307,0.07226056652727367,1.5530086837820847,1.0744688205877724
21424,mg_1_2,market_outcome_v2,challenger_20260307,0.439293410792634,1.5530086837820847,1.0744688205877724
21424,mg_1_3,market_outcome_v2,challenger_20260307,0.6577509971583508,1.5530086837820847,1.0744688205877724
21424,mg_1_4,market_outcome_v2,challenger_20260307,0.8012490956170648,1.5530086837820847,1.0744688205877724
21424,mg_1_5,market_outcome_v2,challenger_20260307,0.8766567007410893,1.5530086837820847,1.0744688205877724
21424,mg_1_6,market_outcome_v2,challenger_20260307,0.9096786650947191,1.5530086837820847,1.0744688205877724
21424,mg_2_3,market_outcome_v2,challenger_20260307,0.4678879841549178,1.5530086837820847,1.0744688205877724
21424,mg_2_4,market_outcome_v2,challenger_20260307,0.6113860826136317,1.5530086837820847,1.0744688205877724
21424,mg_2_5,market_outcome_v2,challenger_20260307,0.6867936877376564,1.5530086837820847,1.0744688205877724
21424,mg_2_6,market_outcome_v2,challenger_20260307,0.7198156520912861,1.5530086837820847,1.0744688205877724
21424,mg_3_4,market_outcome_v2,challenger_20260307,0.36195568482443086,1.5530086837820847,1.0744688205877724
21424,mg_3_5,market_outcome_v2,challenger_20260307,0.43736328994845525,1.5530086837820847,1.0744688205877724
21424,mg_3_6,market_outcome_v2,challenger_20260307,0.4703852543020851,1.5530086837820847,1.0744688205877724
21424,mg_4_5,market_outcome_v2,challenger_20260307,0.21890570358273842,1.5530086837820847,1.0744688205877724
21424,mg_4_6,market_outcome_v2,challenger_20260307,0.2519276679363683,1.5530086837820847,1.0744688205877724
21424,mg_5_6,market_outcome_v2,challenger_20260307,0.10842956947765427,1.5530086837820847,1.0744688205877724
21424,mg_7p,market_outcome_v2,challenger_20260307,0.018060768378007148,1.5530086837820847,1.0744688205877724
21424,hmg_0,market_outcome_v2,challenger_20260307,0.21161050952838256,1.5530086837820847,1.0744688205877724
21424,hmg_1_2,market_outcome_v2,challenger_20260307,0.5838178783337213,1.5530086837820847,1.0744688205877724
21424,hmg_1_3,market_outcome_v2,challenger_20260307,0.7159193436291609,1.5530086837820847,1.0744688205877724
21424,hmg_2_3,market_outcome_v2,challenger_20260307,0.3872863847520311,1.5530086837820847,1.0744688205877724
21424,hmg_4p,market_outcome_v2,challenger_20260307,0.07247014684245659,1.5530086837820847,1.0744688205877724
21424,amg_0,market_outcome_v2,challenger_20260307,0.34147910086470257,1.5530086837820847,1.0744688205877724
21424,amg_1_2,market_outcome_v2,challenger_20260307,0.5640245972360961,1.5530086837820847,1.0744688205877724
21424,amg_1_3,market_outcome_v2,challenger_20260307,0.6346229115112658,1.5530086837820847,1.0744688205877724
21424,amg_2_3,market_outcome_v2,challenger_20260307,0.2677142647497958,1.5530086837820847,1.0744688205877724
21424,amg_4p,market_outcome_v2,challenger_20260307,0.02389798762403153,1.5530086837820847,1.0744688205877724
21424,ms_h_1_0_2_0_3_0,market_outcome_v2,challenger_20260307,0.2444714937541339,1.5530086837820847,1.0744688205877724
21424,ms_a_0_1_0_2_0_3,market_outcome_v2,challenger_20260307,0.1342928776632846,1.5530086837820847,1.0744688205877724
21424,ms_h_4_0_5_0_6_0,market_outcome_v2,challenger_20260307,0.0243619261361024,1.5530086837820847,1.0744688205877724
21424,ms_a_0_4_0_5_0_6,market_outcome_v2,challenger_20260307,0.005029756395002171,1.5530086837820847,1.0744688205877724
21424,ms_h_2_1_3_1_4_1,market_outcome_v2,challenger_20260307,0.1609169837632054,1.5530086837820847,1.0744688205877724
21424,ms_h_1_2_1_3_1_4,market_outcome_v2,challenger_20260307,0.09421190071396021,1.5530086837820847,1.0744688205877724
21424,ms_h_3_2_4_2_5_1,market_outcome_v2,challenger_20260307,0.04199410730346455,1.5530086837820847,1.0744688205877724
21424,ms_a_2_3_2_4_1_5,market_outcome_v2,challenger_20260307,0.024194186434125624,1.5530086837820847,1.0744688205877724
21424,ms_draw,market_outcome_v2,challenger_20260307,0.25350666816575385,1.5530086837820847,1.0744688205877724
21424,ms_other_homewin,market_outcome_v2,challenger_20260307,0.012027198789409319,1.5530086837820847,1.0744688205877724
21424,ms_other_awaywin,market_outcome_v2,challenger_20260307,0.004992900881557897,1.5530086837820847,1.0744688205877724
22193,1x2_h,market_outcome_v2,challenger_20260307,0.28853733995080366,1.1642577606255218,1.5347586441457293
22193,1x2_d,market_outcome_v2,challenger_20260307,0.2531146203348924,1.1642577606255218,1.5347586441457293
22193,1x2_a,market_outcome_v2,challenger_20260307,0.45834803971430393,1.1642577606255218,1.5347586441457293
22193,dc_1x,market_outcome_v2,challenger_20260307,0.5416519602856961,1.1642577606255218,1.5347586441457293
22193,dc_x2,market_outcome_v2,challenger_20260307,0.7114626600491963,1.1642577606255218,1.5347586441457293
22193,dc_12,market_outcome_v2,challenger_20260307,0.7468853796651076,1.1642577606255218,1.5347586441457293
22193,o15,market_outcome_v2,challenger_20260307,0.7511608867962133,1.1642577606255218,1.5347586441457293
22193,u35,market_outcome_v2,challenger_20260307,0.7143095389810821,1.1642577606255218,1.5347586441457293
22193,ah_h05,market_outcome_v2,challenger_20260307,0.28853733995080366,1.1642577606255218,1.5347586441457293
22193,ah_a05,market_outcome_v2,challenger_20260307,0.45834803971430393,1.1642577606255218,1.5347586441457293
22193,ah_h15,market_outcome_v2,challenger_20260307,0.11600449266428535,1.1642577606255218,1.5347586441457293
22193,ah_a15,market_outcome_v2,challenger_20260307,0.23091019242025476,1.1642577606255218,1.5347586441457293
22193,eh_h1,market_outcome_v2,challenger_20260307,0.11600449266428535,1.1642577606255218,1.5347586441457293
22193,eh_a1,market_outcome_v2,challenger_20260307,0.23091019242025476,1.1642577606255218,1.5347586441457293
22193,mg_0,market_outcome_v2,challenger_20260307,0.06727169765530551,1.1642577606255218,1.5347586441457293
22193,mg_1_2,market_outcome_v2,challenger_20260307,0.42659413211711616,1.1642577606255218,1.5347586441457293
22193,mg_1_3,market_outcome_v2,challenger_20260307,0.6470378413257767,1.1642577606255218,1.5347586441457293
22193,mg_1_4,market_outcome_v2,challenger_20260307,0.7957831381964761,1.1642577606255218,1.5347586441457293
22193,mg_1_5,market_outcome_v2,challenger_20260307,0.8760763374737935,1.1642577606255218,1.5347586441457293
22193,mg_1_6,market_outcome_v2,challenger_20260307,0.9121951144806347,1.1642577606255218,1.5347586441457293
22193,mg_2_3,market_outcome_v2,challenger_20260307,0.46547042577729525,1.1642577606255218,1.5347586441457293
22193,mg_2_4,market_outcome_v2,challenger_20260307,0.6142157226479947,1.1642577606255218,1.5347586441457293
22193,mg_2_5,market_outcome_v2,challenger_20260307,0.6945089219253121,1.1642577606255218,1.5347586441457293
22193,mg_2_6,market_outcome_v2,challenger_20260307,0.7306276989321534,1.1642577606255218,1.5347586441457293
22193,mg_3_4,market_outcome_v2,challenger_20260307,0.36918900607935984,1.1642577606255218,1.5347586441457293
22193,mg_3_5,market_outcome_v2,challenger_20260307,0.4494822053566773,1.1642577606255218,1.5347586441457293
22193,mg_3_6,market_outcome_v2,challenger_20260307,0.4856009823635186,1.1642577606255218,1.5347586441457293
22193,mg_4_5,market_outcome_v2,challenger_20260307,0.22903849614801694,1.1642577606255218,1.5347586441457293
22193,mg_4_6,market_outcome_v2,challenger_20260307,0.2651572731548582,1.1642577606255218,1.5347586441457293
22193,mg_5_6,market_outcome_v2,challenger_20260307,0.11641197628415871,1.1642577606255218,1.5347586441457293
22193,mg_7p,market_outcome_v2,challenger_20260307,0.020533187864059818,1.1642577606255218,1.5347586441457293
22193,hmg_0,market_outcome_v2,challenger_20260307,0.31215428364794956,1.1642577606255218,1.5347586441457293
22193,hmg_1_2,market_outcome_v2,challenger_20260307,0.5749900094693032,1.1642577606255218,1.5347586441457293
22193,hmg_1_3,market_outcome_v2,challenger_20260307,0.6570942282584444,1.1642577606255218,1.5347586441457293
22193,hmg_2_3,market_outcome_v2,challenger_20260307,0.2936661810088188,1.1642577606255218,1.5347586441457293
22193,hmg_4p,market_outcome_v2,challenger_20260307,0.030751488093606113,1.1642577606255218,1.5347586441457293
22193,amg_0,market_outcome_v2,challenger_20260307,0.21550784717462076,1.1642577606255218,1.5347586441457293
22193,amg_1_2,market_outcome_v2,challenger_20260307,0.5845651846002929,1.1642577606255218,1.5347586441457293
22193,amg_1_3,market_outcome_v2,challenger_20260307,0.714412239132403,1.1642577606255218,1.5347586441457293
22193,amg_2_3,market_outcome_v2,challenger_20260307,0.3836597077999169,1.1642577606255218,1.5347586441457293
22193,amg_4p,market_outcome_v2,challenger_20260307,0.07007991369297645,1.1642577606255218,1.5347586441457293
22193,ms_h_1_0_2_0_3_0,market_outcome_v2,challenger_20260307,0.1416089625228462,1.1642577606255218,1.5347586441457293
22193,ms_a_0_1_0_2_0_3,market_outcome_v2,challenger_20260307,0.22300684073570284,1.1642577606255218,1.5347586441457293
22193,ms_h_4_0_5_0_6_0,market_outcome_v2,challenger_20260307,0.0065820378693642505,1.1642577606255218,1.5347586441457293
22193,ms_a_0_4_0_5_0_6,market_outcome_v2,challenger_20260307,0.021546560617476205,1.1642577606255218,1.5347586441457293
22193,ms_h_2_1_3_1_4_1,market_outcome_v2,challenger_20260307,0.10503503053927772,1.1642577606255218,1.5347586441457293
22193,ms_h_1_2_1_3_1_4,market_outcome_v2,challenger_20260307,0.15753903710369116,1.1642577606255218,1.5347586441457293
22193,ms_h_3_2_4_2_5_1,market_outcome_v2,challenger_20260307,0.028745112294547872,1.1642577606255218,1.5347586441457293
22193,ms_a_2_3_2_4_1_5,market_outcome_v2,challenger_20260307,0.043568692276742704,1.1642577606255218,1.5347586441457293
22193,ms_draw,market_outcome_v2,challenger_20260307,0.2531146203348924,1.1642577606255218,1.5347586441457293
22193,ms_other_homewin,market_outcome_v2,challenger_20260307,0.006566196724767648,1.1642577606255218,1.5347586441457293
22193,ms_other_awaywin,market_outcome_v2,challenger_20260307,0.012686908980691039,1.1642577606255218,1.5347586441457293
21425,1x2_h,market_outcome_v2,challenger_20260307,0.3814725918268607,1.3612525325430092,1.3126440172066163
21425,1x2_d,market_outcome_v2,challenger_20260307,0.25955102966624527,1.3612525325430092,1.3126440172066163
21425,1x2_a,market_outcome_v2,challenger_20260307,0.3589763785068941,1.3612525325430092,1.3126440172066163
21425,dc_1x,market_outcome_v2,challenger_20260307,0.641023621493106,1.3612525325430092,1.3126440172066163
21425,dc_x2,market_outcome_v2,challenger_20260307,0.6185274081731393,1.3612525325430092,1.3126440172066163
21425,dc_12,market_outcome_v2,challenger_20260307,0.7404489703337549,1.3612525325430092,1.3126440172066163
21425,o15,market_outcome_v2,challenger_20260307,0.7465638483300979,1.3612525325430092,1.3126440172066163
21425,u35,market_outcome_v2,challenger_20260307,0.7198387988244425,1.3612525325430092,1.3126440172066163
21425,ah_h05,market_outcome_v2,challenger_20260307,0.3814725918268607,1.3612525325430092,1.3126440172066163
21425,ah_a05,market_outcome_v2,challenger_20260307,0.3589763785068941,1.3612525325430092,1.3126440172066163
21425,ah_h15,market_outcome_v2,challenger_20260307,0.17461661255277358,1.3612525325430092,1.3126440172066163
21425,ah_a15,market_outcome_v2,challenger_20260307,0.15950695080982039,1.3612525325430092,1.3126440172066163
21425,eh_h1,market_outcome_v2,challenger_20260307,0.17461661255277358,1.3612525325430092,1.3126440172066163
21425,eh_a1,market_outcome_v2,challenger_20260307,0.15950695080982039,1.3612525325430092,1.3126440172066163
21425,mg_0,market_outcome_v2,challenger_20260307,0.06898293085774933,1.3612525325430092,1.3126440172066163
21425,mg_1_2,market_outcome_v2,challenger_20260307,0.4310576361720637,1.3612525325430092,1.3126440172066163
21425,mg_1_3,market_outcome_v2,challenger_20260307,0.6508558679666933,1.3612525325430092,1.3126440172066163
21425,mg_1_4,market_outcome_v2,challenger_20260307,0.7977853013758753,1.3612525325430092,1.3126440172066163
21425,mg_1_5,market_outcome_v2,challenger_20260307,0.8763601223857714,1.3612525325430092,1.3126440172066163
21425,mg_1_6,market_outcome_v2,challenger_20260307,0.9113769461850305,1.3612525325430092,1.3126440172066163
21425,mg_2_3,market_outcome_v2,challenger_20260307,0.46640264715454033,1.3612525325430092,1.3126440172066163
21425,mg_2_4,market_outcome_v2,challenger_20260307,0.6133320805637223,1.3612525325430092,1.3126440172066163
21425,mg_2_5,market_outcome_v2,challenger_20260307,0.6919069015736184,1.3612525325430092,1.3126440172066163
21425,mg_2_6,market_outcome_v2,challenger_20260307,0.7269237253728775,1.3612525325430092,1.3126440172066163
21425,mg_3_4,market_outcome_v2,challenger_20260307,0.3667276652038117,1.3612525325430092,1.3126440172066163
21425,mg_3_5,market_outcome_v2,challenger_20260307,0.4453024862137077,1.3612525325430092,1.3126440172066163
21425,mg_3_6,market_outcome_v2,challenger_20260307,0.4803193100129668,1.3612525325430092,1.3126440172066163
21425,mg_4_5,market_outcome_v2,challenger_20260307,0.225504254419078,1.3612525325430092,1.3126440172066163
21425,mg_4_6,market_outcome_v2,challenger_20260307,0.2605210782183372,1.3612525325430092,1.3126440172066163
21425,mg_5_6,market_outcome_v2,challenger_20260307,0.11359164480915505,1.3612525325430092,1.3126440172066163
21425,mg_7p,market_outcome_v2,challenger_20260307,0.019640122957220358,1.3612525325430092,1.3126440172066163
21425,hmg_0,market_outcome_v2,challenger_20260307,0.2563395573759475,1.3612525325430092,1.3126440172066163
21425,hmg_1_2,market_outcome_v2,challenger_20260307,0.5864425555550655,1.3612525325430092,1.3126440172066163
21425,hmg_1_3,market_outcome_v2,challenger_20260307,0.694208237611106,1.3612525325430092,1.3126440172066163
21425,hmg_2_3,market_outcome_v2,challenger_20260307,0.34526536594214335,1.3612525325430092,1.3126440172066163
21425,hmg_4p,market_outcome_v2,challenger_20260307,0.049452205012946705,1.3612525325430092,1.3126440172066163
21425,amg_0,market_outcome_v2,challenger_20260307,0.26910763037863483,1.3612525325430092,1.3126440172066163
21425,amg_1_2,market_outcome_v2,challenger_20260307,0.585083361908745,1.3612525325430092,1.3126440172066163
21425,amg_1_3,market_outcome_v2,challenger_20260307,0.686524859495907,1.3612525325430092,1.3126440172066163
21425,amg_2_3,market_outcome_v2,challenger_20260307,0.33328233849474265,1.3612525325430092,1.3126440172066163
21425,amg_4p,market_outcome_v2,challenger_20260307,0.04436751012545824,1.3612525325430092,1.3126440172066163
21425,ms_h_1_0_2_0_3_0,market_outcome_v2,challenger_20260307,0.18681673381285294,1.3612525325430092,1.3126440172066163
21425,ms_a_0_1_0_2_0_3,market_outcome_v2,challenger_20260307,0.1759834786107654,1.3612525325430092,1.3126440172066163
21425,ms_h_4_0_5_0_6_0,market_outcome_v2,challenger_20260307,0.013165783694629564,1.3612525325430092,1.3126440172066163
21425,ms_a_0_4_0_5_0_6,market_outcome_v2,challenger_20260307,0.011263674827752623,1.3612525325430092,1.3126440172066163
21425,ms_h_2_1_3_1_4_1,market_outcome_v2,challenger_20260307,0.1349172516611059,1.3612525325430092,1.3126440172066163
21425,ms_h_1_2_1_3_1_4,market_outcome_v2,challenger_20260307,0.12791250567807735,1.3612525325430092,1.3126440172066163
21425,ms_h_3_2_4_2_5_1,market_outcome_v2,challenger_20260307,0.03701399785031868,1.3612525325430092,1.3126440172066163
21425,ms_a_2_3_2_4_1_5,market_outcome_v2,challenger_20260307,0.03504802177209253,1.3612525325430092,1.3126440172066163
21425,ms_draw,market_outcome_v2,challenger_20260307,0.25955102966624527,1.3612525325430092,1.3126440172066163
21425,ms_other_homewin,market_outcome_v2,challenger_20260307,0.009558824807953609,1.3612525325430092,1.3126440172066163
21425,ms_other_awaywin,market_outcome_v2,challenger_20260307,0.008768697618206254,1.3612525325430092,1.3126440172066163
19897,1x2_h,market_outcome_v2,challenger_20260307,0.5044864994674143,1.5856458416966168,1.022128984244158
19897,1x2_d,market_outcome_v2,challenger_20260307,0.2511996248556221,1.5856458416966168,1.022128984244158
19897,1x2_a,market_outcome_v2,challenger_20260307,0.24431387567696353,1.5856458416966168,1.022128984244158
19897,dc_1x,market_outcome_v2,challenger_20260307,0.7556861243230364,1.5856458416966168,1.022128984244158
19897,dc_x2,market_outcome_v2,challenger_20260307,0.4955135005325856,1.5856458416966168,1.022128984244158
19897,dc_12,market_outcome_v2,challenger_20260307,0.7488003751443778,1.5856458416966168,1.022128984244158
19897,o15,market_outcome_v2,challenger_20260307,0.7341126835928288,1.5856458416966168,1.022128984244158
19897,u35,market_outcome_v2,challenger_20260307,0.734309754601978,1.5856458416966168,1.022128984244158
19897,ah_h05,market_outcome_v2,challenger_20260307,0.5044864994674143,1.5856458416966168,1.022128984244158
19897,ah_a05,market_outcome_v2,challenger_20260307,0.24431387567696353,1.5856458416966168,1.022128984244158
19897,ah_h15,market_outcome_v2,challenger_20260307,0.26359671005267377,1.5856458416966168,1.022128984244158
19897,ah_a15,market_outcome_v2,challenger_20260307,0.08903302462271681,1.5856458416966168,1.022128984244158
19897,eh_h1,market_outcome_v2,challenger_20260307,0.26359671005267377,1.5856458416966168,1.022128984244158
19897,eh_a1,market_outcome_v2,challenger_20260307,0.08903302462271681,1.5856458416966168,1.022128984244158
19897,mg_0,market_outcome_v2,challenger_20260307,0.07369842333157184,1.5856458416966168,1.022128984244158
19897,mg_1_2,market_outcome_v2,challenger_20260307,0.4427815716695849,1.5856458416966168,1.022128984244158
19897,mg_1_3,market_outcome_v2,challenger_20260307,0.660611331270406,1.5856458416966168,1.022128984244158
19897,mg_1_4,market_outcome_v2,challenger_20260307,0.8026240721273441,1.5856458416966168,1.022128984244158
19897,mg_1_5,market_outcome_v2,challenger_20260307,0.876691522241259,1.5856458416966168,1.022128984244158
19897,mg_1_6,market_outcome_v2,challenger_20260307,0.9088833942127076,1.5856458416966168,1.022128984244158
19897,mg_2_3,market_outcome_v2,challenger_20260307,0.46842243819480667,1.5856458416966168,1.022128984244158
19897,mg_2_4,market_outcome_v2,challenger_20260307,0.6104351790517448,1.5856458416966168,1.022128984244158
19897,mg_2_5,market_outcome_v2,challenger_20260307,0.6845026291656596,1.5856458416966168,1.022128984244158
19897,mg_2_6,market_outcome_v2,challenger_20260307,0.7166945011371081,1.5856458416966168,1.022128984244158
19897,mg_3_4,market_outcome_v2,challenger_20260307,0.3598425004577591,1.5856458416966168,1.022128984244158
19897,mg_3_5,market_outcome_v2,challenger_20260307,0.43390995057167386,1.5856458416966168,1.022128984244158
19897,mg_3_6,market_outcome_v2,challenger_20260307,0.46610182254312243,1.5856458416966168,1.022128984244158
19897,mg_4_5,market_outcome_v2,challenger_20260307,0.21608019097085282,1.5856458416966168,1.022128984244158
19897,mg_4_6,market_outcome_v2,challenger_20260307,0.24827206294230136,1.5856458416966168,1.022128984244158
19897,mg_5_6,market_outcome_v2,challenger_20260307,0.10625932208536332,1.5856458416966168,1.022128984244158
19897,mg_7p,market_outcome_v2,challenger_20260307,0.017418182455720774,1.5856458416966168,1.022128984244158
19897,hmg_0,market_outcome_v2,challenger_20260307,0.2048156646161406,1.5856458416966168,1.022128984244158
19897,hmg_1_2,market_outcome_v2,challenger_20260307,0.5822463275652204,1.5856458416966168,1.022128984244158
19897,hmg_1_3,market_outcome_v2,challenger_20260307,0.7183376698459878,1.5856458416966168,1.022128984244158
19897,hmg_2_3,market_outcome_v2,challenger_20260307,0.3935725629330754,1.5856458416966168,1.022128984244158
19897,hmg_4p,market_outcome_v2,challenger_20260307,0.07684666553787169,1.5856458416966168,1.022128984244158
19897,amg_0,market_outcome_v2,challenger_20260307,0.3598280603668436,1.5856458416966168,1.022128984244158
19897,amg_1_2,market_outcome_v2,challenger_20260307,0.5557554519583288,1.5856458416966168,1.022128984244158
19897,amg_1_3,market_outcome_v2,challenger_20260307,0.6197968624157544,1.5856458416966168,1.022128984244158
19897,amg_2_3,market_outcome_v2,challenger_20260307,0.2520061725704469,1.5856458416966168,1.022128984244158
19897,amg_4p,market_outcome_v2,challenger_20260307,0.020375077217401973,1.5856458416966168,1.022128984244158
19897,ms_h_1_0_2_0_3_0,market_outcome_v2,challenger_20260307,0.25847805042911987,1.5856458416966168,1.022128984244158
19897,ms_a_0_1_0_2_0_3,market_outcome_v2,challenger_20260307,0.12694410630268138,1.5856458416966168,1.022128984244158
19897,ms_h_4_0_5_0_6_0,market_outcome_v2,challenger_20260307,0.027195103938131255,1.5856458416966168,1.022128984244158
19897,ms_a_0_4_0_5_0_6,market_outcome_v2,challenger_20260307,0.004153640919155333,1.5856458416966168,1.022128984244158
19897,ms_h_2_1_3_1_4_1,market_outcome_v2,challenger_20260307,0.16459395825601922,1.5856458416966168,1.022128984244158
19897,ms_h_1_2_1_3_1_4,market_outcome_v2,challenger_20260307,0.0871574774083734,1.5856458416966168,1.022128984244158
19897,ms_h_3_2_4_2_5_1,market_outcome_v2,challenger_20260307,0.04201309212920989,1.5856458416966168,1.022128984244158
19897,ms_a_2_3_2_4_1_5,market_outcome_v2,challenger_20260307,0.021789504221645935,1.5856458416966168,1.022128984244158
19897,ms_draw,market_outcome_v2,challenger_20260307,0.2511996248556221,1.5856458416966168,1.022128984244158
19897,ms_other_homewin,market_outcome_v2,challenger_20260307,0.012206294714934179,1.5856458416966168,1.022128984244158
19897,ms_other_awaywin,market_outcome_v2,challenger_20260307,0.00426914682510746,1.5856458416966168,1.022128984244158
19898,1x2_h,market_outcome_v2,challenger_20260307,0.42488381591586627,1.4052613456193477,1.1643305332816407
19898,1x2_d,market_outcome_v2,challenger_20260307,0.26342323943164525,1.4052613456193477,1.1643305332816407
19898,1x2_a,market_outcome_v2,challenger_20260307,0.3116929446524886,1.4052613456193477,1.1643305332816407
19898,dc_1x,market_outcome_v2,challenger_20260307,0.6883070553475115,1.4052613456193477,1.1643305332816407
19898,dc_x2,market_outcome_v2,challenger_20260307,0.5751161840841339,1.4052613456193477,1.1643305332816407
19898,dc_12,market_outcome_v2,challenger_20260307,0.7365767605683549,1.4052613456193477,1.1643305332816407
19898,o15,market_outcome_v2,challenger_20260307,0.7266877241112334,1.4052613456193477,1.1643305332816407
19898,u35,market_outcome_v2,challenger_20260307,0.7426019495859137,1.4052613456193477,1.1643305332816407
19898,ah_h05,market_outcome_v2,challenger_20260307,0.42488381591586627,1.4052613456193477,1.1643305332816407
19898,ah_a05,market_outcome_v2,challenger_20260307,0.3116929446524886,1.4052613456193477,1.1643305332816407
19898,ah_h15,market_outcome_v2,challenger_20260307,0.20170359797507245,1.4052613456193477,1.1643305332816407
19898,ah_a15,market_outcome_v2,challenger_20260307,0.12677677729118553,1.4052613456193477,1.1643305332816407
19898,eh_h1,market_outcome_v2,challenger_20260307,0.20170359797507245,1.4052613456193477,1.1643305332816407
19898,eh_a1,market_outcome_v2,challenger_20260307,0.12677677729118553,1.4052613456193477,1.1643305332816407
19898,mg_0,market_outcome_v2,challenger_20260307,0.07656681356326775,1.4052613456193477,1.1643305332816407
19898,mg_1_2,market_outcome_v2,challenger_20260307,0.44952323342661,1.4052613456193477,1.1643305332816407
19898,mg_1_3,market_outcome_v2,challenger_20260307,0.6660351360226461,1.4052613456193477,1.1643305332816407
19898,mg_1_4,market_outcome_v2,challenger_20260307,0.8051219426716899,1.4052613456193477,1.1643305332816407
19898,mg_1_5,market_outcome_v2,challenger_20260307,0.8766012084372209,1.4052613456193477,1.1643305332816407
19898,mg_1_6,market_outcome_v2,challenger_20260307,0.90721329857404,1.4052613456193477,1.1643305332816407
19898,mg_2_3,market_outcome_v2,challenger_20260307,0.46928967369714714,1.4052613456193477,1.1643305332816407
19898,mg_2_4,market_outcome_v2,challenger_20260307,0.6083764803461912,1.4052613456193477,1.1643305332816407
19898,mg_2_5,market_outcome_v2,challenger_20260307,0.6798557461117222,1.4052613456193477,1.1643305332816407
19898,mg_2_6,market_outcome_v2,challenger_20260307,0.7104678362485413,1.4052613456193477,1.1643305332816407
19898,mg_3_4,market_outcome_v2,challenger_20260307,0.35559870924508,1.4052613456193477,1.1643305332816407
19898,mg_3_5,market_outcome_v2,challenger_20260307,0.42707797501061107,1.4052613456193477,1.1643305332816407
19898,mg_3_6,market_outcome_v2,challenger_20260307,0.4576900651474301,1.4052613456193477,1.1643305332816407
19898,mg_4_5,market_outcome_v2,challenger_20260307,0.21056607241457506,1.4052613456193477,1.1643305332816407
19898,mg_4_6,market_outcome_v2,challenger_20260307,0.2411781625513941,1.4052613456193477,1.1643305332816407
19898,mg_5_6,market_outcome_v2,challenger_20260307,0.1020913559023501,1.4052613456193477,1.1643305332816407
19898,mg_7p,market_outcome_v2,challenger_20260307,0.016219887862692267,1.4052613456193477,1.1643305332816407
19898,hmg_0,market_outcome_v2,challenger_20260307,0.24530301118845038,1.4052613456193477,1.1643305332816407
19898,hmg_1_2,market_outcome_v2,challenger_20260307,0.5869220592537644,1.4052613456193477,1.1643305332816407
19898,hmg_1_3,market_outcome_v2,challenger_20260307,0.7003768737295691,1.4052613456193477,1.1643305332816407
19898,hmg_2_3,market_outcome_v2,challenger_20260307,0.35566203414240943,1.4052613456193477,1.1643305332816407
19898,hmg_4p,market_outcome_v2,challenger_20260307,0.05432011508198066,1.4052613456193477,1.1643305332816407
19898,amg_0,market_outcome_v2,challenger_20260307,0.31213156818709586,1.4052613456193477,1.1643305332816407
19898,amg_1_2,market_outcome_v2,challenger_20260307,0.5749973286275347,1.4052613456193477,1.1643305332816407
19898,amg_1_3,market_outcome_v2,challenger_20260307,0.6571109684621944,1.4052613456193477,1.1643305332816407
19898,amg_2_3,market_outcome_v2,challenger_20260307,0.2936866532208783,1.4052613456193477,1.1643305332816407
19898,amg_4p,market_outcome_v2,challenger_20260307,0.030757463350709696,1.4052613456193477,1.1643305332816407
19898,ms_h_1_0_2_0_3_0,market_outcome_v2,challenger_20260307,0.21860973191918603,1.4052613456193477,1.1643305332816407
19898,ms_a_0_1_0_2_0_3,market_outcome_v2,challenger_20260307,0.16119129924873515,1.4052613456193477,1.1643305332816407
19898,ms_h_4_0_5_0_6_0,market_outcome_v2,challenger_20260307,0.016756598291353578,1.4052613456193477,1.1643305332816407
19898,ms_a_0_4_0_5_0_6,market_outcome_v2,challenger_20260307,0.00749348785899405,1.4052613456193477,1.1643305332816407
19898,ms_h_2_1_3_1_4_1,market_outcome_v2,challenger_20260307,0.14374174887117225,1.4052613456193477,1.1643305332816407
19898,ms_h_1_2_1_3_1_4,market_outcome_v2,challenger_20260307,0.10947747149875958,1.4052613456193477,1.1643305332816407
19898,ms_h_3_2_4_2_5_1,market_outcome_v2,challenger_20260307,0.03650812983679218,1.4052613456193477,1.1643305332816407
19898,ms_a_2_3_2_4_1_5,market_outcome_v2,challenger_20260307,0.027596377416427946,1.4052613456193477,1.1643305332816407
19898,ms_draw,market_outcome_v2,challenger_20260307,0.26342323943164525,1.4052613456193477,1.1643305332816407
19898,ms_other_homewin,market_outcome_v2,challenger_20260307,0.009267606997362163,1.4052613456193477,1.1643305332816407
19898,ms_other_awaywin,market_outcome_v2,challenger_20260307,0.0059343086295719424,1.4052613456193477,1.1643305332816407
22194,1x2_h,market_outcome_v2,challenger_20260307,0.33899360260303224,1.1830851589892306,1.288857846307242
22194,1x2_d,market_outcome_v2,challenger_20260307,0.2713762060640368,1.1830851589892306,1.288857846307242
22194,1x2_a,market_outcome_v2,challenger_20260307,0.3896301913329311,1.1830851589892306,1.288857846307242
22194,dc_1x,market_outcome_v2,challenger_20260307,0.610369808667069,1.1830851589892306,1.288857846307242
22194,dc_x2,market_outcome_v2,challenger_20260307,0.6610063973969679,1.1830851589892306,1.288857846307242
22194,dc_12,market_outcome_v2,challenger_20260307,0.7286237939359633,1.1830851589892306,1.288857846307242
22194,o15,market_outcome_v2,challenger_20260307,0.7068961934472078,1.1830851589892306,1.288857846307242
22194,u35,market_outcome_v2,challenger_20260307,0.763556644332527,1.1830851589892306,1.288857846307242
22194,ah_h05,market_outcome_v2,challenger_20260307,0.33899360260303224,1.1830851589892306,1.288857846307242
22194,ah_a05,market_outcome_v2,challenger_20260307,0.3896301913329311,1.1830851589892306,1.288857846307242
22194,ah_h15,market_outcome_v2,challenger_20260307,0.14096080065996813,1.1830851589892306,1.288857846307242
22194,ah_a15,market_outcome_v2,challenger_20260307,0.17389244103557525,1.1830851589892306,1.288857846307242
22194,eh_h1,market_outcome_v2,challenger_20260307,0.14096080065996813,1.1830851589892306,1.288857846307242
22194,eh_a1,market_outcome_v2,challenger_20260307,0.17389244103557525,1.1830851589892306,1.288857846307242
22194,mg_0,market_outcome_v2,challenger_20260307,0.08442068493222969,1.1830851589892306,1.288857846307242
22194,mg_1_2,market_outcome_v2,challenger_20260307,0.4666095130272538,1.1830851589892306,1.288857846307242
22194,mg_1_3,market_outcome_v2,challenger_20260307,0.6791359594002974,1.1830851589892306,1.288857846307242
22194,mg_1_4,market_outcome_v2,challenger_20260307,0.8104742750383875,1.1830851589892306,1.288857846307242
22194,mg_1_5,market_outcome_v2,challenger_20260307,0.8754064411721871,1.1830851589892306,1.288857846307242
22194,mg_1_6,market_outcome_v2,challenger_20260307,0.9021578768210529,1.1830851589892306,1.288857846307242
22194,mg_2_3,market_outcome_v2,challenger_20260307,0.4704528377797349,1.1830851589892306,1.288857846307242
22194,mg_2_4,market_outcome_v2,challenger_20260307,0.6017911534178251,1.1830851589892306,1.288857846307242
22194,mg_2_5,market_outcome_v2,challenger_20260307,0.6667233195516246,1.1830851589892306,1.288857846307242
22194,mg_2_6,market_outcome_v2,challenger_20260307,0.6934747552004904,1.1830851589892306,1.288857846307242
22194,mg_3_4,market_outcome_v2,challenger_20260307,0.34386476201113386,1.1830851589892306,1.288857846307242
22194,mg_3_5,market_outcome_v2,challenger_20260307,0.40879692814493335,1.1830851589892306,1.288857846307242
22194,mg_3_6,market_outcome_v2,challenger_20260307,0.4355483637937991,1.1830851589892306,1.288857846307242
22194,mg_4_5,market_outcome_v2,challenger_20260307,0.19627048177188977,1.1830851589892306,1.288857846307242
22194,mg_4_6,market_outcome_v2,challenger_20260307,0.22302191742075547,1.1830851589892306,1.288857846307242
22194,mg_5_6,market_outcome_v2,challenger_20260307,0.09168360178266519,1.1830851589892306,1.288857846307242
22194,mg_7p,market_outcome_v2,challenger_20260307,0.013421438246717519,1.1830851589892306,1.288857846307242
22194,hmg_0,market_outcome_v2,challenger_20260307,0.30633221226835855,1.1830851589892306,1.288857846307242
22194,hmg_1_2,market_outcome_v2,challenger_20260307,0.576802236725291,1.1830851589892306,1.288857846307242
22194,hmg_1_3,market_outcome_v2,challenger_20260307,0.6613475302589478,1.1830851589892306,1.288857846307242
22194,hmg_2_3,market_outcome_v2,challenger_20260307,0.298930436203914,1.1830851589892306,1.288857846307242
22194,hmg_4p,market_outcome_v2,challenger_20260307,0.032320257472693785,1.1830851589892306,1.288857846307242
22194,amg_0,market_outcome_v2,challenger_20260307,0.2755853989598522,1.1830851589892306,1.288857846307242
22194,amg_1_2,market_outcome_v2,challenger_20260307,0.5840853731977043,1.1830851589892306,1.288857846307242
22194,amg_1_3,market_outcome_v2,challenger_20260307,0.6824230656370311,1.1830851589892306,1.288857846307242
22194,amg_2_3,market_outcome_v2,challenger_20260307,0.3272326618599141,1.1830851589892306,1.288857846307242
22194,amg_4p,market_outcome_v2,challenger_20260307,0.04199153540311675,1.1830851589892306,1.288857846307242
22194,ms_h_1_0_2_0_3_0,market_outcome_v2,challenger_20260307,0.18225772297752496,1.1830851589892306,1.288857846307242
22194,ms_a_0_1_0_2_0_3,market_outcome_v2,challenger_20260307,0.20904816739954699,1.1830851589892306,1.288857846307242
22194,ms_h_4_0_5_0_6_0,market_outcome_v2,challenger_20260307,0.008843432015505578,1.1830851589892306,1.288857846307242
22194,ms_a_0_4_0_5_0_6,market_outcome_v2,challenger_20260307,0.012745881013628084,1.1830851589892306,1.288857846307242
22194,ms_h_2_1_3_1_4_1,market_outcome_v2,challenger_20260307,0.11505913861804659,1.1830851589892306,1.288857846307242
22194,ms_h_1_2_1_3_1_4,market_outcome_v2,challenger_20260307,0.13007819559825623,1.1830851589892306,1.288857846307242
22194,ms_h_3_2_4_2_5_1,market_outcome_v2,challenger_20260307,0.027177368790081716,1.1830851589892306,1.288857846307242
22194,ms_a_2_3_2_4_1_5,market_outcome_v2,challenger_20260307,0.03083522668688372,1.1830851589892306,1.288857846307242
22194,ms_draw,market_outcome_v2,challenger_20260307,0.2713762060640368,1.1830851589892306,1.288857846307242
22194,ms_other_homewin,market_outcome_v2,challenger_20260307,0.00565594020187338,1.1830851589892306,1.288857846307242
22194,ms_other_awaywin,market_outcome_v2,challenger_20260307,0.006922720634616036,1.1830851589892306,1.288857846307242
21426,1x2_h,market_outcome_v2,challenger_20260307,0.41662438407985974,1.449995942528348,1.2548231766653317
21426,1x2_d,market_outcome_v2,challenger_20260307,0.2564893172198985,1.449995942528348,1.2548231766653317
21426,1x2_a,market_outcome_v2,challenger_20260307,0.3268862987002416,1.449995942528348,1.2548231766653317
21426,dc_1x,market_outcome_v2,challenger_20260307,0.6731137012997582,1.449995942528348,1.2548231766653317
21426,dc_x2,market_outcome_v2,challenger_20260307,0.5833756159201401,1.449995942528348,1.2548231766653317
21426,dc_12,market_outcome_v2,challenger_20260307,0.7435106827801014,1.449995942528348,1.2548231766653317
21426,o15,market_outcome_v2,challenger_20260307,0.7522126072888541,1.449995942528348,1.2548231766653317
21426,u35,market_outcome_v2,challenger_20260307,0.7130297852878316,1.449995942528348,1.2548231766653317
21426,ah_h05,market_outcome_v2,challenger_20260307,0.41662438407985974,1.449995942528348,1.2548231766653317
21426,ah_a05,market_outcome_v2,challenger_20260307,0.3268862987002416,1.449995942528348,1.2548231766653317
21426,ah_h15,market_outcome_v2,challenger_20260307,0.20021522307960116,1.449995942528348,1.2548231766653317
21426,ah_a15,market_outcome_v2,challenger_20260307,0.13960630508018038,1.449995942528348,1.2548231766653317
21426,eh_h1,market_outcome_v2,challenger_20260307,0.20021522307960116,1.449995942528348,1.2548231766653317
21426,eh_a1,market_outcome_v2,challenger_20260307,0.13960630508018038,1.449995942528348,1.2548231766653317
21426,mg_0,market_outcome_v2,challenger_20260307,0.06688245356633626,1.449995942528348,1.2548231766653317
21426,mg_1_2,market_outcome_v2,challenger_20260307,0.42556250822253516,1.449995942528348,1.2548231766653317
21426,mg_1_3,market_outcome_v2,challenger_20260307,0.6461473317214952,1.449995942528348,1.2548231766653317
21426,mg_1_4,market_outcome_v2,challenger_20260307,0.7953078437224829,1.449995942528348,1.2548231766653317
21426,mg_1_5,market_outcome_v2,challenger_20260307,0.8759982846602807,1.449995942528348,1.2548231766653317
21426,mg_1_6,market_outcome_v2,challenger_20260307,0.9123737925577348,1.449995942528348,1.2548231766653317
21426,mg_2_3,market_outcome_v2,challenger_20260307,0.46524239257668537,1.449995942528348,1.2548231766653317
21426,mg_2_4,market_outcome_v2,challenger_20260307,0.614402904577673,1.449995942528348,1.2548231766653317
21426,mg_2_5,market_outcome_v2,challenger_20260307,0.6950933455154709,1.449995942528348,1.2548231766653317
21426,mg_2_6,market_outcome_v2,challenger_20260307,0.7314688534129248,1.449995942528348,1.2548231766653317
21426,mg_3_4,market_outcome_v2,challenger_20260307,0.36974533549994754,1.449995942528348,1.2548231766653317
21426,mg_3_5,market_outcome_v2,challenger_20260307,0.4504357764377454,1.449995942528348,1.2548231766653317
21426,mg_3_6,market_outcome_v2,challenger_20260307,0.48681128433519943,1.449995942528348,1.2548231766653317
21426,mg_4_5,market_outcome_v2,challenger_20260307,0.22985095293878546,1.449995942528348,1.2548231766653317
21426,mg_4_6,market_outcome_v2,challenger_20260307,0.2662264608362394,1.449995942528348,1.2548231766653317
21426,mg_5_6,market_outcome_v2,challenger_20260307,0.11706594883525191,1.449995942528348,1.2548231766653317
21426,mg_7p,market_outcome_v2,challenger_20260307,0.020743753875929086,1.449995942528348,1.2548231766653317
21426,hmg_0,market_outcome_v2,challenger_20260307,0.23457133313004708,1.449995942528348,1.2548231766653317
21426,hmg_1_2,market_outcome_v2,challenger_20260307,0.5867192151654513,1.449995942528348,1.2548231766653317
21426,hmg_1_3,market_outcome_v2,challenger_20260307,0.7059048863676135,1.449995942528348,1.2548231766653317
21426,hmg_2_3,market_outcome_v2,challenger_20260307,0.36577740509557977,1.449995942528348,1.2548231766653317
21426,hmg_4p,market_outcome_v2,challenger_20260307,0.059523780502339425,1.449995942528348,1.2548231766653317
21426,amg_0,market_outcome_v2,challenger_20260307,0.28512628834000114,1.449995942528348,1.2548231766653317
21426,amg_1_2,market_outcome_v2,challenger_20260307,0.5822603221781121,1.449995942528348,1.2548231766653317
21426,amg_1_3,market_outcome_v2,challenger_20260307,0.676153406357007,1.449995942528348,1.2548231766653317
21426,amg_2_3,market_outcome_v2,challenger_20260307,0.3183703314714116,1.449995942528348,1.2548231766653317
21426,amg_4p,market_outcome_v2,challenger_20260307,0.038720305302991795,1.449995942528348,1.2548231766653317
21426,ms_h_1_0_2_0_3_0,market_outcome_v2,challenger_20260307,0.2012720401710679,1.449995942528348,1.2548231766653317
21426,ms_a_0_1_0_2_0_3,market_outcome_v2,challenger_20260307,0.1586062059295856,1.449995942528348,1.2548231766653317
21426,ms_h_4_0_5_0_6_0,market_outcome_v2,challenger_20260307,0.016754568106970895,1.449995942528348,1.2548231766653317
21426,ms_a_0_4_0_5_0_6,market_outcome_v2,challenger_20260307,0.009005870187335412,1.449995942528348,1.2548231766653317
21426,ms_h_2_1_3_1_4_1,market_outcome_v2,challenger_20260307,0.14632686973628656,1.449995942528348,1.2548231766653317
21426,ms_h_1_2_1_3_1_4,market_outcome_v2,challenger_20260307,0.1183048874343465,1.449995942528348,1.2548231766653317
21426,ms_h_3_2_4_2_5_1,market_outcome_v2,challenger_20260307,0.040935720038584776,1.449995942528348,1.2548231766653317
21426,ms_a_2_3_2_4_1_5,market_outcome_v2,challenger_20260307,0.03293083096237014,1.449995942528348,1.2548231766653317
21426,ms_draw,market_outcome_v2,challenger_20260307,0.2564893172198985,1.449995942528348,1.2548231766653317
21426,ms_other_homewin,market_outcome_v2,challenger_20260307,0.011335186026949745,1.449995942528348,1.2548231766653317
21426,ms_other_awaywin,market_outcome_v2,challenger_20260307,0.008038504186604034,1.449995942528348,1.2548231766653317
19899,1x2_h,market_outcome_v2,challenger_20260307,0.4951690847194848,1.503286963086945,0.9737809144127126
19899,1x2_d,market_outcome_v2,challenger_20260307,0.25996324490293504,1.503286963086945,0.9737809144127126
19899,1x2_a,market_outcome_v2,challenger_20260307,0.24486767037757998,1.503286963086945,0.9737809144127126
19899,dc_1x,market_outcome_v2,challenger_20260307,0.7551323296224198,1.503286963086945,0.9737809144127126
19899,dc_x2,market_outcome_v2,challenger_20260307,0.504830915280515,1.503286963086945,0.9737809144127126
19899,dc_12,market_outcome_v2,challenger_20260307,0.7400367550970648,1.503286963086945,0.9737809144127126
19899,o15,market_outcome_v2,challenger_20260307,0.7079639226001763,1.503286963086945,0.9737809144127126
19899,u35,market_outcome_v2,challenger_20260307,0.7624671776372272,1.503286963086945,0.9737809144127126
19899,ah_h05,market_outcome_v2,challenger_20260307,0.4951690847194848,1.503286963086945,0.9737809144127126
19899,ah_a05,market_outcome_v2,challenger_20260307,0.24486767037757998,1.503286963086945,0.9737809144127126
19899,ah_h15,market_outcome_v2,challenger_20260307,0.2509860392946832,1.503286963086945,0.9737809144127126
19899,ah_a15,market_outcome_v2,challenger_20260307,0.08669375209283006,1.503286963086945,0.9737809144127126
19899,eh_h1,market_outcome_v2,challenger_20260307,0.2509860392946832,1.503286963086945,0.9737809144127126
19899,eh_a1,market_outcome_v2,challenger_20260307,0.08669375209283006,1.503286963086945,0.9737809144127126
19899,mg_0,market_outcome_v2,challenger_20260307,0.08398917929949219,1.503286963086945,0.9737809144127126
19899,mg_1_2,market_outcome_v2,challenger_20260307,0.46572004224921887,1.503286963086945,0.9737809144127126
19899,mg_1_3,market_outcome_v2,challenger_20260307,0.6784779983377349,1.503286963086945,0.9737809144127126
19899,mg_1_4,market_outcome_v2,challenger_20260307,0.8102319730150714,1.503286963086945,0.9737809144127126
19899,mg_1_5,market_outcome_v2,challenger_20260307,0.8755046806962983,1.503286963086945,0.9737809144127126
19899,mg_1_6,market_outcome_v2,challenger_20260307,0.90245216860873,1.503286963086945,0.9737809144127126
19899,mg_2_3,market_outcome_v2,challenger_20260307,0.47043110023740364,1.503286963086945,0.9737809144127126
19899,mg_2_4,market_outcome_v2,challenger_20260307,0.6021850749147402,1.503286963086945,0.9737809144127126
19899,mg_2_5,market_outcome_v2,challenger_20260307,0.6674577825959669,1.503286963086945,0.9737809144127126
19899,mg_2_6,market_outcome_v2,challenger_20260307,0.6944052705083988,1.503286963086945,0.9737809144127126
19899,mg_3_4,market_outcome_v2,challenger_20260307,0.34451193076585257,1.503286963086945,0.9737809144127126
19899,mg_3_5,market_outcome_v2,challenger_20260307,0.40978463844707924,1.503286963086945,0.9737809144127126
19899,mg_3_6,market_outcome_v2,challenger_20260307,0.4367321263595112,1.503286963086945,0.9737809144127126
19899,mg_4_5,market_outcome_v2,challenger_20260307,0.19702668235856322,1.503286963086945,0.9737809144127126
19899,mg_4_6,market_outcome_v2,challenger_20260307,0.2239741702709952,1.503286963086945,0.9737809144127126
19899,mg_5_6,market_outcome_v2,challenger_20260307,0.09222019559365868,1.503286963086945,0.9737809144127126
19899,mg_7p,market_outcome_v2,challenger_20260307,0.01355865209177746,1.503286963086945,0.9737809144127126
19899,hmg_0,market_outcome_v2,challenger_20260307,0.22239806891719574,1.503286963086945,0.9737809144127126
19899,hmg_1_2,market_outcome_v2,challenger_20260307,0.585623667923902,1.503286963086945,0.9737809144127126
19899,hmg_1_3,market_outcome_v2,challenger_20260307,0.711546776142309,1.503286963086945,0.9737809144127126
19899,hmg_2_3,market_outcome_v2,challenger_20260307,0.37721865852337666,1.503286963086945,0.9737809144127126
19899,hmg_4p,market_outcome_v2,challenger_20260307,0.0660551549404951,1.503286963086945,0.9737809144127126
19899,amg_0,market_outcome_v2,challenger_20260307,0.37765246662624313,1.503286963086945,0.9737809144127126
19899,amg_1_2,market_outcome_v2,challenger_20260307,0.5468051020405352,1.503286963086945,0.9737809144127126
19899,amg_1_3,market_outcome_v2,challenger_20260307,0.6049250009580478,1.503286963086945,0.9737809144127126
19899,amg_2_3,market_outcome_v2,challenger_20260307,0.23717423667652834,1.503286963086945,0.9737809144127126
19899,amg_4p,market_outcome_v2,challenger_20260307,0.01742253241570891,1.503286963086945,0.9737809144127126
19899,ms_h_1_0_2_0_3_0,market_outcome_v2,challenger_20260307,0.26871739513009424,1.503286963086945,0.9737809144127126
19899,ms_a_0_1_0_2_0_3,market_outcome_v2,challenger_20260307,0.1345341520528026,1.503286963086945,0.9737809144127126
19899,ms_h_4_0_5_0_6_0,market_outcome_v2,challenger_20260307,0.024591998145927614,1.503286963086945,0.9737809144127126
19899,ms_a_0_4_0_5_0_6,market_outcome_v2,challenger_20260307,0.003859017044279898,1.503286963086945,0.9737809144127126
19899,ms_h_2_1_3_1_4_1,market_outcome_v2,challenger_20260307,0.15612612314025973,1.503286963086945,0.9737809144127126
19899,ms_h_1_2_1_3_1_4,market_outcome_v2,challenger_20260307,0.08402442867009899,1.503286963086945,0.9737809144127126
19899,ms_h_3_2_4_2_5_1,market_outcome_v2,challenger_20260307,0.036253304132340056,1.503286963086945,0.9737809144127126
19899,ms_a_2_3_2_4_1_5,market_outcome_v2,challenger_20260307,0.01908213285508624,1.503286963086945,0.9737809144127126
19899,ms_draw,market_outcome_v2,challenger_20260307,0.25996324490293504,1.503286963086945,0.9737809144127126
19899,ms_other_homewin,market_outcome_v2,challenger_20260307,0.009480264170863156,1.503286963086945,0.9737809144127126
19899,ms_other_awaywin,market_outcome_v2,challenger_20260307,0.0033679397553121808,1.503286963086945,0.9737809144127126
19064,1x2_h,market_outcome_v2,challenger_20260307,0.4669506611000176,1.55202436623349,1.145697214025928
19064,1x2_d,market_outcome_v2,challenger_20260307,0.2521531877077304,1.55202436623349,1.145697214025928
19064,1x2_a,market_outcome_v2,challenger_20260307,0.2808961511922523,1.55202436623349,1.145697214025928
19064,dc_1x,market_outcome_v2,challenger_20260307,0.7191038488077479,1.55202436623349,1.145697214025928
19064,dc_x2,market_outcome_v2,challenger_20260307,0.5330493388999826,1.55202436623349,1.145697214025928
19064,dc_12,market_outcome_v2,challenger_20260307,0.7478468122922699,1.55202436623349,1.145697214025928
19064,o15,market_outcome_v2,challenger_20260307,0.7509256752981313,1.55202436623349,1.145697214025928
19064,u35,market_outcome_v2,challenger_20260307,0.7145950051227994,1.55202436623349,1.145697214025928
19064,ah_h05,market_outcome_v2,challenger_20260307,0.4669506611000176,1.55202436623349,1.145697214025928
19064,ah_a05,market_outcome_v2,challenger_20260307,0.2808961511922523,1.55202436623349,1.145697214025928
19064,ah_h15,market_outcome_v2,challenger_20260307,0.23744947847605466,1.55202436623349,1.145697214025928
19064,ah_a15,market_outcome_v2,challenger_20260307,0.11147943888506104,1.55202436623349,1.145697214025928
19064,eh_h1,market_outcome_v2,challenger_20260307,0.23744947847605466,1.55202436623349,1.145697214025928
19064,eh_a1,market_outcome_v2,challenger_20260307,0.11147943888506104,1.55202436623349,1.145697214025928
19064,mg_0,market_outcome_v2,challenger_20260307,0.0673588639100283,1.55202436623349,1.145697214025928
19064,mg_1_2,market_outcome_v2,challenger_20260307,0.4268243208143069,1.55202436623349,1.145697214025928
19064,mg_1_3,market_outcome_v2,challenger_20260307,0.647236141212771,1.55202436623349,1.145697214025928
19064,mg_1_4,market_outcome_v2,challenger_20260307,0.7958885723210708,1.55202436623349,1.145697214025928
19064,mg_1_5,market_outcome_v2,challenger_20260307,0.8760931465928484,1.55202436623349,1.145697214025928
19064,mg_1_6,market_outcome_v2,challenger_20260307,0.9121547484009305,1.55202436623349,1.145697214025928
19064,mg_2_3,market_outcome_v2,challenger_20260307,0.46552068042093037,1.55202436623349,1.145697214025928
19064,mg_2_4,market_outcome_v2,challenger_20260307,0.6141731115292303,1.55202436623349,1.145697214025928
19064,mg_2_5,market_outcome_v2,challenger_20260307,0.6943776858010078,1.55202436623349,1.145697214025928
19064,mg_2_6,market_outcome_v2,challenger_20260307,0.7304392876090899,1.55202436623349,1.145697214025928
19064,mg_3_4,market_outcome_v2,challenger_20260307,0.36906425150676403,1.55202436623349,1.145697214025928
19064,mg_3_5,market_outcome_v2,challenger_20260307,0.4492688257785414,1.55202436623349,1.145697214025928
19064,mg_3_6,market_outcome_v2,challenger_20260307,0.48533042758662365,1.55202436623349,1.145697214025928
19064,mg_4_5,market_outcome_v2,challenger_20260307,0.22885700538007733,1.55202436623349,1.145697214025928
19064,mg_4_6,market_outcome_v2,challenger_20260307,0.26491860718815957,1.55202436623349,1.145697214025928
19064,mg_5_6,market_outcome_v2,challenger_20260307,0.11626617607985963,1.55202436623349,1.145697214025928
19064,mg_7p,market_outcome_v2,challenger_20260307,0.0204863876890415,1.55202436623349,1.145697214025928
19064,hmg_0,market_outcome_v2,challenger_20260307,0.21181890302314726,1.55202436623349,1.145697214025928
19064,hmg_1_2,market_outcome_v2,challenger_20260307,0.5838606285045599,1.55202436623349,1.145697214025928
19064,hmg_1_3,market_outcome_v2,challenger_20260307,0.7158409159565274,1.55202436623349,1.145697214025928
19064,hmg_2_3,market_outcome_v2,challenger_20260307,0.3870928172357542,1.55202436623349,1.145697214025928
19064,hmg_4p,market_outcome_v2,challenger_20260307,0.07234018102032552,1.55202436623349,1.145697214025928
19064,amg_0,market_outcome_v2,challenger_20260307,0.31800213743278344,1.55202436623349,1.145697214025928
19064,amg_1_2,market_outcome_v2,challenger_20260307,0.5730424806218484,1.55202436623349,1.145697214025928
19064,amg_1_3,market_outcome_v2,challenger_20260307,0.6527479933369559,1.55202436623349,1.145697214025928
19064,amg_2_3,market_outcome_v2,challenger_20260307,0.2884138304259255,1.55202436623349,1.145697214025928
19064,amg_4p,market_outcome_v2,challenger_20260307,0.02924986923026103,1.55202436623349,1.145697214025928
19064,ms_h_1_0_2_0_3_0,market_outcome_v2,challenger_20260307,0.2276389413360172,1.55202436623349,1.145697214025928
19064,ms_a_0_1_0_2_0_3,market_outcome_v2,challenger_20260307,0.13826436389919458,1.55202436623349,1.145697214025928
19064,ms_h_4_0_5_0_6_0,market_outcome_v2,challenger_20260307,0.022646982030843567,1.55202436623349,1.145697214025928
19064,ms_a_0_4_0_5_0_6,market_outcome_v2,challenger_20260307,0.006155382043239608,1.55202436623349,1.145697214025928
19064,ms_h_2_1_3_1_4_1,market_outcome_v2,challenger_20260307,0.15968838233783705,1.55202436623349,1.145697214025928
19064,ms_h_1_2_1_3_1_4,market_outcome_v2,challenger_20260307,0.10232068466537267,1.55202436623349,1.145697214025928
19064,ms_h_3_2_4_2_5_1,market_outcome_v2,challenger_20260307,0.04402446016796231,1.55202436623349,1.145697214025928
19064,ms_a_2_3_2_4_1_5,market_outcome_v2,challenger_20260307,0.027877725166666534,1.55202436623349,1.145697214025928
19064,ms_draw,market_outcome_v2,challenger_20260307,0.2521531877077304,1.55202436623349,1.145697214025928
19064,ms_other_homewin,market_outcome_v2,challenger_20260307,0.01295189522735747,1.55202436623349,1.145697214025928
19064,ms_other_awaywin,market_outcome_v2,challenger_20260307,0.006277995417778944,1.55202436623349,1.145697214025928
21704,1x2_h,market_outcome_v2,challenger_20260307,0.39982849733084036,1.4151063822217418,1.291428961886692
21704,1x2_d,market_outcome_v2,challenger_20260307,0.25724642639394285,1.4151063822217418,1.291428961886692
21704,1x2_a,market_outcome_v2,challenger_20260307,0.3429250762752167,1.4151063822217418,1.291428961886692
21704,dc_1x,market_outcome_v2,challenger_20260307,0.6570749237247833,1.4151063822217418,1.291428961886692
21704,dc_x2,market_outcome_v2,challenger_20260307,0.6001715026691595,1.4151063822217418,1.291428961886692
21704,dc_12,market_outcome_v2,challenger_20260307,0.7427535736060571,1.4151063822217418,1.291428961886692
21704,o15,market_outcome_v2,challenger_20260307,0.7525229258396777,1.4151063822217418,1.291428961886692
21704,u35,market_outcome_v2,challenger_20260307,0.712651139678784,1.4151063822217418,1.291428961886692
21704,ah_h05,market_outcome_v2,challenger_20260307,0.39982849733084036,1.4151063822217418,1.291428961886692
21704,ah_a05,market_outcome_v2,challenger_20260307,0.3429250762752167,1.4151063822217418,1.291428961886692
21704,ah_h15,market_outcome_v2,challenger_20260307,0.18832007738370427,1.4151063822217418,1.291428961886692
21704,ah_a15,market_outcome_v2,challenger_20260307,0.14990206215116408,1.4151063822217418,1.291428961886692
21704,eh_h1,market_outcome_v2,challenger_20260307,0.18832007738370427,1.4151063822217418,1.291428961886692
21704,eh_a1,market_outcome_v2,challenger_20260307,0.14990206215116408,1.4151063822217418,1.291428961886692
21704,mg_0,market_outcome_v2,challenger_20260307,0.06676776320336153,1.4151063822217418,1.291428961886692
21704,mg_1_2,market_outcome_v2,challenger_20260307,0.42525737951420817,1.4151063822217418,1.291428961886692
21704,mg_1_3,market_outcome_v2,challenger_20260307,0.6458833764754224,1.4151063822217418,1.291428961886692
21704,mg_1_4,market_outcome_v2,challenger_20260307,0.795166391126594,1.4151063822217418,1.291428961886692
21704,mg_1_5,market_outcome_v2,challenger_20260307,0.8759743422122845,1.4151063822217418,1.291428961886692
21704,mg_1_6,market_outcome_v2,challenger_20260307,0.9124259381620191,1.4151063822217418,1.291428961886692
21704,mg_2_3,market_outcome_v2,challenger_20260307,0.46517406551846185,1.4151063822217418,1.291428961886692
21704,mg_2_4,market_outcome_v2,challenger_20260307,0.6144570801696335,1.4151063822217418,1.291428961886692
21704,mg_2_5,market_outcome_v2,challenger_20260307,0.6952650312553241,1.4151063822217418,1.291428961886692
21704,mg_2_6,market_outcome_v2,challenger_20260307,0.7317166272050587,1.4151063822217418,1.291428961886692
21704,mg_3_4,market_outcome_v2,challenger_20260307,0.3699090116123859,1.4151063822217418,1.291428961886692
21704,mg_3_5,market_outcome_v2,challenger_20260307,0.45071696269807665,1.4151063822217418,1.291428961886692
21704,mg_3_6,market_outcome_v2,challenger_20260307,0.4871685586478111,1.4151063822217418,1.291428961886692
21704,mg_4_5,market_outcome_v2,challenger_20260307,0.23009096573686222,1.4151063822217418,1.291428961886692
21704,mg_4_6,market_outcome_v2,challenger_20260307,0.2665425616865968,1.4151063822217418,1.291428961886692
21704,mg_5_6,market_outcome_v2,challenger_20260307,0.11725954703542517,1.4151063822217418,1.291428961886692
21704,mg_7p,market_outcome_v2,challenger_20260307,0.020806298634619264,1.4151063822217418,1.291428961886692
21704,hmg_0,market_outcome_v2,challenger_20260307,0.2428998481172995,1.4151063822217418,1.291428961886692
21704,hmg_1_2,market_outcome_v2,challenger_20260307,0.5869357648033698,1.4151063822217418,1.291428961886692
21704,hmg_1_3,market_outcome_v2,challenger_20260307,0.7016568540512609,1.4151063822217418,1.291428961886692
21704,hmg_2_3,market_outcome_v2,challenger_20260307,0.35792772873977846,1.4151063822217418,1.291428961886692
21704,hmg_4p,market_outcome_v2,challenger_20260307,0.05544329783143971,1.4151063822217418,1.291428961886692
21704,amg_0,market_outcome_v2,challenger_20260307,0.27487774784905794,1.4151063822217418,1.291428961886692
21704,amg_1_2,market_outcome_v2,challenger_20260307,0.5842040941635915,1.4151063822217418,1.291428961886692
21704,amg_1_3,market_outcome_v2,challenger_20260307,0.6828774500400518,1.4151063822217418,1.291428961886692
21704,amg_2_3,market_outcome_v2,challenger_20260307,0.327892365489591,1.4151063822217418,1.291428961886692
21704,amg_4p,market_outcome_v2,challenger_20260307,0.04224480211089017,1.4151063822217418,1.291428961886692
21704,ms_h_1_0_2_0_3_0,market_outcome_v2,challenger_20260307,0.19286985580446572,1.4151063822217418,1.291428961886692
21704,ms_a_0_1_0_2_0_3,market_outcome_v2,challenger_20260307,0.16587082889745736,1.4151063822217418,1.291428961886692
21704,ms_h_4_0_5_0_6_0,market_outcome_v2,challenger_20260307,0.015058177276478133,1.4151063822217418,1.291428961886692
21704,ms_a_0_4_0_5_0_6,market_outcome_v2,challenger_20260307,0.010167003229218844,1.4151063822217418,1.291428961886692
21704,ms_h_2_1_3_1_4_1,market_outcome_v2,challenger_20260307,0.14146630061598126,1.4151063822217418,1.291428961886692
21704,ms_h_1_2_1_3_1_4,market_outcome_v2,challenger_20260307,0.12365647476165272,1.4151063822217418,1.291428961886692
21704,ms_h_3_2_4_2_5_1,market_outcome_v2,challenger_20260307,0.03967682501885107,1.4151063822217418,1.291428961886692
21704,ms_a_2_3_2_4_1_5,market_outcome_v2,challenger_20260307,0.03457426004520107,1.4151063822217418,1.291428961886692
21704,ms_draw,market_outcome_v2,challenger_20260307,0.25724642639394285,1.4151063822217418,1.291428961886692
21704,ms_other_homewin,market_outcome_v2,challenger_20260307,0.010757338615064128,1.4151063822217418,1.291428961886692
21704,ms_other_awaywin,market_outcome_v2,challenger_20260307,0.008656509341686786,1.4151063822217418,1.291428961886692
22195,1x2_h,market_outcome_v2,challenger_20260307,0.2644681002998678,1.0589724574294184,1.518259610273549
22195,1x2_d,market_outcome_v2,challenger_20260307,0.25696880626502827,1.0589724574294184,1.518259610273549
22195,1x2_a,market_outcome_v2,challenger_20260307,0.47856309343510384,1.0589724574294184,1.518259610273549
22195,dc_1x,market_outcome_v2,challenger_20260307,0.521436906564896,1.0589724574294184,1.518259610273549
22195,dc_x2,market_outcome_v2,challenger_20260307,0.7355318997001321,1.0589724574294184,1.518259610273549
22195,dc_12,market_outcome_v2,challenger_20260307,0.7430311937349716,1.0589724574294184,1.518259610273549
22195,o15,market_outcome_v2,challenger_20260307,0.728187311178688,1.0589724574294184,1.518259610273549
22195,u35,market_outcome_v2,challenger_20260307,0.7409469272215155,1.0589724574294184,1.518259610273549
22195,ah_h05,market_outcome_v2,challenger_20260307,0.2644681002998678,1.0589724574294184,1.518259610273549
22195,ah_a05,market_outcome_v2,challenger_20260307,0.47856309343510384,1.0589724574294184,1.518259610273549
22195,ah_h15,market_outcome_v2,challenger_20260307,0.09946435323125544,1.0589724574294184,1.518259610273549
22195,ah_a15,market_outcome_v2,challenger_20260307,0.24199553876405705,1.0589724574294184,1.518259610273549
22195,eh_h1,market_outcome_v2,challenger_20260307,0.09946435323125544,1.0589724574294184,1.518259610273549
22195,eh_a1,market_outcome_v2,challenger_20260307,0.24199553876405705,1.0589724574294184,1.518259610273549
22195,mg_0,market_outcome_v2,challenger_20260307,0.07598408033836343,1.0589724574294184,1.518259610273549
22195,mg_1_2,market_outcome_v2,challenger_20260307,0.4481764932609012,1.0589724574294184,1.518259610273549
22195,mg_1_3,market_outcome_v2,challenger_20260307,0.6649628468831521,1.0589724574294184,1.518259610273549
22195,mg_1_4,market_outcome_v2,challenger_20260307,0.804640032482067,1.0589724574294184,1.518259610273549
22195,mg_1_5,market_outcome_v2,challenger_20260307,0.8766361368524718,1.0589724574294184,1.518259610273549
22195,mg_1_6,market_outcome_v2,challenger_20260307,0.9075612483413211,1.0589724574294184,1.518259610273549
22195,mg_2_3,market_outcome_v2,challenger_20260307,0.46913423840020335,1.0589724574294184,1.518259610273549
22195,mg_2_4,market_outcome_v2,challenger_20260307,0.6088114239991184,1.0589724574294184,1.518259610273549
22195,mg_2_5,market_outcome_v2,challenger_20260307,0.6808075283695231,1.0589724574294184,1.518259610273549
22195,mg_2_6,market_outcome_v2,challenger_20260307,0.7117326398583723,1.0589724574294184,1.518259610273549
22195,mg_3_4,market_outcome_v2,challenger_20260307,0.3564635392211659,1.0589724574294184,1.518259610273549
22195,mg_3_5,market_outcome_v2,challenger_20260307,0.4284596435915705,1.0589724574294184,1.518259610273549
22195,mg_3_6,market_outcome_v2,challenger_20260307,0.45938475508042004,1.0589724574294184,1.518259610273549
22195,mg_4_5,market_outcome_v2,challenger_20260307,0.21167328996931967,1.0589724574294184,1.518259610273549
22195,mg_4_6,market_outcome_v2,challenger_20260307,0.24259840145816908,1.0589724574294184,1.518259610273549
22195,mg_5_6,market_outcome_v2,challenger_20260307,0.10292121585925401,1.0589724574294184,1.518259610273549
22195,mg_7p,market_outcome_v2,challenger_20260307,0.016454671320315497,1.0589724574294184,1.518259610273549
22195,hmg_0,market_outcome_v2,challenger_20260307,0.34681199759098597,1.0589724574294184,1.518259610273549
22195,hmg_1_2,market_outcome_v2,challenger_20260307,0.5617257707541812,1.0589724574294184,1.518259610273549
22195,hmg_1_3,market_outcome_v2,challenger_20260307,0.6303688657736781,1.0589724574294184,1.518259610273549
22195,hmg_2_3,market_outcome_v2,challenger_20260307,0.26310451241874616,1.0589724574294184,1.518259610273549
22195,hmg_4p,market_outcome_v2,challenger_20260307,0.02281913663533603,1.0589724574294184,1.518259610273549
22195,amg_0,market_outcome_v2,challenger_20260307,0.2190929981262515,1.0589724574294184,1.518259610273549
22195,amg_1_2,market_outcome_v2,challenger_20260307,0.585157026247165,1.0589724574294184,1.518259610273549
22195,amg_1_3,market_outcome_v2,challenger_20260307,0.7129524682545558,1.0589724574294184,1.518259610273549
22195,amg_2_3,market_outcome_v2,challenger_20260307,0.38031241830572976,1.0589724574294184,1.518259610273549
22195,amg_4p,market_outcome_v2,challenger_20260307,0.06795453361919272,1.0589724574294184,1.518259610273549
22195,ms_h_1_0_2_0_3_0,market_outcome_v2,challenger_20260307,0.13810940472779973,1.0589724574294184,1.518259610273549
22195,ms_a_0_1_0_2_0_3,market_outcome_v2,challenger_20260307,0.24726046970278648,1.0589724574294184,1.518259610273549
22195,ms_h_4_0_5_0_6_0,market_outcome_v2,challenger_20260307,0.004973629138899818,1.0589724574294184,1.518259610273549
22195,ms_a_0_4_0_5_0_6,market_outcome_v2,challenger_20260307,0.02322354287358066,1.0589724574294184,1.518259610273549
22195,ms_h_2_1_3_1_4_1,market_outcome_v2,challenger_20260307,0.09356409484648924,1.0589724574294184,1.518259610273549
22195,ms_h_1_2_1_3_1_4,market_outcome_v2,challenger_20260307,0.15748996315077823,1.0589724574294184,1.518259610273549
22195,ms_h_3_2_4_2_5_1,market_outcome_v2,challenger_20260307,0.02320278096105429,1.0589724574294184,1.518259610273549
22195,ms_a_2_3_2_4_1_5,market_outcome_v2,challenger_20260307,0.03969344629840524,1.0589724574294184,1.518259610273549
22195,ms_draw,market_outcome_v2,challenger_20260307,0.25696880626502827,1.0589724574294184,1.518259610273549
22195,ms_other_homewin,market_outcome_v2,challenger_20260307,0.004618190625624779,1.0589724574294184,1.518259610273549
22195,ms_other_awaywin,market_outcome_v2,challenger_20260307,0.010895671409553267,1.0589724574294184,1.518259610273549
4167,1x2_h,market_outcome_v2,challenger_20260307,0.40700482497614804,1.357494825309207,1.1880048652202213
4167,1x2_d,market_outcome_v2,challenger_20260307,0.266045056785322,1.357494825309207,1.1880048652202213
4167,1x2_a,market_outcome_v2,challenger_20260307,0.32695011823853004,1.357494825309207,1.1880048652202213
4167,dc_1x,market_outcome_v2,challenger_20260307,0.6730498817614701,1.357494825309207,1.1880048652202213
4167,dc_x2,market_outcome_v2,challenger_20260307,0.592995175023852,1.357494825309207,1.1880048652202213
4167,dc_12,market_outcome_v2,challenger_20260307,0.7339549432146781,1.357494825309207,1.1880048652202213
4167,o15,market_outcome_v2,challenger_20260307,0.7219127368415854,1.357494825309207,1.1880048652202213
4167,u35,market_outcome_v2,challenger_20260307,0.747807399524606,1.357494825309207,1.1880048652202213
4167,ah_h05,market_outcome_v2,challenger_20260307,0.40700482497614804,1.357494825309207,1.1880048652202213
4167,ah_a05,market_outcome_v2,challenger_20260307,0.32695011823853004,1.357494825309207,1.1880048652202213
4167,ah_h15,market_outcome_v2,challenger_20260307,0.18823365971192074,1.357494825309207,1.1880048652202213
4167,ah_a15,market_outcome_v2,challenger_20260307,0.13549361773614366,1.357494825309207,1.1880048652202213
4167,eh_h1,market_outcome_v2,challenger_20260307,0.18823365971192074,1.357494825309207,1.1880048652202213
4167,eh_a1,market_outcome_v2,challenger_20260307,0.13549361773614366,1.357494825309207,1.1880048652202213
4167,mg_0,market_outcome_v2,challenger_20260307,0.07843387037974596,1.357494825309207,1.1880048652202213
4167,mg_1_2,market_outcome_v2,challenger_20260307,0.45376221754429436,1.357494825309207,1.1880048652202213
4167,mg_1_3,market_outcome_v2,challenger_20260307,0.6693735291448599,1.357494825309207,1.1880048652202213
4167,mg_1_4,market_outcome_v2,challenger_20260307,0.806583160883331,1.357494825309207,1.1880048652202213
4167,mg_1_5,market_outcome_v2,challenger_20260307,0.8764365759089179,1.357494825309207,1.1880048652202213
4167,mg_1_6,market_outcome_v2,challenger_20260307,0.9060718836305939,1.357494825309207,1.1880048652202213
4167,mg_2_3,market_outcome_v2,challenger_20260307,0.46972013636619137,1.357494825309207,1.1880048652202213
4167,mg_2_4,market_outcome_v2,challenger_20260307,0.6069297681046623,1.357494825309207,1.1880048652202213
4167,mg_2_5,market_outcome_v2,challenger_20260307,0.6767831831302493,1.357494825309207,1.1880048652202213
4167,mg_2_6,market_outcome_v2,challenger_20260307,0.7064184908519253,1.357494825309207,1.1880048652202213
4167,mg_3_4,market_outcome_v2,challenger_20260307,0.3528209433390367,1.357494825309207,1.1880048652202213
4167,mg_3_5,market_outcome_v2,challenger_20260307,0.42267435836462364,1.357494825309207,1.1880048652202213
4167,mg_3_6,market_outcome_v2,challenger_20260307,0.45230966608629947,1.357494825309207,1.1880048652202213
4167,mg_4_5,market_outcome_v2,challenger_20260307,0.207063046764058,1.357494825309207,1.1880048652202213
4167,mg_4_6,market_outcome_v2,challenger_20260307,0.23669835448573384,1.357494825309207,1.1880048652202213
4167,mg_5_6,market_outcome_v2,challenger_20260307,0.09948872274726284,1.357494825309207,1.1880048652202213
4167,mg_7p,market_outcome_v2,challenger_20260307,0.015494245989660187,1.357494825309207,1.1880048652202213
4167,hmg_0,market_outcome_v2,challenger_20260307,0.25730461698345675,1.357494825309207,1.1880048652202213
4167,hmg_1_2,market_outcome_v2,challenger_20260307,0.5863691567791275,1.357494825309207,1.1880048652202213
4167,hmg_1_3,market_outcome_v2,challenger_20260307,0.6936472083313787,1.357494825309207,1.1880048652202213
4167,hmg_2_3,market_outcome_v2,challenger_20260307,0.3443575222481686,1.357494825309207,1.1880048652202213
4167,hmg_4p,market_outcome_v2,challenger_20260307,0.049048174685164515,1.357494825309207,1.1880048652202213
4167,amg_0,market_outcome_v2,challenger_20260307,0.3048288495530137,1.357494825309207,1.1880048652202213
4167,amg_1_2,market_outcome_v2,challenger_20260307,0.5772491021285109,1.357494825309207,1.1880048652202213
4167,amg_1_3,market_outcome_v2,challenger_20260307,0.6624333855193709,1.357494825309207,1.1880048652202213
4167,amg_2_3,market_outcome_v2,challenger_20260307,0.30029522919090773,1.357494825309207,1.1880048652202213
4167,amg_4p,market_outcome_v2,challenger_20260307,0.03273776492761534,1.357494825309207,1.1880048652202213
4167,ms_h_1_0_2_0_3_0,market_outcome_v2,challenger_20260307,0.21144368051131385,1.357494825309207,1.1880048652202213
4167,ms_a_0_1_0_2_0_3,market_outcome_v2,challenger_20260307,0.17044716853811628,1.357494825309207,1.1880048652202213
4167,ms_h_4_0_5_0_6_0,market_outcome_v2,challenger_20260307,0.014792819910660624,1.357494825309207,1.1880048652202213
4167,ms_a_0_4_0_5_0_6,market_outcome_v2,challenger_20260307,0.008362744026687595,1.357494825309207,1.1880048652202213
4167,ms_h_2_1_3_1_4_1,market_outcome_v2,challenger_20260307,0.1378894888171444,1.357494825309207,1.1880048652202213
4167,ms_h_1_2_1_3_1_4,market_outcome_v2,challenger_20260307,0.11372699803293873,1.357494825309207,1.1880048652202213
4167,ms_h_3_2_4_2_5_1,market_outcome_v2,challenger_20260307,0.03448787816826687,1.357494825309207,1.1880048652202213
4167,ms_a_2_3_2_4_1_5,market_outcome_v2,challenger_20260307,0.0282931895665244,1.357494825309207,1.1880048652202213
4167,ms_draw,market_outcome_v2,challenger_20260307,0.266045056785322,1.357494825309207,1.1880048652202213
4167,ms_other_homewin,market_outcome_v2,challenger_20260307,0.00839095756876224,1.357494825309207,1.1880048652202213
4167,ms_other_awaywin,market_outcome_v2,challenger_20260307,0.006120018074263049,1.357494825309207,1.1880048652202213
4168,1x2_h,market_outcome_v2,challenger_20260307,0.4931611044547209,1.5922442740894471,1.0765310893764495
4168,1x2_d,market_outcome_v2,challenger_20260307,0.24993253249200248,1.5922442740894471,1.0765310893764495
4168,1x2_a,market_outcome_v2,challenger_20260307,0.2569063630532766,1.5922442740894471,1.0765310893764495
4168,dc_1x,market_outcome_v2,challenger_20260307,0.7430936369467234,1.5922442740894471,1.0765310893764495
4168,dc_x2,market_outcome_v2,challenger_20260307,0.5068388955452791,1.5922442740894471,1.0765310893764495
4168,dc_12,market_outcome_v2,challenger_20260307,0.7500674675079975,1.5922442740894471,1.0765310893764495
4168,o15,market_outcome_v2,challenger_20260307,0.7456175526095089,1.5922442740894471,1.0765310893764495
4168,u35,market_outcome_v2,challenger_20260307,0.7209645298248742,1.5922442740894471,1.0765310893764495
4168,ah_h05,market_outcome_v2,challenger_20260307,0.4931611044547209,1.5922442740894471,1.0765310893764495
4168,ah_a05,market_outcome_v2,challenger_20260307,0.2569063630532766,1.5922442740894471,1.0765310893764495
4168,ah_h15,market_outcome_v2,challenger_20260307,0.25689649243194795,1.5922442740894471,1.0765310893764495
4168,ah_a15,market_outcome_v2,challenger_20260307,0.09716567231822447,1.5922442740894471,1.0765310893764495
4168,eh_h1,market_outcome_v2,challenger_20260307,0.25689649243194795,1.5922442740894471,1.0765310893764495
4168,eh_a1,market_outcome_v2,challenger_20260307,0.09716567231822447,1.5922442740894471,1.0765310893764495
4168,mg_0,market_outcome_v2,challenger_20260307,0.06933715536897184,1.5922442740894471,1.0765310893764495
4168,mg_1_2,market_outcome_v2,challenger_20260307,0.4319674502577105,1.5922442740894471,1.0765310893764495
4168,mg_1_3,market_outcome_v2,challenger_20260307,0.6516273744559024,1.5922442740894471,1.0765310893764495
4168,mg_1_4,market_outcome_v2,challenger_20260307,0.7981831229661324,1.5922442740894471,1.0765310893764495
4168,mg_1_5,market_outcome_v2,challenger_20260307,0.8764079971658136,1.5922442740894471,1.0765310893764495
4168,mg_1_6,market_outcome_v2,challenger_20260307,0.9112021000115349,1.5922442740894471,1.0765310893764495
4168,mg_2_3,market_outcome_v2,challenger_20260307,0.46658208243438315,1.5922442740894471,1.0765310893764495
4168,mg_2_4,market_outcome_v2,challenger_20260307,0.6131378309446132,1.5922442740894471,1.0765310893764495
4168,mg_2_5,market_outcome_v2,challenger_20260307,0.6913627051442944,1.5922442740894471,1.0765310893764495
4168,mg_2_6,market_outcome_v2,challenger_20260307,0.7261568079900158,1.5922442740894471,1.0765310893764495
4168,mg_3_4,market_outcome_v2,challenger_20260307,0.36621567270842187,1.5922442740894471,1.0765310893764495
4168,mg_3_5,market_outcome_v2,challenger_20260307,0.44444054690810314,1.5922442740894471,1.0765310893764495
4168,mg_3_6,market_outcome_v2,challenger_20260307,0.47923464975382446,1.5922442740894471,1.0765310893764495
4168,mg_4_5,market_outcome_v2,challenger_20260307,0.2247806227099113,1.5922442740894471,1.0765310893764495
4168,mg_4_6,market_outcome_v2,challenger_20260307,0.25957472555563266,1.5922442740894471,1.0765310893764495
4168,mg_5_6,market_outcome_v2,challenger_20260307,0.11301897704540256,1.5922442740894471,1.0765310893764495
4168,mg_7p,market_outcome_v2,challenger_20260307,0.019460744619493143,1.5922442740894471,1.0765310893764495
4168,hmg_0,market_outcome_v2,challenger_20260307,0.20346865902416394,1.5922442740894471,1.0765310893764495
4168,hmg_1_2,market_outcome_v2,challenger_20260307,0.5818929348481541,1.5922442740894471,1.0765310893764495
4168,hmg_1_3,market_outcome_v2,challenger_20260307,0.7187840810229991,1.5922442740894471,1.0765310893764495
4168,hmg_2_3,market_outcome_v2,challenger_20260307,0.3948122737351159,1.5922442740894471,1.0765310893764495
4168,hmg_4p,market_outcome_v2,challenger_20260307,0.07774725995283696,1.5922442740894471,1.0765310893764495
4168,amg_0,market_outcome_v2,challenger_20260307,0.3407756049580951,1.5922442740894471,1.0765310893764495
4168,amg_1_2,market_outcome_v2,challenger_20260307,0.5643212266589437,1.5922442740894471,1.0765310893764495
4168,amg_1_3,market_outcome_v2,challenger_20260307,0.6351805460097547,1.5922442740894471,1.0765310893764495
4168,amg_2_3,market_outcome_v2,challenger_20260307,0.26832501277129794,1.5922442740894471,1.0765310893764495
4168,amg_4p,market_outcome_v2,challenger_20260307,0.02404384903215021,1.5922442740894471,1.0765310893764495
4168,ms_h_1_0_2_0_3_0,market_outcome_v2,challenger_20260307,0.24494408004486093,1.5922442740894471,1.0765310893764495
4168,ms_a_0_1_0_2_0_3,market_outcome_v2,challenger_20260307,0.12923933393484105,1.5922442740894471,1.0765310893764495
4168,ms_h_4_0_5_0_6_0,market_outcome_v2,challenger_20260307,0.026051809628171566,1.5922442740894471,1.0765310893764495
4168,ms_a_0_4_0_5_0_6,market_outcome_v2,challenger_20260307,0.004865603914763702,1.5922442740894471,1.0765310893764495
4168,ms_h_2_1_3_1_4_1,market_outcome_v2,challenger_20260307,0.16482940524845408,1.5922442740894471,1.0765310893764495
4168,ms_h_1_2_1_3_1_4,market_outcome_v2,challenger_20260307,0.09310806475762037,1.5922442740894471,1.0765310893764495
4168,ms_h_3_2_4_2_5_1,market_outcome_v2,challenger_20260307,0.04415731555092224,1.5922442740894471,1.0765310893764495
4168,ms_a_2_3_2_4_1_5,market_outcome_v2,challenger_20260307,0.024525049070493472,1.5922442740894471,1.0765310893764495
4168,ms_draw,market_outcome_v2,challenger_20260307,0.24993253249200248,1.5922442740894471,1.0765310893764495
4168,ms_other_homewin,market_outcome_v2,challenger_20260307,0.013178493982312071,1.5922442740894471,1.0765310893764495
4168,ms_other_awaywin,market_outcome_v2,challenger_20260307,0.005168311375557989,1.5922442740894471,1.0765310893764495
4169,1x2_h,market_outcome_v2,challenger_20260307,0.4238241012646209,1.5047348722178167,1.2858558001393037
4169,1x2_d,market_outcome_v2,challenger_20260307,0.25157641075079107,1.5047348722178167,1.2858558001393037
4169,1x2_a,market_outcome_v2,challenger_20260307,0.324599487984588,1.5047348722178167,1.2858558001393037
4169,dc_1x,market_outcome_v2,challenger_20260307,0.675400512015412,1.5047348722178167,1.2858558001393037
4169,dc_x2,market_outcome_v2,challenger_20260307,0.5761758987353791,1.5047348722178167,1.2858558001393037
4169,dc_12,market_outcome_v2,challenger_20260307,0.7484235892492088,1.5047348722178167,1.2858558001393037
4169,o15,market_outcome_v2,challenger_20260307,0.7673146397741696,1.5047348722178167,1.2858558001393037
4169,u35,market_outcome_v2,challenger_20260307,0.6940306200985622,1.5047348722178167,1.2858558001393037
4169,ah_h05,market_outcome_v2,challenger_20260307,0.4238241012646209,1.5047348722178167,1.2858558001393037
4169,ah_a05,market_outcome_v2,challenger_20260307,0.324599487984588,1.5047348722178167,1.2858558001393037
4169,ah_h15,market_outcome_v2,challenger_20260307,0.20815265241232453,1.5047348722178167,1.2858558001393037
4169,ah_a15,market_outcome_v2,challenger_20260307,0.14029965646514622,1.5047348722178167,1.2858558001393037
4169,eh_h1,market_outcome_v2,challenger_20260307,0.20815265241232453,1.5047348722178167,1.2858558001393037
4169,eh_a1,market_outcome_v2,challenger_20260307,0.14029965646514622,1.5047348722178167,1.2858558001393037
4169,mg_0,market_outcome_v2,challenger_20260307,0.06138498728514482,1.5047348722178167,1.2858558001393037
4169,mg_1_2,market_outcome_v2,challenger_20260307,0.41031498439047215,1.5047348722178167,1.2858558001393037
4169,mg_1_3,market_outcome_v2,challenger_20260307,0.6326456328134176,1.5047348722178167,1.2858558001393037
4169,mg_1_4,market_outcome_v2,challenger_20260307,0.7877540912304627,1.5047348722178167,1.2858558001393037
4169,mg_1_5,market_outcome_v2,challenger_20260307,0.8743229346829225,1.5047348722178167,1.2858558001393037
4169,mg_1_6,market_outcome_v2,challenger_20260307,0.9145859691921189,1.5047348722178167,1.2858558001393037
4169,mg_2_3,market_outcome_v2,challenger_20260307,0.4613452598727319,1.5047348722178167,1.2858558001393037
4169,mg_2_4,market_outcome_v2,challenger_20260307,0.6164537182897772,1.5047348722178167,1.2858558001393037
4169,mg_2_5,market_outcome_v2,challenger_20260307,0.7030225617422369,1.5047348722178167,1.2858558001393037
4169,mg_2_6,market_outcome_v2,challenger_20260307,0.7432855962514333,1.5047348722178167,1.2858558001393037
4169,mg_3_4,market_outcome_v2,challenger_20260307,0.37743910683999066,1.5047348722178167,1.2858558001393037
4169,mg_3_5,market_outcome_v2,challenger_20260307,0.4640079502924505,1.5047348722178167,1.2858558001393037
4169,mg_3_6,market_outcome_v2,challenger_20260307,0.5042709848016468,1.5047348722178167,1.2858558001393037
4169,mg_4_5,market_outcome_v2,challenger_20260307,0.24167730186950515,1.5047348722178167,1.2858558001393037
4169,mg_4_6,market_outcome_v2,challenger_20260307,0.2819403363787015,1.5047348722178167,1.2858558001393037
4169,mg_5_6,market_outcome_v2,challenger_20260307,0.12683187796165615,1.5047348722178167,1.2858558001393037
4169,mg_7p,market_outcome_v2,challenger_20260307,0.02402904352273624,1.5047348722178167,1.2858558001393037
4169,hmg_0,market_outcome_v2,challenger_20260307,0.2220762908985422,1.5047348722178167,1.2858558001393037
4169,hmg_1_2,market_outcome_v2,challenger_20260307,0.5855815101245406,1.5047348722178167,1.2858558001393037
4169,hmg_1_3,market_outcome_v2,challenger_20260307,0.7116861024501857,1.5047348722178167,1.2858558001393037
4169,hmg_2_3,market_outcome_v2,challenger_20260307,0.37752016324236104,1.5047348722178167,1.2858558001393037
4169,hmg_4p,market_outcome_v2,challenger_20260307,0.06623760665127224,1.5047348722178167,1.2858558001393037
4169,amg_0,market_outcome_v2,challenger_20260307,0.2764139613318252,1.5047348722178167,1.2858558001393037
4169,amg_1_2,market_outcome_v2,challenger_20260307,0.5839433916020252,1.5047348722178167,1.2858558001393037
4169,amg_1_3,market_outcome_v2,challenger_20260307,0.6818891264941743,1.5047348722178167,1.2858558001393037
4169,amg_2_3,market_outcome_v2,challenger_20260307,0.3264606310761657,1.5047348722178167,1.2858558001393037
4169,amg_4p,market_outcome_v2,challenger_20260307,0.041696912174000324,1.5047348722178167,1.2858558001393037
4169,ms_h_1_0_2_0_3_0,market_outcome_v2,challenger_20260307,0.19671997480306308,1.5047348722178167,1.2858558001393037
4169,ms_a_0_1_0_2_0_3,market_outcome_v2,challenger_20260307,0.1514314080158731,1.5047348722178167,1.2858558001393037
4169,ms_h_4_0_5_0_6_0,market_outcome_v2,challenger_20260307,0.018048546300342482,1.5047348722178167,1.2858558001393037
4169,ms_a_0_4_0_5_0_6,market_outcome_v2,challenger_20260307,0.009175891626003517,1.5047348722178167,1.2858558001393037
4169,ms_h_2_1_3_1_4_1,market_outcome_v2,challenger_20260307,0.15104241630238796,1.5047348722178167,1.2858558001393037
4169,ms_h_1_2_1_3_1_4,market_outcome_v2,challenger_20260307,0.11961357978801458,1.5047348722178167,1.2858558001393037
4169,ms_h_3_2_4_2_5_1,market_outcome_v2,challenger_20260307,0.04473144518419186,1.5047348722178167,1.2858558001393037
4169,ms_a_2_3_2_4_1_5,market_outcome_v2,challenger_20260307,0.035247000123970786,1.5047348722178167,1.2858558001393037
4169,ms_draw,market_outcome_v2,challenger_20260307,0.25157641075079107,1.5047348722178167,1.2858558001393037
4169,ms_other_homewin,market_outcome_v2,challenger_20260307,0.01328171867463552,1.5047348722178167,1.2858558001393037
4169,ms_other_awaywin,market_outcome_v2,challenger_20260307,0.009131608430726084,1.5047348722178167,1.2858558001393037
19353,1x2_h,market_outcome_v2,challenger_20260307,0.5713618222819801,1.954694637753382,1.1041945087084597
19353,1x2_d,market_outcome_v2,challenger_20260307,0.21796317305179205,1.954694637753382,1.1041945087084597
19353,1x2_a,market_outcome_v2,challenger_20260307,0.21067500466622785,1.954694637753382,1.1041945087084597
19353,dc_1x,market_outcome_v2,challenger_20260307,0.7893249953337721,1.954694637753382,1.1041945087084597
19353,dc_x2,market_outcome_v2,challenger_20260307,0.42863817771801993,1.954694637753382,1.1041945087084597
19353,dc_12,market_outcome_v2,challenger_20260307,0.7820368269482079,1.954694637753382,1.1041945087084597
19353,o15,market_outcome_v2,challenger_20260307,0.8094752297437231,1.954694637753382,1.1041945087084597
19353,u35,market_outcome_v2,challenger_20260307,0.634045057278484,1.954694637753382,1.1041945087084597
19353,ah_h05,market_outcome_v2,challenger_20260307,0.5713618222819801,1.954694637753382,1.1041945087084597
19353,ah_a05,market_outcome_v2,challenger_20260307,0.21067500466622785,1.954694637753382,1.1041945087084597
19353,ah_h15,market_outcome_v2,challenger_20260307,0.3378191491756338,1.954694637753382,1.1041945087084597
19353,ah_a15,market_outcome_v2,challenger_20260307,0.07874824116443023,1.954694637753382,1.1041945087084597
19353,eh_h1,market_outcome_v2,challenger_20260307,0.3378191491756338,1.954694637753382,1.1041945087084597
19353,eh_a1,market_outcome_v2,challenger_20260307,0.07874824116443023,1.954694637753382,1.1041945087084597
19353,mg_0,market_outcome_v2,challenger_20260307,0.04694012656698408,1.954694637753382,1.1041945087084597
19353,mg_1_2,market_outcome_v2,challenger_20260307,0.363189397779177,1.954694637753382,1.1041945087084597
19353,mg_1_3,market_outcome_v2,challenger_20260307,0.5871049307114998,1.954694637753382,1.1041945087084597
19353,mg_1_4,market_outcome_v2,challenger_20260307,0.7583381290642253,1.954694637753382,1.1041945087084597
19353,mg_1_5,market_outcome_v2,challenger_20260307,0.8630948034552451,1.954694637753382,1.1041945087084597
19353,mg_1_6,market_outcome_v2,challenger_20260307,0.9165013125075998,1.954694637753382,1.1041945087084597
19353,mg_2_3,market_outcome_v2,challenger_20260307,0.4435202870222071,1.954694637753382,1.1041945087084597
19353,mg_2_4,market_outcome_v2,challenger_20260307,0.6147534853749325,1.954694637753382,1.1041945087084597
19353,mg_2_5,market_outcome_v2,challenger_20260307,0.7195101597659525,1.954694637753382,1.1041945087084597
19353,mg_2_6,market_outcome_v2,challenger_20260307,0.772916668818307,1.954694637753382,1.1041945087084597
19353,mg_3_4,market_outcome_v2,challenger_20260307,0.3951487312850483,1.954694637753382,1.1041945087084597
19353,mg_3_5,market_outcome_v2,challenger_20260307,0.49990540567606817,1.954694637753382,1.1041945087084597
19353,mg_3_6,market_outcome_v2,challenger_20260307,0.5533119147284227,1.954694637753382,1.1041945087084597
19353,mg_4_5,market_outcome_v2,challenger_20260307,0.2759898727437453,1.954694637753382,1.1041945087084597
19353,mg_4_6,market_outcome_v2,challenger_20260307,0.3293963817960999,1.954694637753382,1.1041945087084597
19353,mg_5_6,market_outcome_v2,challenger_20260307,0.15816318344337452,1.954694637753382,1.1041945087084597
19353,mg_7p,market_outcome_v2,challenger_20260307,0.0365585609254161,1.954694637753382,1.1041945087084597
19353,hmg_0,market_outcome_v2,challenger_20260307,0.14160866434937636,1.954694637753382,1.1041945087084597
19353,hmg_1_2,market_outcome_v2,challenger_20260307,0.5473330931528574,1.954694637753382,1.1041945087084597
19353,hmg_1_3,market_outcome_v2,challenger_20260307,0.7236018497100031,1.954694637753382,1.1041945087084597
19353,hmg_2_3,market_outcome_v2,challenger_20260307,0.4468001528468586,1.954694637753382,1.1041945087084597
19353,hmg_4p,market_outcome_v2,challenger_20260307,0.13478948594062054,1.954694637753382,1.1041945087084597
19353,amg_0,market_outcome_v2,challenger_20260307,0.3314777862121034,1.954694637753382,1.1041945087084597
19353,amg_1_2,market_outcome_v2,challenger_20260307,0.5680923530536436,1.954694637753382,1.1041945087084597
19353,amg_1_3,market_outcome_v2,challenger_20260307,0.642469570774409,1.954694637753382,1.1041945087084597
19353,amg_2_3,market_outcome_v2,challenger_20260307,0.2764536194801675,1.954694637753382,1.1041945087084597
19353,amg_4p,market_outcome_v2,challenger_20260307,0.02605264301348769,1.954694637753382,1.1041945087084597
19353,ms_h_1_0_2_0_3_0,market_outcome_v2,challenger_20260307,0.23985793924085497,1.954694637753382,1.1041945087084597
19353,ms_a_0_1_0_2_0_3,market_outcome_v2,challenger_20260307,0.09097925780248119,1.954694637753382,1.1041945087084597
19353,ms_h_4_0_5_0_6_0,market_outcome_v2,challenger_20260307,0.04335171500281834,1.954694637753382,1.1041945087084597
19353,ms_a_0_4_0_5_0_6,market_outcome_v2,challenger_20260307,0.0036677173545626492,1.954694637753382,1.1041945087084597
19353,ms_h_2_1_3_1_4_1,market_outcome_v2,challenger_20260307,0.19506382777559902,1.954694637753382,1.1041945087084597
19353,ms_h_1_2_1_3_1_4,market_outcome_v2,challenger_20260307,0.082206048359918,1.954694637753382,1.1041945087084597
19353,ms_h_3_2_4_2_5_1,market_outcome_v2,challenger_20260307,0.0653516544449001,1.954694637753382,1.1041945087084597
19353,ms_a_2_3_2_4_1_5,market_outcome_v2,challenger_20260307,0.02693092532025003,1.954694637753382,1.1041945087084597
19353,ms_draw,market_outcome_v2,challenger_20260307,0.21796317305179205,1.954694637753382,1.1041945087084597
19353,ms_other_homewin,market_outcome_v2,challenger_20260307,0.027736685817807697,1.954694637753382,1.1041945087084597
19353,ms_other_awaywin,market_outcome_v2,challenger_20260307,0.006891055829015991,1.954694637753382,1.1041945087084597
1675,1x2_h,market_outcome_v2,challenger_20260307,0.45349290705942163,1.469167155660973,1.1119706685639532
1675,1x2_d,market_outcome_v2,challenger_20260307,0.26000419956610765,1.469167155660973,1.1119706685639532
1675,1x2_a,market_outcome_v2,challenger_20260307,0.2865028933744707,1.469167155660973,1.1119706685639532
1675,dc_1x,market_outcome_v2,challenger_20260307,0.7134971066255293,1.469167155660973,1.1119706685639532
1675,dc_x2,market_outcome_v2,challenger_20260307,0.5465070929405784,1.469167155660973,1.1119706685639532
1675,dc_12,market_outcome_v2,challenger_20260307,0.7399958004338923,1.469167155660973,1.1119706685639532
1675,o15,market_outcome_v2,challenger_20260307,0.7289512989659931,1.469167155660973,1.1119706685639532
1675,u35,market_outcome_v2,challenger_20260307,0.7400998258657515,1.469167155660973,1.1119706685639532
1675,ah_h05,market_outcome_v2,challenger_20260307,0.45349290705942163,1.469167155660973,1.1119706685639532
1675,ah_a05,market_outcome_v2,challenger_20260307,0.2865028933744707,1.469167155660973,1.1119706685639532
1675,ah_h15,market_outcome_v2,challenger_20260307,0.22307550669843754,1.469167155660973,1.1119706685639532
1675,ah_a15,market_outcome_v2,challenger_20260307,0.1121065425297636,1.469167155660973,1.1119706685639532
1675,eh_h1,market_outcome_v2,challenger_20260307,0.22307550669843754,1.469167155660973,1.1119706685639532
1675,eh_a1,market_outcome_v2,challenger_20260307,0.1121065425297636,1.469167155660973,1.1119706685639532
1675,mg_0,market_outcome_v2,challenger_20260307,0.0756878719384866,1.469167155660973,1.1119706685639532
1675,mg_1_2,market_outcome_v2,challenger_20260307,0.4474874417707144,1.469167155660973,1.1119706685639532
1675,mg_1_3,market_outcome_v2,challenger_20260307,0.6644119539272649,1.469167155660973,1.1119706685639532
1675,mg_1_4,market_outcome_v2,challenger_20260307,0.8043899697594681,1.469167155660973,1.1119706685639532
1675,mg_1_5,market_outcome_v2,challenger_20260307,0.8766504800043589,1.469167155660973,1.1119706685639532
1675,mg_1_6,market_outcome_v2,challenger_20260307,0.907736202702839,1.469167155660973,1.1119706685639532
1675,mg_2_3,market_outcome_v2,challenger_20260307,0.4690511248317448,1.469167155660973,1.1119706685639532
1675,mg_2_4,market_outcome_v2,challenger_20260307,0.6090291406639479,1.469167155660973,1.1119706685639532
1675,mg_2_5,market_outcome_v2,challenger_20260307,0.6812896509088388,1.469167155660973,1.1119706685639532
1675,mg_2_6,market_outcome_v2,challenger_20260307,0.7123753736073191,1.469167155660973,1.1119706685639532
1675,mg_3_4,market_outcome_v2,challenger_20260307,0.3569025279887536,1.469167155660973,1.1119706685639532
1675,mg_3_5,market_outcome_v2,challenger_20260307,0.4291630382336446,1.469167155660973,1.1119706685639532
1675,mg_3_6,market_outcome_v2,challenger_20260307,0.4602487609321247,1.469167155660973,1.1119706685639532
1675,mg_4_5,market_outcome_v2,challenger_20260307,0.21223852607709404,1.469167155660973,1.1119706685639532
1675,mg_4_6,market_outcome_v2,challenger_20260307,0.2433242487755742,1.469167155660973,1.1119706685639532
1675,mg_5_6,market_outcome_v2,challenger_20260307,0.10334623294337113,1.469167155660973,1.1119706685639532
1675,mg_7p,market_outcome_v2,challenger_20260307,0.016575925358674203,1.469167155660973,1.1119706685639532
1675,hmg_0,market_outcome_v2,challenger_20260307,0.23011716099026108,1.469167155660973,1.1119706685639532
1675,hmg_1_2,market_outcome_v2,challenger_20260307,0.5864290131717953,1.469167155660973,1.1119706685639532
1675,hmg_1_3,market_outcome_v2,challenger_20260307,0.7080508027373843,1.469167155660973,1.1119706685639532
1675,hmg_2_3,market_outcome_v2,challenger_20260307,0.36997022785654426,1.469167155660973,1.1119706685639532
1675,hmg_4p,market_outcome_v2,challenger_20260307,0.06183203627235451,1.469167155660973,1.1119706685639532
1675,amg_0,market_outcome_v2,challenger_20260307,0.32891015868951134,1.469167155660973,1.1119706685639532
1675,amg_1_2,market_outcome_v2,challenger_20260307,0.569083662913319,1.469167155660973,1.1119706685639532
1675,amg_1_3,market_outcome_v2,challenger_20260307,0.644454967380923,1.469167155660973,1.1119706685639532
1675,amg_2_3,market_outcome_v2,challenger_20260307,0.27871651832547123,1.469167155660973,1.1119706685639532
1675,amg_4p,market_outcome_v2,challenger_20260307,0.026634873929565563,1.469167155660973,1.1119706685639532
1675,ms_h_1_0_2_0_3_0,market_outcome_v2,challenger_20260307,0.23288510188858896,1.469167155660973,1.1119706685639532
1675,ms_a_0_1_0_2_0_3,market_outcome_v2,challenger_20260307,0.14830014747976933,1.469167155660973,1.1119706685639532
1675,ms_h_4_0_5_0_6_0,market_outcome_v2,challenger_20260307,0.020066943532579224,1.469167155660973,1.1119706685639532
1675,ms_a_0_4_0_5_0_6,market_outcome_v2,challenger_20260307,0.006092583156199094,1.469167155660973,1.1119706685639532
1675,ms_h_2_1_3_1_4_1,market_outcome_v2,challenger_20260307,0.15165012425896437,1.469167155660973,1.1119706685639532
1675,ms_h_1_2_1_3_1_4,market_outcome_v2,challenger_20260307,0.10131233144788394,1.469167155660973,1.1119706685639532
1675,ms_h_3_2_4_2_5_1,market_outcome_v2,challenger_20260307,0.03861536672406113,1.469167155660973,1.1119706685639532
1675,ms_a_2_3_2_4_1_5,market_outcome_v2,challenger_20260307,0.02549727987531456,1.469167155660973,1.1119706685639532
1675,ms_draw,market_outcome_v2,challenger_20260307,0.26000419956610765,1.469167155660973,1.1119706685639532
1675,ms_other_homewin,market_outcome_v2,challenger_20260307,0.010275370655227857,1.469167155660973,1.1119706685639532
1675,ms_other_awaywin,market_outcome_v2,challenger_20260307,0.005300551415303826,1.469167155660973,1.1119706685639532
5145,1x2_h,market_outcome_v2,challenger_20260307,0.38310205780899337,1.3988642197454446,1.35173769407387
5145,1x2_d,market_outcome_v2,challenger_20260307,0.25533654300678926,1.3988642197454446,1.35173769407387
5145,1x2_a,market_outcome_v2,challenger_20260307,0.36156139918421726,1.3988642197454446,1.35173769407387
5145,dc_1x,market_outcome_v2,challenger_20260307,0.6384386008157826,1.3988642197454446,1.35173769407387
5145,dc_x2,market_outcome_v2,challenger_20260307,0.6168979421910066,1.3988642197454446,1.35173769407387
5145,dc_12,market_outcome_v2,challenger_20260307,0.7446634569932107,1.3988642197454446,1.35173769407387
5145,o15,market_outcome_v2,challenger_20260307,0.7603762022479847,1.3988642197454446,1.35173769407387
5145,u35,market_outcome_v2,challenger_20260307,0.702906955249561,1.3988642197454446,1.35173769407387
5145,ah_h05,market_outcome_v2,challenger_20260307,0.38310205780899337,1.3988642197454446,1.35173769407387
5145,ah_a05,market_outcome_v2,challenger_20260307,0.36156139918421726,1.3988642197454446,1.35173769407387
5145,ah_h15,market_outcome_v2,challenger_20260307,0.17798392499928592,1.3988642197454446,1.35173769407387
5145,ah_a15,market_outcome_v2,challenger_20260307,0.163353518860145,1.3988642197454446,1.35173769407387
5145,eh_h1,market_outcome_v2,challenger_20260307,0.17798392499928592,1.3988642197454446,1.35173769407387
5145,eh_a1,market_outcome_v2,challenger_20260307,0.163353518860145,1.3988642197454446,1.35173769407387
5145,mg_0,market_outcome_v2,challenger_20260307,0.06388942448653563,1.3988642197454446,1.35173769407387
5145,mg_1_2,market_outcome_v2,challenger_20260307,0.41742202497941233,1.3988642197454446,1.35173769407387
5145,mg_1_3,market_outcome_v2,challenger_20260307,0.6390175307630255,1.3988642197454446,1.35173769407387
5145,mg_1_4,market_outcome_v2,challenger_20260307,0.7913977863385668,1.3988642197454446,1.35173769407387
5145,mg_1_5,market_outcome_v2,challenger_20260307,0.8752252708614388,1.3988642197454446,1.35173769407387
5145,mg_1_6,market_outcome_v2,challenger_20260307,0.9136546107546506,1.3988642197454446,1.35173769407387
5145,mg_2_3,market_outcome_v2,challenger_20260307,0.46328315749754606,1.3988642197454446,1.35173769407387
5145,mg_2_4,market_outcome_v2,challenger_20260307,0.6156634130730874,1.3988642197454446,1.35173769407387
5145,mg_2_5,market_outcome_v2,challenger_20260307,0.6994908975959595,1.3988642197454446,1.35173769407387
5145,mg_2_6,market_outcome_v2,challenger_20260307,0.7379202374891712,1.3988642197454446,1.35173769407387
5145,mg_3_4,market_outcome_v2,challenger_20260307,0.3739757613591546,1.3988642197454446,1.35173769407387
5145,mg_3_5,market_outcome_v2,challenger_20260307,0.45780324588202664,1.3988642197454446,1.35173769407387
5145,mg_3_6,market_outcome_v2,challenger_20260307,0.49623258577523854,1.3988642197454446,1.35173769407387
5145,mg_4_5,market_outcome_v2,challenger_20260307,0.23620774009841344,1.3988642197454446,1.35173769407387
5145,mg_4_6,market_outcome_v2,challenger_20260307,0.2746370799916253,1.3988642197454446,1.35173769407387
5145,mg_5_6,market_outcome_v2,challenger_20260307,0.12225682441608386,1.3988642197454446,1.35173769407387
5145,mg_7p,market_outcome_v2,challenger_20260307,0.022455964758813538,1.3988642197454446,1.35173769407387
5145,hmg_0,market_outcome_v2,challenger_20260307,0.2468772722988272,1.3988642197454446,1.35173769407387
5145,hmg_1_2,market_outcome_v2,challenger_20260307,0.5868951113118314,1.3988642197454446,1.35173769407387
5145,hmg_1_3,market_outcome_v2,challenger_20260307,0.6995257496812792,1.3988642197454446,1.35173769407387
5145,hmg_2_3,market_outcome_v2,challenger_20260307,0.35417796679409674,1.3988642197454446,1.35173769407387
5145,hmg_4p,market_outcome_v2,challenger_20260307,0.05359697801989346,1.3988642197454446,1.35173769407387
5145,amg_0,market_outcome_v2,challenger_20260307,0.2587902235455764,1.3988642197454446,1.35173769407387
5145,amg_1_2,market_outcome_v2,challenger_20260307,0.586246574570318,1.3988642197454446,1.35173769407387
5145,amg_1_3,market_outcome_v2,challenger_20260307,0.6927770558291407,1.3988642197454446,1.35173769407387
5145,amg_2_3,market_outcome_v2,challenger_20260307,0.3429605558047821,1.3988642197454446,1.35173769407387
5145,amg_4p,market_outcome_v2,challenger_20260307,0.04843272062528277,1.3988642197454446,1.35173769407387
5145,ms_h_1_0_2_0_3_0,market_outcome_v2,challenger_20260307,0.18103042513590517,1.3988642197454446,1.35173769407387
5145,ms_a_0_1_0_2_0_3,market_outcome_v2,challenger_20260307,0.1710309098543106,1.3988642197454446,1.35173769407387
5145,ms_h_4_0_5_0_6_0,market_outcome_v2,challenger_20260307,0.013710154074307576,1.3988642197454446,1.35173769407387
5145,ms_a_0_4_0_5_0_6,market_outcome_v2,challenger_20260307,0.011831733217984104,1.3988642197454446,1.35173769407387
5145,ms_h_2_1_3_1_4_1,market_outcome_v2,challenger_20260307,0.13767612877679689,1.3988642197454446,1.35173769407387
5145,ms_h_1_2_1_3_1_4,market_outcome_v2,challenger_20260307,0.13087329714515766,1.3988642197454446,1.35173769407387
5145,ms_h_3_2_4_2_5_1,market_outcome_v2,challenger_20260307,0.03979689658319107,1.3988642197454446,1.35173769407387
5145,ms_a_2_3_2_4_1_5,market_outcome_v2,challenger_20260307,0.03778906429042858,1.3988642197454446,1.35173769407387
5145,ms_draw,market_outcome_v2,challenger_20260307,0.25533654300678926,1.3988642197454446,1.35173769407387
5145,ms_other_homewin,market_outcome_v2,challenger_20260307,0.010888453238792702,1.3988642197454446,1.35173769407387
5145,ms_other_awaywin,market_outcome_v2,challenger_20260307,0.010036394676336305,1.3988642197454446,1.35173769407387
5543,1x2_h,market_outcome_v2,challenger_20260307,0.5272620236950583,1.6801903107003473,1.0243906763391597
5543,1x2_d,market_outcome_v2,challenger_20260307,0.24215574469442053,1.6801903107003473,1.0243906763391597
5543,1x2_a,market_outcome_v2,challenger_20260307,0.23058223161052135,1.6801903107003473,1.0243906763391597
5543,dc_1x,market_outcome_v2,challenger_20260307,0.7694177683894787,1.6801903107003473,1.0243906763391597
5543,dc_x2,market_outcome_v2,challenger_20260307,0.47273797630494185,1.6801903107003473,1.0243906763391597
5543,dc_12,market_outcome_v2,challenger_20260307,0.7578442553055796,1.6801903107003473,1.0243906763391597
5543,o15,market_outcome_v2,challenger_20260307,0.7521692396359343,1.6801903107003473,1.0243906763391597
5543,u35,market_outcome_v2,challenger_20260307,0.7130831333686799,1.6801903107003473,1.0243906763391597
5543,ah_h05,market_outcome_v2,challenger_20260307,0.5272620236950583,1.6801903107003473,1.0243906763391597
5543,ah_a05,market_outcome_v2,challenger_20260307,0.23058223161052135,1.6801903107003473,1.0243906763391597
5543,ah_h15,market_outcome_v2,challenger_20260307,0.28603657317500975,1.6801903107003473,1.0243906763391597
5543,ah_a15,market_outcome_v2,challenger_20260307,0.0835101405296905,1.6801903107003473,1.0243906763391597
5543,eh_h1,market_outcome_v2,challenger_20260307,0.28603657317500975,1.6801903107003473,1.0243906763391597
5543,eh_a1,market_outcome_v2,challenger_20260307,0.0835101405296905,1.6801903107003473,1.0243906763391597
5543,mg_0,market_outcome_v2,challenger_20260307,0.06689845929434471,1.6801903107003473,1.0243906763391597
5543,mg_1_2,market_outcome_v2,challenger_20260307,0.4256053317769589,1.6801903107003473,1.0243906763391597
5543,mg_1_3,market_outcome_v2,challenger_20260307,0.6461846740743351,1.6801903107003473,1.0243906763391597
5543,mg_1_4,market_outcome_v2,challenger_20260307,0.795328347902126,1.6801903107003473,1.0243906763391597
5543,mg_1_5,market_outcome_v2,challenger_20260307,0.8760025768164991,1.6801903107003473,1.0243906763391597
5543,mg_1_6,market_outcome_v2,challenger_20260307,0.9123675744274801,1.6801903107003473,1.0243906763391597
5543,mg_2_3,market_outcome_v2,challenger_20260307,0.4652523730046141,1.6801903107003473,1.0243906763391597
5543,mg_2_4,market_outcome_v2,challenger_20260307,0.614396046832405,1.6801903107003473,1.0243906763391597
5543,mg_2_5,market_outcome_v2,challenger_20260307,0.6950702757467778,1.6801903107003473,1.0243906763391597
5543,mg_2_6,market_outcome_v2,challenger_20260307,0.7314352733577588,1.6801903107003473,1.0243906763391597
5543,mg_3_4,market_outcome_v2,challenger_20260307,0.36972301612516706,1.6801903107003473,1.0243906763391597
5543,mg_3_5,market_outcome_v2,challenger_20260307,0.45039724503953993,1.6801903107003473,1.0243906763391597
5543,mg_3_6,market_outcome_v2,challenger_20260307,0.4867622426505209,1.6801903107003473,1.0243906763391597
5543,mg_4_5,market_outcome_v2,challenger_20260307,0.22981790274216377,1.6801903107003473,1.0243906763391597
5543,mg_4_6,market_outcome_v2,challenger_20260307,0.26618290035314474,1.6801903107003473,1.0243906763391597
5543,mg_5_6,market_outcome_v2,challenger_20260307,0.11703922652535391,1.6801903107003473,1.0243906763391597
5543,mg_7p,market_outcome_v2,challenger_20260307,0.020733966278175465,1.6801903107003473,1.0243906763391597
5543,hmg_0,market_outcome_v2,challenger_20260307,0.18633881458248014,1.6801903107003473,1.0243906763391597
5543,hmg_1_2,market_outcome_v2,challenger_20260307,0.5761055858962052,1.6801903107003473,1.0243906763391597
5543,hmg_1_3,market_outcome_v2,challenger_20260307,0.723413983599033,1.6801903107003473,1.0243906763391597
5543,hmg_2_3,market_outcome_v2,challenger_20260307,0.4103293128301612,1.6801903107003473,1.0243906763391597
5543,hmg_4p,market_outcome_v2,challenger_20260307,0.09024720181848697,1.6801903107003473,1.0243906763391597
5543,amg_0,market_outcome_v2,challenger_20260307,0.359015159800392,1.6801903107003473,1.0243906763391597
5543,amg_1_2,market_outcome_v2,challenger_20260307,0.5561427748010598,1.6801903107003473,1.0243906763391597
5543,amg_1_3,market_outcome_v2,challenger_20260307,0.6204646042495082,1.6801903107003473,1.0243906763391597
5543,amg_2_3,market_outcome_v2,challenger_20260307,0.2526928218855731,1.6801903107003473,1.0243906763391597
5543,amg_4p,market_outcome_v2,challenger_20260307,0.020520235950099913,1.6801903107003473,1.0243906763391597
5543,ms_h_1_0_2_0_3_0,market_outcome_v2,challenger_20260307,0.25971658692364497,1.6801903107003473,1.0243906763391597
5543,ms_a_0_1_0_2_0_3,market_outcome_v2,challenger_20260307,0.11561663884624102,1.6801903107003473,1.0243906763391597
5543,ms_h_4_0_5_0_6_0,market_outcome_v2,challenger_20260307,0.031769994717591316,1.6801903107003473,1.0243906763391597
5543,ms_a_0_4_0_5_0_6,market_outcome_v2,challenger_20260307,0.003805739527301788,1.6801903107003473,1.0243906763391597
5543,ms_h_2_1_3_1_4_1,market_outcome_v2,challenger_20260307,0.17366398652949633,1.6801903107003473,1.0243906763391597
5543,ms_h_1_2_1_3_1_4,market_outcome_v2,challenger_20260307,0.08427158959500061,1.6801903107003473,1.0243906763391597
5543,ms_h_3_2_4_2_5_1,market_outcome_v2,challenger_20260307,0.04705140476775719,1.6801903107003473,1.0243906763391597
5543,ms_a_2_3_2_4_1_5,market_outcome_v2,challenger_20260307,0.02230726967333091,1.6801903107003473,1.0243906763391597
5543,ms_draw,market_outcome_v2,challenger_20260307,0.24215574469442053,1.6801903107003473,1.0243906763391597
5543,ms_other_homewin,market_outcome_v2,challenger_20260307,0.015060050756568438,1.6801903107003473,1.0243906763391597
5543,ms_other_awaywin,market_outcome_v2,challenger_20260307,0.004580993968646977,1.6801903107003473,1.0243906763391597
20148,1x2_h,market_outcome_v2,challenger_20260307,0.5274275084710075,1.5850336510610097,0.927859492657816
20148,1x2_d,market_outcome_v2,challenger_20260307,0.2518846679081943,1.5850336510610097,0.927859492657816
20148,1x2_a,market_outcome_v2,challenger_20260307,0.22068782362079817,1.5850336510610097,0.927859492657816
20148,dc_1x,market_outcome_v2,challenger_20260307,0.7793121763792018,1.5850336510610097,0.927859492657816
20148,dc_x2,market_outcome_v2,challenger_20260307,0.4725724915289925,1.5850336510610097,0.927859492657816
20148,dc_12,market_outcome_v2,challenger_20260307,0.7481153320918057,1.5850336510610097,0.927859492657816
20148,o15,market_outcome_v2,challenger_20260307,0.7153378517665848,1.5850336510610097,0.927859492657816
20148,u35,market_outcome_v2,challenger_20260307,0.7548172466729276,1.5850336510610097,0.927859492657816
20148,ah_h05,market_outcome_v2,challenger_20260307,0.5274275084710075,1.5850336510610097,0.927859492657816
20148,ah_a05,market_outcome_v2,challenger_20260307,0.22068782362079817,1.5850336510610097,0.927859492657816
20148,ah_h15,market_outcome_v2,challenger_20260307,0.2783311848096443,1.5850336510610097,0.927859492657816
20148,ah_a15,market_outcome_v2,challenger_20260307,0.07486985417854357,1.5850336510610097,0.927859492657816
20148,eh_h1,market_outcome_v2,challenger_20260307,0.2783311848096443,1.5850336510610097,0.927859492657816
20148,eh_a1,market_outcome_v2,challenger_20260307,0.07486985417854357,1.5850336510610097,0.927859492657816
20148,mg_0,market_outcome_v2,challenger_20260307,0.08103353463580323,1.5850336510610097,0.927859492657816
20148,mg_1_2,market_outcome_v2,challenger_20260307,0.4594770870848165,1.5850336510610097,0.927859492657816
20148,mg_1_3,market_outcome_v2,challenger_20260307,0.6737837120371244,1.5850336510610097,0.927859492657816
20148,mg_1_4,market_outcome_v2,challenger_20260307,0.8084161241611685,1.5850336510610097,0.927859492657816
20148,mg_1_5,market_outcome_v2,challenger_20260307,0.876079497230936,1.5850336510610097,0.927859492657816
20148,mg_1_6,market_outcome_v2,challenger_20260307,0.9044179682755875,1.5850336510610097,0.927859492657816
20148,mg_2_3,market_outcome_v2,challenger_20260307,0.47015509843951253,1.5850336510610097,0.927859492657816
20148,mg_2_4,market_outcome_v2,challenger_20260307,0.6047875105635565,1.5850336510610097,0.927859492657816
20148,mg_2_5,market_outcome_v2,challenger_20260307,0.6724508836333242,1.5850336510610097,0.927859492657816
20148,mg_2_6,market_outcome_v2,challenger_20260307,0.7007893546779755,1.5850336510610097,0.927859492657816
20148,mg_3_4,market_outcome_v2,challenger_20260307,0.3489390370763521,1.5850336510610097,0.927859492657816
20148,mg_3_5,market_outcome_v2,challenger_20260307,0.41660241014611976,1.5850336510610097,0.927859492657816
20148,mg_3_6,market_outcome_v2,challenger_20260307,0.444940881190771,1.5850336510610097,0.927859492657816
20148,mg_4_5,market_outcome_v2,challenger_20260307,0.2022957851938117,1.5850336510610097,0.927859492657816
20148,mg_4_6,market_outcome_v2,challenger_20260307,0.23063425623846304,1.5850336510610097,0.927859492657816
20148,mg_5_6,market_outcome_v2,challenger_20260307,0.09600184411441887,1.5850336510610097,0.927859492657816
20148,mg_7p,market_outcome_v2,challenger_20260307,0.014548497088609382,1.5850336510610097,0.927859492657816
20148,hmg_0,market_outcome_v2,challenger_20260307,0.20494108852566587,1.5850336510610097,0.927859492657816
20148,hmg_1_2,market_outcome_v2,challenger_20260307,0.5822785159038277,1.5850336510610097,0.927859492657816
20148,hmg_1_3,market_outcome_v2,challenger_20260307,0.7182955338325883,1.5850336510610097,0.927859492657816
20148,hmg_2_3,market_outcome_v2,challenger_20260307,0.39345701203433453,1.5850336510610097,0.927859492657816
20148,hmg_4p,market_outcome_v2,challenger_20260307,0.07676337764174579,1.5850336510610097,0.927859492657816
20148,amg_0,market_outcome_v2,challenger_20260307,0.39539916187014384,1.5850336510610097,0.927859492657816
20148,amg_1_2,market_outcome_v2,challenger_20260307,0.5370790291228013,1.5850336510610097,0.927859492657816
20148,amg_1_3,market_outcome_v2,challenger_20260307,0.5897208786873835,1.5850336510610097,0.927859492657816
20148,amg_2_3,market_outcome_v2,challenger_20260307,0.22284601295722628,1.5850336510610097,0.927859492657816
20148,amg_4p,market_outcome_v2,challenger_20260307,0.014879959442472675,1.5850336510610097,0.927859492657816
20148,ms_h_1_0_2_0_3_0,market_outcome_v2,challenger_20260307,0.28401345205247297,1.5850336510610097,0.927859492657816
20148,ms_a_0_1_0_2_0_3,market_outcome_v2,challenger_20260307,0.12085803880450453,1.5850336510610097,0.927859492657816
20148,ms_h_4_0_5_0_6_0,market_outcome_v2,challenger_20260307,0.029851658675586236,1.5850336510610097,0.927859492657816
20148,ms_a_0_4_0_5_0_6,market_outcome_v2,challenger_20260307,0.0030387672103012043,1.5850336510610097,0.927859492657816
20148,ms_h_2_1_3_1_4_1,market_outcome_v2,challenger_20260307,0.1641232687493698,1.5850336510610097,0.927859492657816
20148,ms_h_1_2_1_3_1_4,market_outcome_v2,challenger_20260307,0.0763555921038085,1.5850336510610097,0.927859492657816
20148,ms_h_3_2_4_2_5_1,market_outcome_v2,challenger_20260307,0.03859272905027025,1.5850336510610097,0.927859492657816
20148,ms_a_2_3_2_4_1_5,market_outcome_v2,challenger_20260307,0.01743182634398152,1.5850336510610097,0.927859492657816
20148,ms_draw,market_outcome_v2,challenger_20260307,0.2518846679081943,1.5850336510610097,0.927859492657816
20148,ms_other_homewin,market_outcome_v2,challenger_20260307,0.010846399943308315,1.5850336510610097,0.927859492657816
20148,ms_other_awaywin,market_outcome_v2,challenger_20260307,0.0030035991582024204,1.5850336510610097,0.927859492657816
22450,1x2_h,market_outcome_v2,challenger_20260307,0.3892863341403449,1.4030887052367238,1.327007635021566
22450,1x2_d,market_outcome_v2,challenger_20260307,0.2563123582142116,1.4030887052367238,1.327007635021566
22450,1x2_a,market_outcome_v2,challenger_20260307,0.3544013076454436,1.4030887052367238,1.327007635021566
22450,dc_1x,market_outcome_v2,challenger_20260307,0.6455986923545565,1.4030887052367238,1.327007635021566
22450,dc_x2,market_outcome_v2,challenger_20260307,0.6107136658596553,1.4030887052367238,1.327007635021566
22450,dc_12,market_outcome_v2,challenger_20260307,0.7436876417857885,1.4030887052367238,1.327007635021566
22450,o15,market_outcome_v2,challenger_20260307,0.7567490911803796,1.4030887052367238,1.327007635021566
22450,u35,market_outcome_v2,challenger_20260307,0.7074465325120658,1.4030887052367238,1.327007635021566
22450,ah_h05,market_outcome_v2,challenger_20260307,0.3892863341403449,1.4030887052367238,1.327007635021566
22450,ah_a05,market_outcome_v2,challenger_20260307,0.3544013076454436,1.4030887052367238,1.327007635021566
22450,ah_h15,market_outcome_v2,challenger_20260307,0.18166304944168943,1.4030887052367238,1.327007635021566
22450,ah_a15,market_outcome_v2,challenger_20260307,0.1580361861994064,1.4030887052367238,1.327007635021566
22450,eh_h1,market_outcome_v2,challenger_20260307,0.18166304944168943,1.4030887052367238,1.327007635021566
22450,eh_a1,market_outcome_v2,challenger_20260307,0.1580361861994064,1.4030887052367238,1.327007635021566
22450,mg_0,market_outcome_v2,challenger_20260307,0.0652130365090722,1.4030887052367238,1.327007635021566
22450,mg_1_2,market_outcome_v2,challenger_20260307,0.42106814412174853,1.4030887052367238,1.327007635021566
22450,mg_1_3,market_outcome_v2,challenger_20260307,0.6422334960029936,1.4030887052367238,1.327007635021566
22450,mg_1_4,market_outcome_v2,challenger_20260307,0.7931841754437247,1.4030887052367238,1.327007635021566
22450,mg_1_5,market_outcome_v2,challenger_20260307,0.8756061549438531,1.4030887052367238,1.327007635021566
22450,mg_1_6,market_outcome_v2,challenger_20260307,0.9131094790422104,1.4030887052367238,1.327007635021566
22450,mg_2_3,market_outcome_v2,challenger_20260307,0.4641956236924454,1.4030887052367238,1.327007635021566
22450,mg_2_4,market_outcome_v2,challenger_20260307,0.6151463031331764,1.4030887052367238,1.327007635021566
22450,mg_2_5,market_outcome_v2,challenger_20260307,0.6975682826333047,1.4030887052367238,1.327007635021566
22450,mg_2_6,market_outcome_v2,challenger_20260307,0.7350716067316622,1.4030887052367238,1.327007635021566
22450,mg_3_4,market_outcome_v2,challenger_20260307,0.3721160313219761,1.4030887052367238,1.327007635021566
22450,mg_3_5,market_outcome_v2,challenger_20260307,0.45453801082210454,1.4030887052367238,1.327007635021566
22450,mg_3_6,market_outcome_v2,challenger_20260307,0.4920413349204619,1.4030887052367238,1.327007635021566
22450,mg_4_5,market_outcome_v2,challenger_20260307,0.23337265894085943,1.4030887052367238,1.327007635021566
22450,mg_4_6,market_outcome_v2,challenger_20260307,0.2708759830392168,1.4030887052367238,1.327007635021566
22450,mg_5_6,market_outcome_v2,challenger_20260307,0.11992530359848579,1.4030887052367238,1.327007635021566
22450,mg_7p,market_outcome_v2,challenger_20260307,0.02167748444871743,1.4030887052367238,1.327007635021566
22450,hmg_0,market_outcome_v2,challenger_20260307,0.24583654471896876,1.4030887052367238,1.327007635021566
22450,hmg_1_2,market_outcome_v2,challenger_20260307,0.5869145089790845,1.4030887052367238,1.327007635021566
22450,hmg_1_3,market_outcome_v2,challenger_20260307,0.700089528642137,1.4030887052367238,1.327007635021566
22450,hmg_2_3,market_outcome_v2,challenger_20260307,0.35515904941252924,1.4030887052367238,1.327007635021566
22450,hmg_4p,market_outcome_v2,challenger_20260307,0.054073926638894244,1.4030887052367238,1.327007635021566
22450,amg_0,market_outcome_v2,challenger_20260307,0.2652699035597874,1.4030887052367238,1.327007635021566
22450,amg_1_2,market_outcome_v2,challenger_20260307,0.5855786080039043,1.4030887052367238,1.327007635021566
22450,amg_1_3,market_outcome_v2,challenger_20260307,0.6888920888203101,1.4030887052367238,1.327007635021566
22450,amg_2_3,market_outcome_v2,challenger_20260307,0.33687690145503774,1.4030887052367238,1.327007635021566
22450,amg_4p,market_outcome_v2,challenger_20260307,0.045838007619902546,1.4030887052367238,1.327007635021566
22450,ms_h_1_0_2_0_3_0,market_outcome_v2,challenger_20260307,0.18571268174611671,1.4030887052367238,1.327007635021566
22450,ms_a_0_1_0_2_0_3,market_outcome_v2,challenger_20260307,0.16935485079981796,1.4030887052367238,1.327007635021566
22450,ms_h_4_0_5_0_6_0,market_outcome_v2,challenger_20260307,0.014177056813665224,1.4030887052367238,1.327007635021566
22450,ms_a_0_4_0_5_0_6,market_outcome_v2,challenger_20260307,0.011156747369390332,1.4030887052367238,1.327007635021566
22450,ms_h_2_1_3_1_4_1,market_outcome_v2,challenger_20260307,0.13899590632005798,1.4030887052367238,1.327007635021566
22450,ms_h_1_2_1_3_1_4,market_outcome_v2,challenger_20260307,0.12802141161353497,1.4030887052367238,1.327007635021566
22450,ms_h_3_2_4_2_5_1,market_outcome_v2,challenger_20260307,0.03962719693152218,1.4030887052367238,1.327007635021566
22450,ms_a_2_3_2_4_1_5,market_outcome_v2,challenger_20260307,0.03643173722303812,1.4030887052367238,1.327007635021566
22450,ms_draw,market_outcome_v2,challenger_20260307,0.2563123582142116,1.4030887052367238,1.327007635021566
22450,ms_other_homewin,market_outcome_v2,challenger_20260307,0.010773492328982835,1.4030887052367238,1.327007635021566
22450,ms_other_awaywin,market_outcome_v2,challenger_20260307,0.009436560639662108,1.4030887052367238,1.327007635021566
22601,1x2_h,market_outcome_v2,challenger_20260307,0.4035274059042642,1.4009242083599158,1.256820493625434
22601,1x2_d,market_outcome_v2,challenger_20260307,0.2597628087539671,1.4009242083599158,1.256820493625434
22601,1x2_a,market_outcome_v2,challenger_20260307,0.33670978534176865,1.4009242083599158,1.256820493625434
22601,dc_1x,market_outcome_v2,challenger_20260307,0.6632902146582313,1.4009242083599158,1.256820493625434
22601,dc_x2,market_outcome_v2,challenger_20260307,0.5964725940957358,1.4009242083599158,1.256820493625434
22601,dc_12,market_outcome_v2,challenger_20260307,0.7402371912460328,1.4009242083599158,1.256820493625434
22601,o15,market_outcome_v2,challenger_20260307,0.7435694889493331,1.4009242083599158,1.256820493625434
22601,u35,market_outcome_v2,challenger_20260307,0.7233853995707286,1.4009242083599158,1.256820493625434
22601,ah_h05,market_outcome_v2,challenger_20260307,0.4035274059042642,1.4009242083599158,1.256820493625434
22601,ah_a05,market_outcome_v2,challenger_20260307,0.33670978534176865,1.4009242083599158,1.256820493625434
22601,ah_h15,market_outcome_v2,challenger_20260307,0.1894079906512511,1.4009242083599158,1.256820493625434
22601,ah_a15,market_outcome_v2,challenger_20260307,0.14461540395611733,1.4009242083599158,1.256820493625434
22601,eh_h1,market_outcome_v2,challenger_20260307,0.1894079906512511,1.4009242083599158,1.256820493625434
22601,eh_a1,market_outcome_v2,challenger_20260307,0.14461540395611733,1.4009242083599158,1.256820493625434
22601,mg_0,market_outcome_v2,challenger_20260307,0.07010618070514371,1.4009242083599158,1.256820493625434
22601,mg_1_2,market_outcome_v2,challenger_20260307,0.43392558125891456,1.4009242083599158,1.256820493625434
22601,mg_1_3,market_outcome_v2,challenger_20260307,0.6532792188655848,1.4009242083599158,1.256820493625434
22601,mg_1_4,market_outcome_v2,challenger_20260307,0.7990257109181704,1.4009242083599158,1.256820493625434
22601,mg_1_5,market_outcome_v2,challenger_20260307,0.8764971043353124,1.4009242083599158,1.256820493625434
22601,mg_1_6,market_outcome_v2,challenger_20260307,0.910813635236951,1.4009242083599158,1.256820493625434
22601,mg_2_3,market_outcome_v2,challenger_20260307,0.4669548885200616,1.4009242083599158,1.256820493625434
22601,mg_2_4,market_outcome_v2,challenger_20260307,0.6127013805726472,1.4009242083599158,1.256820493625434
22601,mg_2_5,market_outcome_v2,challenger_20260307,0.690172773989789,1.4009242083599158,1.256820493625434
22601,mg_2_6,market_outcome_v2,challenger_20260307,0.7244893048914276,1.4009242083599158,1.256820493625434
22601,mg_3_4,market_outcome_v2,challenger_20260307,0.36510012965925587,1.4009242083599158,1.256820493625434
22601,mg_3_5,market_outcome_v2,challenger_20260307,0.44257152307639774,1.4009242083599158,1.256820493625434
22601,mg_3_6,market_outcome_v2,challenger_20260307,0.4768880539780363,1.4009242083599158,1.256820493625434
22601,mg_4_5,market_outcome_v2,challenger_20260307,0.22321788546972748,1.4009242083599158,1.256820493625434
22601,mg_4_6,market_outcome_v2,challenger_20260307,0.257534416371366,1.4009242083599158,1.256820493625434
22601,mg_5_6,market_outcome_v2,challenger_20260307,0.11178792431878044,1.4009242083599158,1.256820493625434
22601,mg_7p,market_outcome_v2,challenger_20260307,0.01908018405790537,1.4009242083599158,1.256820493625434
22601,hmg_0,market_outcome_v2,challenger_20260307,0.24636923238458222,1.4009242083599158,1.256820493625434
22601,hmg_1_2,market_outcome_v2,challenger_20260307,0.5869053499048822,1.4009242083599158,1.256820493625434
22601,hmg_1_3,market_outcome_v2,challenger_20260307,0.6998015020959335,1.4009242083599158,1.256820493625434
22601,hmg_2_3,market_outcome_v2,challenger_20260307,0.3546568802533225,1.4009242083599158,1.256820493625434
22601,hmg_4p,market_outcome_v2,challenger_20260307,0.05382926551948422,1.4009242083599158,1.256820493625434
22601,amg_0,market_outcome_v2,challenger_20260307,0.28455736954892163,1.4009242083599158,1.256820493625434
22601,amg_1_2,market_outcome_v2,challenger_20260307,0.582380624458776,1.4009242083599158,1.256820493625434
22601,amg_1_3,market_outcome_v2,challenger_20260307,0.6765345318971349,1.4009242083599158,1.256820493625434
22601,amg_2_3,market_outcome_v2,challenger_20260307,0.3188969982359043,1.4009242083599158,1.256820493625434
22601,amg_4p,market_outcome_v2,challenger_20260307,0.03890809855394339,1.4009242083599158,1.256820493625434
22601,ms_h_1_0_2_0_3_0,market_outcome_v2,challenger_20260307,0.199133674642803,1.4009242083599158,1.256820493625434
22601,ms_a_0_1_0_2_0_3,market_outcome_v2,challenger_20260307,0.1666772933051598,1.4009242083599158,1.256820493625434
22601,ms_h_4_0_5_0_6_0,market_outcome_v2,challenger_20260307,0.015139831630927698,1.4009242083599158,1.256820493625434
22601,ms_a_0_4_0_5_0_6,market_outcome_v2,challenger_20260307,0.009504328817719912,1.4009242083599158,1.256820493625434
22601,ms_h_2_1_3_1_4_1,market_outcome_v2,challenger_20260307,0.14097950638650245,1.4009242083599158,1.256820493625434
22601,ms_h_1_2_1_3_1_4,market_outcome_v2,challenger_20260307,0.12027621813994002,1.4009242083599158,1.256820493625434
22601,ms_h_3_2_4_2_5_1,market_outcome_v2,challenger_20260307,0.03822097741454933,1.4009242083599158,1.256820493625434
22601,ms_a_2_3_2_4_1_5,market_outcome_v2,challenger_20260307,0.03248146646539629,1.4009242083599158,1.256820493625434
22601,ms_draw,market_outcome_v2,challenger_20260307,0.2597628087539671,1.4009242083599158,1.256820493625434
22601,ms_other_homewin,market_outcome_v2,challenger_20260307,0.010053415829481748,1.4009242083599158,1.256820493625434
22601,ms_other_awaywin,market_outcome_v2,challenger_20260307,0.007770478613552578,1.4009242083599158,1.256820493625434
19065,1x2_h,market_outcome_v2,challenger_20260307,0.29383398202767647,1.1894068887143086,1.5408459766681306
19065,1x2_d,market_outcome_v2,challenger_20260307,0.2519744047836756,1.1894068887143086,1.5408459766681306
19065,1x2_a,market_outcome_v2,challenger_20260307,0.454191613188648,1.1894068887143086,1.5408459766681306
19065,dc_1x,market_outcome_v2,challenger_20260307,0.5458083868113521,1.1894068887143086,1.5408459766681306
19065,dc_x2,market_outcome_v2,challenger_20260307,0.7061660179723236,1.1894068887143086,1.5408459766681306
19065,dc_12,market_outcome_v2,challenger_20260307,0.7480255952163244,1.1894068887143086,1.5408459766681306
19065,o15,market_outcome_v2,challenger_20260307,0.7567768806258025,1.1894068887143086,1.5408459766681306
19065,u35,market_outcome_v2,challenger_20260307,0.7074121370206894,1.1894068887143086,1.5408459766681306
19065,ah_h05,market_outcome_v2,challenger_20260307,0.29383398202767647,1.1894068887143086,1.5408459766681306
19065,ah_a05,market_outcome_v2,challenger_20260307,0.454191613188648,1.1894068887143086,1.5408459766681306
19065,ah_h15,market_outcome_v2,challenger_20260307,0.1198710090341203,1.1894068887143086,1.5408459766681306
19065,ah_a15,market_outcome_v2,challenger_20260307,0.22882706421071405,1.1894068887143086,1.5408459766681306
19065,eh_h1,market_outcome_v2,challenger_20260307,0.1198710090341203,1.1894068887143086,1.5408459766681306
19065,eh_a1,market_outcome_v2,challenger_20260307,0.22882706421071405,1.1894068887143086,1.5408459766681306
19065,mg_0,market_outcome_v2,challenger_20260307,0.06520285035670405,1.1894068887143086,1.5408459766681306
19065,mg_1_2,market_outcome_v2,challenger_20260307,0.42104044380807587,1.1894068887143086,1.5408459766681306
19065,mg_1_3,market_outcome_v2,challenger_20260307,0.6422092866639854,1.1894068887143086,1.5408459766681306
19065,mg_1_4,market_outcome_v2,challenger_20260307,0.7931710033991515,1.1894068887143086,1.5408459766681306
19065,mg_1_5,market_outcome_v2,challenger_20260307,0.8756037353349997,1.1894068887143086,1.5408459766681306
19065,mg_1_6,market_outcome_v2,challenger_20260307,0.9131141024298582,1.1894068887143086,1.5408459766681306
19065,mg_2_3,market_outcome_v2,challenger_20260307,0.4641890176464918,1.1894068887143086,1.5408459766681306
19065,mg_2_4,market_outcome_v2,challenger_20260307,0.615150734381658,1.1894068887143086,1.5408459766681306
19065,mg_2_5,market_outcome_v2,challenger_20260307,0.6975834663175061,1.1894068887143086,1.5408459766681306
19065,mg_2_6,market_outcome_v2,challenger_20260307,0.7350938334123648,1.1894068887143086,1.5408459766681306
19065,mg_3_4,market_outcome_v2,challenger_20260307,0.3721305595910759,1.1894068887143086,1.5408459766681306
19065,mg_3_5,market_outcome_v2,challenger_20260307,0.4545632915269238,1.1894068887143086,1.5408459766681306
19065,mg_3_6,market_outcome_v2,challenger_20260307,0.4920736586217825,1.1894068887143086,1.5408459766681306
19065,mg_4_5,market_outcome_v2,challenger_20260307,0.23339444867101433,1.1894068887143086,1.5408459766681306
19065,mg_4_6,market_outcome_v2,challenger_20260307,0.27090481576587294,1.1894068887143086,1.5408459766681306
19065,mg_5_6,market_outcome_v2,challenger_20260307,0.1199430990307066,1.1894068887143086,1.5408459766681306
19065,mg_7p,market_outcome_v2,challenger_20260307,0.02168304721343775,1.1894068887143086,1.5408459766681306
19065,hmg_0,market_outcome_v2,challenger_20260307,0.30440177200255114,1.1894068887143086,1.5408459766681306
19065,hmg_1_2,market_outcome_v2,challenger_20260307,0.5773744452540951,1.1894068887143086,1.5408459766681306
19065,hmg_1_3,market_outcome_v2,challenger_20260307,0.6627409056400907,1.1894068887143086,1.5408459766681306
19065,hmg_2_3,market_outcome_v2,challenger_20260307,0.3006833410834139,1.1894068887143086,1.5408459766681306
19065,hmg_4p,market_outcome_v2,challenger_20260307,0.03285732235735821,1.1894068887143086,1.5408459766681306
19065,amg_0,market_outcome_v2,challenger_20260307,0.21419996975627847,1.1894068887143086,1.5408459766681306
19065,amg_1_2,market_outcome_v2,challenger_20260307,0.5843266229794979,1.1894068887143086,1.5408459766681306
19065,amg_1_3,market_outcome_v2,challenger_20260307,0.7149274240867757,1.1894068887143086,1.5408459766681306
19065,amg_2_3,market_outcome_v2,challenger_20260307,0.38487826248537876,1.1894068887143086,1.5408459766681306
19065,amg_4p,market_outcome_v2,challenger_20260307,0.07087260615694595,1.1894068887143086,1.5408459766681306
19065,ms_h_1_0_2_0_3_0,market_outcome_v2,challenger_20260307,0.14195908194435602,1.1894068887143086,1.5408459766681306
19065,ms_a_0_1_0_2_0_3,market_outcome_v2,challenger_20260307,0.2176251747452339,1.1894068887143086,1.5408459766681306
19065,ms_h_4_0_5_0_6_0,market_outcome_v2,challenger_20260307,0.006987036247649358,1.1894068887143086,1.5408459766681306
19065,ms_a_0_4_0_5_0_6,market_outcome_v2,challenger_20260307,0.02124543293117071,1.1894068887143086,1.5408459766681306
19065,ms_h_2_1_3_1_4_1,market_outcome_v2,challenger_20260307,0.10761820766747357,1.1894068887143086,1.5408459766681306
19065,ms_h_1_2_1_3_1_4,market_outcome_v2,challenger_20260307,0.15756281494118704,1.1894068887143086,1.5408459766681306
19065,ms_h_3_2_4_2_5_1,market_outcome_v2,challenger_20260307,0.03015426320902126,1.1894068887143086,1.5408459766681306
19065,ms_a_2_3_2_4_1_5,market_outcome_v2,challenger_20260307,0.044566137180696984,1.1894068887143086,1.5408459766681306
19065,ms_draw,market_outcome_v2,challenger_20260307,0.2519744047836756,1.1894068887143086,1.5408459766681306
19065,ms_other_homewin,market_outcome_v2,challenger_20260307,0.007115392959176301,1.1894068887143086,1.5408459766681306
19065,ms_other_awaywin,market_outcome_v2,challenger_20260307,0.01319205339035928,1.1894068887143086,1.5408459766681306
19066,1x2_h,market_outcome_v2,challenger_20260307,0.4394785590624079,1.4467820599368961,1.147813202117153
19066,1x2_d,market_outcome_v2,challenger_20260307,0.260723845053831,1.4467820599368961,1.147813202117153
19066,1x2_a,market_outcome_v2,challenger_20260307,0.29979759588376104,1.4467820599368961,1.147813202117153
19066,dc_1x,market_outcome_v2,challenger_20260307,0.7002024041162389,1.4467820599368961,1.147813202117153
19066,dc_x2,market_outcome_v2,challenger_20260307,0.560521440937592,1.4467820599368961,1.147813202117153
19066,dc_12,market_outcome_v2,challenger_20260307,0.7392761549461689,1.4467820599368961,1.147813202117153
19066,o15,market_outcome_v2,challenger_20260307,0.7315695503644474,1.4467820599368961,1.147813202117153
19066,u35,market_outcome_v2,challenger_20260307,0.7371773894944227,1.4467820599368961,1.147813202117153
19066,ah_h05,market_outcome_v2,challenger_20260307,0.4394785590624079,1.4467820599368961,1.147813202117153
19066,ah_a05,market_outcome_v2,challenger_20260307,0.29979759588376104,1.4467820599368961,1.147813202117153
19066,ah_h15,market_outcome_v2,challenger_20260307,0.21316460988589217,1.4467820599368961,1.147813202117153
19066,ah_a15,market_outcome_v2,challenger_20260307,0.12025007046075065,1.4467820599368961,1.147813202117153
19066,eh_h1,market_outcome_v2,challenger_20260307,0.21316460988589217,1.4467820599368961,1.147813202117153
19066,eh_a1,market_outcome_v2,challenger_20260307,0.12025007046075065,1.4467820599368961,1.147813202117153
19066,mg_0,market_outcome_v2,challenger_20260307,0.07467612625799887,1.4467820599368961,1.147813202117153
19066,mg_1_2,market_outcome_v2,challenger_20260307,0.44511134809649844,1.4467820599368961,1.147813202117153
19066,mg_1_3,market_outcome_v2,challenger_20260307,0.6625012632364238,1.4467820599368961,1.147813202117153
19066,mg_1_4,market_outcome_v2,challenger_20260307,0.8035109741965194,1.4467820599368961,1.147813202117153
19066,mg_1_5,market_outcome_v2,challenger_20260307,0.8766835997886545,1.4467820599368961,1.147813202117153
19066,mg_1_6,market_outcome_v2,challenger_20260307,0.908325824400889,1.4467820599368961,1.147813202117153
19066,mg_2_3,market_outcome_v2,challenger_20260307,0.46874693985887006,1.4467820599368961,1.147813202117153
19066,mg_2_4,market_outcome_v2,challenger_20260307,0.6097566508189656,1.4467820599368961,1.147813202117153
19066,mg_2_5,market_outcome_v2,challenger_20260307,0.6829292764111006,1.4467820599368961,1.147813202117153
19066,mg_2_6,market_outcome_v2,challenger_20260307,0.7145715010233353,1.4467820599368961,1.147813202117153
19066,mg_3_4,market_outcome_v2,challenger_20260307,0.35839962610002096,1.4467820599368961,1.147813202117153
19066,mg_3_5,market_outcome_v2,challenger_20260307,0.431572251692156,1.4467820599368961,1.147813202117153
19066,mg_3_6,market_outcome_v2,challenger_20260307,0.46321447630439067,1.4467820599368961,1.147813202117153
19066,mg_4_5,market_outcome_v2,challenger_20260307,0.21418233655223054,1.4467820599368961,1.147813202117153
19066,mg_4_6,market_outcome_v2,challenger_20260307,0.2458245611644653,1.4467820599368961,1.147813202117153
19066,mg_5_6,market_outcome_v2,challenger_20260307,0.1048148502043697,1.4467820599368961,1.147813202117153
19066,mg_7p,market_outcome_v2,challenger_20260307,0.016998049341112043,1.4467820599368961,1.147813202117153
19066,hmg_0,market_outcome_v2,challenger_20260307,0.23532642861179215,1.4467820599368961,1.147813202117153
19066,hmg_1_2,market_outcome_v2,challenger_20260307,0.5867561454448804,1.4467820599368961,1.147813202117153
19066,hmg_1_3,market_outcome_v2,challenger_20260307,0.705532173507127,1.4467820599368961,1.147813202117153
19066,hmg_2_3,market_outcome_v2,challenger_20260307,0.36506611836256525,1.4467820599368961,1.147813202117153
19066,hmg_4p,market_outcome_v2,challenger_20260307,0.05914139788108085,1.4467820599368961,1.147813202117153
19066,amg_0,market_outcome_v2,challenger_20260307,0.3173299603385766,1.4467820599368961,1.147813202117153
19066,amg_1_2,market_outcome_v2,challenger_20260307,0.5732726859689857,1.4467820599368961,1.147813202117153
19066,amg_1_3,market_outcome_v2,challenger_20260307,0.6532512263817366,1.4467820599368961,1.147813202117153
19066,amg_2_3,market_outcome_v2,challenger_20260307,0.2890157084778059,1.4467820599368961,1.147813202117153
19066,amg_4p,market_outcome_v2,challenger_20260307,0.029418813279686925,1.4467820599368961,1.147813202117153
19066,ms_h_1_0_2_0_3_0,market_outcome_v2,challenger_20260307,0.2238864966366063,1.4467820599368961,1.147813202117153
19066,ms_a_0_1_0_2_0_3,market_outcome_v2,challenger_20260307,0.15372727809068742,1.4467820599368961,1.147813202117153
19066,ms_h_4_0_5_0_6_0,market_outcome_v2,challenger_20260307,0.01852864607251155,1.4467820599368961,1.147813202117153
19066,ms_a_0_4_0_5_0_6,market_outcome_v2,challenger_20260307,0.00687775992494526,1.4467820599368961,1.147813202117153
19066,ms_h_2_1_3_1_4_1,market_outcome_v2,challenger_20260307,0.14861788013446403,1.4467820599368961,1.147813202117153
19066,ms_h_1_2_1_3_1_4,market_outcome_v2,challenger_20260307,0.10621377024388971,1.4467820599368961,1.147813202117153
19066,ms_h_3_2_4_2_5_1,market_outcome_v2,challenger_20260307,0.03833680038622235,1.4467820599368961,1.147813202117153
19066,ms_a_2_3_2_4_1_5,market_outcome_v2,challenger_20260307,0.027144046627967152,1.4467820599368961,1.147813202117153
19066,ms_draw,market_outcome_v2,challenger_20260307,0.260723845053831,1.4467820599368961,1.147813202117153
19066,ms_other_homewin,market_outcome_v2,challenger_20260307,0.010108735832603764,1.4467820599368961,1.147813202117153
19066,ms_other_awaywin,market_outcome_v2,challenger_20260307,0.005834740996271474,1.4467820599368961,1.147813202117153
21705,1x2_h,market_outcome_v2,challenger_20260307,0.49145640455313205,1.565695854933209,1.0555742150123937
21705,1x2_d,market_outcome_v2,challenger_20260307,0.2526556472055881,1.565695854933209,1.0555742150123937
21705,1x2_a,market_outcome_v2,challenger_20260307,0.25588794824128014,1.565695854933209,1.0555742150123937
21705,dc_1x,market_outcome_v2,challenger_20260307,0.7441120517587201,1.565695854933209,1.0555742150123937
21705,dc_x2,market_outcome_v2,challenger_20260307,0.5085435954468682,1.565695854933209,1.0555742150123937
21705,dc_12,market_outcome_v2,challenger_20260307,0.7473443527944121,1.565695854933209,1.0555742150123937
21705,o15,market_outcome_v2,challenger_20260307,0.7366955751485242,1.565695854933209,1.0555742150123937
21705,u35,market_outcome_v2,challenger_20260307,0.7313670677357778,1.565695854933209,1.0555742150123937
21705,ah_h05,market_outcome_v2,challenger_20260307,0.49145640455313205,1.565695854933209,1.0555742150123937
21705,ah_a05,market_outcome_v2,challenger_20260307,0.25588794824128014,1.565695854933209,1.0555742150123937
21705,ah_h15,market_outcome_v2,challenger_20260307,0.2537460102846568,1.565695854933209,1.0555742150123937
21705,ah_a15,market_outcome_v2,challenger_20260307,0.0956263226901692,1.565695854933209,1.0555742150123937
21705,eh_h1,market_outcome_v2,challenger_20260307,0.2537460102846568,1.565695854933209,1.0555742150123937
21705,eh_a1,market_outcome_v2,challenger_20260307,0.0956263226901692,1.565695854933209,1.0555742150123937
21705,mg_0,market_outcome_v2,challenger_20260307,0.07271051862073111,1.565695854933209,1.0555742150123937
21705,mg_1_2,market_outcome_v2,challenger_20260307,0.4403929571890799,1.565695854933209,1.0555742150123937
21705,mg_1_3,market_outcome_v2,challenger_20260307,0.6586565491150467,1.565695854933209,1.0555742150123937
21705,mg_1_4,market_outcome_v2,challenger_20260307,0.801688504333636,1.565695854933209,1.0555742150123937
21705,mg_1_5,market_outcome_v2,challenger_20260307,0.8766735809856936,1.565695854933209,1.0555742150123937
21705,mg_1_6,market_outcome_v2,challenger_20260307,0.9094329371724628,1.565695854933209,1.0555742150123937
21705,mg_2_3,market_outcome_v2,challenger_20260307,0.4680626428843019,1.565695854933209,1.0555742150123937
21705,mg_2_4,market_outcome_v2,challenger_20260307,0.6110945981028911,1.565695854933209,1.0555742150123937
21705,mg_2_5,market_outcome_v2,challenger_20260307,0.6860796747549488,1.565695854933209,1.0555742150123937
21705,mg_2_6,market_outcome_v2,challenger_20260307,0.718839030941718,1.565695854933209,1.0555742150123937
21705,mg_3_4,market_outcome_v2,challenger_20260307,0.3612955471445561,1.565695854933209,1.0555742150123937
21705,mg_3_5,market_outcome_v2,challenger_20260307,0.4362806237966138,1.565695854933209,1.0555742150123937
21705,mg_3_6,market_outcome_v2,challenger_20260307,0.46903997998338304,1.565695854933209,1.0555742150123937
21705,mg_4_5,market_outcome_v2,challenger_20260307,0.21801703187064692,1.565695854933209,1.0555742150123937
21705,mg_4_6,market_outcome_v2,challenger_20260307,0.25077638805741614,1.565695854933209,1.0555742150123937
21705,mg_5_6,market_outcome_v2,challenger_20260307,0.1077444328388268,1.565695854933209,1.0555742150123937
21705,mg_7p,market_outcome_v2,challenger_20260307,0.017856544206806133,1.565695854933209,1.0555742150123937
21705,hmg_0,market_outcome_v2,challenger_20260307,0.20894274290950118,1.565695854933209,1.0555742150123937
21705,hmg_1_2,market_outcome_v2,challenger_20260307,0.5832422731866672,1.565695854933209,1.0555742150123937
21705,hmg_1_3,market_outcome_v2,challenger_20260307,0.7169012852401387,1.565695854933209,1.0555742150123937
21705,hmg_2_3,market_outcome_v2,challenger_20260307,0.3897604987483575,1.565695854933209,1.0555742150123937
21705,hmg_4p,market_outcome_v2,challenger_20260307,0.07415597185036016,1.565695854933209,1.0555742150123937
21705,amg_0,market_outcome_v2,challenger_20260307,0.34799255340600177,1.565695854933209,1.0555742150123937
21705,amg_1_2,market_outcome_v2,challenger_20260307,0.5612050424281372,1.565695854933209,1.0555742150123937
21705,amg_1_3,market_outcome_v2,challenger_20260307,0.6294208491112043,1.565695854933209,1.0555742150123937
21705,amg_2_3,market_outcome_v2,challenger_20260307,0.2620888827195054,1.565695854933209,1.0555742150123937
21705,amg_4p,market_outcome_v2,challenger_20260307,0.022586597482793958,1.565695854933209,1.0555742150123937
21705,ms_h_1_0_2_0_3_0,market_outcome_v2,challenger_20260307,0.2494763087907603,1.565695854933209,1.0555742150123937
21705,ms_a_0_1_0_2_0_3,market_outcome_v2,challenger_20260307,0.13151291865772227,1.565695854933209,1.0555742150123937
21705,ms_h_4_0_5_0_6_0,market_outcome_v2,challenger_20260307,0.02539474936033463,1.565695854933209,1.0555742150123937
21705,ms_a_0_4_0_5_0_6,market_outcome_v2,challenger_20260307,0.004695099284144665,1.565695854933209,1.0555742150123937
21705,ms_h_2_1_3_1_4_1,market_outcome_v2,challenger_20260307,0.1623893219109212,1.565695854933209,1.0555742150123937
21705,ms_h_1_2_1_3_1_4,market_outcome_v2,challenger_20260307,0.0916290573302475,1.565695854933209,1.0555742150123937
21705,ms_h_3_2_4_2_5_1,market_outcome_v2,challenger_20260307,0.04207366331723774,1.565695854933209,1.0555742150123937
21705,ms_a_2_3_2_4_1_5,market_outcome_v2,challenger_20260307,0.023323709801409794,1.565695854933209,1.0555742150123937
21705,ms_draw,market_outcome_v2,challenger_20260307,0.2526556472055881,1.565695854933209,1.0555742150123937
21705,ms_other_homewin,market_outcome_v2,challenger_20260307,0.012122361173878098,1.565695854933209,1.0555742150123937
21705,ms_other_awaywin,market_outcome_v2,challenger_20260307,0.0047271631677557975,1.565695854933209,1.0555742150123937
4521,1x2_h,market_outcome_v2,challenger_20260307,0.43126989097099144,1.3451048051438617,1.0651362534475513
4521,1x2_d,market_outcome_v2,challenger_20260307,0.27255388726498775,1.3451048051438617,1.0651362534475513
4521,1x2_a,market_outcome_v2,challenger_20260307,0.2961762217640208,1.3451048051438617,1.0651362534475513
4521,dc_1x,market_outcome_v2,challenger_20260307,0.7038237782359792,1.3451048051438617,1.0651362534475513
4521,dc_x2,market_outcome_v2,challenger_20260307,0.5687301090290086,1.3451048051438617,1.0651362534475513
4521,dc_12,market_outcome_v2,challenger_20260307,0.7274461127350123,1.3451048051438617,1.0651362534475513
4521,o15,market_outcome_v2,challenger_20260307,0.6937819556950923,1.3451048051438617,1.0651362534475513
4521,u35,market_outcome_v2,challenger_20260307,0.7765798251354271,1.3451048051438617,1.0651362534475513
4521,ah_h05,market_outcome_v2,challenger_20260307,0.43126989097099144,1.3451048051438617,1.0651362534475513
4521,ah_a05,market_outcome_v2,challenger_20260307,0.2961762217640208,1.3451048051438617,1.0651362534475513
4521,ah_h15,market_outcome_v2,challenger_20260307,0.20065189980195422,1.3451048051438617,1.0651362534475513
4521,ah_a15,market_outcome_v2,challenger_20260307,0.11355879139574751,1.3451048051438617,1.0651362534475513
4521,eh_h1,market_outcome_v2,challenger_20260307,0.20065189980195422,1.3451048051438617,1.0651362534475513
4521,eh_a1,market_outcome_v2,challenger_20260307,0.11355879139574751,1.3451048051438617,1.0651362534475513
4521,mg_0,market_outcome_v2,challenger_20260307,0.08979366532857062,1.3451048051438617,1.0651362534475513
4521,mg_1_2,market_outcome_v2,challenger_20260307,0.47724184112079504,1.3451048051438617,1.0651362534475513
4521,mg_1_3,market_outcome_v2,challenger_20260307,0.6867861598068564,1.3451048051438617,1.0651362534475513
4521,mg_1_4,market_outcome_v2,challenger_20260307,0.8130492399297837,1.3451048051438617,1.0651362534475513
4521,mg_1_5,market_outcome_v2,challenger_20260307,0.873914131909083,1.3451048051438617,1.0651362534475513
4521,mg_1_6,market_outcome_v2,challenger_20260307,0.8983639755216227,1.3451048051438617,1.0651362534475513
4521,mg_2_3,market_outcome_v2,challenger_20260307,0.4703617808305193,1.3451048051438617,1.0651362534475513
4521,mg_2_4,market_outcome_v2,challenger_20260307,0.5966248609534466,1.3451048051438617,1.0651362534475513
4521,mg_2_5,market_outcome_v2,challenger_20260307,0.6574897529327459,1.3451048051438617,1.0651362534475513
4521,mg_2_6,market_outcome_v2,challenger_20260307,0.6819395965452857,1.3451048051438617,1.0651362534475513
4521,mg_3_4,market_outcome_v2,challenger_20260307,0.33580739880898863,1.3451048051438617,1.0651362534475513
4521,mg_3_5,market_outcome_v2,challenger_20260307,0.39667229078828786,1.3451048051438617,1.0651362534475513
4521,mg_3_6,market_outcome_v2,challenger_20260307,0.42112213440082763,1.3451048051438617,1.0651362534475513
4521,mg_4_5,market_outcome_v2,challenger_20260307,0.18712797210222656,1.3451048051438617,1.0651362534475513
4521,mg_4_6,market_outcome_v2,challenger_20260307,0.21157781571476628,1.3451048051438617,1.0651362534475513
4521,mg_5_6,market_outcome_v2,challenger_20260307,0.08531473559183904,1.3451048051438617,1.0651362534475513
4521,mg_7p,market_outcome_v2,challenger_20260307,0.011842359149806693,1.3451048051438617,1.0651362534475513
4521,hmg_0,market_outcome_v2,challenger_20260307,0.26051245327055356,1.3451048051438617,1.0651362534475513
4521,hmg_1_2,market_outcome_v2,challenger_20260307,0.5860900471093857,1.3451048051438617,1.0651362534475513
4521,hmg_1_3,market_outcome_v2,challenger_20260307,0.6917585637037624,1.3451048051438617,1.0651362534475513
4521,hmg_2_3,market_outcome_v2,challenger_20260307,0.341342011009725,1.3451048051438617,1.0651362534475513
4521,hmg_4p,market_outcome_v2,challenger_20260307,0.04772898302568419,1.3451048051438617,1.0651362534475513
4521,amg_0,market_outcome_v2,challenger_20260307,0.3446808941425768,1.3451048051438617,1.0651362534475513
4521,amg_1_2,market_outcome_v2,challenger_20260307,0.5626549796184497,1.3451048051438617,1.0651362534475513
4521,amg_1_3,market_outcome_v2,challenger_20260307,0.6320744763456019,1.3451048051438617,1.0651362534475513
4521,amg_2_3,market_outcome_v2,challenger_20260307,0.2649423601236256,1.3451048051438617,1.0651362534475513
4521,amg_4p,market_outcome_v2,challenger_20260307,0.023244629511821373,1.3451048051438617,1.0651362534475513
4521,ms_h_1_0_2_0_3_0,market_outcome_v2,challenger_20260307,0.23843596026819744,1.3451048051438617,1.0651362534475513
4521,ms_a_0_1_0_2_0_3,market_outcome_v2,challenger_20260307,0.16466327248249318,1.3451048051438617,1.0651362534475513
4521,ms_h_4_0_5_0_6_0,market_outcome_v2,challenger_20260307,0.016281415134115202,1.3451048051438617,1.0651362534475513
4521,ms_a_0_4_0_5_0_6,market_outcome_v2,challenger_20260307,0.006023631868997652,1.3451048051438617,1.0651362534475513
4521,ms_h_2_1_3_1_4_1,market_outcome_v2,challenger_20260307,0.13836321674945373,1.3451048051438617,1.0651362534475513
4521,ms_h_1_2_1_3_1_4,market_outcome_v2,challenger_20260307,0.09931774558378313,1.3451048051438617,1.0651362534475513
4521,ms_h_3_2_4_2_5_1,market_outcome_v2,challenger_20260307,0.031117823055172068,1.3451048051438617,1.0651362534475513
4521,ms_a_2_3_2_4_1_5,market_outcome_v2,challenger_20260307,0.022096728133010723,1.3451048051438617,1.0651362534475513
4521,ms_draw,market_outcome_v2,challenger_20260307,0.27255388726498775,1.3451048051438617,1.0651362534475513
4521,ms_other_homewin,market_outcome_v2,challenger_20260307,0.007071475764053156,1.3451048051438617,1.0651362534475513
4521,ms_other_awaywin,market_outcome_v2,challenger_20260307,0.004074843695736084,1.3451048051438617,1.0651362534475513
4522,1x2_h,market_outcome_v2,challenger_20260307,0.6306859495096353,1.9818483634144526,0.8808859861831935
4522,1x2_d,market_outcome_v2,challenger_20260307,0.20976558319194274,1.9818483634144526,0.8808859861831935
4522,1x2_a,market_outcome_v2,challenger_20260307,0.15954846729842215,1.9818483634144526,0.8808859861831935
4522,dc_1x,market_outcome_v2,challenger_20260307,0.840451532701578,1.9818483634144526,0.8808859861831935
4522,dc_x2,market_outcome_v2,challenger_20260307,0.3693140504903649,1.9818483634144526,0.8808859861831935
4522,dc_12,market_outcome_v2,challenger_20260307,0.7902344168080575,1.9818483634144526,0.8808859861831935
4522,o15,market_outcome_v2,challenger_20260307,0.7793883567640258,1.9818483634144526,0.8808859861831935
4522,u35,market_outcome_v2,challenger_20260307,0.6779573975017701,1.9818483634144526,0.8808859861831935
4522,ah_h05,market_outcome_v2,challenger_20260307,0.6306859495096353,1.9818483634144526,0.8808859861831935
4522,ah_a05,market_outcome_v2,challenger_20260307,0.15954846729842215,1.9818483634144526,0.8808859861831935
4522,ah_h15,market_outcome_v2,challenger_20260307,0.3853781843803837,1.9818483634144526,0.8808859861831935
4522,ah_a15,market_outcome_v2,challenger_20260307,0.05051481134707301,1.9818483634144526,0.8808859861831935
4522,eh_h1,market_outcome_v2,challenger_20260307,0.3853781843803837,1.9818483634144526,0.8808859861831935
4522,eh_a1,market_outcome_v2,challenger_20260307,0.05051481134707301,1.9818483634144526,0.8808859861831935
4522,mg_0,market_outcome_v2,challenger_20260307,0.0571128178304454,1.9818483634144526,0.8808859861831935
4522,mg_1_2,market_outcome_v2,challenger_20260307,0.39752567720916704,1.9818483634144526,0.8808859861831935
4522,mg_1_3,market_outcome_v2,challenger_20260307,0.6208445796713247,1.9818483634144526,0.8808859861831935
4522,mg_1_4,market_outcome_v2,challenger_20260307,0.7806702529195407,1.9818483634144526,0.8808859861831935
4522,mg_1_5,market_outcome_v2,challenger_20260307,0.8721779418705884,1.9818483634144526,0.8808859861831935
4522,mg_1_6,market_outcome_v2,challenger_20260307,0.9158383092726651,1.9818483634144526,0.8808859861831935
4522,mg_2_3,market_outcome_v2,challenger_20260307,0.4573457542657956,1.9818483634144526,0.8808859861831935
4522,mg_2_4,market_outcome_v2,challenger_20260307,0.6171714275140118,1.9818483634144526,0.8808859861831935
4522,mg_2_5,market_outcome_v2,challenger_20260307,0.7086791164650592,1.9818483634144526,0.8808859861831935
4522,mg_2_6,market_outcome_v2,challenger_20260307,0.7523394838671361,1.9818483634144526,0.8808859861831935
4522,mg_3_4,market_outcome_v2,challenger_20260307,0.3831445757103737,1.9818483634144526,0.8808859861831935
4522,mg_3_5,market_outcome_v2,challenger_20260307,0.47465226466142124,1.9818483634144526,0.8808859861831935
4522,mg_3_6,market_outcome_v2,challenger_20260307,0.518312632063498,1.9818483634144526,0.8808859861831935
4522,mg_4_5,market_outcome_v2,challenger_20260307,0.2513333621992637,1.9818483634144526,0.8808859861831935
4522,mg_4_6,market_outcome_v2,challenger_20260307,0.29499372960134057,1.9818483634144526,0.8808859861831935
4522,mg_5_6,market_outcome_v2,challenger_20260307,0.1351680563531244,1.9818483634144526,0.8808859861831935
4522,mg_7p,market_outcome_v2,challenger_20260307,0.02704887289688948,1.9818483634144526,0.8808859861831935
4522,hmg_0,market_outcome_v2,challenger_20260307,0.13781532375604544,1.9818483634144526,0.8808859861831935
4522,hmg_1_2,market_outcome_v2,challenger_20260307,0.5437792778340635,1.9818483634144526,0.8808859861831935
4522,hmg_1_3,market_outcome_v2,challenger_20260307,0.7225751657822995,1.9818483634144526,0.8808859861831935
4522,hmg_2_3,market_outcome_v2,challenger_20260307,0.449446091942948,1.9818483634144526,0.8808859861831935
4522,hmg_4p,market_outcome_v2,challenger_20260307,0.13960951046165496,1.9818483634144526,0.8808859861831935
4522,amg_0,market_outcome_v2,challenger_20260307,0.4144155836512345,1.9818483634144526,0.8808859861831935
4522,amg_1_2,market_outcome_v2,challenger_20260307,0.5258378632397431,1.9818483634144526,0.8808859861831935
4522,amg_1_3,market_outcome_v2,challenger_20260307,0.5730489427202502,1.9818483634144526,0.8808859861831935
4522,amg_2_3,market_outcome_v2,challenger_20260307,0.20799606262594875,1.9818483634144526,0.8808859861831935
4522,amg_4p,market_outcome_v2,challenger_20260307,0.012535473628515348,1.9818483634144526,0.8808859861831935
4522,ms_h_1_0_2_0_3_0,market_outcome_v2,challenger_20260307,0.2994464090595592,1.9818483634144526,0.8808859861831935
4522,ms_a_0_1_0_2_0_3,market_outcome_v2,challenger_20260307,0.07897492556905081,1.9818483634144526,0.8808859861831935
4522,ms_h_4_0_5_0_6_0,market_outcome_v2,challenger_20260307,0.05606949132002952,1.9818483634144526,0.8808859861831935
4522,ms_a_0_4_0_5_0_6,market_outcome_v2,challenger_20260307,0.0017223483191143862,1.9818483634144526,0.8808859861831935
4522,ms_h_2_1_3_1_4_1,market_outcome_v2,challenger_20260307,0.19641037811262685,1.9818483634144526,0.8808859861831935
4522,ms_h_1_2_1_3_1_4,market_outcome_v2,challenger_20260307,0.0596494661338075,1.9818483634144526,0.8808859861831935
4522,ms_h_3_2_4_2_5_1,market_outcome_v2,challenger_20260307,0.055809201058508784,1.9818483634144526,0.8808859861831935
4522,ms_a_2_3_2_4_1_5,market_outcome_v2,challenger_20260307,0.01609189929311153,1.9818483634144526,0.8808859861831935
4522,ms_draw,market_outcome_v2,challenger_20260307,0.20976558319194274,1.9818483634144526,0.8808859861831935
4522,ms_other_homewin,market_outcome_v2,challenger_20260307,0.02295046995891079,1.9818483634144526,0.8808859861831935
4522,ms_other_awaywin,market_outcome_v2,challenger_20260307,0.003109827983337931,1.9818483634144526,0.8808859861831935
4523,1x2_h,market_outcome_v2,challenger_20260307,0.529628433724914,1.6103519422484875,0.9445340609955085
4523,1x2_d,market_outcome_v2,challenger_20260307,0.24919144469359047,1.6103519422484875,0.9445340609955085
4523,1x2_a,market_outcome_v2,challenger_20260307,0.22118012158149547,1.6103519422484875,0.9445340609955085
4523,dc_1x,market_outcome_v2,challenger_20260307,0.7788198784185044,1.6103519422484875,0.9445340609955085
4523,dc_x2,market_outcome_v2,challenger_20260307,0.4703715662750859,1.6103519422484875,0.9445340609955085
4523,dc_12,market_outcome_v2,challenger_20260307,0.7508085553064094,1.6103519422484875,0.9445340609955085
4523,o15,market_outcome_v2,challenger_20260307,0.7237811828108238,1.6103519422484875,0.9445340609955085
4523,u35,market_outcome_v2,challenger_20260307,0.7457825401611791,1.6103519422484875,0.9445340609955085
4523,ah_h05,market_outcome_v2,challenger_20260307,0.529628433724914,1.6103519422484875,0.9445340609955085
4523,ah_a05,market_outcome_v2,challenger_20260307,0.22118012158149547,1.6103519422484875,0.9445340609955085
4523,ah_h15,market_outcome_v2,challenger_20260307,0.28191545138382557,1.6103519422484875,0.9445340609955085
4523,ah_a15,market_outcome_v2,challenger_20260307,0.07588682076102592,1.6103519422484875,0.9445340609955085
4523,eh_h1,market_outcome_v2,challenger_20260307,0.28191545138382557,1.6103519422484875,0.9445340609955085
4523,eh_a1,market_outcome_v2,challenger_20260307,0.07588682076102592,1.6103519422484875,0.9445340609955085
4523,mg_0,market_outcome_v2,challenger_20260307,0.07770117436596105,1.6103519422484875,0.9445340609955085
4523,mg_1_2,market_outcome_v2,challenger_20260307,0.4521126163462266,1.6103519422484875,0.9445340609955085
4523,mg_1_3,market_outcome_v2,challenger_20260307,0.668081365795218,1.6103519422484875,0.9445340609955085
4523,mg_1_4,market_outcome_v2,challenger_20260307,0.8060252495715523,1.6103519422484875,0.9445340609955085
4523,mg_1_5,market_outcome_v2,challenger_20260307,0.876511429150207,1.6103519422484875,0.9445340609955085
4523,mg_1_6,market_outcome_v2,challenger_20260307,0.9065254547548148,1.6103519422484875,0.9445340609955085
4523,mg_2_3,market_outcome_v2,challenger_20260307,0.4695637229720029,1.6103519422484875,0.9445340609955085
4523,mg_2_4,market_outcome_v2,challenger_20260307,0.6075076067483373,1.6103519422484875,0.9445340609955085
4523,mg_2_5,market_outcome_v2,challenger_20260307,0.6779937863269919,1.6103519422484875,0.9445340609955085
4523,mg_2_6,market_outcome_v2,challenger_20260307,0.7080078119315998,1.6103519422484875,0.9445340609955085
4523,mg_3_4,market_outcome_v2,challenger_20260307,0.3539126332253257,1.6103519422484875,0.9445340609955085
4523,mg_3_5,market_outcome_v2,challenger_20260307,0.4243988128039804,1.6103519422484875,0.9445340609955085
4523,mg_3_6,market_outcome_v2,challenger_20260307,0.4544128384085883,1.6103519422484875,0.9445340609955085
4523,mg_4_5,market_outcome_v2,challenger_20260307,0.20843006335498898,1.6103519422484875,0.9445340609955085
4523,mg_4_6,market_outcome_v2,challenger_20260307,0.23844408895959693,1.6103519422484875,0.9445340609955085
4523,mg_5_6,market_outcome_v2,challenger_20260307,0.10050020518326258,1.6103519422484875,0.9445340609955085
4523,mg_7p,market_outcome_v2,challenger_20260307,0.015773370879223994,1.6103519422484875,0.9445340609955085
4523,hmg_0,market_outcome_v2,challenger_20260307,0.19981749535462334,1.6103519422484875,0.9445340609955085
4523,hmg_1_2,market_outcome_v2,challenger_20260307,0.5808631909608868,1.6103519422484875,0.9445340609955085
4523,hmg_1_3,market_outcome_v2,challenger_20260307,0.7199367807281655,1.6103519422484875,0.9445340609955085
4523,hmg_2_3,market_outcome_v2,challenger_20260307,0.3981602889886197,1.6103519422484875,0.9445340609955085
4523,hmg_4p,market_outcome_v2,challenger_20260307,0.08024572391721113,1.6103519422484875,0.9445340609955085
4523,amg_0,market_outcome_v2,challenger_20260307,0.38886071626542,1.6103519422484875,0.9445340609955085
4523,amg_1_2,market_outcome_v2,challenger_20260307,0.5407521840985331,1.6103519422484875,0.9445340609955085
4523,amg_1_3,market_outcome_v2,challenger_20260307,0.5953651411763031,1.6103519422484875,0.9445340609955085
4523,amg_2_3,market_outcome_v2,challenger_20260307,0.22807294968050393,1.6103519422484875,0.9445340609955085
4523,amg_4p,market_outcome_v2,challenger_20260307,0.015774142558276735,1.6103519422484875,0.9445340609955085
4523,ms_h_1_0_2_0_3_0,market_outcome_v2,challenger_20260307,0.279955132219775,1.6103519422484875,0.9445340609955085
4523,ms_a_0_1_0_2_0_3,market_outcome_v2,challenger_20260307,0.11896437133130064,1.6103519422484875,0.9445340609955085
4523,ms_h_4_0_5_0_6_0,market_outcome_v2,challenger_20260307,0.030666198620321432,1.6103519422484875,0.9445340609955085
4523,ms_a_0_4_0_5_0_6,market_outcome_v2,challenger_20260307,0.003140248627073683,1.6103519422484875,0.9445340609955085
4523,ms_h_2_1_3_1_4_1,market_outcome_v2,challenger_20260307,0.16680561850320516,1.6103519422484875,0.9445340609955085
4523,ms_h_1_2_1_3_1_4,market_outcome_v2,challenger_20260307,0.07753812700723252,1.6103519422484875,0.9445340609955085
4523,ms_h_3_2_4_2_5_1,market_outcome_v2,challenger_20260307,0.04045881868330246,1.6103519422484875,0.9445340609955085
4523,ms_a_2_3_2_4_1_5,market_outcome_v2,challenger_20260307,0.01827455002074389,1.6103519422484875,0.9445340609955085
4523,ms_draw,market_outcome_v2,challenger_20260307,0.24919144469359047,1.6103519422484875,0.9445340609955085
4523,ms_other_homewin,market_outcome_v2,challenger_20260307,0.011742665698309908,1.6103519422484875,0.9445340609955085
4523,ms_other_awaywin,market_outcome_v2,challenger_20260307,0.0032628245951447543,1.6103519422484875,0.9445340609955085
4524,1x2_h,market_outcome_v2,challenger_20260307,0.4167136755812079,1.360028726431233,1.1471075189870947
4524,1x2_d,market_outcome_v2,challenger_20260307,0.2677324864567053,1.360028726431233,1.1471075189870947
4524,1x2_a,market_outcome_v2,challenger_20260307,0.3155538379620865,1.360028726431233,1.1471075189870947
4524,dc_1x,market_outcome_v2,challenger_20260307,0.6844461620379132,1.360028726431233,1.1471075189870947
4524,dc_x2,market_outcome_v2,challenger_20260307,0.5832863244187918,1.360028726431233,1.1471075189870947
4524,dc_12,market_outcome_v2,challenger_20260307,0.7322675135432944,1.360028726431233,1.1471075189870947
4524,o15,market_outcome_v2,challenger_20260307,0.7141637465202103,1.360028726431233,1.1471075189870947
4524,u35,market_outcome_v2,challenger_20260307,0.7560497761803425,1.360028726431233,1.1471075189870947
4524,ah_h05,market_outcome_v2,challenger_20260307,0.4167136755812079,1.360028726431233,1.1471075189870947
4524,ah_a05,market_outcome_v2,challenger_20260307,0.3155538379620865,1.360028726431233,1.1471075189870947
4524,ah_h15,market_outcome_v2,challenger_20260307,0.1937603924609278,1.360028726431233,1.1471075189870947
4524,ah_a15,market_outcome_v2,challenger_20260307,0.12750531922143218,1.360028726431233,1.1471075189870947
4524,eh_h1,market_outcome_v2,challenger_20260307,0.1937603924609278,1.360028726431233,1.1471075189870947
4524,eh_a1,market_outcome_v2,challenger_20260307,0.12750531922143218,1.360028726431233,1.1471075189870947
4524,mg_0,market_outcome_v2,challenger_20260307,0.08150132571929641,1.360028726431233,1.1471075189870947
4524,mg_1_2,market_outcome_v2,challenger_20260307,0.46048267955712685,1.360028726431233,1.1471075189870947
4524,mg_1_3,market_outcome_v2,challenger_20260307,0.6745484504610463,1.360028726431233,1.1471075189870947
4524,mg_1_4,market_outcome_v2,challenger_20260307,0.8087214637452043,1.360028726431233,1.1471075189870947
4524,mg_1_5,market_outcome_v2,challenger_20260307,0.875999468697546,1.360028726431233,1.1471075189870947
4524,mg_1_6,market_outcome_v2,challenger_20260307,0.9041119894867875,1.360028726431233,1.1471075189870947
4524,mg_2_3,market_outcome_v2,challenger_20260307,0.47021352270055317,1.360028726431233,1.1471075189870947
4524,mg_2_4,market_outcome_v2,challenger_20260307,0.6043865359847114,1.360028726431233,1.1471075189870947
4524,mg_2_5,market_outcome_v2,challenger_20260307,0.6716645409370529,1.360028726431233,1.1471075189870947
4524,mg_2_6,market_outcome_v2,challenger_20260307,0.6997770617262943,1.360028726431233,1.1471075189870947
4524,mg_3_4,market_outcome_v2,challenger_20260307,0.34823878418807747,1.360028726431233,1.1471075189870947
4524,mg_3_5,market_outcome_v2,challenger_20260307,0.41551678914041895,1.360028726431233,1.1471075189870947
4524,mg_3_6,market_outcome_v2,challenger_20260307,0.4436293099296605,1.360028726431233,1.1471075189870947
4524,mg_4_5,market_outcome_v2,challenger_20260307,0.20145101823649955,1.360028726431233,1.1471075189870947
4524,mg_4_6,market_outcome_v2,challenger_20260307,0.22956353902574111,1.360028726431233,1.1471075189870947
4524,mg_5_6,market_outcome_v2,challenger_20260307,0.09539052574158301,1.360028726431233,1.1471075189870947
4524,mg_7p,market_outcome_v2,challenger_20260307,0.014386684793916079,1.360028726431233,1.1471075189870947
4524,hmg_0,market_outcome_v2,challenger_20260307,0.25665345884849106,1.360028726431233,1.1471075189870947
4524,hmg_1_2,market_outcome_v2,challenger_20260307,0.5864192225444582,1.360028726431233,1.1471075189870947
4524,hmg_1_3,market_outcome_v2,challenger_20260307,0.6940261214933866,1.360028726431233,1.1471075189870947
4524,hmg_2_3,market_outcome_v2,challenger_20260307,0.3449700447215024,1.360028726431233,1.1471075189870947
4524,hmg_4p,market_outcome_v2,challenger_20260307,0.04932041965812224,1.360028726431233,1.1471075189870947
4524,amg_0,market_outcome_v2,challenger_20260307,0.3175539736926307,1.360028726431233,1.1471075189870947
4524,amg_1_2,market_outcome_v2,challenger_20260307,0.57319614774505,1.360028726431233,1.1471075189870947
4524,amg_1_3,market_outcome_v2,challenger_20260307,0.653083620163976,1.360028726431233,1.1471075189870947
4524,amg_2_3,market_outcome_v2,challenger_20260307,0.28881506925692924,1.360028726431233,1.1471075189870947
4524,amg_4p,market_outcome_v2,challenger_20260307,0.029362406143393013,1.360028726431233,1.1471075189870947
4524,ms_h_1_0_2_0_3_0,market_outcome_v2,challenger_20260307,0.22039075272670947,1.360028726431233,1.1471075189870947
4524,ms_a_0_1_0_2_0_3,market_outcome_v2,challenger_20260307,0.1676161700323786,1.360028726431233,1.1471075189870947
4524,ms_h_4_0_5_0_6_0,market_outcome_v2,challenger_20260307,0.01549499468740512,1.360028726431233,1.1471075189870947
4524,ms_a_0_4_0_5_0_6,market_outcome_v2,challenger_20260307,0.0074867787750754556,1.360028726431233,1.1471075189870947
4524,ms_h_2_1_3_1_4_1,market_outcome_v2,challenger_20260307,0.1389892749105603,1.360028726431233,1.1471075189870947
4524,ms_h_1_2_1_3_1_4,market_outcome_v2,challenger_20260307,0.10880948784437587,1.360028726431233,1.1471075189870947
4524,ms_h_3_2_4_2_5_1,market_outcome_v2,challenger_20260307,0.033751276059451565,1.360028726431233,1.1471075189870947
4524,ms_a_2_3_2_4_1_5,market_outcome_v2,challenger_20260307,0.026234948383796586,1.360028726431233,1.1471075189870947
4524,ms_draw,market_outcome_v2,challenger_20260307,0.2677324864567053,1.360028726431233,1.1471075189870947
4524,ms_other_homewin,market_outcome_v2,challenger_20260307,0.00808737719708157,1.360028726431233,1.1471075189870947
4524,ms_other_awaywin,market_outcome_v2,challenger_20260307,0.0054064529264599885,1.360028726431233,1.1471075189870947
4525,1x2_h,market_outcome_v2,challenger_20260307,0.3220790483470808,1.3213434220330493,1.566890351520264
4525,1x2_d,market_outcome_v2,challenger_20260307,0.24626313401697514,1.3213434220330493,1.566890351520264
4525,1x2_a,market_outcome_v2,challenger_20260307,0.4316578176359441,1.3213434220330493,1.566890351520264
4525,dc_1x,market_outcome_v2,challenger_20260307,0.568342182364056,1.3213434220330493,1.566890351520264
4525,dc_x2,market_outcome_v2,challenger_20260307,0.6779209516529192,1.3213434220330493,1.566890351520264
4525,dc_12,market_outcome_v2,challenger_20260307,0.7537368659830248,1.3213434220330493,1.566890351520264
4525,o15,market_outcome_v2,challenger_20260307,0.7835244696859981,1.3213434220330493,1.566890351520264
4525,u35,market_outcome_v2,challenger_20260307,0.6722551710518805,1.3213434220330493,1.566890351520264
4525,ah_h05,market_outcome_v2,challenger_20260307,0.3220790483470808,1.3213434220330493,1.566890351520264
4525,ah_a05,market_outcome_v2,challenger_20260307,0.4316578176359441,1.3213434220330493,1.566890351520264
4525,ah_h15,market_outcome_v2,challenger_20260307,0.1410434935142665,1.3213434220330493,1.566890351520264
4525,ah_a15,market_outcome_v2,challenger_20260307,0.21698019528610546,1.3213434220330493,1.566890351520264
4525,eh_h1,market_outcome_v2,challenger_20260307,0.1410434935142665,1.3213434220330493,1.566890351520264
4525,eh_a1,market_outcome_v2,challenger_20260307,0.21698019528610546,1.3213434220330493,1.566890351520264
4525,mg_0,market_outcome_v2,challenger_20260307,0.055674515196696375,1.3213434220330493,1.566890351520264
4525,mg_1_2,market_outcome_v2,challenger_20260307,0.39301647645903515,1.3213434220330493,1.566890351520264
4525,mg_1_3,market_outcome_v2,challenger_20260307,0.6165806558551842,1.3213434220330493,1.566890351520264
4525,mg_1_4,market_outcome_v2,challenger_20260307,0.7780070592273564,1.3213434220330493,1.566890351520264
4525,mg_1_5,market_outcome_v2,challenger_20260307,0.8712544972599061,1.3213434220330493,1.566890351520264
4525,mg_1_6,market_outcome_v2,challenger_20260307,0.9161412305637279,1.3213434220330493,1.566890351520264
4525,mg_2_3,market_outcome_v2,challenger_20260307,0.4557796407378785,1.3213434220330493,1.566890351520264
4525,mg_2_4,market_outcome_v2,challenger_20260307,0.6172060441100508,1.3213434220330493,1.566890351520264
4525,mg_2_5,market_outcome_v2,challenger_20260307,0.7104534821426005,1.3213434220330493,1.566890351520264
4525,mg_2_6,market_outcome_v2,challenger_20260307,0.7553402154464222,1.3213434220330493,1.566890351520264
4525,mg_3_4,market_outcome_v2,challenger_20260307,0.3849905827683213,1.3213434220330493,1.566890351520264
4525,mg_3_5,market_outcome_v2,challenger_20260307,0.47823802080087113,1.3213434220330493,1.566890351520264
4525,mg_3_6,market_outcome_v2,challenger_20260307,0.5231247541046926,1.3213434220330493,1.566890351520264
4525,mg_4_5,market_outcome_v2,challenger_20260307,0.25467384140472205,1.3213434220330493,1.566890351520264
4525,mg_4_6,market_outcome_v2,challenger_20260307,0.2995605747085437,1.3213434220330493,1.566890351520264
4525,mg_5_6,market_outcome_v2,challenger_20260307,0.13813417133637132,1.3213434220330493,1.566890351520264
4525,mg_7p,market_outcome_v2,challenger_20260307,0.0281842542395759,1.3213434220330493,1.566890351520264
4525,hmg_0,market_outcome_v2,challenger_20260307,0.2667767103707351,1.3213434220330493,1.566890351520264
4525,hmg_1_2,market_outcome_v2,challenger_20260307,0.5853928419099884,1.3213434220330493,1.566890351520264
4525,hmg_1_3,market_outcome_v2,challenger_20260307,0.6879683752243193,1.3213434220330493,1.566890351520264
4525,hmg_2_3,market_outcome_v2,challenger_20260307,0.3354647238243326,1.3213434220330493,1.566890351520264
4525,hmg_4p,market_outcome_v2,challenger_20260307,0.045254914404945626,1.3213434220330493,1.566890351520264
4525,amg_0,market_outcome_v2,challenger_20260307,0.20869331179369613,1.3213434220330493,1.566890351520264
4525,amg_1_2,market_outcome_v2,challenger_20260307,0.5831857461612393,1.3213434220330493,1.566890351520264
4525,amg_1_3,market_outcome_v2,challenger_20260307,0.7169909794393786,1.3213434220330493,1.566890351520264
4525,amg_2_3,market_outcome_v2,challenger_20260307,0.38999144276302616,1.3213434220330493,1.566890351520264
4525,amg_4p,market_outcome_v2,challenger_20260307,0.07431570876692532,1.3213434220330493,1.566890351520264
4525,ms_h_1_0_2_0_3_0,market_outcome_v2,challenger_20260307,0.1435743986348914,1.3213434220330493,1.566890351520264
4525,ms_a_0_1_0_2_0_3,market_outcome_v2,challenger_20260307,0.19127649486032877,1.3213434220330493,1.566890351520264
4525,ms_h_4_0_5_0_6_0,market_outcome_v2,challenger_20260307,0.009351749450792344,1.3213434220330493,1.566890351520264
4525,ms_a_0_4_0_5_0_6,market_outcome_v2,challenger_20260307,0.019509276013791547,1.3213434220330493,1.566890351520264
4525,ms_h_2_1_3_1_4_1,market_outcome_v2,challenger_20260307,0.12077698469475946,1.3213434220330493,1.566890351520264
4525,ms_h_1_2_1_3_1_4,market_outcome_v2,challenger_20260307,0.15594972159383005,1.3213434220330493,1.566890351520264
4525,ms_h_3_2_4_2_5_1,market_outcome_v2,challenger_20260307,0.037887290439861644,1.3213434220330493,1.566890351520264
4525,ms_a_2_3_2_4_1_5,market_outcome_v2,challenger_20260307,0.04915864208043985,1.3213434220330493,1.566890351520264
4525,ms_draw,market_outcome_v2,challenger_20260307,0.24626313401697514,1.3213434220330493,1.566890351520264
4525,ms_other_homewin,market_outcome_v2,challenger_20260307,0.01048862512677598,1.3213434220330493,1.566890351520264
4525,ms_other_awaywin,market_outcome_v2,challenger_20260307,0.015763683087553892,1.3213434220330493,1.566890351520264
4526,1x2_h,market_outcome_v2,challenger_20260307,0.510361988508873,1.6098472183504182,1.0228579510822902
4526,1x2_d,market_outcome_v2,challenger_20260307,0.2488740654102765,1.6098472183504182,1.0228579510822902
4526,1x2_a,market_outcome_v2,challenger_20260307,0.24076394608085044,1.6098472183504182,1.0228579510822902
4526,dc_1x,market_outcome_v2,challenger_20260307,0.7592360539191496,1.6098472183504182,1.0228579510822902
4526,dc_x2,market_outcome_v2,challenger_20260307,0.48963801149112696,1.6098472183504182,1.0228579510822902
4526,dc_12,market_outcome_v2,challenger_20260307,0.7511259345897234,1.6098472183504182,1.0228579510822902
4526,o15,market_outcome_v2,challenger_20260307,0.7388672743736941,1.6098472183504182,1.0228579510822902
4526,u35,market_outcome_v2,challenger_20260307,0.7288693441286006,1.6098472183504182,1.0228579510822902
4526,ah_h05,market_outcome_v2,challenger_20260307,0.510361988508873,1.6098472183504182,1.0228579510822902
4526,ah_a05,market_outcome_v2,challenger_20260307,0.24076394608085044,1.6098472183504182,1.0228579510822902
4526,ah_h15,market_outcome_v2,challenger_20260307,0.26931547071571876,1.6098472183504182,1.0228579510822902
4526,ah_a15,market_outcome_v2,challenger_20260307,0.08760882397052475,1.6098472183504182,1.0228579510822902
4526,eh_h1,market_outcome_v2,challenger_20260307,0.26931547071571876,1.6098472183504182,1.0228579510822902
4526,eh_a1,market_outcome_v2,challenger_20260307,0.08760882397052475,1.6098472183504182,1.0228579510822902
4526,mg_0,market_outcome_v2,challenger_20260307,0.07188382030658573,1.6098472183504182,1.0228579510822902
4526,mg_1_2,market_outcome_v2,challenger_20260307,0.4383671909920744,1.6098472183504182,1.0228579510822902
4526,mg_1_3,market_outcome_v2,challenger_20260307,0.6569855238220148,1.6098472183504182,1.0228579510822902
4526,mg_1_4,market_outcome_v2,challenger_20260307,0.800874927565551,1.6098472183504182,1.0228579510822902
4526,mg_1_5,market_outcome_v2,challenger_20260307,0.8766386029779903,1.6098472183504182,1.0228579510822902
4526,mg_1_6,market_outcome_v2,challenger_20260307,0.9098825062969157,1.6098472183504182,1.0228579510822902
4526,mg_2_3,market_outcome_v2,challenger_20260307,0.4677366185022946,1.6098472183504182,1.0228579510822902
4526,mg_2_4,market_outcome_v2,challenger_20260307,0.6116260222458307,1.6098472183504182,1.0228579510822902
4526,mg_2_5,market_outcome_v2,challenger_20260307,0.6873896976582702,1.6098472183504182,1.0228579510822902
4526,mg_2_6,market_outcome_v2,challenger_20260307,0.7206336009771955,1.6098472183504182,1.0228579510822902
4526,mg_3_4,market_outcome_v2,challenger_20260307,0.3625077365734765,1.6098472183504182,1.0228579510822902
4526,mg_3_5,market_outcome_v2,challenger_20260307,0.43827141198591607,1.6098472183504182,1.0228579510822902
4526,mg_3_6,market_outcome_v2,challenger_20260307,0.4715153153048413,1.6098472183504182,1.0228579510822902
4526,mg_4_5,market_outcome_v2,challenger_20260307,0.21965307915597565,1.6098472183504182,1.0228579510822902
4526,mg_4_6,market_outcome_v2,challenger_20260307,0.2528969824749009,1.6098472183504182,1.0228579510822902
4526,mg_5_6,market_outcome_v2,challenger_20260307,0.10900757873136475,1.6098472183504182,1.0228579510822902
4526,mg_7p,market_outcome_v2,challenger_20260307,0.018233673396498642,1.6098472183504182,1.0228579510822902
4526,hmg_0,market_outcome_v2,challenger_20260307,0.19991837282468888,1.6098472183504182,1.0228579510822902
4526,hmg_1_2,market_outcome_v2,challenger_20260307,0.580893070209037,1.6098472183504182,1.0228579510822902
4526,hmg_1_3,market_outcome_v2,challenger_20260307,0.7199060787406747,1.6098472183504182,1.0228579510822902
4526,hmg_2_3,market_outcome_v2,challenger_20260307,0.3980680423517074,1.6098472183504182,1.0228579510822902
4526,hmg_4p,market_outcome_v2,challenger_20260307,0.08017554843463642,1.6098472183504182,1.0228579510822902
4526,amg_0,market_outcome_v2,challenger_20260307,0.3595658532576274,1.6098472183504182,1.0228579510822902
4526,amg_1_2,market_outcome_v2,challenger_20260307,0.5558805913048915,1.6098472183504182,1.0228579510822902
4526,amg_1_3,market_outcome_v2,challenger_20260307,0.6200123526193095,1.6098472183504182,1.0228579510822902
4526,amg_2_3,market_outcome_v2,challenger_20260307,0.2522275606770574,1.6098472183504182,1.0228579510822902
4526,amg_4p,market_outcome_v2,challenger_20260307,0.020421794123062945,1.6098472183504182,1.0228579510822902
4526,ms_h_1_0_2_0_3_0,market_outcome_v2,challenger_20260307,0.25885364346774337,1.6098472183504182,1.0228579510822902
4526,ms_a_0_1_0_2_0_3,market_outcome_v2,challenger_20260307,0.1239518606668596,1.6098472183504182,1.0228579510822902
4526,ms_h_4_0_5_0_6_0,market_outcome_v2,challenger_20260307,0.02833160116878881,1.6098472183504182,1.0228579510822902
4526,ms_a_0_4_0_5_0_6,market_outcome_v2,challenger_20260307,0.004063580722876482,1.6098472183504182,1.0228579510822902
4526,ms_h_2_1_3_1_4_1,market_outcome_v2,challenger_20260307,0.16697998466736233,1.6098472183504182,1.0228579510822902
4526,ms_h_1_2_1_3_1_4,market_outcome_v2,challenger_20260307,0.08645438014129897,1.6098472183504182,1.0228579510822902
4526,ms_h_3_2_4_2_5_1,market_outcome_v2,challenger_20260307,0.043296279318604504,1.6098472183504182,1.0228579510822902
4526,ms_a_2_3_2_4_1_5,market_outcome_v2,challenger_20260307,0.021941728142910483,1.6098472183504182,1.0228579510822902
4526,ms_draw,market_outcome_v2,challenger_20260307,0.2488740654102765,1.6098472183504182,1.0228579510822902
4526,ms_other_homewin,market_outcome_v2,challenger_20260307,0.012900479886373942,1.6098472183504182,1.0228579510822902
4526,ms_other_awaywin,market_outcome_v2,challenger_20260307,0.0043523964069049435,1.6098472183504182,1.0228579510822902
4527,1x2_h,market_outcome_v2,challenger_20260307,0.2830295143406825,1.1289867312832136,1.514618121980973
4527,1x2_d,market_outcome_v2,challenger_20260307,0.25567730006563694,1.1289867312832136,1.514618121980973
4527,1x2_a,market_outcome_v2,challenger_20260307,0.4612931855936804,1.1289867312832136,1.514618121980973
4527,dc_1x,market_outcome_v2,challenger_20260307,0.5387068144063194,1.1289867312832136,1.514618121980973
4527,dc_x2,market_outcome_v2,challenger_20260307,0.7169704856593173,1.1289867312832136,1.514618121980973
4527,dc_12,market_outcome_v2,challenger_20260307,0.7443226999343628,1.1289867312832136,1.514618121980973
4527,o15,market_outcome_v2,challenger_20260307,0.7409231848485766,1.1289867312832136,1.514618121980973
4527,u35,market_outcome_v2,challenger_20260307,0.7264843472485598,1.1289867312832136,1.514618121980973
4527,ah_h05,market_outcome_v2,challenger_20260307,0.2830295143406825,1.1289867312832136,1.514618121980973
4527,ah_a05,market_outcome_v2,challenger_20260307,0.4612931855936804,1.1289867312832136,1.514618121980973
4527,ah_h15,market_outcome_v2,challenger_20260307,0.11151727455162787,1.1289867312832136,1.514618121980973
4527,ah_a15,market_outcome_v2,challenger_20260307,0.23119699462181148,1.1289867312832136,1.514618121980973
4527,eh_h1,market_outcome_v2,challenger_20260307,0.11151727455162787,1.1289867312832136,1.514618121980973
4527,eh_a1,market_outcome_v2,challenger_20260307,0.23119699462181148,1.1289867312832136,1.514618121980973
4527,mg_0,market_outcome_v2,challenger_20260307,0.07110453124995843,1.1289867312832136,1.514618121980973
4527,mg_1_2,market_outcome_v2,challenger_20260307,0.4364345049019985,1.1289867312832136,1.514618121980973
4527,mg_1_3,market_outcome_v2,challenger_20260307,0.6553798159986014,1.1289867312832136,1.514618121980973
4527,mg_1_4,market_outcome_v2,challenger_20260307,0.8000810377522055,1.1289867312832136,1.514618121980973
4527,mg_1_5,market_outcome_v2,challenger_20260307,0.8765876081724225,1.1289867312832136,1.514618121980973
4527,mg_1_6,market_outcome_v2,challenger_20260307,0.9102964649840032,1.1289867312832136,1.514618121980973
4527,mg_2_3,market_outcome_v2,challenger_20260307,0.46740753209713626,1.1289867312832136,1.514618121980973
4527,mg_2_4,market_outcome_v2,challenger_20260307,0.6121087538507404,1.1289867312832136,1.514618121980973
4527,mg_2_5,market_outcome_v2,challenger_20260307,0.6886153242709575,1.1289867312832136,1.514618121980973
4527,mg_2_6,market_outcome_v2,challenger_20260307,0.7223241810825382,1.1289867312832136,1.514618121980973
4527,mg_3_4,market_outcome_v2,challenger_20260307,0.3636465328502071,1.1289867312832136,1.514618121980973
4527,mg_3_5,market_outcome_v2,challenger_20260307,0.4401531032704241,1.1289867312832136,1.514618121980973
4527,mg_3_6,market_outcome_v2,challenger_20260307,0.4738619600820049,1.1289867312832136,1.514618121980973
4527,mg_4_5,market_outcome_v2,challenger_20260307,0.22120779217382117,1.1289867312832136,1.514618121980973
4527,mg_4_6,market_outcome_v2,challenger_20260307,0.2549166489854019,1.1289867312832136,1.514618121980973
4527,mg_5_6,market_outcome_v2,challenger_20260307,0.11021542723179772,1.1289867312832136,1.514618121980973
4527,mg_7p,market_outcome_v2,challenger_20260307,0.018599003766038198,1.1289867312832136,1.514618121980973
4527,hmg_0,market_outcome_v2,challenger_20260307,0.3233607527766137,1.1289867312832136,1.514618121980973
4527,hmg_1_2,market_outcome_v2,challenger_20260307,0.571149591903623,1.1289867312832136,1.514618121980973
4527,hmg_1_3,market_outcome_v2,challenger_20260307,0.6487033004485775,1.1289867312832136,1.514618121980973
4527,hmg_2_3,market_outcome_v2,challenger_20260307,0.2836333011460291,1.1289867312832136,1.514618121980973
4527,hmg_4p,market_outcome_v2,challenger_20260307,0.02793594677480857,1.1289867312832136,1.514618121980973
4527,amg_0,market_outcome_v2,challenger_20260307,0.21989227399863007,1.1289867312832136,1.514618121980973
4527,amg_1_2,market_outcome_v2,challenger_20260307,0.5852767437903381,1.1289867312832136,1.514618121980973
4527,amg_1_3,market_outcome_v2,challenger_20260307,0.71261771749102,1.1289867312832136,1.514618121980973
4527,amg_2_3,market_outcome_v2,challenger_20260307,0.3795648944090894,1.1289867312832136,1.514618121980973
4527,amg_4p,market_outcome_v2,challenger_20260307,0.06749000851034982,1.1289867312832136,1.514618121980973
4527,ms_h_1_0_2_0_3_0,market_outcome_v2,challenger_20260307,0.14264484388605428,1.1289867312832136,1.514618121980973
4527,ms_a_0_1_0_2_0_3,market_outcome_v2,challenger_20260307,0.23043260156984852,1.1289867312832136,1.514618121980973
4527,ms_h_4_0_5_0_6_0,market_outcome_v2,challenger_20260307,0.006104611511167192,1.1289867312832136,1.514618121980973
4527,ms_a_0_4_0_5_0_6,market_outcome_v2,challenger_20260307,0.02150733055548307,1.1289867312832136,1.514618121980973
4527,ms_h_2_1_3_1_4_1,market_outcome_v2,challenger_20260307,0.10175515715923272,1.1289867312832136,1.514618121980973
4527,ms_h_1_2_1_3_1_4,market_outcome_v2,challenger_20260307,0.15617078734257614,1.1289867312832136,1.514618121980973
4527,ms_h_3_2_4_2_5_1,market_outcome_v2,challenger_20260307,0.026728026813023446,1.1289867312832136,1.514618121980973
4527,ms_a_2_3_2_4_1_5,market_outcome_v2,challenger_20260307,0.04151154467233793,1.1289867312832136,1.514618121980973
4527,ms_draw,market_outcome_v2,challenger_20260307,0.25567730006563694,1.1289867312832136,1.514618121980973
4527,ms_other_homewin,market_outcome_v2,challenger_20260307,0.005796874971204925,1.1289867312832136,1.514618121980973
4527,ms_other_awaywin,market_outcome_v2,challenger_20260307,0.011670921453434745,1.1289867312832136,1.514618121980973
4528,1x2_h,market_outcome_v2,challenger_20260307,0.5431203362899982,1.712088267207735,0.990649068700101
4528,1x2_d,market_outcome_v2,challenger_20260307,0.23901149712887995,1.712088267207735,0.990649068700101
4528,1x2_a,market_outcome_v2,challenger_20260307,0.21786816658112165,1.712088267207735,0.990649068700101
4528,dc_1x,market_outcome_v2,challenger_20260307,0.7821318334188782,1.712088267207735,0.990649068700101
4528,dc_x2,market_outcome_v2,challenger_20260307,0.4568796637100016,1.712088267207735,0.990649068700101
4528,dc_12,market_outcome_v2,challenger_20260307,0.7609885028711199,1.712088267207735,0.990649068700101
4528,o15,market_outcome_v2,challenger_20260307,0.751835391747059,1.712088267207735,0.990649068700101
4528,u35,market_outcome_v2,challenger_20260307,0.7134899879231631,1.712088267207735,0.990649068700101
4528,ah_h05,market_outcome_v2,challenger_20260307,0.5431203362899982,1.712088267207735,0.990649068700101
4528,ah_a05,market_outcome_v2,challenger_20260307,0.21786816658112165,1.712088267207735,0.990649068700101
4528,ah_h15,market_outcome_v2,challenger_20260307,0.29931778261157915,1.712088267207735,0.990649068700101
4528,ah_a15,market_outcome_v2,challenger_20260307,0.07679905386409179,1.712088267207735,0.990649068700101
4528,eh_h1,market_outcome_v2,challenger_20260307,0.29931778261157915,1.712088267207735,0.990649068700101
4528,eh_a1,market_outcome_v2,challenger_20260307,0.07679905386409179,1.712088267207735,0.990649068700101
4528,mg_0,market_outcome_v2,challenger_20260307,0.06702193154408449,1.712088267207735,0.990649068700101
4528,mg_1_2,market_outcome_v2,challenger_20260307,0.4259332144425107,1.712088267207735,0.990649068700101
4528,mg_1_3,market_outcome_v2,challenger_20260307,0.6464680563790786,1.712088267207735,0.990649068700101
4528,mg_1_4,market_outcome_v2,challenger_20260307,0.7954799941717023,1.712088267207735,0.990649068700101
4528,mg_1_5,market_outcome_v2,challenger_20260307,0.8760280197253224,1.712088267207735,0.990649068700101
4528,mg_1_6,market_outcome_v2,challenger_20260307,0.912311379058227,1.712088267207735,0.990649068700101
4528,mg_2_3,market_outcome_v2,challenger_20260307,0.46532537967022225,1.712088267207735,0.990649068700101
4528,mg_2_4,market_outcome_v2,challenger_20260307,0.614337317462846,1.712088267207735,0.990649068700101
4528,mg_2_5,market_outcome_v2,challenger_20260307,0.694885343016466,1.712088267207735,0.990649068700101
4528,mg_2_6,market_outcome_v2,challenger_20260307,0.7311687023493707,1.712088267207735,0.990649068700101
4528,mg_3_4,market_outcome_v2,challenger_20260307,0.3695467797291917,1.712088267207735,0.990649068700101
4528,mg_3_5,market_outcome_v2,challenger_20260307,0.45009480528281176,1.712088267207735,0.990649068700101
4528,mg_3_6,market_outcome_v2,challenger_20260307,0.4863781646157162,1.712088267207735,0.990649068700101
4528,mg_4_5,market_outcome_v2,challenger_20260307,0.22955996334624384,1.712088267207735,0.990649068700101
4528,mg_4_6,market_outcome_v2,challenger_20260307,0.2658433226791484,1.712088267207735,0.990649068700101
4528,mg_5_6,market_outcome_v2,challenger_20260307,0.11683138488652461,1.712088267207735,0.990649068700101
4528,mg_7p,market_outcome_v2,challenger_20260307,0.020666689397688443,1.712088267207735,0.990649068700101
4528,hmg_0,market_outcome_v2,challenger_20260307,0.18048884257407516,1.712088267207735,0.990649068700101
4528,hmg_1_2,market_outcome_v2,challenger_20260307,0.5735414498342247,1.712088267207735,0.990649068700101
4528,hmg_1_3,market_outcome_v2,challenger_20260307,0.7245068987728902,1.712088267207735,0.990649068700101
4528,hmg_2_3,market_outcome_v2,challenger_20260307,0.41549406903991215,1.712088267207735,0.990649068700101
4528,hmg_4p,market_outcome_v2,challenger_20260307,0.09500425865303455,1.712088267207735,0.990649068700101
4528,amg_0,market_outcome_v2,challenger_20260307,0.3713355938696196,1.712088267207735,0.990649068700101
4528,amg_1_2,market_outcome_v2,challenger_20260307,0.550074958326066,1.712088267207735,0.990649068700101
4528,amg_1_3,market_outcome_v2,challenger_20260307,0.6102442413304351,1.712088267207735,0.990649068700101
4528,amg_2_3,market_outcome_v2,challenger_20260307,0.24238098108829748,1.712088267207735,0.990649068700101
4528,amg_4p,market_outcome_v2,challenger_20260307,0.018420164799945113,1.712088267207735,0.990649068700101
4528,ms_h_1_0_2_0_3_0,market_outcome_v2,challenger_20260307,0.2690351995184676,1.712088267207735,0.990649068700101
4528,ms_a_0_1_0_2_0_3,market_outcome_v2,challenger_20260307,0.11014227680522486,1.712088267207735,0.990649068700101
4528,ms_h_4_0_5_0_6_0,market_outcome_v2,challenger_20260307,0.03455498843085636,1.712088267207735,0.990649068700101
4528,ms_a_0_4_0_5_0_6,market_outcome_v2,challenger_20260307,0.003310454193024636,1.712088267207735,0.990649068700101
4528,ms_h_2_1_3_1_4_1,market_outcome_v2,challenger_20260307,0.17661505519489654,1.712088267207735,0.990649068700101
4528,ms_h_1_2_1_3_1_4,market_outcome_v2,challenger_20260307,0.07950363728621812,1.712088267207735,0.990649068700101
4528,ms_h_3_2_4_2_5_1,market_outcome_v2,challenger_20260307,0.04742084645988049,1.712088267207735,0.990649068700101
4528,ms_a_2_3_2_4_1_5,market_outcome_v2,challenger_20260307,0.020770762285917725,1.712088267207735,0.990649068700101
4528,ms_draw,market_outcome_v2,challenger_20260307,0.23901149712887995,1.712088267207735,0.990649068700101
4528,ms_other_homewin,market_outcome_v2,challenger_20260307,0.015494246685897254,1.712088267207735,0.990649068700101
4528,ms_other_awaywin,market_outcome_v2,challenger_20260307,0.004141036010736303,1.712088267207735,0.990649068700101
4529,1x2_h,market_outcome_v2,challenger_20260307,0.41770156808206044,1.4291157706129227,1.2251021123931884
4529,1x2_d,market_outcome_v2,challenger_20260307,0.25916546003178165,1.4291157706129227,1.2251021123931884
4529,1x2_a,market_outcome_v2,challenger_20260307,0.3231329718861578,1.4291157706129227,1.2251021123931884
4529,dc_1x,market_outcome_v2,challenger_20260307,0.676867028113842,1.4291157706129227,1.2251021123931884
4529,dc_x2,market_outcome_v2,challenger_20260307,0.5822984319179394,1.4291157706129227,1.2251021123931884
4529,dc_12,market_outcome_v2,challenger_20260307,0.7408345399682182,1.4291157706129227,1.2251021123931884
4529,o15,market_outcome_v2,challenger_20260307,0.7429116236469929,1.4291157706129227,1.2251021123931884
4529,u35,market_outcome_v2,challenger_20260307,0.7241588719603306,1.4291157706129227,1.2251021123931884
4529,ah_h05,market_outcome_v2,challenger_20260307,0.41770156808206044,1.4291157706129227,1.2251021123931884
4529,ah_a05,market_outcome_v2,challenger_20260307,0.3231329718861578,1.4291157706129227,1.2251021123931884
4529,ah_h15,market_outcome_v2,challenger_20260307,0.19936232185054237,1.4291157706129227,1.2251021123931884
4529,ah_a15,market_outcome_v2,challenger_20260307,0.13596278086528027,1.4291157706129227,1.2251021123931884
4529,eh_h1,market_outcome_v2,challenger_20260307,0.19936232185054237,1.4291157706129227,1.2251021123931884
4529,eh_a1,market_outcome_v2,challenger_20260307,0.13596278086528027,1.4291157706129227,1.2251021123931884
4529,mg_0,market_outcome_v2,challenger_20260307,0.07035387176790772,1.4291157706129227,1.2251021123931884
4529,mg_1_2,market_outcome_v2,challenger_20260307,0.4345515353071282,1.4291157706129227,1.2251021123931884
4529,mg_1_3,market_outcome_v2,challenger_20260307,0.6538050001924227,1.4291157706129227,1.2251021123931884
4529,mg_1_4,market_outcome_v2,challenger_20260307,0.7992916170448231,1.4291157706129227,1.2251021123931884
4529,mg_1_5,market_outcome_v2,challenger_20260307,0.876522253082363,1.4291157706129227,1.2251021123931884
4529,mg_1_6,market_outcome_v2,challenger_20260307,0.9106867422968254,1.4291157706129227,1.2251021123931884
4529,mg_2_3,market_outcome_v2,challenger_20260307,0.46707049560732333,1.4291157706129227,1.2251021123931884
4529,mg_2_4,market_outcome_v2,challenger_20260307,0.6125571124597237,1.4291157706129227,1.2251021123931884
4529,mg_2_5,market_outcome_v2,challenger_20260307,0.6897877484972635,1.4291157706129227,1.2251021123931884
4529,mg_2_6,market_outcome_v2,challenger_20260307,0.7239522377117258,1.4291157706129227,1.2251021123931884
4529,mg_3_4,market_outcome_v2,challenger_20260307,0.3647400817376949,1.4291157706129227,1.2251021123931884
4529,mg_3_5,market_outcome_v2,challenger_20260307,0.4419707177752346,1.4291157706129227,1.2251021123931884
4529,mg_3_6,market_outcome_v2,challenger_20260307,0.4761352069896971,1.4291157706129227,1.2251021123931884
4529,mg_4_5,market_outcome_v2,challenger_20260307,0.22271725288994015,1.4291157706129227,1.2251021123931884
4529,mg_4_6,market_outcome_v2,challenger_20260307,0.2568817421044025,1.4291157706129227,1.2251021123931884
4529,mg_5_6,market_outcome_v2,challenger_20260307,0.11139512525200224,1.4291157706129227,1.2251021123931884
4529,mg_7p,market_outcome_v2,challenger_20260307,0.01895938593526691,1.4291157706129227,1.2251021123931884
4529,hmg_0,market_outcome_v2,challenger_20260307,0.2395207025537421,1.4291157706129227,1.2251021123931884
4529,hmg_1_2,market_outcome_v2,challenger_20260307,0.586897987890998,1.4291157706129227,1.2251021123931884
4529,hmg_1_3,market_outcome_v2,challenger_20260307,0.7034162616475652,1.4291157706129227,1.2251021123931884
4529,hmg_2_3,market_outcome_v2,challenger_20260307,0.36111344823972524,1.4291157706129227,1.2251021123931884
4529,hmg_4p,market_outcome_v2,challenger_20260307,0.05706303579869278,1.4291157706129227,1.2251021123931884
4529,amg_0,market_outcome_v2,challenger_20260307,0.29372772799095376,1.4291157706129227,1.2251021123931884
4529,amg_1_2,market_outcome_v2,challenger_20260307,0.5802707891902552,1.4291157706129227,1.2251021123931884
4529,amg_1_3,market_outcome_v2,challenger_20260307,0.6702848929492126,1.4291157706129227,1.2251021123931884
4529,amg_2_3,market_outcome_v2,challenger_20260307,0.3104384329190432,1.4291157706129227,1.2251021123931884
4529,amg_4p,market_outcome_v2,challenger_20260307,0.03598737905983358,1.4291157706129227,1.2251021123931884
4529,ms_h_1_0_2_0_3_0,market_outcome_v2,challenger_20260307,0.2066128603656296,1.4291157706129227,1.2251021123931884
4529,ms_a_0_1_0_2_0_3,market_outcome_v2,challenger_20260307,0.16054710847035525,1.4291157706129227,1.2251021123931884
4529,ms_h_4_0_5_0_6_0,market_outcome_v2,challenger_20260307,0.016555172398865475,1.4291157706129227,1.2251021123931884
4529,ms_a_0_4_0_5_0_6,market_outcome_v2,challenger_20260307,0.008551697230835278,1.4291157706129227,1.2251021123931884
4529,ms_h_2_1_3_1_4_1,market_outcome_v2,challenger_20260307,0.14492563345535028,1.4291157706129227,1.2251021123931884
4529,ms_h_1_2_1_3_1_4,market_outcome_v2,challenger_20260307,0.11570093534688318,1.4291157706129227,1.2251021123931884
4529,ms_h_3_2_4_2_5_1,market_outcome_v2,challenger_20260307,0.0391413213055388,1.4291157706129227,1.2251021123931884
4529,ms_a_2_3_2_4_1_5,market_outcome_v2,challenger_20260307,0.031072542825206235,1.4291157706129227,1.2251021123931884
4529,ms_draw,market_outcome_v2,challenger_20260307,0.25916546003178165,1.4291157706129227,1.2251021123931884
4529,ms_other_homewin,market_outcome_v2,challenger_20260307,0.010466580556676342,1.4291157706129227,1.2251021123931884
4529,ms_other_awaywin,market_outcome_v2,challenger_20260307,0.0072606880128779,1.4291157706129227,1.2251021123931884
4530,1x2_h,market_outcome_v2,challenger_20260307,0.5550420613899831,1.7534742102683372,0.9819797909241068
4530,1x2_d,market_outcome_v2,challenger_20260307,0.23489222907383028,1.7534742102683372,0.9819797909241068
4530,1x2_a,market_outcome_v2,challenger_20260307,0.21006570953618647,1.7534742102683372,0.9819797909241068
4530,dc_1x,market_outcome_v2,challenger_20260307,0.7899342904638134,1.7534742102683372,0.9819797909241068
4530,dc_x2,market_outcome_v2,challenger_20260307,0.44495793861001676,1.7534742102683372,0.9819797909241068
4530,dc_12,market_outcome_v2,challenger_20260307,0.7651077709261696,1.7534742102683372,0.9819797909241068
4530,o15,market_outcome_v2,challenger_20260307,0.75770085640051,1.7534742102683372,0.9819797909241068
4530,u35,market_outcome_v2,challenger_20260307,0.7062627005908378,1.7534742102683372,0.9819797909241068
4530,ah_h05,market_outcome_v2,challenger_20260307,0.5550420613899831,1.7534742102683372,0.9819797909241068
4530,ah_a05,market_outcome_v2,challenger_20260307,0.21006570953618647,1.7534742102683372,0.9819797909241068
4530,ah_h15,market_outcome_v2,challenger_20260307,0.3108797984778855,1.7534742102683372,0.9819797909241068
4530,ah_a15,market_outcome_v2,challenger_20260307,0.07333007551206983,1.7534742102683372,0.9819797909241068
4530,eh_h1,market_outcome_v2,challenger_20260307,0.3108797984778855,1.7534742102683372,0.9819797909241068
4530,eh_a1,market_outcome_v2,challenger_20260307,0.07333007551206983,1.7534742102683372,0.9819797909241068
4530,mg_0,market_outcome_v2,challenger_20260307,0.06486471082822666,1.7534742102683372,0.9819797909241068
4530,mg_1_2,market_outcome_v2,challenger_20260307,0.4201162973079956,1.7534742102683372,0.9819797909241068
4530,mg_1_3,market_outcome_v2,challenger_20260307,0.6413979897626112,1.7534742102683372,0.9819797909241068
4530,mg_1_4,market_outcome_v2,challenger_20260307,0.7927244625165146,1.7534742102683372,0.9819797909241068
4530,mg_1_5,market_outcome_v2,challenger_20260307,0.8755137835927155,1.7534742102683372,0.9819797909241068
4530,mg_1_6,market_outcome_v2,challenger_20260307,0.9132581801916989,1.7534742102683372,0.9819797909241068
4530,mg_2_3,market_outcome_v2,challenger_20260307,0.46396355699134767,1.7534742102683372,0.9819797909241068
4530,mg_2_4,market_outcome_v2,challenger_20260307,0.6152900297452512,1.7534742102683372,0.9819797909241068
4530,mg_2_5,market_outcome_v2,challenger_20260307,0.6980793508214522,1.7534742102683372,0.9819797909241068
4530,mg_2_6,market_outcome_v2,challenger_20260307,0.7358237474204353,1.7534742102683372,0.9819797909241068
4530,mg_3_4,market_outcome_v2,challenger_20260307,0.372608165208519,1.7534742102683372,0.9819797909241068
4530,mg_3_5,market_outcome_v2,challenger_20260307,0.45539748628472004,1.7534742102683372,0.9819797909241068
4530,mg_3_6,market_outcome_v2,challenger_20260307,0.4931418828837032,1.7534742102683372,0.9819797909241068
4530,mg_4_5,market_outcome_v2,challenger_20260307,0.23411579383010442,1.7534742102683372,0.9819797909241068
4530,mg_4_6,market_outcome_v2,challenger_20260307,0.27186019042908766,1.7534742102683372,0.9819797909241068
4530,mg_5_6,market_outcome_v2,challenger_20260307,0.12053371767518421,1.7534742102683372,0.9819797909241068
4530,mg_7p,market_outcome_v2,challenger_20260307,0.02187710898007458,1.7534742102683372,0.9819797909241068
4530,hmg_0,market_outcome_v2,challenger_20260307,0.17317168678017386,1.7534742102683372,0.9819797909241068
4530,hmg_1_2,market_outcome_v2,challenger_20260307,0.5698751381945281,1.7534742102683372,0.9819797909241068
4530,hmg_1_3,market_outcome_v2,challenger_20260307,0.7254802231757134,1.7534742102683372,0.9819797909241068
4530,hmg_2_3,market_outcome_v2,challenger_20260307,0.42182813645801215,1.7534742102683372,0.9819797909241068
4530,hmg_4p,market_outcome_v2,challenger_20260307,0.10134809004411278,1.7534742102683372,0.9819797909241068
4530,amg_0,market_outcome_v2,challenger_20260307,0.37456879952071304,1.7534742102683372,0.9819797909241068
4530,amg_1_2,market_outcome_v2,challenger_20260307,0.5484143995961485,1.7534742102683372,0.9819797909241068
4530,amg_1_3,market_outcome_v2,challenger_20260307,0.6075280799771435,1.7534742102683372,0.9819797909241068
4530,amg_2_3,market_outcome_v2,challenger_20260307,0.2397090885371,1.7534742102683372,0.9819797909241068
4530,amg_4p,market_outcome_v2,challenger_20260307,0.01790312050214352,1.7534742102683372,0.9819797909241068
4530,ms_h_1_0_2_0_3_0,market_outcome_v2,challenger_20260307,0.27174225627094595,1.7534742102683372,0.9819797909241068
4530,ms_a_0_1_0_2_0_3,market_outcome_v2,challenger_20260307,0.10520666237596231,1.7534742102683372,0.9819797909241068
4530,ms_h_4_0_5_0_6_0,market_outcome_v2,challenger_20260307,0.037129179656647034,1.7534742102683372,0.9819797909241068
4530,ms_a_0_4_0_5_0_6,market_outcome_v2,challenger_20260307,0.0030874242501981873,1.7534742102683372,0.9819797909241068
4530,ms_h_2_1_3_1_4_1,market_outcome_v2,challenger_20260307,0.18024620701119382,1.7534742102683372,0.9819797909241068
4530,ms_h_1_2_1_3_1_4,market_outcome_v2,challenger_20260307,0.07719479738580641,1.7534742102683372,0.9819797909241068
4530,ms_h_3_2_4_2_5_1,market_outcome_v2,challenger_20260307,0.049219271703426784,1.7534742102683372,0.9819797909241068
4530,ms_a_2_3_2_4_1_5,market_outcome_v2,challenger_20260307,0.020466327351092238,1.7534742102683372,0.9819797909241068
4530,ms_draw,market_outcome_v2,challenger_20260307,0.23489222907383028,1.7534742102683372,0.9819797909241068
4530,ms_other_homewin,market_outcome_v2,challenger_20260307,0.01670514674776965,1.7534742102683372,0.9819797909241068
4530,ms_other_awaywin,market_outcome_v2,challenger_20260307,0.004110498173127428,1.7534742102683372,0.9819797909241068
4916,1x2_h,market_outcome_v2,challenger_20260307,0.43639568071099427,1.4368693557814867,1.1500022699279049
4916,1x2_d,market_outcome_v2,challenger_20260307,0.2614497505540032,1.4368693557814867,1.1500022699279049
4916,1x2_a,market_outcome_v2,challenger_20260307,0.3021545687350025,1.4368693557814867,1.1500022699279049
4916,dc_1x,market_outcome_v2,challenger_20260307,0.6978454312649975,1.4368693557814867,1.1500022699279049
4916,dc_x2,market_outcome_v2,challenger_20260307,0.5636043192890057,1.4368693557814867,1.1500022699279049
4916,dc_12,market_outcome_v2,challenger_20260307,0.7385502494459968,1.4368693557814867,1.1500022699279049
4916,o15,market_outcome_v2,challenger_20260307,0.7300695138113208,1.4368693557814867,1.1500022699279049
4916,u35,market_outcome_v2,challenger_20260307,0.7388553919923848,1.4368693557814867,1.1500022699279049
4916,ah_h05,market_outcome_v2,challenger_20260307,0.43639568071099427,1.4368693557814867,1.1500022699279049
4916,ah_a05,market_outcome_v2,challenger_20260307,0.3021545687350025,1.4368693557814867,1.1500022699279049
4916,ah_h15,market_outcome_v2,challenger_20260307,0.21063741590621762,1.4368693557814867,1.1500022699279049
4916,ah_a15,market_outcome_v2,challenger_20260307,0.12146833171850327,1.4368693557814867,1.1500022699279049
4916,eh_h1,market_outcome_v2,challenger_20260307,0.21063741590621762,1.4368693557814867,1.1500022699279049
4916,eh_a1,market_outcome_v2,challenger_20260307,0.12146833171850327,1.4368693557814867,1.1500022699279049
4916,mg_0,market_outcome_v2,challenger_20260307,0.07525512880191072,1.4368693557814867,1.1500022699279049
4916,mg_1_2,market_outcome_v2,challenger_20260307,0.4464754365111016,1.4368693557814867,1.1500022699279049
4916,mg_1_3,market_outcome_v2,challenger_20260307,0.663600263190474,1.4368693557814867,1.1500022699279049
4916,mg_1_4,market_outcome_v2,challenger_20260307,0.8040187765339586,1.4368693557814867,1.1500022699279049
4916,mg_1_5,market_outcome_v2,challenger_20260307,0.8766677101124696,1.4368693557814867,1.1500022699279049
4916,mg_1_6,market_outcome_v2,challenger_20260307,0.9079899542645192,1.4368693557814867,1.1500022699279049
4916,mg_2_3,market_outcome_v2,challenger_20260307,0.46892490580370566,1.4368693557814867,1.1500022699279049
4916,mg_2_4,market_outcome_v2,challenger_20260307,0.6093434191471901,1.4368693557814867,1.1500022699279049
4916,mg_2_5,market_outcome_v2,challenger_20260307,0.6819923527257012,1.4368693557814867,1.1500022699279049
4916,mg_2_6,market_outcome_v2,challenger_20260307,0.7133145968777508,1.4368693557814867,1.1500022699279049
4916,mg_3_4,market_outcome_v2,challenger_20260307,0.3575433400228569,1.4368693557814867,1.1500022699279049
4916,mg_3_5,market_outcome_v2,challenger_20260307,0.4301922736013681,1.4368693557814867,1.1500022699279049
4916,mg_3_6,market_outcome_v2,challenger_20260307,0.4615145177534175,1.4368693557814867,1.1500022699279049
4916,mg_4_5,market_outcome_v2,challenger_20260307,0.21306744692199567,1.4368693557814867,1.1500022699279049
4916,mg_4_6,market_outcome_v2,challenger_20260307,0.24438969107404512,1.4368693557814867,1.1500022699279049
4916,mg_5_6,market_outcome_v2,challenger_20260307,0.10397117773056057,1.4368693557814867,1.1500022699279049
4916,mg_7p,market_outcome_v2,challenger_20260307,0.01675491693357014,1.4368693557814867,1.1500022699279049
4916,hmg_0,market_outcome_v2,challenger_20260307,0.23767074400194496,1.4368693557814867,1.1500022699279049
4916,hmg_1_2,market_outcome_v2,challenger_20260307,0.5868485508424515,1.4368693557814867,1.1500022699279049
4916,hmg_1_3,market_outcome_v2,challenger_20260307,0.7043589558923687,1.4368693557814867,1.1500022699279049
4916,hmg_2_3,market_outcome_v2,challenger_20260307,0.36285714707018735,1.4368693557814867,1.1500022699279049
4916,hmg_4p,market_outcome_v2,challenger_20260307,0.057970300105686406,1.4368693557814867,1.1500022699279049
4916,amg_0,market_outcome_v2,challenger_20260307,0.3166360635505684,1.4368693557814867,1.1500022699279049
4916,amg_1_2,market_outcome_v2,challenger_20260307,0.573508615400011,1.4368693557814867,1.1500022699279049
4916,amg_1_3,market_outcome_v2,challenger_20260307,0.653769736193871,1.4368693557814867,1.1500022699279049
4916,amg_2_3,market_outcome_v2,challenger_20260307,0.2896375443696811,1.4368693557814867,1.1500022699279049
4916,amg_4p,market_outcome_v2,challenger_20260307,0.029594200255560577,1.4368693557814867,1.1500022699279049
4916,ms_h_1_0_2_0_3_0,market_outcome_v2,challenger_20260307,0.22302544712034802,1.4368693557814867,1.1500022699279049
4916,ms_a_0_1_0_2_0_3,market_outcome_v2,challenger_20260307,0.15538193960715263,1.4368693557814867,1.1500022699279049
4916,ms_h_4_0_5_0_6_0,market_outcome_v2,challenger_20260307,0.018126572850041336,1.4368693557814867,1.1500022699279049
4916,ms_a_0_4_0_5_0_6,market_outcome_v2,challenger_20260307,0.006987433709286464,1.4368693557814867,1.1500022699279049
4916,ms_h_2_1_3_1_4_1,market_outcome_v2,challenger_20260307,0.14749863443343378,1.4368693557814867,1.1500022699279049
4916,ms_h_1_2_1_3_1_4,market_outcome_v2,challenger_20260307,0.10679193976399944,1.4368693557814867,1.1500022699279049
4916,ms_h_3_2_4_2_5_1,market_outcome_v2,challenger_20260307,0.03785918665893717,1.4368693557814867,1.1500022699279049
4916,ms_a_2_3_2_4_1_5,market_outcome_v2,challenger_20260307,0.027165657768543426,1.4368693557814867,1.1500022699279049
4916,ms_draw,market_outcome_v2,challenger_20260307,0.2614497505540032,1.4368693557814867,1.1500022699279049
4916,ms_other_homewin,market_outcome_v2,challenger_20260307,0.009885839648234017,1.4368693557814867,1.1500022699279049
4916,ms_other_awaywin,market_outcome_v2,challenger_20260307,0.005827597886020572,1.4368693557814867,1.1500022699279049
4917,1x2_h,market_outcome_v2,challenger_20260307,0.48605338235633766,1.591324696160864,1.1057995150726985
4917,1x2_d,market_outcome_v2,challenger_20260307,0.2495819642461784,1.591324696160864,1.1057995150726985
4917,1x2_a,market_outcome_v2,challenger_20260307,0.26436465339748405,1.591324696160864,1.1057995150726985
4917,dc_1x,market_outcome_v2,challenger_20260307,0.7356353466025161,1.591324696160864,1.1057995150726985
4917,dc_x2,market_outcome_v2,challenger_20260307,0.5139466176436625,1.591324696160864,1.1057995150726985
4917,dc_12,market_outcome_v2,challenger_20260307,0.7504180357538217,1.591324696160864,1.1057995150726985
4917,o15,market_outcome_v2,challenger_20260307,0.7508170549909106,1.591324696160864,1.1057995150726985
4917,u35,market_outcome_v2,challenger_20260307,0.7147268076321218,1.591324696160864,1.1057995150726985
4917,ah_h05,market_outcome_v2,challenger_20260307,0.48605338235633766,1.591324696160864,1.1057995150726985
4917,ah_a05,market_outcome_v2,challenger_20260307,0.26436465339748405,1.591324696160864,1.1057995150726985
4917,ah_h15,market_outcome_v2,challenger_20260307,0.2523196236507576,1.591324696160864,1.1057995150726985
4917,ah_a15,market_outcome_v2,challenger_20260307,0.10194482942548044,1.591324696160864,1.1057995150726985
4917,eh_h1,market_outcome_v2,challenger_20260307,0.2523196236507576,1.591324696160864,1.1057995150726985
4917,eh_a1,market_outcome_v2,challenger_20260307,0.10194482942548044,1.591324696160864,1.1057995150726985
4917,mg_0,market_outcome_v2,challenger_20260307,0.06739912720593948,1.591324696160864,1.1057995150726985
4917,mg_1_2,market_outcome_v2,challenger_20260307,0.4269305859068234,1.591324696160864,1.1057995150726985
4917,mg_1_3,market_outcome_v2,challenger_20260307,0.6473276804261825,1.591324696160864,1.1057995150726985
4917,mg_1_4,market_outcome_v2,challenger_20260307,0.7959372653546064,1.591324696160864,1.1057995150726985
4917,mg_1_5,market_outcome_v2,challenger_20260307,0.8761009672609708,1.591324696160864,1.1057995150726985
4917,mg_1_6,market_outcome_v2,challenger_20260307,0.9121362108065981,1.591324696160864,1.1057995150726985
4917,mg_2_3,market_outcome_v2,challenger_20260307,0.46554386262303243,1.591324696160864,1.1057995150726985
4917,mg_2_4,market_outcome_v2,challenger_20260307,0.6141534475514563,1.591324696160864,1.1057995150726985
4917,mg_2_5,market_outcome_v2,challenger_20260307,0.6943171494578206,1.591324696160864,1.1057995150726985
4917,mg_2_6,market_outcome_v2,challenger_20260307,0.7303523930034482,1.591324696160864,1.1057995150726985
4917,mg_3_4,market_outcome_v2,challenger_20260307,0.3690066794477828,1.591324696160864,1.1057995150726985
4917,mg_3_5,market_outcome_v2,challenger_20260307,0.4491703813541473,1.591324696160864,1.1057995150726985
4917,mg_3_6,market_outcome_v2,challenger_20260307,0.48520562489977487,1.591324696160864,1.1057995150726985
4917,mg_4_5,market_outcome_v2,challenger_20260307,0.2287732868347882,1.591324696160864,1.1057995150726985
4917,mg_4_6,market_outcome_v2,challenger_20260307,0.2648085303804158,1.591324696160864,1.1057995150726985
4917,mg_5_6,market_outcome_v2,challenger_20260307,0.11619894545199203,1.591324696160864,1.1057995150726985
4917,mg_7p,market_outcome_v2,challenger_20260307,0.0204646619874622,1.591324696160864,1.1057995150726985
4917,hmg_0,market_outcome_v2,challenger_20260307,0.20365584927034222,1.591324696160864,1.1057995150726985
4917,hmg_1_2,market_outcome_v2,challenger_20260307,0.5819428909948055,1.591324696160864,1.1057995150726985
4917,hmg_1_3,market_outcome_v2,challenger_20260307,0.7187227167043697,1.591324696160864,1.1057995150726985
4917,hmg_2_3,market_outcome_v2,challenger_20260307,0.3946401342428596,1.591324696160864,1.1057995150726985
4917,hmg_4p,market_outcome_v2,challenger_20260307,0.07762143402528814,1.591324696160864,1.1057995150726985
4917,amg_0,market_outcome_v2,challenger_20260307,0.3309461891097994,1.591324696160864,1.1057995150726985
4917,amg_1_2,market_outcome_v2,challenger_20260307,0.5682994055815239,1.591324696160864,1.1057995150726985
4917,amg_1_3,market_outcome_v2,challenger_20260307,0.6428816278517412,1.591324696160864,1.1057995150726985
4917,amg_2_3,market_outcome_v2,challenger_20260307,0.2769214924189674,1.591324696160864,1.1057995150726985
4917,amg_4p,market_outcome_v2,challenger_20260307,0.026172183038459435,1.591324696160864,1.1057995150726985
4917,ms_h_1_0_2_0_3_0,market_outcome_v2,challenger_20260307,0.2378585441199531,1.591324696160864,1.1057995150726985
4917,ms_a_0_1_0_2_0_3,market_outcome_v2,challenger_20260307,0.13092660390044641,1.591324696160864,1.1057995150726985
4917,ms_h_4_0_5_0_6_0,market_outcome_v2,challenger_20260307,0.025260121034851667,1.591324696160864,1.1057995150726985
4917,ms_a_0_4_0_5_0_6,market_outcome_v2,challenger_20260307,0.005298834024977189,1.591324696160864,1.1057995150726985
4917,ms_h_2_1_3_1_4_1,market_outcome_v2,challenger_20260307,0.1643363797180122,1.591324696160864,1.1057995150726985
4917,ms_h_1_2_1_3_1_4,market_outcome_v2,challenger_20260307,0.09642744691054177,1.591324696160864,1.1057995150726985
4917,ms_h_3_2_4_2_5_1,market_outcome_v2,challenger_20260307,0.04502414945680447,1.591324696160864,1.1057995150726985
4917,ms_a_2_3_2_4_1_5,market_outcome_v2,challenger_20260307,0.026026215879883373,1.591324696160864,1.1057995150726985
4917,ms_draw,market_outcome_v2,challenger_20260307,0.2495819642461784,1.591324696160864,1.1057995150726985
4917,ms_other_homewin,market_outcome_v2,challenger_20260307,0.013574188026716172,1.591324696160864,1.1057995150726985
4917,ms_other_awaywin,market_outcome_v2,challenger_20260307,0.005685552681635197,1.591324696160864,1.1057995150726985
4918,1x2_h,market_outcome_v2,challenger_20260307,0.4133853804977864,1.4303363283631305,1.2464118428103235
4918,1x2_d,market_outcome_v2,challenger_20260307,0.25819848766802167,1.4303363283631305,1.2464118428103235
4918,1x2_a,market_outcome_v2,challenger_20260307,0.328416131834192,1.4303363283631305,1.2464118428103235
4918,dc_1x,market_outcome_v2,challenger_20260307,0.6715838681658081,1.4303363283631305,1.2464118428103235
4918,dc_x2,market_outcome_v2,challenger_20260307,0.5866146195022137,1.4303363283631305,1.2464118428103235
4918,dc_12,market_outcome_v2,challenger_20260307,0.7418015123319783,1.4303363283631305,1.2464118428103235
4918,o15,market_outcome_v2,challenger_20260307,0.7470893513082094,1.4303363283631305,1.2464118428103235
4918,u35,market_outcome_v2,challenger_20260307,0.7192119613556762,1.4303363283631305,1.2464118428103235
4918,ah_h05,market_outcome_v2,challenger_20260307,0.4133853804977864,1.4303363283631305,1.2464118428103235
4918,ah_a05,market_outcome_v2,challenger_20260307,0.328416131834192,1.4303363283631305,1.2464118428103235
4918,ah_h15,market_outcome_v2,challenger_20260307,0.1969981028736897,1.4303363283631305,1.2464118428103235
4918,ah_a15,market_outcome_v2,challenger_20260307,0.13985372164021234,1.4303363283631305,1.2464118428103235
4918,eh_h1,market_outcome_v2,challenger_20260307,0.1969981028736897,1.4303363283631305,1.2464118428103235
4918,eh_a1,market_outcome_v2,challenger_20260307,0.13985372164021234,1.4303363283631305,1.2464118428103235
4918,mg_0,market_outcome_v2,challenger_20260307,0.06878650288716204,1.4303363283631305,1.2464118428103235
4918,mg_1_2,market_outcome_v2,challenger_20260307,0.4305511310803355,1.4303363283631305,1.2464118428103235
4918,mg_1_3,market_outcome_v2,challenger_20260307,0.6504254584685141,1.4303363283631305,1.2464118428103235
4918,mg_1_4,market_outcome_v2,challenger_20260307,0.7975625093995894,1.4303363283631305,1.2464118428103235
4918,mg_1_5,market_outcome_v2,challenger_20260307,0.8763322757979114,1.4303363283631305,1.2464118428103235
4918,mg_1_6,market_outcome_v2,challenger_20260307,0.9114734138229897,1.4303363283631305,1.2464118428103235
4918,mg_2_3,market_outcome_v2,challenger_20260307,0.46630131266388564,1.4303363283631305,1.2464118428103235
4918,mg_2_4,market_outcome_v2,challenger_20260307,0.6134383635949608,1.4303363283631305,1.2464118428103235
4918,mg_2_5,market_outcome_v2,challenger_20260307,0.692208129993283,1.4303363283631305,1.2464118428103235
4918,mg_2_6,market_outcome_v2,challenger_20260307,0.7273492680183612,1.4303363283631305,1.2464118428103235
4918,mg_3_4,market_outcome_v2,challenger_20260307,0.36701137831925384,1.4303363283631305,1.2464118428103235
4918,mg_3_5,market_outcome_v2,challenger_20260307,0.445781144717576,1.4303363283631305,1.2464118428103235
4918,mg_3_6,market_outcome_v2,challenger_20260307,0.4809222827426542,1.4303363283631305,1.2464118428103235
4918,mg_4_5,market_outcome_v2,challenger_20260307,0.22590681732939732,1.4303363283631305,1.2464118428103235
4918,mg_4_6,market_outcome_v2,challenger_20260307,0.2610479553544755,1.4303363283631305,1.2464118428103235
4918,mg_5_6,market_outcome_v2,challenger_20260307,0.11391090442340034,1.4303363283631305,1.2464118428103235
4918,mg_7p,market_outcome_v2,challenger_20260307,0.019740083289848345,1.4303363283631305,1.2464118428103235
4918,hmg_0,market_outcome_v2,challenger_20260307,0.23922853273307526,1.4303363283631305,1.2464118428103235
4918,hmg_1_2,market_outcome_v2,challenger_20260307,0.5868915448298223,1.4303363283631305,1.2464118428103235
4918,hmg_1_3,market_outcome_v2,challenger_20260307,0.7035661215024427,1.4303363283631305,1.2464118428103235
4918,hmg_2_3,market_outcome_v2,challenger_20260307,0.36138886035331674,1.4303363283631305,1.2464118428103235
4918,hmg_4p,market_outcome_v2,challenger_20260307,0.057205345764482024,1.4303363283631305,1.2464118428103235
4918,amg_0,market_outcome_v2,challenger_20260307,0.28753469371444984,1.4303363283631305,1.2464118428103235
4918,amg_1_2,market_outcome_v2,challenger_20260307,0.5817353283169683,1.4303363283631305,1.2464118428103235
4918,amg_1_3,market_outcome_v2,challenger_20260307,0.6745301419471493,1.4303363283631305,1.2464118428103235
4918,amg_2_3,market_outcome_v2,challenger_20260307,0.31614349448261997,1.4303363283631305,1.2464118428103235
4918,amg_4p,market_outcome_v2,challenger_20260307,0.0379351643384009,1.4303363283631305,1.2464118428103235
4918,ms_h_1_0_2_0_3_0,market_outcome_v2,challenger_20260307,0.20229966925406825,1.4303363283631305,1.2464118428103235
4918,ms_a_0_1_0_2_0_3,market_outcome_v2,challenger_20260307,0.16136685614224955,1.4303363283631305,1.2464118428103235
4918,ms_h_4_0_5_0_6_0,market_outcome_v2,challenger_20260307,0.016246041999389525,1.4303363283631305,1.2464118428103235
4918,ms_a_0_4_0_5_0_6,market_outcome_v2,challenger_20260307,0.00899990565859475,1.4303363283631305,1.2464118428103235
4918,ms_h_2_1_3_1_4_1,market_outcome_v2,challenger_20260307,0.14446918116306856,1.4303363283631305,1.2464118428103235
4918,ms_h_1_2_1_3_1_4,market_outcome_v2,challenger_20260307,0.11807121802631654,1.4303363283631305,1.2464118428103235
4918,ms_h_3_2_4_2_5_1,market_outcome_v2,challenger_20260307,0.03965478286198933,1.4303363283631305,1.2464118428103235
4918,ms_a_2_3_2_4_1_5,market_outcome_v2,challenger_20260307,0.032250589211933973,1.4303363283631305,1.2464118428103235
4918,ms_draw,market_outcome_v2,challenger_20260307,0.25819848766802167,1.4303363283631305,1.2464118428103235
4918,ms_other_homewin,market_outcome_v2,challenger_20260307,0.010715705219270677,1.4303363283631305,1.2464118428103235
4918,ms_other_awaywin,market_outcome_v2,challenger_20260307,0.00772756279509715,1.4303363283631305,1.2464118428103235
5912,1x2_h,market_outcome_v2,challenger_20260307,0.569146358380267,1.8087213603503367,0.9767401264679514
5912,1x2_d,market_outcome_v2,challenger_20260307,0.22941862174217417,1.8087213603503367,0.9767401264679514
5912,1x2_a,market_outcome_v2,challenger_20260307,0.2014350198775587,1.8087213603503367,0.9767401264679514
5912,dc_1x,market_outcome_v2,challenger_20260307,0.7985649801224411,1.8087213603503367,0.9767401264679514
5912,dc_x2,market_outcome_v2,challenger_20260307,0.4308536416197329,1.8087213603503367,0.9767401264679514
5912,dc_12,market_outcome_v2,challenger_20260307,0.7705813782578257,1.8087213603503367,0.9767401264679514
5912,o15,market_outcome_v2,challenger_20260307,0.7664339577303851,1.8087213603503367,0.9767401264679514
5912,u35,market_outcome_v2,challenger_20260307,0.695172570698952,1.8087213603503367,0.9767401264679514
5912,ah_h05,market_outcome_v2,challenger_20260307,0.569146358380267,1.8087213603503367,0.9767401264679514
5912,ah_a05,market_outcome_v2,challenger_20260307,0.2014350198775587,1.8087213603503367,0.9767401264679514
5912,ah_h15,market_outcome_v2,challenger_20260307,0.32526850653049527,1.8087213603503367,0.9767401264679514
5912,ah_a15,market_outcome_v2,challenger_20260307,0.06973685504119066,1.8087213603503367,0.9767401264679514
5912,eh_h1,market_outcome_v2,challenger_20260307,0.32526850653049527,1.8087213603503367,0.9767401264679514
5912,eh_a1,market_outcome_v2,challenger_20260307,0.06973685504119066,1.8087213603503367,0.9767401264679514
5912,mg_0,market_outcome_v2,challenger_20260307,0.06170081060999748,1.8087213603503367,0.9767401264679514
5912,mg_1_2,market_outcome_v2,challenger_20260307,0.4112272235151006,1.8087213603503367,0.9767401264679514
5912,mg_1_3,market_outcome_v2,challenger_20260307,0.6334717600889546,1.8087213603503367,0.9767401264679514
5912,mg_1_4,market_outcome_v2,challenger_20260307,0.7882351594095166,1.8087213603503367,0.9767401264679514
5912,mg_1_5,market_outcome_v2,challenger_20260307,0.8744526570848178,1.8087213603503367,0.9767401264679514
5912,mg_1_6,market_outcome_v2,challenger_20260307,0.9144785769622173,1.8087213603503367,0.9767401264679514
5912,mg_2_3,market_outcome_v2,challenger_20260307,0.4616065284293373,1.8087213603503367,0.9767401264679514
5912,mg_2_4,market_outcome_v2,challenger_20260307,0.6163699277498994,1.8087213603503367,0.9767401264679514
5912,mg_2_5,market_outcome_v2,challenger_20260307,0.7025874254252005,1.8087213603503367,0.9767401264679514
5912,mg_2_6,market_outcome_v2,challenger_20260307,0.7426133453026,1.8087213603503367,0.9767401264679514
5912,mg_3_4,market_outcome_v2,challenger_20260307,0.3770079358944161,1.8087213603503367,0.9767401264679514
5912,mg_3_5,market_outcome_v2,challenger_20260307,0.4632254335697171,1.8087213603503367,0.9767401264679514
5912,mg_3_6,market_outcome_v2,challenger_20260307,0.5032513534471166,1.8087213603503367,0.9767401264679514
5912,mg_4_5,market_outcome_v2,challenger_20260307,0.2409808969958632,1.8087213603503367,0.9767401264679514
5912,mg_4_6,market_outcome_v2,challenger_20260307,0.2810068168732626,1.8087213603503367,0.9767401264679514
5912,mg_5_6,market_outcome_v2,challenger_20260307,0.12624341755270052,1.8087213603503367,0.9767401264679514
5912,mg_7p,market_outcome_v2,challenger_20260307,0.023820612427785295,1.8087213603503367,0.9767401264679514
5912,hmg_0,market_outcome_v2,challenger_20260307,0.16386406092432101,1.8087213603503367,0.9767401264679514
5912,hmg_1_2,market_outcome_v2,challenger_20260307,0.5644228493522454,1.8087213603503367,0.9767401264679514
5912,hmg_1_3,market_outcome_v2,challenger_20260307,0.7260251225401962,1.8087213603503367,0.9767401264679514
5912,hmg_2_3,market_outcome_v2,challenger_20260307,0.4296406953526279,1.8087213603503367,0.9767401264679514
5912,hmg_4p,market_outcome_v2,challenger_20260307,0.1101108165354827,1.8087213603503367,0.9767401264679514
5912,amg_0,market_outcome_v2,challenger_20260307,0.37653656489383214,1.8087213603503367,0.9767401264679514
5912,amg_1_2,market_outcome_v2,challenger_20260307,0.5473903188108777,1.8087213603503367,0.9767401264679514
5912,amg_1_3,market_outcome_v2,challenger_20260307,0.6058683840206555,1.8087213603503367,0.9767401264679514
5912,amg_2_3,market_outcome_v2,challenger_20260307,0.23809001200644575,1.8087213603503367,0.9767401264679514
5912,amg_4p,market_outcome_v2,challenger_20260307,0.017595051085512382,1.8087213603503367,0.9767401264679514
5912,ms_h_1_0_2_0_3_0,market_outcome_v2,challenger_20260307,0.27337500566790907,1.8087213603503367,0.9767401264679514
5912,ms_a_0_1_0_2_0_3,market_outcome_v2,challenger_20260307,0.09928005379128062,1.8087213603503367,0.9767401264679514
5912,ms_h_4_0_5_0_6_0,market_outcome_v2,challenger_20260307,0.040468579619179906,1.8087213603503367,0.9767401264679514
5912,ms_a_0_4_0_5_0_6,market_outcome_v2,challenger_20260307,0.0028713950739079138,1.8087213603503367,0.9767401264679514
5912,ms_h_2_1_3_1_4_1,market_outcome_v2,challenger_20260307,0.18488736085629828,1.8087213603503367,0.9767401264679514
5912,ms_h_1_2_1_3_1_4,market_outcome_v2,challenger_20260307,0.07479838383124898,1.8087213603503367,0.9767401264679514
5912,ms_h_3_2_4_2_5_1,market_outcome_v2,challenger_20260307,0.05187235619628519,1.8087213603503367,0.9767401264679514
5912,ms_a_2_3_2_4_1_5,market_outcome_v2,challenger_20260307,0.020328568713861146,1.8087213603503367,0.9767401264679514
5912,ms_draw,market_outcome_v2,challenger_20260307,0.22941862174217417,1.8087213603503367,0.9767401264679514
5912,ms_other_homewin,market_outcome_v2,challenger_20260307,0.018543056040594637,1.8087213603503367,0.9767401264679514
5912,ms_other_awaywin,market_outcome_v2,challenger_20260307,0.004156618467260069,1.8087213603503367,0.9767401264679514
20149,1x2_h,market_outcome_v2,challenger_20260307,0.5383888924509317,1.6330022120410246,0.9318736563044441
20149,1x2_d,market_outcome_v2,challenger_20260307,0.24682407753178026,1.6330022120410246,0.9318736563044441
20149,1x2_a,market_outcome_v2,challenger_20260307,0.214787030017288,1.6330022120410246,0.9318736563044441
20149,dc_1x,market_outcome_v2,challenger_20260307,0.785212969982712,1.6330022120410246,0.9318736563044441
20149,dc_x2,market_outcome_v2,challenger_20260307,0.46161110754906826,1.6330022120410246,0.9318736563044441
20149,dc_12,market_outcome_v2,challenger_20260307,0.7531759224682197,1.6330022120410246,0.9318736563044441
20149,o15,market_outcome_v2,challenger_20260307,0.7257582835128331,1.6330022120410246,0.9318736563044441
20149,u35,market_outcome_v2,challenger_20260307,0.7436232942515878,1.6330022120410246,0.9318736563044441
20149,ah_h05,market_outcome_v2,challenger_20260307,0.5383888924509317,1.6330022120410246,0.9318736563044441
20149,ah_a05,market_outcome_v2,challenger_20260307,0.214787030017288,1.6330022120410246,0.9318736563044441
20149,ah_h15,market_outcome_v2,challenger_20260307,0.289615677817914,1.6330022120410246,0.9318736563044441
20149,ah_a15,market_outcome_v2,challenger_20260307,0.07282445127654559,1.6330022120410246,0.9318736563044441
20149,eh_h1,market_outcome_v2,challenger_20260307,0.289615677817914,1.6330022120410246,0.9318736563044441
20149,eh_a1,market_outcome_v2,challenger_20260307,0.07282445127654559,1.6330022120410246,0.9318736563044441
20149,mg_0,market_outcome_v2,challenger_20260307,0.07692882630845937,1.6330022120410246,0.9318736563044441
20149,mg_1_2,market_outcome_v2,challenger_20260307,0.4503544254451407,1.6330022120410246,0.9318736563044441
20149,mg_1_3,market_outcome_v2,challenger_20260307,0.6666944679431285,1.6330022120410246,0.9318736563044441
20149,mg_1_4,market_outcome_v2,challenger_20260307,0.805415806533109,1.6330022120410246,0.9318736563044441
20149,mg_1_5,market_outcome_v2,challenger_20260307,0.8765764092879135,1.6330022120410246,0.9318736563044441
20149,mg_1_6,market_outcome_v2,challenger_20260307,0.9069960947516994,1.6330022120410246,0.9318736563044441
20149,mg_2_3,market_outcome_v2,challenger_20260307,0.469381577764421,1.6330022120410246,0.9318736563044441
20149,mg_2_4,market_outcome_v2,challenger_20260307,0.6081029163544015,1.6330022120410246,0.9318736563044441
20149,mg_2_5,market_outcome_v2,challenger_20260307,0.6792635191092059,1.6330022120410246,0.9318736563044441
20149,mg_2_6,market_outcome_v2,challenger_20260307,0.7096832045729919,1.6330022120410246,0.9318736563044441
20149,mg_3_4,market_outcome_v2,challenger_20260307,0.35506138108796836,1.6330022120410246,0.9318736563044441
20149,mg_3_5,market_outcome_v2,challenger_20260307,0.42622198384277277,1.6330022120410246,0.9318736563044441
20149,mg_3_6,market_outcome_v2,challenger_20260307,0.45664166930655875,1.6330022120410246,0.9318736563044441
20149,mg_4_5,market_outcome_v2,challenger_20260307,0.20988194134478494,1.6330022120410246,0.9318736563044441
20149,mg_4_6,market_outcome_v2,challenger_20260307,0.24030162680857095,1.6330022120410246,0.9318736563044441
20149,mg_5_6,market_outcome_v2,challenger_20260307,0.1015802882185904,1.6330022120410246,0.9318736563044441
20149,mg_7p,market_outcome_v2,challenger_20260307,0.016075078939841204,1.6330022120410246,0.9318736563044441
20149,hmg_0,market_outcome_v2,challenger_20260307,0.19534247733769383,1.6330022120410246,0.9318736563044441
20149,hmg_1_2,market_outcome_v2,challenger_20260307,0.5794542210014964,1.6330022120410246,0.9318736563044441
20149,hmg_1_3,market_outcome_v2,challenger_20260307,0.7212312136231681,1.6330022120410246,0.9318736563044441
20149,hmg_2_3,market_outcome_v2,challenger_20260307,0.40223651602514027,1.6330022120410246,0.9318736563044441
20149,hmg_4p,market_outcome_v2,challenger_20260307,0.08342630903913809,1.6330022120410246,0.9318736563044441
20149,amg_0,market_outcome_v2,challenger_20260307,0.39381514638759496,1.6330022120410246,0.9318736563044441
20149,amg_1_2,market_outcome_v2,challenger_20260307,0.5379782347245344,1.6330022120410246,0.9318736563044441
20149,amg_1_3,market_outcome_v2,challenger_20260307,0.5910926333580176,1.6330022120410246,0.9318736563044441
20149,amg_2_3,market_outcome_v2,challenger_20260307,0.22410667298573955,1.6330022120410246,0.9318736563044441
20149,amg_4p,market_outcome_v2,challenger_20260307,0.01509222025438736,1.6330022120410246,0.9318736563044441
20149,ms_h_1_0_2_0_3_0,market_outcome_v2,challenger_20260307,0.2840317759723108,1.6330022120410246,0.9318736563044441
20149,ms_a_0_1_0_2_0_3,market_outcome_v2,challenger_20260307,0.11546549933621633,1.6330022120410246,0.9318736563044441
20149,ms_h_4_0_5_0_6_0,market_outcome_v2,challenger_20260307,0.03226501412701489,1.6330022120410246,0.9318736563044441
20149,ms_a_0_4_0_5_0_6,market_outcome_v2,challenger_20260307,0.002937629432343081,1.6330022120410246,0.9318736563044441
20149,ms_h_2_1_3_1_4_1,market_outcome_v2,challenger_20260307,0.16885649808970032,1.6330022120410246,0.9318736563044441
20149,ms_h_1_2_1_3_1_4,market_outcome_v2,challenger_20260307,0.07543607349833031,1.6330022120410246,0.9318736563044441
20149,ms_h_3_2_4_2_5_1,market_outcome_v2,challenger_20260307,0.04107732718383268,1.6330022120410246,0.9318736563044441
20149,ms_a_2_3_2_4_1_5,market_outcome_v2,challenger_20260307,0.01779273567364668,1.6330022120410246,0.9318736563044441
20149,ms_draw,market_outcome_v2,challenger_20260307,0.24682407753178026,1.6330022120410246,0.9318736563044441
20149,ms_other_homewin,market_outcome_v2,challenger_20260307,0.012158277078073074,1.6330022120410246,0.9318736563044441
20149,ms_other_awaywin,market_outcome_v2,challenger_20260307,0.003155092076751609,1.6330022120410246,0.9318736563044441
3862,1x2_h,market_outcome_v2,challenger_20260307,0.35083535805154425,1.2402795974776615,1.3066927876444157
3862,1x2_d,market_outcome_v2,challenger_20260307,0.2669355445182934,1.2402795974776615,1.3066927876444157
3862,1x2_a,market_outcome_v2,challenger_20260307,0.3822290974301622,1.2402795974776615,1.3066927876444157
3862,dc_1x,market_outcome_v2,challenger_20260307,0.6177709025698377,1.2402795974776615,1.3066927876444157
3862,dc_x2,market_outcome_v2,challenger_20260307,0.6491646419484556,1.2402795974776615,1.3066927876444157
3862,dc_12,market_outcome_v2,challenger_20260307,0.7330644554817065,1.2402795974776615,1.3066927876444157
3862,o15,market_outcome_v2,challenger_20260307,0.722206643697562,1.2402795974776615,1.3066927876444157
3862,u35,market_outcome_v2,challenger_20260307,0.7474898018078888,1.2402795974776615,1.3066927876444157
3862,ah_h05,market_outcome_v2,challenger_20260307,0.35083535805154425,1.2402795974776615,1.3066927876444157
3862,ah_a05,market_outcome_v2,challenger_20260307,0.3822290974301622,1.2402795974776615,1.3066927876444157
3862,ah_h15,market_outcome_v2,challenger_20260307,0.15060710339533057,1.2402795974776615,1.3066927876444157
3862,ah_a15,market_outcome_v2,challenger_20260307,0.17127923034052306,1.2402795974776615,1.3066927876444157
3862,eh_h1,market_outcome_v2,challenger_20260307,0.15060710339533057,1.2402795974776615,1.3066927876444157
3862,eh_a1,market_outcome_v2,challenger_20260307,0.17127923034052306,1.2402795974776615,1.3066927876444157
3862,mg_0,market_outcome_v2,challenger_20260307,0.07831844348934135,1.2402795974776615,1.3066927876444157
3862,mg_1_2,market_outcome_v2,challenger_20260307,0.45350346004289155,1.2402795974776615,1.3066927876444157
3862,mg_1_3,market_outcome_v2,challenger_20260307,0.6691713583185475,1.2402795974776615,1.3066927876444157
3862,mg_1_4,market_outcome_v2,challenger_20260307,0.8064964036349007,1.2402795974776615,1.3066927876444157
3862,mg_1_5,market_outcome_v2,challenger_20260307,0.8764490232761785,1.2402795974776615,1.3066927876444157
3862,mg_1_6,market_outcome_v2,challenger_20260307,0.9061435883583923,1.2402795974776615,1.3066927876444157
3862,mg_2_3,market_outcome_v2,challenger_20260307,0.4696964455054511,1.2402795974776615,1.3066927876444157
3862,mg_2_4,market_outcome_v2,challenger_20260307,0.6070214908218043,1.2402795974776615,1.3066927876444157
3862,mg_2_5,market_outcome_v2,challenger_20260307,0.6769741104630821,1.2402795974776615,1.3066927876444157
3862,mg_2_6,market_outcome_v2,challenger_20260307,0.706668675545296,1.2402795974776615,1.3066927876444157
3862,mg_3_4,market_outcome_v2,challenger_20260307,0.35299294359200906,1.2402795974776615,1.3066927876444157
3862,mg_3_5,market_outcome_v2,challenger_20260307,0.422945563233287,1.2402795974776615,1.3066927876444157
3862,mg_3_6,market_outcome_v2,challenger_20260307,0.4526401283155008,1.2402795974776615,1.3066927876444157
3862,mg_4_5,market_outcome_v2,challenger_20260307,0.20727766495763109,1.2402795974776615,1.3066927876444157
3862,mg_4_6,market_outcome_v2,challenger_20260307,0.2369722300398449,1.2402795974776615,1.3066927876444157
3862,mg_5_6,market_outcome_v2,challenger_20260307,0.09964718472349171,1.2402795974776615,1.3066927876444157
3862,mg_7p,market_outcome_v2,challenger_20260307,0.01553796815226621,1.2402795974776615,1.3066927876444157
3862,hmg_0,market_outcome_v2,challenger_20260307,0.2893033431103245,1.2402795974776615,1.3066927876444157
3862,hmg_1_2,market_outcome_v2,challenger_20260307,0.5813337571545567,1.2402795974776615,1.3066927876444157
3862,hmg_1_3,market_outcome_v2,challenger_20260307,0.6733280744540057,1.2402795974776615,1.3066927876444157
3862,hmg_2_3,market_outcome_v2,challenger_20260307,0.31451104051219053,1.2402795974776615,1.3066927876444157
3862,hmg_4p,market_outcome_v2,challenger_20260307,0.03736858243566957,1.2402795974776615,1.3066927876444157
3862,amg_0,market_outcome_v2,challenger_20260307,0.27071392486285556,1.2402795974776615,1.3066927876444157
3862,amg_1_2,market_outcome_v2,challenger_20260307,0.5848546427966943,1.2402795974776615,1.3066927876444157
3862,amg_1_3,market_outcome_v2,challenger_20260307,0.6855199508752992,1.2402795974776615,1.3066927876444157
3862,amg_2_3,market_outcome_v2,challenger_20260307,0.3317800177420934,1.2402795974776615,1.3066927876444157
3862,amg_4p,market_outcome_v2,challenger_20260307,0.043766124261845216,1.2402795974776615,1.3066927876444157
3862,ms_h_1_0_2_0_3_0,market_outcome_v2,challenger_20260307,0.1822792857557929,1.2402795974776615,1.3066927876444157
3862,ms_a_0_1_0_2_0_3,market_outcome_v2,challenger_20260307,0.19832321355704954,1.2402795974776615,1.3066927876444157
3862,ms_h_4_0_5_0_6_0,market_outcome_v2,challenger_20260307,0.010033477062991354,1.2402795974776615,1.3066927876444157
3862,ms_a_0_4_0_5_0_6,market_outcome_v2,challenger_20260307,0.012541390495422983,1.2402795974776615,1.3066927876444157
3862,ms_h_2_1_3_1_4_1,market_outcome_v2,challenger_20260307,0.12134542884170986,1.2402795974776615,1.3066927876444157
3862,ms_h_1_2_1_3_1_4,market_outcome_v2,challenger_20260307,0.13084789733603064,1.2402795974776615,1.3066927876444157
3862,ms_h_3_2_4_2_5_1,market_outcome_v2,challenger_20260307,0.03035667267676351,1.2402795974776615,1.3066927876444157
3862,ms_a_2_3_2_4_1_5,market_outcome_v2,challenger_20260307,0.032800784865984964,1.2402795974776615,1.3066927876444157
3862,ms_draw,market_outcome_v2,challenger_20260307,0.2669355445182934,1.2402795974776615,1.3066927876444157
3862,ms_other_homewin,market_outcome_v2,challenger_20260307,0.006820493714286603,1.2402795974776615,1.3066927876444157
3862,ms_other_awaywin,market_outcome_v2,challenger_20260307,0.007715811175674044,1.2402795974776615,1.3066927876444157
22196,1x2_h,market_outcome_v2,challenger_20260307,0.4450667084300958,1.5331263571393101,1.2214874277475958
22196,1x2_d,market_outcome_v2,challenger_20260307,0.25166531323291813,1.5331263571393101,1.2214874277475958
22196,1x2_a,market_outcome_v2,challenger_20260307,0.30326797833698604,1.5331263571393101,1.2214874277475958
22196,dc_1x,market_outcome_v2,challenger_20260307,0.696732021663014,1.5331263571393101,1.2214874277475958
22196,dc_x2,market_outcome_v2,challenger_20260307,0.5549332915699041,1.5331263571393101,1.2214874277475958
22196,dc_12,market_outcome_v2,challenger_20260307,0.7483346867670819,1.5331263571393101,1.2214874277475958
22196,o15,market_outcome_v2,challenger_20260307,0.7610802609867513,1.5331263571393101,1.2214874277475958
22196,u35,market_outcome_v2,challenger_20260307,0.702017973892774,1.5331263571393101,1.2214874277475958
22196,ah_h05,market_outcome_v2,challenger_20260307,0.4450667084300958,1.5331263571393101,1.2214874277475958
22196,ah_a05,market_outcome_v2,challenger_20260307,0.30326797833698604,1.5331263571393101,1.2214874277475958
22196,ah_h15,market_outcome_v2,challenger_20260307,0.22275518153732465,1.5331263571393101,1.2214874277475958
22196,ah_a15,market_outcome_v2,challenger_20260307,0.1261457640600212,1.5331263571393101,1.2214874277475958
22196,eh_h1,market_outcome_v2,challenger_20260307,0.22275518153732465,1.5331263571393101,1.2214874277475958
22196,eh_a1,market_outcome_v2,challenger_20260307,0.1261457640600212,1.5331263571393101,1.2214874277475958
22196,mg_0,market_outcome_v2,challenger_20260307,0.06363363922407941,1.5331263571393101,1.2214874277475958
22196,mg_1_2,market_outcome_v2,challenger_20260307,0.41670885317832296,1.5331263571393101,1.2214874277475958
22196,mg_1_3,market_outcome_v2,challenger_20260307,0.6383843346686946,1.5331263571393101,1.2214874277475958
22196,mg_1_4,market_outcome_v2,challenger_20260307,0.7910419189398994,1.5331263571393101,1.2214874277475958
22196,mg_1_5,market_outcome_v2,challenger_20260307,0.8751444561400987,1.5331263571393101,1.2214874277475958
22196,mg_1_6,market_outcome_v2,challenger_20260307,0.913756124192704,1.5331263571393101,1.2214874277475958
22196,mg_2_3,market_outcome_v2,challenger_20260307,0.4630982348795253,1.5331263571393101,1.2214874277475958
22196,mg_2_4,market_outcome_v2,challenger_20260307,0.6157558191507303,1.5331263571393101,1.2214874277475958
22196,mg_2_5,market_outcome_v2,challenger_20260307,0.6998583563509294,1.5331263571393101,1.2214874277475958
22196,mg_2_6,market_outcome_v2,challenger_20260307,0.7384700244035348,1.5331263571393101,1.2214874277475958
22196,mg_3_4,market_outcome_v2,challenger_20260307,0.37433306576157654,1.5331263571393101,1.2214874277475958
22196,mg_3_5,market_outcome_v2,challenger_20260307,0.4584356029617756,1.5331263571393101,1.2214874277475958
22196,mg_3_6,market_outcome_v2,challenger_20260307,0.49704727101438106,1.5331263571393101,1.2214874277475958
22196,mg_4_5,market_outcome_v2,challenger_20260307,0.23676012147140404,1.5331263571393101,1.2214874277475958
22196,mg_4_6,market_outcome_v2,challenger_20260307,0.2753717895240095,1.5331263571393101,1.2214874277475958
22196,mg_5_6,market_outcome_v2,challenger_20260307,0.12271420525280452,1.5331263571393101,1.2214874277475958
22196,mg_7p,market_outcome_v2,challenger_20260307,0.0226102365832166,1.5331263571393101,1.2214874277475958
22196,hmg_0,market_outcome_v2,challenger_20260307,0.21585990357447374,1.5331263571393101,1.2214874277475958
22196,hmg_1_2,market_outcome_v2,challenger_20260307,0.5846273150578929,1.5331263571393101,1.2214874277475958
22196,hmg_1_3,market_outcome_v2,challenger_20260307,0.7142719587052958,1.5331263571393101,1.2214874277475958
22196,hmg_2_3,market_outcome_v2,challenger_20260307,0.38333145108572,1.5331263571393101,1.2214874277475958
22196,hmg_4p,market_outcome_v2,challenger_20260307,0.0698681377202306,1.5331263571393101,1.2214874277475958
22196,amg_0,market_outcome_v2,challenger_20260307,0.2947913816802257,1.5331263571393101,1.2214874277475958
22196,amg_1_2,market_outcome_v2,challenger_20260307,0.5800029855561305,1.5331263571393101,1.2214874277475958
22196,amg_1_3,market_outcome_v2,challenger_20260307,0.669545757843497,1.5331263571393101,1.2214874277475958
22196,amg_2_3,market_outcome_v2,challenger_20260307,0.3094617913127584,1.5331263571393101,1.2214874277475958
22196,amg_4p,market_outcome_v2,challenger_20260307,0.03566286047627724,1.5331263571393101,1.2214874277475958
22196,ms_h_1_0_2_0_3_0,market_outcome_v2,challenger_20260307,0.21056121760217522,1.5331263571393101,1.2214874277475958
22196,ms_a_0_1_0_2_0_3,market_outcome_v2,challenger_20260307,0.1445280827267952,1.5331263571393101,1.2214874277475958
22196,ms_h_4_0_5_0_6_0,market_outcome_v2,challenger_20260307,0.020287526139964537,1.5331263571393101,1.2214874277475958
22196,ms_a_0_4_0_5_0_6,market_outcome_v2,challenger_20260307,0.007637944484578197,1.5331263571393101,1.2214874277475958
22196,ms_h_2_1_3_1_4_1,market_outcome_v2,challenger_20260307,0.1559242275552527,1.5331263571393101,1.2214874277475958
22196,ms_h_1_2_1_3_1_4,market_outcome_v2,challenger_20260307,0.11146262747232849,1.5331263571393101,1.2214874277475958
22196,ms_h_3_2_4_2_5_1,market_outcome_v2,challenger_20260307,0.044925547548518324,1.5331263571393101,1.2214874277475958
22196,ms_a_2_3_2_4_1_5,market_outcome_v2,challenger_20260307,0.031863285357824005,1.5331263571393101,1.2214874277475958
22196,ms_draw,market_outcome_v2,challenger_20260307,0.25166531323291813,1.5331263571393101,1.2214874277475958
22196,ms_other_homewin,market_outcome_v2,challenger_20260307,0.013368189584185003,1.5331263571393101,1.2214874277475958
22196,ms_other_awaywin,market_outcome_v2,challenger_20260307,0.007776038295460198,1.5331263571393101,1.2214874277475958
19354,1x2_h,market_outcome_v2,challenger_20260307,0.41367327379347835,1.435510770004483,1.2512515679120007
19354,1x2_d,market_outcome_v2,challenger_20260307,0.25763764134060085,1.435510770004483,1.2512515679120007
19354,1x2_a,market_outcome_v2,challenger_20260307,0.3286890848659209,1.435510770004483,1.2512515679120007
19354,dc_1x,market_outcome_v2,challenger_20260307,0.6713109151340793,1.435510770004483,1.2512515679120007
19354,dc_x2,market_outcome_v2,challenger_20260307,0.5863267262065217,1.435510770004483,1.2512515679120007
19354,dc_12,market_outcome_v2,challenger_20260307,0.7423623586593993,1.435510770004483,1.2512515679120007
19354,o15,market_outcome_v2,challenger_20260307,0.7489274217692489,1.435510770004483,1.2512515679120007
19354,u35,market_outcome_v2,challenger_20260307,0.7170087980731039,1.435510770004483,1.2512515679120007
19354,ah_h05,market_outcome_v2,challenger_20260307,0.41367327379347835,1.435510770004483,1.2512515679120007
19354,ah_a05,market_outcome_v2,challenger_20260307,0.3286890848659209,1.435510770004483,1.2512515679120007
19354,ah_h15,market_outcome_v2,challenger_20260307,0.19752303582141342,1.435510770004483,1.2512515679120007
19354,ah_a15,market_outcome_v2,challenger_20260307,0.1402834456896619,1.435510770004483,1.2512515679120007
19354,eh_h1,market_outcome_v2,challenger_20260307,0.19752303582141342,1.435510770004483,1.2512515679120007
19354,eh_a1,market_outcome_v2,challenger_20260307,0.1402834456896619,1.435510770004483,1.2512515679120007
19354,mg_0,market_outcome_v2,challenger_20260307,0.0681011020560227,1.435510770004483,1.2512515679120007
19354,mg_1_2,market_outcome_v2,challenger_20260307,0.42877191172435053,1.435510770004483,1.2512515679120007
19354,mg_1_3,market_outcome_v2,challenger_20260307,0.6489076960170813,1.435510770004483,1.2512515679120007
19354,mg_1_4,market_outcome_v2,challenger_20260307,0.7967708296334353,1.435510770004483,1.2512515679120007
19354,mg_1_5,market_outcome_v2,challenger_20260307,0.8762254493467819,1.435510770004483,1.2512515679120007
19354,mg_1_6,market_outcome_v2,challenger_20260307,0.9118047293166645,1.435510770004483,1.2512515679120007
19354,mg_2_3,market_outcome_v2,challenger_20260307,0.4659362198423528,1.435510770004483,1.2512515679120007
19354,mg_2_4,market_outcome_v2,challenger_20260307,0.6137993534587067,1.435510770004483,1.2512515679120007
19354,mg_2_5,market_outcome_v2,challenger_20260307,0.6932539731720534,1.435510770004483,1.2512515679120007
19354,mg_2_6,market_outcome_v2,challenger_20260307,0.7288332531419359,1.435510770004483,1.2512515679120007
19354,mg_3_4,market_outcome_v2,challenger_20260307,0.36799891790908473,1.435510770004483,1.2512515679120007
19354,mg_3_5,market_outcome_v2,challenger_20260307,0.4474535376224313,1.435510770004483,1.2512515679120007
19354,mg_3_6,market_outcome_v2,challenger_20260307,0.483032817592314,1.435510770004483,1.2512515679120007
19354,mg_4_5,market_outcome_v2,challenger_20260307,0.22731775332970053,1.435510770004483,1.2512515679120007
19354,mg_4_6,market_outcome_v2,challenger_20260307,0.26289703329958325,1.435510770004483,1.2512515679120007
19354,mg_5_6,market_outcome_v2,challenger_20260307,0.1150338996832292,1.435510770004483,1.2512515679120007
19354,mg_7p,market_outcome_v2,challenger_20260307,0.020094168627312826,1.435510770004483,1.2512515679120007
19354,hmg_0,market_outcome_v2,challenger_20260307,0.2379938587435503,1.435510770004483,1.2512515679120007
19354,hmg_1_2,market_outcome_v2,challenger_20260307,0.5868586691298849,1.435510770004483,1.2512515679120007
19354,hmg_1_3,market_outcome_v2,challenger_20260307,0.7041953679929721,1.435510770004483,1.2512515679120007
19354,hmg_2_3,market_outcome_v2,challenger_20260307,0.3625526205716801,1.435510770004483,1.2512515679120007
19354,hmg_4p,market_outcome_v2,challenger_20260307,0.0578107732634777,1.435510770004483,1.2512515679120007
19354,amg_0,market_outcome_v2,challenger_20260307,0.2861464678775804,1.435510770004483,1.2512515679120007
19354,amg_1_2,market_outcome_v2,challenger_20260307,0.5820410333984182,1.435510770004483,1.2512515679120007
19354,amg_1_3,market_outcome_v2,challenger_20260307,0.6754677407319721,1.435510770004483,1.2512515679120007
19354,amg_2_3,market_outcome_v2,challenger_20260307,0.3174265241476688,1.435510770004483,1.2512515679120007
19354,amg_4p,market_outcome_v2,challenger_20260307,0.0383857913904475,1.435510770004483,1.2512515679120007
19354,ms_h_1_0_2_0_3_0,market_outcome_v2,challenger_20260307,0.20150301724694183,1.435510770004483,1.2512515679120007
19354,ms_a_0_1_0_2_0_3,market_outcome_v2,challenger_20260307,0.16075717407359003,1.435510770004483,1.2512515679120007
19354,ms_h_4_0_5_0_6_0,market_outcome_v2,challenger_20260307,0.016336602462581777,1.435510770004483,1.2512515679120007
19354,ms_a_0_4_0_5_0_6,market_outcome_v2,challenger_20260307,0.009058963182603512,1.435510770004483,1.2512515679120007
19354,ms_h_2_1_3_1_4_1,market_outcome_v2,challenger_20260307,0.1448857264527053,1.435510770004483,1.2512515679120007
19354,ms_h_1_2_1_3_1_4,market_outcome_v2,challenger_20260307,0.1184310059296154,1.435510770004483,1.2512515679120007
19354,ms_h_3_2_4_2_5_1,market_outcome_v2,challenger_20260307,0.04004454806946521,1.435510770004483,1.2512515679120007
19354,ms_a_2_3_2_4_1_5,market_outcome_v2,challenger_20260307,0.032574804008442045,1.435510770004483,1.2512515679120007
19354,ms_draw,market_outcome_v2,challenger_20260307,0.25763764134060085,1.435510770004483,1.2512515679120007
19354,ms_other_homewin,market_outcome_v2,challenger_20260307,0.010903379561784264,1.435510770004483,1.2512515679120007
19354,ms_other_awaywin,market_outcome_v2,challenger_20260307,0.00786713767166985,1.435510770004483,1.2512515679120007
19900,1x2_h,market_outcome_v2,challenger_20260307,0.5055443632488398,1.6386086661198056,1.0727648483766257
19900,1x2_d,market_outcome_v2,challenger_20260307,0.24578392807207428,1.6386086661198056,1.0727648483766257
19900,1x2_a,market_outcome_v2,challenger_20260307,0.24867170867908614,1.6386086661198056,1.0727648483766257
19900,dc_1x,market_outcome_v2,challenger_20260307,0.751328291320914,1.6386086661198056,1.0727648483766257
19900,dc_x2,market_outcome_v2,challenger_20260307,0.49445563675116044,1.6386086661198056,1.0727648483766257
19900,dc_12,market_outcome_v2,challenger_20260307,0.754216071927926,1.6386086661198056,1.0727648483766257
19900,o15,market_outcome_v2,challenger_20260307,0.753395682431441,1.6386086661198056,1.0727648483766257
19900,u35,market_outcome_v2,challenger_20260307,0.711584050296085,1.6386086661198056,1.0727648483766257
19900,ah_h05,market_outcome_v2,challenger_20260307,0.5055443632488398,1.6386086661198056,1.0727648483766257
19900,ah_a05,market_outcome_v2,challenger_20260307,0.24867170867908614,1.6386086661198056,1.0727648483766257
19900,ah_h15,market_outcome_v2,challenger_20260307,0.26844448791808057,1.6386086661198056,1.0727648483766257
19900,ah_a15,market_outcome_v2,challenger_20260307,0.09344708606579284,1.6386086661198056,1.0727648483766257
19900,eh_h1,market_outcome_v2,challenger_20260307,0.26844448791808057,1.6386086661198056,1.0727648483766257
19900,eh_a1,market_outcome_v2,challenger_20260307,0.09344708606579284,1.6386086661198056,1.0727648483766257
19900,mg_0,market_outcome_v2,challenger_20260307,0.06644556701321913,1.6386086661198056,1.0727648483766257
19900,mg_1_2,market_outcome_v2,challenger_20260307,0.42439758288559937,1.6386086661198056,1.0727648483766257
19900,mg_1_3,market_outcome_v2,challenger_20260307,0.6451384832828659,1.6386086661198056,1.0727648483766257
19900,mg_1_4,market_outcome_v2,challenger_20260307,0.7947662410086767,1.6386086661198056,1.0727648483766257
19900,mg_1_5,market_outcome_v2,challenger_20260307,0.875905588874927,1.6386086661198056,1.0727648483766257
19900,mg_1_6,market_outcome_v2,challenger_20260307,0.9125721020062711,1.6386086661198056,1.0727648483766257
19900,mg_2_3,market_outcome_v2,challenger_20260307,0.4649797327275257,1.6386086661198056,1.0727648483766257
19900,mg_2_4,market_outcome_v2,challenger_20260307,0.6146074904533365,1.6386086661198056,1.0727648483766257
19900,mg_2_5,market_outcome_v2,challenger_20260307,0.6957468383195868,1.6386086661198056,1.0727648483766257
19900,mg_2_6,market_outcome_v2,challenger_20260307,0.7324133514509309,1.6386086661198056,1.0727648483766257
19900,mg_3_4,market_outcome_v2,challenger_20260307,0.3703686581230773,1.6386086661198056,1.0727648483766257
19900,mg_3_5,market_outcome_v2,challenger_20260307,0.4515080059893277,1.6386086661198056,1.0727648483766257
19900,mg_3_6,market_outcome_v2,challenger_20260307,0.4881745191206717,1.6386086661198056,1.0727648483766257
19900,mg_4_5,market_outcome_v2,challenger_20260307,0.2307671055920612,1.6386086661198056,1.0727648483766257
19900,mg_4_6,market_outcome_v2,challenger_20260307,0.2674336187234052,1.6386086661198056,1.0727648483766257
19900,mg_5_6,market_outcome_v2,challenger_20260307,0.11780586099759444,1.6386086661198056,1.0727648483766257
19900,mg_7p,market_outcome_v2,challenger_20260307,0.020982330980509962,1.6386086661198056,1.0727648483766257
19900,hmg_0,market_outcome_v2,challenger_20260307,0.19425037103429887,1.6386086661198056,1.0727648483766257
19900,hmg_1_2,market_outcome_v2,challenger_20260307,0.5790851902757821,1.6386086661198056,1.0727648483766257
19900,hmg_1_3,market_outcome_v2,challenger_20260307,0.7215266280769649,1.6386086661198056,1.0727648483766257
19900,hmg_2_3,market_outcome_v2,challenger_20260307,0.40322628670317506,1.6386086661198056,1.0727648483766257
19900,hmg_4p,market_outcome_v2,challenger_20260307,0.08422300088873651,1.6386086661198056,1.0727648483766257
19900,amg_0,market_outcome_v2,challenger_20260307,0.34206146767918827,1.6386086661198056,1.0727648483766257
19900,amg_1_2,market_outcome_v2,challenger_20260307,0.5637778635685148,1.6386086661198056,1.0727648483766257
19900,amg_1_3,market_outcome_v2,challenger_20260307,0.6341606583061306,1.6386086661198056,1.0727648483766257
19900,amg_2_3,market_outcome_v2,challenger_20260307,0.26720913979578004,1.6386086661198056,1.0727648483766257
19900,amg_4p,market_outcome_v2,challenger_20260307,0.023777874014681375,1.6386086661198056,1.0727648483766257
19900,ms_h_1_0_2_0_3_0,market_outcome_v2,challenger_20260307,0.24680645736962237,1.6386086661198056,1.0727648483766257
19900,ms_a_0_1_0_2_0_3,market_outcome_v2,challenger_20260307,0.12318594317132105,1.6386086661198056,1.0727648483766257
19900,ms_h_4_0_5_0_6_0,market_outcome_v2,challenger_20260307,0.028287460150376118,1.6386086661198056,1.0727648483766257
19900,ms_a_0_4_0_5_0_6,market_outcome_v2,challenger_20260307,0.004594032834161374,1.6386086661198056,1.0727648483766257
19900,ms_h_2_1_3_1_4_1,market_outcome_v2,challenger_20260307,0.16937664904490593,1.6386086661198056,1.0727648483766257
19900,ms_h_1_2_1_3_1_4,market_outcome_v2,challenger_20260307,0.09106101262902976,1.6386086661198056,1.0727648483766257
19900,ms_h_3_2_4_2_5_1,market_outcome_v2,challenger_20260307,0.04653855614366437,1.6386086661198056,1.0727648483766257
19900,ms_a_2_3_2_4_1_5,market_outcome_v2,challenger_20260307,0.02456644191889879,1.6386086661198056,1.0727648483766257
19900,ms_draw,market_outcome_v2,challenger_20260307,0.24578392807207428,1.6386086661198056,1.0727648483766257
19900,ms_other_homewin,market_outcome_v2,challenger_20260307,0.014535240540270965,1.6386086661198056,1.0727648483766257
19900,ms_other_awaywin,market_outcome_v2,challenger_20260307,0.005264278125675164,1.6386086661198056,1.0727648483766257
5146,1x2_h,market_outcome_v2,challenger_20260307,0.2492526871554418,1.2214983922432885,1.865575516981275
5146,1x2_d,market_outcome_v2,challenger_20260307,0.2262199662736612,1.2214983922432885,1.865575516981275
5146,1x2_a,market_outcome_v2,challenger_20260307,0.5245273465708968,1.2214983922432885,1.865575516981275
5146,dc_1x,market_outcome_v2,challenger_20260307,0.475472653429103,1.2214983922432885,1.865575516981275
5146,dc_x2,market_outcome_v2,challenger_20260307,0.7507473128445581,1.2214983922432885,1.865575516981275
5146,dc_12,market_outcome_v2,challenger_20260307,0.7737800337263386,1.2214983922432885,1.865575516981275
5146,o15,market_outcome_v2,challenger_20260307,0.813484359957365,1.2214983922432885,1.865575516981275
5146,u35,market_outcome_v2,challenger_20260307,0.6277345756957501,1.2214983922432885,1.865575516981275
5146,ah_h05,market_outcome_v2,challenger_20260307,0.2492526871554418,1.2214983922432885,1.865575516981275
5146,ah_a05,market_outcome_v2,challenger_20260307,0.5245273465708968,1.2214983922432885,1.865575516981275
5146,ah_h15,market_outcome_v2,challenger_20260307,0.10072729175475781,1.2214983922432885,1.865575516981275
5146,ah_a15,market_outcome_v2,challenger_20260307,0.2976868177015869,1.2214983922432885,1.865575516981275
5146,eh_h1,market_outcome_v2,challenger_20260307,0.10072729175475781,1.2214983922432885,1.865575516981275
5146,eh_a1,market_outcome_v2,challenger_20260307,0.2976868177015869,1.2214983922432885,1.865575516981275
5146,mg_0,market_outcome_v2,challenger_20260307,0.045635494778224435,1.2214983922432885,1.865575516981275
5146,mg_1_2,market_outcome_v2,challenger_20260307,0.3583338556511745,1.2214983922432885,1.865575516981275
5146,mg_1_3,market_outcome_v2,challenger_20260307,0.5820990809175257,1.2214983922432885,1.865575516981275
5146,mg_1_4,market_outcome_v2,challenger_20260307,0.7547940280954031,1.2214983922432885,1.865575516981275
5146,mg_1_5,market_outcome_v2,challenger_20260307,0.8614184412329512,1.2214983922432885,1.865575516981275
5146,mg_1_6,market_outcome_v2,challenger_20260307,0.9162780152135018,1.2214983922432885,1.865575516981275
5146,mg_2_3,market_outcome_v2,challenger_20260307,0.44121893565311526,1.2214983922432885,1.865575516981275
5146,mg_2_4,market_outcome_v2,challenger_20260307,0.6139138828309927,1.2214983922432885,1.865575516981275
5146,mg_2_5,market_outcome_v2,challenger_20260307,0.7205382959685407,1.2214983922432885,1.865575516981275
5146,mg_2_6,market_outcome_v2,challenger_20260307,0.7753978699490915,1.2214983922432885,1.865575516981275
5146,mg_3_4,market_outcome_v2,challenger_20260307,0.39646017244422865,1.2214983922432885,1.865575516981275
5146,mg_3_5,market_outcome_v2,challenger_20260307,0.5030845855817767,1.2214983922432885,1.865575516981275
5146,mg_3_6,market_outcome_v2,challenger_20260307,0.5579441595623277,1.2214983922432885,1.865575516981275
5146,mg_4_5,market_outcome_v2,challenger_20260307,0.27931936031542537,1.2214983922432885,1.865575516981275
5146,mg_4_6,market_outcome_v2,challenger_20260307,0.3341789342959763,1.2214983922432885,1.865575516981275
5146,mg_5_6,market_outcome_v2,challenger_20260307,0.1614839871180988,1.2214983922432885,1.865575516981275
5146,mg_7p,market_outcome_v2,challenger_20260307,0.038086490008273466,1.2214983922432885,1.865575516981275
5146,hmg_0,market_outcome_v2,challenger_20260307,0.2947881494610525,1.2214983922432885,1.865575516981275
5146,hmg_1_2,market_outcome_v2,challenger_20260307,0.5800038064715031,1.2214983922432885,1.865575516981275
5146,hmg_1_3,market_outcome_v2,challenger_20260307,0.6695480082698437,1.2214983922432885,1.865575516981275
5146,hmg_2_3,market_outcome_v2,challenger_20260307,0.30946475765079384,1.2214983922432885,1.865575516981275
5146,hmg_4p,market_outcome_v2,challenger_20260307,0.035663842269103706,1.2214983922432885,1.865575516981275
5146,amg_0,market_outcome_v2,challenger_20260307,0.1548077657180511,1.2214983922432885,1.865575516981275
5146,amg_1_2,market_outcome_v2,challenger_20260307,0.558199884895979,1.2214983922432885,1.865575516981275
5146,amg_1_3,market_outcome_v2,challenger_20260307,0.7257250262880073,1.2214983922432885,1.865575516981275
5146,amg_2_3,market_outcome_v2,challenger_20260307,0.436919448725838,1.2214983922432885,1.865575516981275
5146,amg_4p,market_outcome_v2,challenger_20260307,0.11946720799394157,1.2214983922432885,1.865575516981275
5146,ms_h_1_0_2_0_3_0,market_outcome_v2,challenger_20260307,0.10365123120122569,1.2214983922432885,1.865575516981275
5146,ms_a_0_1_0_2_0_3,market_outcome_v2,challenger_20260307,0.21393513751701534,1.2214983922432885,1.865575516981275
5146,ms_h_4_0_5_0_6_0,market_outcome_v2,challenger_20260307,0.00547783729656809,1.2214983922432885,1.865575516981275
5146,ms_a_0_4_0_5_0_6,market_outcome_v2,challenger_20260307,0.03429846952289856,1.2214983922432885,1.865575516981275
5146,ms_h_2_1_3_1_4_1,market_outcome_v2,challenger_20260307,0.09727239929822615,1.2214983922432885,1.865575516981275
5146,ms_h_1_2_1_3_1_4,market_outcome_v2,challenger_20260307,0.18546165215495458,1.2214983922432885,1.865575516981275
5146,ms_h_3_2_4_2_5_1,market_outcome_v2,challenger_20260307,0.033418453428117216,1.2214983922432885,1.865575516981275
5146,ms_a_2_3_2_4_1_5,market_outcome_v2,challenger_20260307,0.0645225327495569,1.2214983922432885,1.865575516981275
5146,ms_draw,market_outcome_v2,challenger_20260307,0.2262199662736612,1.2214983922432885,1.865575516981275
5146,ms_other_homewin,market_outcome_v2,challenger_20260307,0.009432765931304718,1.2214983922432885,1.865575516981275
5146,ms_other_awaywin,market_outcome_v2,challenger_20260307,0.026309554626471426,1.2214983922432885,1.865575516981275
5544,1x2_h,market_outcome_v2,challenger_20260307,0.5391252421414162,1.7638117097724364,1.0579845283422245
5544,1x2_d,market_outcome_v2,challenger_20260307,0.23441876901095113,1.7638117097724364,1.0579845283422245
5544,1x2_a,market_outcome_v2,challenger_20260307,0.2264559888476328,1.7638117097724364,1.0579845283422245
5544,dc_1x,market_outcome_v2,challenger_20260307,0.7735440111523674,1.7638117097724364,1.0579845283422245
5544,dc_x2,market_outcome_v2,challenger_20260307,0.4608747578585839,1.7638117097724364,1.0579845283422245
5544,dc_12,market_outcome_v2,challenger_20260307,0.7655812309890491,1.7638117097724364,1.0579845283422245
5544,o15,market_outcome_v2,challenger_20260307,0.7726064602342045,1.7638117097724364,1.0579845283422245
5544,u35,market_outcome_v2,challenger_20260307,0.687086279525647,1.7638117097724364,1.0579845283422245
5544,ah_h05,market_outcome_v2,challenger_20260307,0.5391252421414162,1.7638117097724364,1.0579845283422245
5544,ah_a05,market_outcome_v2,challenger_20260307,0.2264559888476328,1.7638117097724364,1.0579845283422245
5544,ah_h15,market_outcome_v2,challenger_20260307,0.30060111493585845,1.7638117097724364,1.0579845283422245
5544,ah_a15,market_outcome_v2,challenger_20260307,0.0833824199277558,1.7638117097724364,1.0579845283422245
5544,eh_h1,market_outcome_v2,challenger_20260307,0.30060111493585845,1.7638117097724364,1.0579845283422245
5544,eh_a1,market_outcome_v2,challenger_20260307,0.0833824199277558,1.7638117097724364,1.0579845283422245
5544,mg_0,market_outcome_v2,challenger_20260307,0.05949912700682638,1.7638117097724364,1.0579845283422245
5544,mg_1_2,market_outcome_v2,challenger_20260307,0.4047763239208337,1.7638117097724364,1.0579845283422245
5544,mg_1_3,market_outcome_v2,challenger_20260307,0.6275871525188206,1.7638117097724364,1.0579845283422245
5544,mg_1_4,market_outcome_v2,challenger_20260307,0.7847688420060731,1.7638117097724364,1.0579845283422245
5544,mg_1_5,market_outcome_v2,challenger_20260307,0.8734757820252003,1.7638117097724364,1.0579845283422245
5544,mg_1_6,market_outcome_v2,challenger_20260307,0.9151946002986396,1.7638117097724364,1.0579845283422245
5544,mg_2_3,market_outcome_v2,challenger_20260307,0.4596927397598515,1.7638117097724364,1.0579845283422245
5544,mg_2_4,market_outcome_v2,challenger_20260307,0.616874429247104,1.7638117097724364,1.0579845283422245
5544,mg_2_5,market_outcome_v2,challenger_20260307,0.7055813692662312,1.7638117097724364,1.0579845283422245
5544,mg_2_6,market_outcome_v2,challenger_20260307,0.7473001875396704,1.7638117097724364,1.0579845283422245
5544,mg_3_4,market_outcome_v2,challenger_20260307,0.37999251808523943,1.7638117097724364,1.0579845283422245
5544,mg_3_5,market_outcome_v2,challenger_20260307,0.4686994581043667,1.7638117097724364,1.0579845283422245
5544,mg_3_6,market_outcome_v2,challenger_20260307,0.5104182763778059,1.7638117097724364,1.0579845283422245
5544,mg_4_5,market_outcome_v2,challenger_20260307,0.24588862950637966,1.7638117097724364,1.0579845283422245
5544,mg_4_6,market_outcome_v2,challenger_20260307,0.28760744777981895,1.7638117097724364,1.0579845283422245
5544,mg_5_6,market_outcome_v2,challenger_20260307,0.13042575829256645,1.7638117097724364,1.0579845283422245
5544,mg_7p,market_outcome_v2,challenger_20260307,0.02530627269453407,1.7638117097724364,1.0579845283422245
5544,hmg_0,market_outcome_v2,challenger_20260307,0.17139076945872359,1.7638117097724364,1.0579845283422245
5544,hmg_1_2,market_outcome_v2,challenger_20260307,0.5689021086280781,1.7638117097724364,1.0579845283422245
5544,hmg_1_3,market_outcome_v2,challenger_20260307,0.7256468005923076,1.7638117097724364,1.0579845283422245
5544,hmg_2_3,market_outcome_v2,challenger_20260307,0.4233457544741028,1.7638117097724364,1.0579845283422245
5544,hmg_4p,market_outcome_v2,challenger_20260307,0.10296242994896898,1.7638117097724364,1.0579845283422245
5544,amg_0,market_outcome_v2,challenger_20260307,0.3471547924939778,1.7638117097724364,1.0579845283422245
5544,amg_1_2,market_outcome_v2,challenger_20260307,0.561575005431015,1.7638117097724364,1.0579845283422245
5544,amg_1_3,market_outcome_v2,challenger_20260307,0.6300938238258993,1.7638117097724364,1.0579845283422245
5544,amg_2_3,market_outcome_v2,challenger_20260307,0.2628094244274153,1.7638117097724364,1.0579845283422245
5544,amg_4p,market_outcome_v2,challenger_20260307,0.022751383680122948,1.7638117097724364,1.0579845283422245
5544,ms_h_1_0_2_0_3_0,market_outcome_v2,challenger_20260307,0.2519117644835414,1.7638117097724364,1.0579845283422245
5544,ms_a_0_1_0_2_0_3,market_outcome_v2,challenger_20260307,0.1079922652967103,1.7638117097724364,1.0579845283422245
5544,ms_h_4_0_5_0_6_0,market_outcome_v2,challenger_20260307,0.034946832113197,1.7638117097724364,1.0579845283422245
5544,ms_a_0_4_0_5_0_6,market_outcome_v2,challenger_20260307,0.0038792435641642306,1.7638117097724364,1.0579845283422245
5544,ms_h_2_1_3_1_4_1,market_outcome_v2,challenger_20260307,0.1808738983091844,1.7638117097724364,1.0579845283422245
5544,ms_h_1_2_1_3_1_4,market_outcome_v2,challenger_20260307,0.08492615443866088,1.7638117097724364,1.0579845283422245
5544,ms_h_3_2_4_2_5_1,market_outcome_v2,challenger_20260307,0.052837897218454784,1.7638117097724364,1.0579845283422245
5544,ms_a_2_3_2_4_1_5,market_outcome_v2,challenger_20260307,0.024258043626649267,1.7638117097724364,1.0579845283422245
5544,ms_draw,market_outcome_v2,challenger_20260307,0.23441876901095113,1.7638117097724364,1.0579845283422245
5544,ms_other_homewin,market_outcome_v2,challenger_20260307,0.018554850017038525,1.7638117097724364,1.0579845283422245
5544,ms_other_awaywin,market_outcome_v2,challenger_20260307,0.005400281921448101,1.7638117097724364,1.0579845283422245
22451,1x2_h,market_outcome_v2,challenger_20260307,0.4179663732464077,1.4204292549458892,1.2135760332661958
22451,1x2_d,market_outcome_v2,challenger_20260307,0.2602682979742794,1.4204292549458892,1.2135760332661958
22451,1x2_a,market_outcome_v2,challenger_20260307,0.3217653287793127,1.4204292549458892,1.2135760332661958
22451,dc_1x,market_outcome_v2,challenger_20260307,0.678234671220687,1.4204292549458892,1.2135760332661958
22451,dc_x2,market_outcome_v2,challenger_20260307,0.5820336267535922,1.4204292549458892,1.2135760332661958
22451,dc_12,market_outcome_v2,challenger_20260307,0.7397317020257204,1.4204292549458892,1.2135760332661958
22451,o15,market_outcome_v2,challenger_20260307,0.7391134049599863,1.4204292549458892,1.2135760332661958
22451,u35,market_outcome_v2,challenger_20260307,0.7285845755456003,1.4204292549458892,1.2135760332661958
22451,ah_h05,market_outcome_v2,challenger_20260307,0.4179663732464077,1.4204292549458892,1.2135760332661958
22451,ah_a05,market_outcome_v2,challenger_20260307,0.3217653287793127,1.4204292549458892,1.2135760332661958
22451,ah_h15,market_outcome_v2,challenger_20260307,0.19889301768525208,1.4204292549458892,1.2135760332661958
22451,ah_a15,market_outcome_v2,challenger_20260307,0.1345950259215684,1.4204292549458892,1.2135760332661958
22451,eh_h1,market_outcome_v2,challenger_20260307,0.19889301768525208,1.4204292549458892,1.2135760332661958
22451,eh_a1,market_outcome_v2,challenger_20260307,0.1345950259215684,1.4204292549458892,1.2135760332661958
22451,mg_0,market_outcome_v2,challenger_20260307,0.07179037297669107,1.4204292549458892,1.2135760332661958
22451,mg_1_2,market_outcome_v2,challenger_20260307,0.43813644651118094,1.4204292549458892,1.2135760332661958
22451,mg_1_3,market_outcome_v2,challenger_20260307,0.6567942025689092,1.4204292549458892,1.2135760332661958
22451,mg_1_4,market_outcome_v2,challenger_20260307,0.8007806240100703,1.4204292549458892,1.2135760332661958
22451,mg_1_5,market_outcome_v2,challenger_20260307,0.8766328231114207,1.4204292549458892,1.2135760332661958
22451,mg_1_6,market_outcome_v2,challenger_20260307,0.9099320053706662,1.4204292549458892,1.2135760332661958
22451,mg_2_3,market_outcome_v2,challenger_20260307,0.467697980505587,1.4204292549458892,1.2135760332661958
22451,mg_2_4,market_outcome_v2,challenger_20260307,0.611684401946748,1.4204292549458892,1.2135760332661958
22451,mg_2_5,market_outcome_v2,challenger_20260307,0.6875366010480984,1.4204292549458892,1.2135760332661958
22451,mg_2_6,market_outcome_v2,challenger_20260307,0.7208357833073439,1.4204292549458892,1.2135760332661958
22451,mg_3_4,market_outcome_v2,challenger_20260307,0.3626441774988892,1.4204292549458892,1.2135760332661958
22451,mg_3_5,market_outcome_v2,challenger_20260307,0.43849637660023955,1.4204292549458892,1.2135760332661958
22451,mg_3_6,market_outcome_v2,challenger_20260307,0.4717955588594851,1.4204292549458892,1.2135760332661958
22451,mg_4_5,market_outcome_v2,challenger_20260307,0.21983862054251144,1.4204292549458892,1.2135760332661958
22451,mg_4_6,market_outcome_v2,challenger_20260307,0.25313780280175696,1.4204292549458892,1.2135760332661958
22451,mg_5_6,market_outcome_v2,challenger_20260307,0.10915138136059592,1.4204292549458892,1.2135760332661958
22451,mg_7p,market_outcome_v2,challenger_20260307,0.018277621652642607,1.4204292549458892,1.2135760332661958
22451,hmg_0,market_outcome_v2,challenger_20260307,0.2416103608986436,1.4204292549458892,1.2135760332661958
22451,hmg_1_2,market_outcome_v2,challenger_20260307,0.5869292847042189,1.4204292549458892,1.2135760332661958
22451,hmg_1_3,market_outcome_v2,challenger_20260307,0.7023338870398306,1.4204292549458892,1.2135760332661958
22451,hmg_2_3,market_outcome_v2,challenger_20260307,0.3591434621213629,1.4204292549458892,1.2135760332661958
22451,hmg_4p,market_outcome_v2,challenger_20260307,0.05605575206152567,1.4204292549458892,1.2135760332661958
22451,amg_0,market_outcome_v2,challenger_20260307,0.29713284111523414,1.4204292549458892,1.2135760332661958
22451,amg_1_2,market_outcome_v2,challenger_20260307,0.579396984760014,1.4204292549458892,1.2135760332661958
22451,amg_1_3,market_outcome_v2,challenger_20260307,0.6679086228529826,1.4204292549458892,1.2135760332661958
22451,amg_2_3,market_outcome_v2,challenger_20260307,0.3073153281792418,1.4204292549458892,1.2135760332661958
22451,amg_4p,market_outcome_v2,challenger_20260307,0.03495853603178307,1.4204292549458892,1.2135760332661958
22451,ms_h_1_0_2_0_3_0,market_outcome_v2,challenger_20260307,0.20868646326765083,1.4204292549458892,1.2135760332661958
22451,ms_a_0_1_0_2_0_3,market_outcome_v2,challenger_20260307,0.16137364341482519,1.4204292549458892,1.2135760332661958
22451,ms_h_4_0_5_0_6_0,market_outcome_v2,challenger_20260307,0.016455003459462787,1.4204292549458892,1.2135760332661958
22451,ms_a_0_4_0_5_0_6,market_outcome_v2,challenger_20260307,0.008381479965223157,1.4204292549458892,1.2135760332661958
22451,ms_h_2_1_3_1_4_1,market_outcome_v2,challenger_20260307,0.1442822046849356,1.4204292549458892,1.2135760332661958
22451,ms_h_1_2_1_3_1_4,market_outcome_v2,challenger_20260307,0.11468367964128232,1.4204292549458892,1.2135760332661958
22451,ms_h_3_2_4_2_5_1,market_outcome_v2,challenger_20260307,0.03841582397771996,1.4204292549458892,1.2135760332661958
22451,ms_a_2_3_2_4_1_5,market_outcome_v2,challenger_20260307,0.030355928602999183,1.4204292549458892,1.2135760332661958
22451,ms_draw,market_outcome_v2,challenger_20260307,0.2602682979742794,1.4204292549458892,1.2135760332661958
22451,ms_other_homewin,market_outcome_v2,challenger_20260307,0.010126877856638496,1.4204292549458892,1.2135760332661958
22451,ms_other_awaywin,market_outcome_v2,challenger_20260307,0.006970597154982825,1.4204292549458892,1.2135760332661958
22452,1x2_h,market_outcome_v2,challenger_20260307,0.39343202028617136,1.4227640610651218,1.331258270192155
22452,1x2_d,market_outcome_v2,challenger_20260307,0.2549280501648568,1.4227640610651218,1.331258270192155
22452,1x2_a,market_outcome_v2,challenger_20260307,0.3516399295489716,1.4227640610651218,1.331258270192155
22452,dc_1x,market_outcome_v2,challenger_20260307,0.6483600704510282,1.4227640610651218,1.331258270192155
22452,dc_x2,market_outcome_v2,challenger_20260307,0.6065679797138284,1.4227640610651218,1.331258270192155
22452,dc_12,market_outcome_v2,challenger_20260307,0.745071949835143,1.4227640610651218,1.331258270192155
22452,o15,market_outcome_v2,challenger_20260307,0.7609766278868944,1.4227640610651218,1.331258270192155
22452,u35,market_outcome_v2,challenger_20260307,0.7021489048592447,1.4227640610651218,1.331258270192155
22452,ah_h05,market_outcome_v2,challenger_20260307,0.39343202028617136,1.4227640610651218,1.331258270192155
22452,ah_a05,market_outcome_v2,challenger_20260307,0.3516399295489716,1.4227640610651218,1.331258270192155
22452,ah_h15,market_outcome_v2,challenger_20260307,0.18526333246850354,1.4227640610651218,1.331258270192155
22452,ah_a15,market_outcome_v2,challenger_20260307,0.15685971627534243,1.4227640610651218,1.331258270192155
22452,eh_h1,market_outcome_v2,challenger_20260307,0.18526333246850354,1.4227640610651218,1.331258270192155
22452,eh_a1,market_outcome_v2,challenger_20260307,0.15685971627534243,1.4227640610651218,1.331258270192155
22452,mg_0,market_outcome_v2,challenger_20260307,0.06367127071219447,1.4227640610651218,1.331258270192155
22452,mg_1_2,market_outcome_v2,challenger_20260307,0.41681390294641063,1.4227640610651218,1.331258270192155
22452,mg_1_3,market_outcome_v2,challenger_20260307,0.6384776341470502,1.4227640610651218,1.331258270192155
22452,mg_1_4,market_outcome_v2,challenger_20260307,0.7910943505861432,1.4227640610651218,1.331258270192155
22452,mg_1_5,market_outcome_v2,challenger_20260307,0.8751563196254276,1.4227640610651218,1.331258270192155
22452,mg_1_6,market_outcome_v2,challenger_20260307,0.913741076282702,1.4227640610651218,1.331258270192155
22452,mg_2_3,market_outcome_v2,challenger_20260307,0.4631255327461392,1.4227640610651218,1.331258270192155
22452,mg_2_4,market_outcome_v2,challenger_20260307,0.6157422491852322,1.4227640610651218,1.331258270192155
22452,mg_2_5,market_outcome_v2,challenger_20260307,0.6998042182245165,1.4227640610651218,1.331258270192155
22452,mg_2_6,market_outcome_v2,challenger_20260307,0.738388974881791,1.4227640610651218,1.331258270192155
22452,mg_3_4,market_outcome_v2,challenger_20260307,0.3742804476397325,1.4227640610651218,1.331258270192155
22452,mg_3_5,market_outcome_v2,challenger_20260307,0.4583424166790168,1.4227640610651218,1.331258270192155
22452,mg_3_6,market_outcome_v2,challenger_20260307,0.4969271733362913,1.4227640610651218,1.331258270192155
22452,mg_4_5,market_outcome_v2,challenger_20260307,0.23667868547837728,1.4227640610651218,1.331258270192155
22452,mg_4_6,market_outcome_v2,challenger_20260307,0.2752634421356517,1.4227640610651218,1.331258270192155
22452,mg_5_6,market_outcome_v2,challenger_20260307,0.12264672569655875,1.4227640610651218,1.331258270192155
22452,mg_7p,market_outcome_v2,challenger_20260307,0.022587653005103427,1.4227640610651218,1.331258270192155
22452,hmg_0,market_outcome_v2,challenger_20260307,0.24104690684669489,1.4227640610651218,1.331258270192155
22452,hmg_1_2,market_outcome_v2,challenger_20260307,0.5869233894639757,1.4227640610651218,1.331258270192155
22452,hmg_1_3,market_outcome_v2,challenger_20260307,0.7026275489255424,1.4227640610651218,1.331258270192155
22452,hmg_2_3,market_outcome_v2,challenger_20260307,0.35967467283315274,1.4227640610651218,1.331258270192155
22452,hmg_4p,market_outcome_v2,challenger_20260307,0.05632554422776255,1.4227640610651218,1.331258270192155
22452,amg_0,market_outcome_v2,challenger_20260307,0.26414473243039455,1.4227640610651218,1.331258270192155
22452,amg_1_2,market_outcome_v2,challenger_20260307,0.5857099233159828,1.4227640610651218,1.331258270192155
22452,amg_1_3,market_outcome_v2,challenger_20260307,0.6895769406051037,1.4227640610651218,1.331258270192155
22452,amg_2_3,market_outcome_v2,challenger_20260307,0.33793208102944694,1.4227640610651218,1.331258270192155
22452,amg_4p,market_outcome_v2,challenger_20260307,0.04627832696450166,1.4227640610651218,1.331258270192155
22452,ms_h_1_0_2_0_3_0,market_outcome_v2,challenger_20260307,0.1855953659091614,1.4227640610651218,1.331258270192155
22452,ms_a_0_1_0_2_0_3,market_outcome_v2,challenger_20260307,0.1662203885656673,1.4227640610651218,1.331258270192155
22452,ms_h_4_0_5_0_6_0,market_outcome_v2,challenger_20260307,0.014697705048438021,1.4227640610651218,1.331258270192155
22452,ms_a_0_4_0_5_0_6,market_outcome_v2,challenger_20260307,0.01104344232705627,1.4227640610651218,1.331258270192155
22452,ms_h_2_1_3_1_4_1,market_outcome_v2,challenger_20260307,0.14094966938424272,1.4227640610651218,1.331258270192155
22452,ms_h_1_2_1_3_1_4,market_outcome_v2,challenger_20260307,0.12775013067165086,1.4227640610651218,1.331258270192155
22452,ms_h_3_2_4_2_5_1,market_outcome_v2,challenger_20260307,0.040833258170977535,1.4227640610651218,1.331258270192155
22452,ms_a_2_3_2_4_1_5,market_outcome_v2,challenger_20260307,0.03693068055663376,1.4227640610651218,1.331258270192155
22452,ms_draw,market_outcome_v2,challenger_20260307,0.2549280501648568,1.4227640610651218,1.331258270192155
22452,ms_other_homewin,market_outcome_v2,challenger_20260307,0.011356021773351653,1.4227640610651218,1.331258270192155
22452,ms_other_awaywin,market_outcome_v2,challenger_20260307,0.009695287427963389,1.4227640610651218,1.331258270192155
19067,1x2_h,market_outcome_v2,challenger_20260307,0.3832663797027489,1.3756260116604808,1.3219634774007305
19067,1x2_d,market_outcome_v2,challenger_20260307,0.2582058688633665,1.3756260116604808,1.3219634774007305
19067,1x2_a,market_outcome_v2,challenger_20260307,0.3585277514338849,1.3756260116604808,1.3219634774007305
19067,dc_1x,market_outcome_v2,challenger_20260307,0.6414722485661154,1.3756260116604808,1.3219634774007305
19067,dc_x2,market_outcome_v2,challenger_20260307,0.6167336202972513,1.3756260116604808,1.3219634774007305
19067,dc_12,market_outcome_v2,challenger_20260307,0.7417941311366338,1.3756260116604808,1.3219634774007305
19067,o15,market_outcome_v2,challenger_20260307,0.7509017722198148,1.3756260116604808,1.3219634774007305
19067,u35,market_outcome_v2,challenger_20260307,0.7146238298097849,1.3756260116604808,1.3219634774007305
19067,ah_h05,market_outcome_v2,challenger_20260307,0.3832663797027489,1.3756260116604808,1.3219634774007305
19067,ah_a05,market_outcome_v2,challenger_20260307,0.3585277514338849,1.3756260116604808,1.3219634774007305
19067,ah_h15,market_outcome_v2,challenger_20260307,0.17654560516675216,1.3756260116604808,1.3219634774007305
19067,ah_a15,market_outcome_v2,challenger_20260307,0.1598710586699026,1.3756260116604808,1.3219634774007305
19067,eh_h1,market_outcome_v2,challenger_20260307,0.17654560516675216,1.3756260116604808,1.3219634774007305
19067,eh_a1,market_outcome_v2,challenger_20260307,0.1598710586699026,1.3756260116604808,1.3219634774007305
19067,mg_0,market_outcome_v2,challenger_20260307,0.06736773471395535,1.3756260116604808,1.3219634774007305
19067,mg_1_2,market_outcome_v2,challenger_20260307,0.42684762703491685,1.3756260116604808,1.3219634774007305
19067,mg_1_3,market_outcome_v2,challenger_20260307,0.6472560950958296,1.3756260116604808,1.3219634774007305
19067,mg_1_4,market_outcome_v2,challenger_20260307,0.7958989867811302,1.3756260116604808,1.3219634774007305
19067,mg_1_5,market_outcome_v2,challenger_20260307,0.8760944872279163,1.3756260116604808,1.3219634774007305
19067,mg_1_6,market_outcome_v2,challenger_20260307,0.9121502437404585,1.3756260116604808,1.3219634774007305
19067,mg_2_3,market_outcome_v2,challenger_20260307,0.4655256020295995,1.3756260116604808,1.3219634774007305
19067,mg_2_4,market_outcome_v2,challenger_20260307,0.6141684937149,1.3756260116604808,1.3219634774007305
19067,mg_2_5,market_outcome_v2,challenger_20260307,0.6943639941616863,1.3756260116604808,1.3219634774007305
19067,mg_2_6,market_outcome_v2,challenger_20260307,0.7304197506742285,1.3756260116604808,1.3219634774007305
19067,mg_3_4,market_outcome_v2,challenger_20260307,0.3690513597462132,1.3756260116604808,1.3219634774007305
19067,mg_3_5,market_outcome_v2,challenger_20260307,0.4492468601929993,1.3756260116604808,1.3219634774007305
19067,mg_3_6,market_outcome_v2,challenger_20260307,0.48530261670554165,1.3756260116604808,1.3219634774007305
19067,mg_4_5,market_outcome_v2,challenger_20260307,0.22883839213208665,1.3756260116604808,1.3219634774007305
19067,mg_4_6,market_outcome_v2,challenger_20260307,0.26489414864462896,1.3756260116604808,1.3219634774007305
19067,mg_5_6,market_outcome_v2,challenger_20260307,0.11625125695932846,1.3756260116604808,1.3219634774007305
19067,mg_7p,market_outcome_v2,challenger_20260307,0.020482021545586277,1.3756260116604808,1.3219634774007305
19067,hmg_0,market_outcome_v2,challenger_20260307,0.2526814250348498,1.3756260116604808,1.3219634774007305
19067,hmg_1_2,market_outcome_v2,challenger_20260307,0.586675599644252,1.3756260116604808,1.3219634774007305
19067,hmg_1_3,market_outcome_v2,challenger_20260307,0.69630403226805,1.3756260116604808,1.3219634774007305
19067,hmg_2_3,market_outcome_v2,challenger_20260307,0.3487088913266728,1.3756260116604808,1.3219634774007305
19067,hmg_4p,market_outcome_v2,challenger_20260307,0.05101454269710026,1.3756260116604808,1.3219634774007305
19067,amg_0,market_outcome_v2,challenger_20260307,0.2666113455101181,1.3756260116604808,1.3219634774007305
19067,amg_1_2,market_outcome_v2,challenger_20260307,0.5854137802235146,1.3756260116604808,1.3219634774007305
19067,amg_1_3,market_outcome_v2,challenger_20260307,0.6880701132320618,1.3756260116604808,1.3219634774007305
19067,amg_2_3,market_outcome_v2,challenger_20260307,0.33561965180701847,1.3756260116604808,1.3219634774007305
19067,amg_4p,market_outcome_v2,challenger_20260307,0.04531854125782016,1.3756260116604808,1.3219634774007305
19067,ms_h_1_0_2_0_3_0,market_outcome_v2,challenger_20260307,0.18564255492710546,1.3756260116604808,1.3219634774007305
19067,ms_a_0_1_0_2_0_3,market_outcome_v2,challenger_20260307,0.17386253673536786,1.3756260116604808,1.3219634774007305
19067,ms_h_4_0_5_0_6_0,market_outcome_v2,challenger_20260307,0.013451303114933536,1.3756260116604808,1.3219634774007305
19067,ms_a_0_4_0_5_0_6,market_outcome_v2,challenger_20260307,0.011338667617618427,1.3756260116604808,1.3219634774007305
19067,ms_h_2_1_3_1_4_1,market_outcome_v2,challenger_20260307,0.13619067258768197,1.3756260116604808,1.3219634774007305
19067,ms_h_1_2_1_3_1_4,market_outcome_v2,challenger_20260307,0.12845261382469536,1.3756260116604808,1.3219634774007305
19067,ms_h_3_2_4_2_5_1,market_outcome_v2,challenger_20260307,0.03797845144652412,1.3756260116604808,1.3219634774007305
19067,ms_a_2_3_2_4_1_5,market_outcome_v2,challenger_20260307,0.03577234566672413,1.3756260116604808,1.3219634774007305
19067,ms_draw,market_outcome_v2,challenger_20260307,0.2582058688633665,1.3756260116604808,1.3219634774007305
19067,ms_other_homewin,market_outcome_v2,challenger_20260307,0.010003397626503648,1.3756260116604808,1.3219634774007305
19067,ms_other_awaywin,market_outcome_v2,challenger_20260307,0.009101587589479132,1.3756260116604808,1.3219634774007305
20150,1x2_h,market_outcome_v2,challenger_20260307,0.5462033876606743,1.6798338695156265,0.9465105184340477
20150,1x2_d,market_outcome_v2,challenger_20260307,0.2420203346508672,1.6798338695156265,0.9465105184340477
20150,1x2_a,market_outcome_v2,challenger_20260307,0.21177627768845847,1.6798338695156265,0.9465105184340477
20150,dc_1x,market_outcome_v2,challenger_20260307,0.7882237223115416,1.6798338695156265,0.9465105184340477
20150,dc_x2,market_outcome_v2,challenger_20260307,0.45379661233932567,1.6798338695156265,0.9465105184340477
20150,dc_12,market_outcome_v2,challenger_20260307,0.7579796653491329,1.6798338695156265,0.9465105184340477
20150,o15,market_outcome_v2,challenger_20260307,0.7376609868006285,1.6798338695156265,0.9465105184340477
20150,u35,market_outcome_v2,challenger_20260307,0.7302596975739508,1.6798338695156265,0.9465105184340477
20150,ah_h05,market_outcome_v2,challenger_20260307,0.5462033876606743,1.6798338695156265,0.9465105184340477
20150,ah_a05,market_outcome_v2,challenger_20260307,0.21177627768845847,1.6798338695156265,0.9465105184340477
20150,ah_h15,market_outcome_v2,challenger_20260307,0.29879196356456134,1.6798338695156265,0.9465105184340477
20150,ah_a15,market_outcome_v2,challenger_20260307,0.07237111415568472,1.6798338695156265,0.9465105184340477
20150,eh_h1,market_outcome_v2,challenger_20260307,0.29879196356456134,1.6798338695156265,0.9465105184340477
20150,eh_a1,market_outcome_v2,challenger_20260307,0.07237111415568472,1.6798338695156265,0.9465105184340477
20150,mg_0,market_outcome_v2,challenger_20260307,0.07234255358402328,1.6798338695156265,0.9465105184340477
20150,mg_1_2,market_outcome_v2,challenger_20260307,0.43949452733588634,1.6798338695156265,0.9465105184340477
20150,mg_1_3,market_outcome_v2,challenger_20260307,0.6579171439899275,1.6798338695156265,0.9465105184340477
20150,mg_1_4,market_outcome_v2,challenger_20260307,0.8013303973525834,1.6798338695156265,0.9465105184340477
20150,mg_1_5,market_outcome_v2,challenger_20260307,0.8766609159779067,1.6798338695156265,0.9465105184340477
20150,mg_1_6,market_outcome_v2,challenger_20260307,0.9096348967833995,1.6798338695156265,0.9465105184340477
20150,mg_2_3,market_outcome_v2,challenger_20260307,0.4679206843745793,1.6798338695156265,0.9465105184340477
20150,mg_2_4,market_outcome_v2,challenger_20260307,0.6113339377372352,1.6798338695156265,0.9465105184340477
20150,mg_2_5,market_outcome_v2,challenger_20260307,0.6866644563625586,1.6798338695156265,0.9465105184340477
20150,mg_2_6,market_outcome_v2,challenger_20260307,0.7196384371680513,1.6798338695156265,0.9465105184340477
20150,mg_3_4,market_outcome_v2,challenger_20260307,0.36183587001669704,1.6798338695156265,0.9465105184340477
20150,mg_3_5,market_outcome_v2,challenger_20260307,0.4371663886420203,1.6798338695156265,0.9465105184340477
20150,mg_3_6,market_outcome_v2,challenger_20260307,0.470140369447513,1.6798338695156265,0.9465105184340477
20150,mg_4_5,market_outcome_v2,challenger_20260307,0.21874377198797923,1.6798338695156265,0.9465105184340477
20150,mg_4_6,market_outcome_v2,challenger_20260307,0.25171775279347197,1.6798338695156265,0.9465105184340477
20150,mg_5_6,market_outcome_v2,challenger_20260307,0.10830449943081595,1.6798338695156265,0.9465105184340477
20150,mg_7p,market_outcome_v2,challenger_20260307,0.018022549632577354,1.6798338695156265,0.9465105184340477
20150,hmg_0,market_outcome_v2,challenger_20260307,0.18640524463771246,1.6798338695156265,0.9465105184340477
20150,hmg_1_2,market_outcome_v2,challenger_20260307,0.5761329016456294,1.6798338695156265,0.9465105184340477
20150,hmg_1_3,market_outcome_v2,challenger_20260307,0.7234000499892745,1.6798338695156265,0.9465105184340477
20150,hmg_2_3,market_outcome_v2,challenger_20260307,0.410270206591499,1.6798338695156265,0.9465105184340477
20150,hmg_4p,market_outcome_v2,challenger_20260307,0.09019470537301301,1.6798338695156265,0.9465105184340477
20150,amg_0,market_outcome_v2,challenger_20260307,0.3880929086766013,1.6798338695156265,0.9465105184340477
20150,amg_1_2,market_outcome_v2,challenger_20260307,0.541176777137296,1.6798338695156265,0.9465105184340477
20150,amg_1_3,market_outcome_v2,challenger_20260307,0.5960247764713732,1.6798338695156265,0.9465105184340477
20150,amg_2_3,market_outcome_v2,challenger_20260307,0.2286907562793057,1.6798338695156265,0.9465105184340477
20150,amg_4p,market_outcome_v2,challenger_20260307,0.015882314852025497,1.6798338695156265,0.9465105184340477
20150,ms_h_1_0_2_0_3_0,market_outcome_v2,challenger_20260307,0.28074642953713635,1.6798338695156265,0.9465105184340477
20150,ms_a_0_1_0_2_0_3,market_outcome_v2,challenger_20260307,0.11110214426828421,1.6798338695156265,0.9465105184340477
20150,ms_h_4_0_5_0_6_0,market_outcome_v2,challenger_20260307,0.03432357523678784,1.6798338695156265,0.9465105184340477
20150,ms_a_0_4_0_5_0_6,market_outcome_v2,challenger_20260307,0.002949489140262827,1.6798338695156265,0.9465105184340477
20150,ms_h_2_1_3_1_4_1,market_outcome_v2,challenger_20260307,0.17342437572409386,1.6798338695156265,0.9465105184340477
20150,ms_h_1_2_1_3_1_4,market_outcome_v2,challenger_20260307,0.07567387267784008,1.6798338695156265,0.9465105184340477
20150,ms_h_3_2_4_2_5_1,market_outcome_v2,challenger_20260307,0.04398537190178804,1.6798338695156265,0.9465105184340477
20150,ms_a_2_3_2_4_1_5,market_outcome_v2,challenger_20260307,0.018607908894671663,1.6798338695156265,0.9465105184340477
20150,ms_draw,market_outcome_v2,challenger_20260307,0.2420203346508672,1.6798338695156265,0.9465105184340477
20150,ms_other_homewin,market_outcome_v2,challenger_20260307,0.013723635260868264,1.6798338695156265,0.9465105184340477
20150,ms_other_awaywin,market_outcome_v2,challenger_20260307,0.003442862707399683,1.6798338695156265,0.9465105184340477
20293,1x2_h,market_outcome_v2,challenger_20260307,0.4004225228166541,1.3594981873277963,1.2207554539676808
20293,1x2_d,market_outcome_v2,challenger_20260307,0.26432801111266746,1.3594981873277963,1.2207554539676808
20293,1x2_a,market_outcome_v2,challenger_20260307,0.33524946607067857,1.3594981873277963,1.2207554539676808
20293,dc_1x,market_outcome_v2,challenger_20260307,0.6647505339293216,1.3594981873277963,1.2207554539676808
20293,dc_x2,market_outcome_v2,challenger_20260307,0.599577477183346,1.3594981873277963,1.2207554539676808
20293,dc_12,market_outcome_v2,challenger_20260307,0.7356719888873327,1.3594981873277963,1.2207554539676808
20293,o15,market_outcome_v2,challenger_20260307,0.7287785702147391,1.3594981873277963,1.2207554539676808
20293,u35,market_outcome_v2,challenger_20260307,0.7402914690853122,1.3594981873277963,1.2207554539676808
20293,ah_h05,market_outcome_v2,challenger_20260307,0.4004225228166541,1.3594981873277963,1.2207554539676808
20293,ah_a05,market_outcome_v2,challenger_20260307,0.33524946607067857,1.3594981873277963,1.2207554539676808
20293,ah_h15,market_outcome_v2,challenger_20260307,0.18477857685143742,1.3594981873277963,1.2207554539676808
20293,ah_a15,market_outcome_v2,challenger_20260307,0.14161292752583038,1.3594981873277963,1.2207554539676808
20293,eh_h1,market_outcome_v2,challenger_20260307,0.18477857685143742,1.3594981873277963,1.2207554539676808
20293,eh_a1,market_outcome_v2,challenger_20260307,0.14161292752583038,1.3594981873277963,1.2207554539676808
20293,mg_0,market_outcome_v2,challenger_20260307,0.07575480872554115,1.3594981873277963,1.2207554539676808
20293,mg_1_2,market_outcome_v2,challenger_20260307,0.44764335143025263,1.3594981873277963,1.2207554539676808
20293,mg_1_3,market_outcome_v2,challenger_20260307,0.664536660359771,1.3594981873277963,1.2207554539676808
20293,mg_1_4,market_outcome_v2,challenger_20260307,0.8044465978942745,1.3594981873277963,1.2207554539676808
20293,mg_1_5,market_outcome_v2,challenger_20260307,0.8766472230496397,1.3594981873277963,1.2207554539676808
20293,mg_1_6,market_outcome_v2,challenger_20260307,0.9076965440431297,1.3594981873277963,1.2207554539676808
20293,mg_2_3,market_outcome_v2,challenger_20260307,0.4690700393000511,1.3594981873277963,1.2207554539676808
20293,mg_2_4,market_outcome_v2,challenger_20260307,0.6089799768345546,1.3594981873277963,1.2207554539676808
20293,mg_2_5,market_outcome_v2,challenger_20260307,0.6811806019899198,1.3594981873277963,1.2207554539676808
20293,mg_2_6,market_outcome_v2,challenger_20260307,0.7122299229834099,1.3594981873277963,1.2207554539676808
20293,mg_3_4,market_outcome_v2,challenger_20260307,0.35680324646402184,1.3594981873277963,1.2207554539676808
20293,mg_3_5,market_outcome_v2,challenger_20260307,0.429003871619387,1.3594981873277963,1.2207554539676808
20293,mg_3_6,market_outcome_v2,challenger_20260307,0.4600531926128771,1.3594981873277963,1.2207554539676808
20293,mg_4_5,market_outcome_v2,challenger_20260307,0.21211056268986872,1.3594981873277963,1.2207554539676808
20293,mg_4_6,market_outcome_v2,challenger_20260307,0.24315988368335884,1.3594981873277963,1.2207554539676808
20293,mg_5_6,market_outcome_v2,challenger_20260307,0.10324994614885523,1.3594981873277963,1.2207554539676808
20293,mg_7p,market_outcome_v2,challenger_20260307,0.01654864723132915,1.3594981873277963,1.2207554539676808
20293,hmg_0,market_outcome_v2,challenger_20260307,0.25678965946290827,1.3594981873277963,1.2207554539676808
20293,hmg_1_2,market_outcome_v2,challenger_20260307,0.5864089359524257,1.3594981873277963,1.2207554539676808
20293,hmg_1_3,market_outcome_v2,challenger_20260307,0.6939469915137542,1.3594981873277963,1.2207554539676808
20293,hmg_2_3,market_outcome_v2,challenger_20260307,0.3448419149494082,1.3594981873277963,1.2207554539676808
20293,hmg_4p,market_outcome_v2,challenger_20260307,0.04926334902333766,1.3594981873277963,1.2207554539676808
20293,amg_0,market_outcome_v2,challenger_20260307,0.2950072401045552,1.3594981873277963,1.2207554539676808
20293,amg_1_2,market_outcome_v2,challenger_20260307,0.5799480641411313,1.3594981873277963,1.2207554539676808
20293,amg_1_3,market_outcome_v2,challenger_20260307,0.669395407031531,1.3594981873277963,1.2207554539676808
20293,amg_2_3,market_outcome_v2,challenger_20260307,0.30926370971394224,1.3594981873277963,1.2207554539676808
20293,amg_4p,market_outcome_v2,challenger_20260307,0.035597352863913835,1.3594981873277963,1.2207554539676808
20293,ms_h_1_0_2_0_3_0,market_outcome_v2,challenger_20260307,0.20471938674533177,1.3594981873277963,1.2207554539676808
20293,ms_a_0_1_0_2_0_3,market_outcome_v2,challenger_20260307,0.17189381861766173,1.3594981873277963,1.2207554539676808
20293,ms_h_4_0_5_0_6_0,market_outcome_v2,challenger_20260307,0.014378346730432904,1.3594981873277963,1.2207554539676808
20293,ms_a_0_4_0_5_0_6,market_outcome_v2,challenger_20260307,0.009069628399075585,1.3594981873277963,1.2207554539676808
20293,ms_h_2_1_3_1_4_1,market_outcome_v2,challenger_20260307,0.13735111884562026,1.3594981873277963,1.2207554539676808
20293,ms_h_1_2_1_3_1_4,market_outcome_v2,challenger_20260307,0.11749551766205849,1.3594981873277963,1.2207554539676808
20293,ms_h_3_2_4_2_5_1,market_outcome_v2,challenger_20260307,0.035251701683163224,1.3594981873277963,1.2207554539676808
20293,ms_a_2_3_2_4_1_5,market_outcome_v2,challenger_20260307,0.03003095606102764,1.3594981873277963,1.2207554539676808
20293,ms_draw,market_outcome_v2,challenger_20260307,0.26432801111266746,1.3594981873277963,1.2207554539676808
20293,ms_other_homewin,market_outcome_v2,challenger_20260307,0.008721968812105917,1.3594981873277963,1.2207554539676808
20293,ms_other_awaywin,market_outcome_v2,challenger_20260307,0.006759545330855117,1.3594981873277963,1.2207554539676808
20294,1x2_h,market_outcome_v2,challenger_20260307,0.465212493121017,1.5817301154854206,1.1859431454767408
20294,1x2_d,market_outcome_v2,challenger_20260307,0.24885086764767841,1.5817301154854206,1.1859431454767408
20294,1x2_a,market_outcome_v2,challenger_20260307,0.28593663923130463,1.5817301154854206,1.1859431454767408
20294,dc_1x,market_outcome_v2,challenger_20260307,0.7140633607686954,1.5817301154854206,1.1859431454767408
20294,dc_x2,market_outcome_v2,challenger_20260307,0.534787506878983,1.5817301154854206,1.1859431454767408
20294,dc_12,market_outcome_v2,challenger_20260307,0.7511491323523216,1.5817301154854206,1.1859431454767408
20294,o15,market_outcome_v2,challenger_20260307,0.7633598505464962,1.5817301154854206,1.1859431454767408
20294,u35,market_outcome_v2,challenger_20260307,0.6991215090244666,1.5817301154854206,1.1859431454767408
20294,ah_h05,market_outcome_v2,challenger_20260307,0.465212493121017,1.5817301154854206,1.1859431454767408
20294,ah_a05,market_outcome_v2,challenger_20260307,0.28593663923130463,1.5817301154854206,1.1859431454767408
20294,ah_h15,market_outcome_v2,challenger_20260307,0.2385489564433879,1.5817301154854206,1.1859431454767408
20294,ah_a15,market_outcome_v2,challenger_20260307,0.11598977849909033,1.5817301154854206,1.1859431454767408
20294,eh_h1,market_outcome_v2,challenger_20260307,0.2385489564433879,1.5817301154854206,1.1859431454767408
20294,eh_a1,market_outcome_v2,challenger_20260307,0.11598977849909033,1.5817301154854206,1.1859431454767408
20294,mg_0,market_outcome_v2,challenger_20260307,0.06280803378185516,1.5817301154854206,1.1859431454767408
20294,mg_1_2,market_outcome_v2,challenger_20260307,0.4143873648921004,1.5817301154854206,1.1859431454767408
20294,mg_1_3,market_outcome_v2,challenger_20260307,0.6363134752426115,1.5817301154854206,1.1859431454767408
20294,mg_1_4,market_outcome_v2,challenger_20260307,0.7898682156242233,1.5817301154854206,1.1859431454767408
20294,mg_1_5,market_outcome_v2,challenger_20260307,0.8748660854338581,1.5817301154854206,1.1859431454767408
20294,mg_1_6,market_outcome_v2,challenger_20260307,0.9140738073523362,1.5817301154854206,1.1859431454767408
20294,mg_2_3,market_outcome_v2,challenger_20260307,0.46248135957096287,1.5817301154854206,1.1859431454767408
20294,mg_2_4,market_outcome_v2,challenger_20260307,0.6160360999525747,1.5817301154854206,1.1859431454767408
20294,mg_2_5,market_outcome_v2,challenger_20260307,0.7010339697622096,1.5817301154854206,1.1859431454767408
20294,mg_2_6,market_outcome_v2,challenger_20260307,0.7402416916806877,1.5817301154854206,1.1859431454767408
20294,mg_3_4,market_outcome_v2,challenger_20260307,0.37548085073212295,1.5817301154854206,1.1859431454767408
20294,mg_3_5,market_outcome_v2,challenger_20260307,0.4604787205417577,1.5817301154854206,1.1859431454767408
20294,mg_3_6,market_outcome_v2,challenger_20260307,0.49968644246023586,1.5817301154854206,1.1859431454767408
20294,mg_4_5,market_outcome_v2,challenger_20260307,0.2385526101912466,1.5817301154854206,1.1859431454767408
20294,mg_4_6,market_outcome_v2,challenger_20260307,0.27776033210972484,1.5817301154854206,1.1859431454767408
20294,mg_5_6,market_outcome_v2,challenger_20260307,0.12420559172811296,1.5817301154854206,1.1859431454767408
20294,mg_7p,market_outcome_v2,challenger_20260307,0.023118158865808563,1.5817301154854206,1.1859431454767408
20294,hmg_0,market_outcome_v2,challenger_20260307,0.20561923442544494,1.5817301154854206,1.1859431454767408
20294,hmg_1_2,market_outcome_v2,challenger_20260307,0.5824504486977048,1.5817301154854206,1.1859431454767408
20294,hmg_1_3,market_outcome_v2,challenger_20260307,0.7180660450028086,1.5817301154854206,1.1859431454767408
20294,hmg_2_3,market_outcome_v2,challenger_20260307,0.39283190958902575,1.5817301154854206,1.1859431454767408
20294,hmg_4p,market_outcome_v2,challenger_20260307,0.07631472057174657,1.5817301154854206,1.1859431454767408
20294,amg_0,market_outcome_v2,challenger_20260307,0.30545796922820767,1.5817301154854206,1.1859431454767408
20294,amg_1_2,market_outcome_v2,challenger_20260307,0.5770631673060665,1.5817301154854206,1.1859431454767408
20294,amg_1_3,market_outcome_v2,challenger_20260307,0.6619796149182232,1.5817301154854206,1.1859431454767408
20294,amg_2_3,market_outcome_v2,challenger_20260307,0.2997238300807852,1.5817301154854206,1.1859431454767408
20294,amg_4p,market_outcome_v2,challenger_20260307,0.03256241585356927,1.5817301154854206,1.1859431454767408
20294,ms_h_1_0_2_0_3_0,market_outcome_v2,challenger_20260307,0.2193389958782886,1.5817301154854206,1.1859431454767408
20294,ms_a_0_1_0_2_0_3,market_outcome_v2,challenger_20260307,0.13611574162473591,1.5817301154854206,1.1859431454767408
20294,ms_h_4_0_5_0_6_0,market_outcome_v2,challenger_20260307,0.022928803351367936,1.5817301154854206,1.1859431454767408
20294,ms_a_0_4_0_5_0_6,market_outcome_v2,challenger_20260307,0.006647347131427678,1.5817301154854206,1.1859431454767408
20294,ms_h_2_1_3_1_4_1,market_outcome_v2,challenger_20260307,0.16173225683321726,1.5817301154854206,1.1859431454767408
20294,ms_h_1_2_1_3_1_4,market_outcome_v2,challenger_20260307,0.10566868437153965,1.5817301154854206,1.1859431454767408
20294,ms_h_3_2_4_2_5_1,market_outcome_v2,challenger_20260307,0.04679620330976772,1.5817301154854206,1.1859431454767408
20294,ms_a_2_3_2_4_1_5,market_outcome_v2,challenger_20260307,0.03025987020796243,1.5817301154854206,1.1859431454767408
20294,ms_draw,market_outcome_v2,challenger_20260307,0.24885086764767841,1.5817301154854206,1.1859431454767408
20294,ms_other_homewin,market_outcome_v2,challenger_20260307,0.01441623374837547,1.5817301154854206,1.1859431454767408
20294,ms_other_awaywin,market_outcome_v2,challenger_20260307,0.0072449958956390045,1.5817301154854206,1.1859431454767408
20295,1x2_h,market_outcome_v2,challenger_20260307,0.47103373239301843,1.5187740201001914,1.0915623950067161
20295,1x2_d,market_outcome_v2,challenger_20260307,0.25622119292801243,1.5187740201001914,1.0915623950067161
20295,1x2_a,market_outcome_v2,challenger_20260307,0.27274507467896947,1.5187740201001914,1.0915623950067161
20295,dc_1x,market_outcome_v2,challenger_20260307,0.7272549253210309,1.5187740201001914,1.0915623950067161
20295,dc_x2,market_outcome_v2,challenger_20260307,0.528966267606982,1.5187740201001914,1.0915623950067161
20295,dc_12,market_outcome_v2,challenger_20260307,0.743778807071988,1.5187740201001914,1.0915623950067161
20295,o15,market_outcome_v2,challenger_20260307,0.7346046853392038,1.5187740201001914,1.0915623950067161
20295,u35,market_outcome_v2,challenger_20260307,0.7337514320016186,1.5187740201001914,1.0915623950067161
20295,ah_h05,market_outcome_v2,challenger_20260307,0.47103373239301843,1.5187740201001914,1.0915623950067161
20295,ah_a05,market_outcome_v2,challenger_20260307,0.27274507467896947,1.5187740201001914,1.0915623950067161
20295,ah_h15,market_outcome_v2,challenger_20260307,0.23743147517384247,1.5187740201001914,1.0915623950067161
20295,ah_a15,market_outcome_v2,challenger_20260307,0.1048521320854971,1.5187740201001914,1.0915623950067161
20295,eh_h1,market_outcome_v2,challenger_20260307,0.23743147517384247,1.5187740201001914,1.0915623950067161
20295,eh_a1,market_outcome_v2,challenger_20260307,0.1048521320854971,1.5187740201001914,1.0915623950067161
20295,mg_0,market_outcome_v2,challenger_20260307,0.07350985729481878,1.5187740201001914,1.0915623950067161
20295,mg_1_2,market_outcome_v2,challenger_20260307,0.44232825581190516,1.5187740201001914,1.0915623950067161
20295,mg_1_3,market_outcome_v2,challenger_20260307,0.6602415747067999,1.5187740201001914,1.0915623950067161
20295,mg_1_4,market_outcome_v2,challenger_20260307,0.8024483426188371,1.5187740201001914,1.0915623950067161
20295,mg_1_5,market_outcome_v2,challenger_20260307,0.8766898435699263,1.5187740201001914,1.0915623950067161
20295,mg_1_6,market_outcome_v2,challenger_20260307,0.9089890591440635,1.5187740201001914,1.0915623950067161
20295,mg_2_3,market_outcome_v2,challenger_20260307,0.4683561173408224,1.5187740201001914,1.0915623950067161
20295,mg_2_4,market_outcome_v2,challenger_20260307,0.6105628852528595,1.5187740201001914,1.0915623950067161
20295,mg_2_5,market_outcome_v2,challenger_20260307,0.6848043862039487,1.5187740201001914,1.0915623950067161
20295,mg_2_6,market_outcome_v2,challenger_20260307,0.7171036017780859,1.5187740201001914,1.0915623950067161
20295,mg_3_4,market_outcome_v2,challenger_20260307,0.3601200868069318,1.5187740201001914,1.0915623950067161
20295,mg_3_5,market_outcome_v2,challenger_20260307,0.4343615877580212,1.5187740201001914,1.0915623950067161
20295,mg_3_6,market_outcome_v2,challenger_20260307,0.46666080333215826,1.5187740201001914,1.0915623950067161
20295,mg_4_5,market_outcome_v2,challenger_20260307,0.21644826886312635,1.5187740201001914,1.0915623950067161
20295,mg_4_6,market_outcome_v2,challenger_20260307,0.2487474844372635,1.5187740201001914,1.0915623950067161
20295,mg_5_6,market_outcome_v2,challenger_20260307,0.10654071652522647,1.5187740201001914,1.0915623950067161
20295,mg_7p,market_outcome_v2,challenger_20260307,0.017501083561117906,1.5187740201001914,1.0915623950067161
20295,hmg_0,market_outcome_v2,challenger_20260307,0.21898032396128023,1.5187740201001914,1.0915623950067161
20295,hmg_1_2,market_outcome_v2,challenger_20260307,0.5851397942292673,1.5187740201001914,1.0915623950067161
20295,hmg_1_3,market_outcome_v2,challenger_20260307,0.7129993885741609,1.5187740201001914,1.0915623950067161
20295,hmg_2_3,market_outcome_v2,challenger_20260307,0.38041776162864493,1.5187740201001914,1.0915623950067161
20295,hmg_4p,market_outcome_v2,challenger_20260307,0.06802028746455917,1.5187740201001914,1.0915623950067161
20295,amg_0,market_outcome_v2,challenger_20260307,0.33569160902244666,1.5187740201001914,1.0915623950067161
20295,amg_1_2,market_outcome_v2,challenger_20260307,0.5664180331468806,1.5187740201001914,1.0915623950067161
20295,amg_1_3,market_outcome_v2,challenger_20260307,0.6391851104800277,1.5187740201001914,1.0915623950067161
20295,amg_2_3,market_outcome_v2,challenger_20260307,0.2727567737518278,1.5187740201001914,1.0915623950067161
20295,amg_4p,market_outcome_v2,challenger_20260307,0.025123280497525803,1.5187740201001914,1.0915623950067161
20295,ms_h_1_0_2_0_3_0,market_outcome_v2,challenger_20260307,0.23934791198248062,1.5187740201001914,1.0915623950067161
20295,ms_a_0_1_0_2_0_3,market_outcome_v2,challenger_20260307,0.13996896256414315,1.5187740201001914,1.0915623950067161
20295,ms_h_4_0_5_0_6_0,market_outcome_v2,challenger_20260307,0.02250031881656795,1.5187740201001914,1.0915623950067161
20295,ms_a_0_4_0_5_0_6,market_outcome_v2,challenger_20260307,0.005470403991462737,1.5187740201001914,1.0915623950067161
20295,ms_h_2_1_3_1_4_1,market_outcome_v2,challenger_20260307,0.15718501176977806,1.5187740201001914,1.0915623950067161
20295,ms_h_1_2_1_3_1_4,market_outcome_v2,challenger_20260307,0.09731811503608678,1.5187740201001914,1.0915623950067161
20295,ms_h_3_2_4_2_5_1,market_outcome_v2,challenger_20260307,0.040683136809381334,1.5187740201001914,1.0915623950067161
20295,ms_a_2_3_2_4_1_5,market_outcome_v2,challenger_20260307,0.02483486559354326,1.5187740201001914,1.0915623950067161
20295,ms_draw,market_outcome_v2,challenger_20260307,0.25622119292801243,1.5187740201001914,1.0915623950067161
20295,ms_other_homewin,market_outcome_v2,challenger_20260307,0.011317353014810346,1.5187740201001914,1.0915623950067161
20295,ms_other_awaywin,market_outcome_v2,challenger_20260307,0.005152727493733418,1.5187740201001914,1.0915623950067161
20296,1x2_h,market_outcome_v2,challenger_20260307,0.3901746634056312,1.3111972559359328,1.208586252377622
20296,1x2_d,market_outcome_v2,challenger_20260307,0.268369020586974,1.3111972559359328,1.208586252377622
20296,1x2_a,market_outcome_v2,challenger_20260307,0.341456316007395,1.3111972559359328,1.208586252377622
20296,dc_1x,market_outcome_v2,challenger_20260307,0.6585436839926051,1.3111972559359328,1.208586252377622
20296,dc_x2,market_outcome_v2,challenger_20260307,0.609825336594369,1.3111972559359328,1.208586252377622
20296,dc_12,market_outcome_v2,challenger_20260307,0.7316309794130262,1.3111972559359328,1.208586252377622
20296,o15,market_outcome_v2,challenger_20260307,0.7167382247519449,1.3111972559359328,1.208586252377622
20296,u35,market_outcome_v2,challenger_20260307,0.753339068176287,1.3111972559359328,1.208586252377622
20296,ah_h05,market_outcome_v2,challenger_20260307,0.3901746634056312,1.3111972559359328,1.208586252377622
20296,ah_a05,market_outcome_v2,challenger_20260307,0.341456316007395,1.3111972559359328,1.208586252377622
20296,ah_h15,market_outcome_v2,challenger_20260307,0.17580133925464714,1.3111972559359328,1.208586252377622
20296,ah_a15,market_outcome_v2,challenger_20260307,0.1438593097046071,1.3111972559359328,1.208586252377622
20296,eh_h1,market_outcome_v2,challenger_20260307,0.17580133925464714,1.3111972559359328,1.208586252377622
20296,eh_a1,market_outcome_v2,challenger_20260307,0.1438593097046071,1.3111972559359328,1.208586252377622
20296,mg_0,market_outcome_v2,challenger_20260307,0.08047704484636765,1.3111972559359328,1.208586252377622
20296,mg_1_2,market_outcome_v2,challenger_20260307,0.458271540103679,1.3111972559359328,1.208586252377622
20296,mg_1_3,market_outcome_v2,challenger_20260307,0.6728620233299194,1.3111972559359328,1.208586252377622
20296,mg_1_4,market_outcome_v2,challenger_20260307,0.8080424134985487,1.3111972559359328,1.208586252377622
20296,mg_1_5,market_outcome_v2,challenger_20260307,0.8761674770574094,1.3111972559359328,1.208586252377622
20296,mg_1_6,market_outcome_v2,challenger_20260307,0.9047775456671479,1.3111972559359328,1.208586252377622
20296,mg_2_3,market_outcome_v2,challenger_20260307,0.47007729292823186,1.3111972559359328,1.208586252377622
20296,mg_2_4,market_outcome_v2,challenger_20260307,0.6052576830968611,1.3111972559359328,1.208586252377622
20296,mg_2_5,market_outcome_v2,challenger_20260307,0.673382746655722,1.3111972559359328,1.208586252377622
20296,mg_2_6,market_outcome_v2,challenger_20260307,0.7019928152654602,1.3111972559359328,1.208586252377622
20296,mg_3_4,market_outcome_v2,challenger_20260307,0.3497708733948698,1.3111972559359328,1.208586252377622
20296,mg_3_5,market_outcome_v2,challenger_20260307,0.41789593695373056,1.3111972559359328,1.208586252377622
20296,mg_3_6,market_outcome_v2,challenger_20260307,0.44650600556346887,1.3111972559359328,1.208586252377622
20296,mg_4_5,market_outcome_v2,challenger_20260307,0.20330545372749007,1.3111972559359328,1.208586252377622
20296,mg_4_6,market_outcome_v2,challenger_20260307,0.23191552233722845,1.3111972559359328,1.208586252377622
20296,mg_5_6,market_outcome_v2,challenger_20260307,0.09673513216859916,1.3111972559359328,1.208586252377622
20296,mg_7p,market_outcome_v2,challenger_20260307,0.014745409486484588,1.3111972559359328,1.208586252377622
20296,hmg_0,market_outcome_v2,challenger_20260307,0.2694972462117935,1.3111972559359328,1.208586252377622
20296,hmg_1_2,market_outcome_v2,challenger_20260307,0.5850290358816796,1.3111972559359328,1.208586252377622
20296,hmg_1_3,market_outcome_v2,challenger_20260307,0.6862818672676569,1.3111972559359328,1.208586252377622
20296,hmg_2_3,market_outcome_v2,challenger_20260307,0.33291781755246286,1.3111972559359328,1.208586252377622
20296,hmg_4p,market_outcome_v2,challenger_20260307,0.04422088652054965,1.3111972559359328,1.208586252377622
20296,amg_0,market_outcome_v2,challenger_20260307,0.29861917321085363,1.3111972559359328,1.208586252377622
20296,amg_1_2,market_outcome_v2,challenger_20260307,0.5790006633136398,1.3111972559359328,1.208586252377622
20296,amg_1_3,market_outcome_v2,challenger_20260307,0.6668623199966829,1.3111972559359328,1.208586252377622
20296,amg_2_3,market_outcome_v2,challenger_20260307,0.3059552925576732,1.3111972559359328,1.208586252377622
20296,amg_4p,market_outcome_v2,challenger_20260307,0.03451850679246351,1.3111972559359328,1.208586252377622
20296,ms_h_1_0_2_0_3_0,market_outcome_v2,challenger_20260307,0.20493692379306852,1.3111972559359328,1.208586252377622
20296,ms_a_0_1_0_2_0_3,market_outcome_v2,challenger_20260307,0.17971755884151386,1.3111972559359328,1.208586252377622
20296,ms_h_4_0_5_0_6_0,market_outcome_v2,challenger_20260307,0.013078498845740444,1.3111972559359328,1.208586252377622
20296,ms_a_0_4_0_5_0_6,market_outcome_v2,challenger_20260307,0.0092320459335152,1.3111972559359328,1.208586252377622
20296,ms_h_2_1_3_1_4_1,market_outcome_v2,challenger_20260307,0.13213110382733384,1.3111972559359328,1.208586252377622
20296,ms_h_1_2_1_3_1_4,market_outcome_v2,challenger_20260307,0.11749439112417531,1.3111972559359328,1.208586252377622
20296,ms_h_3_2_4_2_5_1,market_outcome_v2,challenger_20260307,0.03246255264556906,1.3111972559359328,1.208586252377622
20296,ms_a_2_3_2_4_1_5,market_outcome_v2,challenger_20260307,0.028772001222394906,1.3111972559359328,1.208586252377622
20296,ms_draw,market_outcome_v2,challenger_20260307,0.268369020586974,1.3111972559359328,1.208586252377622
20296,ms_other_homewin,market_outcome_v2,challenger_20260307,0.00756558429391915,1.3111972559359328,1.208586252377622
20296,ms_other_awaywin,market_outcome_v2,challenger_20260307,0.0062403188857957995,1.3111972559359328,1.208586252377622
20297,1x2_h,market_outcome_v2,challenger_20260307,0.31185965526617604,1.2761858503925003,1.5616576724623075
20297,1x2_d,market_outcome_v2,challenger_20260307,0.24799795304111258,1.2761858503925003,1.5616576724623075
20297,1x2_a,market_outcome_v2,challenger_20260307,0.4401423916927116,1.2761858503925003,1.5616576724623075
20297,dc_1x,market_outcome_v2,challenger_20260307,0.5598576083072886,1.2761858503925003,1.5616576724623075
20297,dc_x2,market_outcome_v2,challenger_20260307,0.6881403447338241,1.2761858503925003,1.5616576724623075
20297,dc_12,market_outcome_v2,challenger_20260307,0.7520020469588876,1.2761858503925003,1.5616576724623075
20297,o15,market_outcome_v2,challenger_20260307,0.7752871624894513,1.2761858503925003,1.5616576724623075
20297,u35,market_outcome_v2,challenger_20260307,0.6835078728895928,1.2761858503925003,1.5616576724623075
20297,ah_h05,market_outcome_v2,challenger_20260307,0.31185965526617604,1.2761858503925003,1.5616576724623075
20297,ah_a05,market_outcome_v2,challenger_20260307,0.4401423916927116,1.2761858503925003,1.5616576724623075
20297,ah_h15,market_outcome_v2,challenger_20260307,0.13339814135426661,1.2761858503925003,1.5616576724623075
20297,ah_a15,market_outcome_v2,challenger_20260307,0.22176056873639446,1.2761858503925003,1.5616576724623075
20297,eh_h1,market_outcome_v2,challenger_20260307,0.13339814135426661,1.2761858503925003,1.5616576724623075
20297,eh_a1,market_outcome_v2,challenger_20260307,0.22176056873639446,1.2761858503925003,1.5616576724623075
20297,mg_0,market_outcome_v2,challenger_20260307,0.05855184980115986,1.2761858503925003,1.5616576724623075
20297,mg_1_2,market_outcome_v2,challenger_20260307,0.4019304290705126,1.2761858503925003,1.5616576724623075
20297,mg_1_3,market_outcome_v2,challenger_20260307,0.6249560230884329,1.2761858503925003,1.5616576724623075
20297,mg_1_4,market_outcome_v2,challenger_20260307,0.7831839574420832,1.2761858503925003,1.5616576724623075
20297,mg_1_5,market_outcome_v2,challenger_20260307,0.8729891811701236,1.2761858503925003,1.5616576724623075
20297,mg_1_6,market_outcome_v2,challenger_20260307,0.9154647099159813,1.2761858503925003,1.5616576724623075
20297,mg_2_3,market_outcome_v2,challenger_20260307,0.4587950353790438,1.2761858503925003,1.5616576724623075
20297,mg_2_4,market_outcome_v2,challenger_20260307,0.6170229697326942,1.2761858503925003,1.5616576724623075
20297,mg_2_5,market_outcome_v2,challenger_20260307,0.7068281934607346,1.2761858503925003,1.5616576724623075
20297,mg_2_6,market_outcome_v2,challenger_20260307,0.7493037222065922,1.2761858503925003,1.5616576724623075
20297,mg_3_4,market_outcome_v2,challenger_20260307,0.3812535283715705,1.2761858503925003,1.5616576724623075
20297,mg_3_5,market_outcome_v2,challenger_20260307,0.471058752099611,1.2761858503925003,1.5616576724623075
20297,mg_3_6,market_outcome_v2,challenger_20260307,0.5135342808454686,1.2761858503925003,1.5616576724623075
20297,mg_4_5,market_outcome_v2,challenger_20260307,0.24803315808169069,1.2761858503925003,1.5616576724623075
20297,mg_4_6,market_outcome_v2,challenger_20260307,0.29050868682754843,1.2761858503925003,1.5616576724623075
20297,mg_5_6,market_outcome_v2,challenger_20260307,0.13228075247389817,1.2761858503925003,1.5616576724623075
20297,mg_7p,market_outcome_v2,challenger_20260307,0.025983440282858986,1.2761858503925003,1.5616576724623075
20297,hmg_0,market_outcome_v2,challenger_20260307,0.27909983319416704,1.2761858503925003,1.5616576724623075
20297,hmg_1_2,market_outcome_v2,challenger_20260307,0.5834612749528661,1.2761858503925003,1.5616576724623075
20297,hmg_1_3,market_outcome_v2,challenger_20260307,0.6801442714127627,1.2761858503925003,1.5616576724623075
20297,hmg_2_3,market_outcome_v2,challenger_20260307,0.3239610134434597,1.2761858503925003,1.5616576724623075
20297,hmg_4p,market_outcome_v2,challenger_20260307,0.040755895393070486,1.2761858503925003,1.5616576724623075
20297,amg_0,market_outcome_v2,challenger_20260307,0.2097881934613193,1.2761858503925003,1.5616576724623075
20297,amg_1_2,market_outcome_v2,challenger_20260307,0.5834304097242898,1.2761858503925003,1.5616576724623075
20297,amg_1_3,market_outcome_v2,challenger_20260307,0.716594556413269,1.2761858503925003,1.5616576724623075
20297,amg_2_3,market_outcome_v2,challenger_20260307,0.38897721450239275,1.2761858503925003,1.5616576724623075
20297,amg_4p,market_outcome_v2,challenger_20260307,0.07361725012541182,1.2761858503925003,1.5616576724623075
20297,ms_h_1_0_2_0_3_0,market_outcome_v2,challenger_20260307,0.1426862379927487,1.2761858503925003,1.5616576724623075
20297,ms_a_0_1_0_2_0_3,market_outcome_v2,challenger_20260307,0.20000142116279143,1.2761858503925003,1.5616576724623075
20297,ms_h_4_0_5_0_6_0,market_outcome_v2,challenger_20260307,0.008474206510747224,1.2761858503925003,1.5616576724623075
20297,ms_a_0_4_0_5_0_6,market_outcome_v2,challenger_20260307,0.020221732432782635,1.2761858503925003,1.5616576724623075
20297,ms_h_2_1_3_1_4_1,market_outcome_v2,challenger_20260307,0.11624105120342408,1.2761858503925003,1.5616576724623075
20297,ms_h_1_2_1_3_1_4,market_outcome_v2,challenger_20260307,0.15706485518528832,1.2761858503925003,1.5616576724623075
20297,ms_h_3_2_4_2_5_1,market_outcome_v2,challenger_20260307,0.035203055056491864,1.2761858503925003,1.5616576724623075
20297,ms_a_2_3_2_4_1_5,market_outcome_v2,challenger_20260307,0.047864942668618,1.2761858503925003,1.5616576724623075
20297,ms_draw,market_outcome_v2,challenger_20260307,0.24799795304111258,1.2761858503925003,1.5616576724623075
20297,ms_other_homewin,market_outcome_v2,challenger_20260307,0.00925510450276409,1.2761858503925003,1.5616576724623075
20297,ms_other_awaywin,market_outcome_v2,challenger_20260307,0.014989440243231233,1.2761858503925003,1.5616576724623075
20298,1x2_h,market_outcome_v2,challenger_20260307,0.4131702132038878,1.3848617499767581,1.1929525988455685
20298,1x2_d,market_outcome_v2,challenger_20260307,0.2637764106481108,1.3848617499767581,1.1929525988455685
20298,1x2_a,market_outcome_v2,challenger_20260307,0.3230533761480013,1.3848617499767581,1.1929525988455685
20298,dc_1x,market_outcome_v2,challenger_20260307,0.6769466238519986,1.3848617499767581,1.1929525988455685
20298,dc_x2,market_outcome_v2,challenger_20260307,0.5868297867961121,1.3848617499767581,1.1929525988455685
20298,dc_12,market_outcome_v2,challenger_20260307,0.7362235893518891,1.3848617499767581,1.1929525988455685
20298,o15,market_outcome_v2,challenger_20260307,0.728301406381668,1.3848617499767581,1.1929525988455685
20298,u35,market_outcome_v2,challenger_20260307,0.7408204500607876,1.3848617499767581,1.1929525988455685
20298,ah_h05,market_outcome_v2,challenger_20260307,0.4131702132038878,1.3848617499767581,1.1929525988455685
20298,ah_a05,market_outcome_v2,challenger_20260307,0.3230533761480013,1.3848617499767581,1.1929525988455685
20298,ah_h15,market_outcome_v2,challenger_20260307,0.19363260315287906,1.3848617499767581,1.1929525988455685
20298,ah_a15,market_outcome_v2,challenger_20260307,0.13393849702083116,1.3848617499767581,1.1929525988455685
20298,eh_h1,market_outcome_v2,challenger_20260307,0.19363260315287906,1.3848617499767581,1.1929525988455685
20298,eh_a1,market_outcome_v2,challenger_20260307,0.13393849702083116,1.3848617499767581,1.1929525988455685
20298,mg_0,market_outcome_v2,challenger_20260307,0.0759398244651135,1.3848617499767581,1.1929525988455685
20298,mg_1_2,market_outcome_v2,challenger_20260307,0.44807365116870024,1.3848617499767581,1.1929525988455685
20298,mg_1_3,market_outcome_v2,challenger_20260307,0.6648806255956741,1.3848617499767581,1.1929525988455685
20298,mg_1_4,market_outcome_v2,challenger_20260307,0.8046026579963261,1.3848617499767581,1.1929525988455685
20298,mg_1_5,market_outcome_v2,challenger_20260307,0.8766381499901299,1.3848617499767581,1.1929525988455685
20298,mg_1_6,market_outcome_v2,challenger_20260307,0.9075871708044804,1.3848617499767581,1.1929525988455685
20298,mg_2_3,market_outcome_v2,challenger_20260307,0.46912185644245574,1.3848617499767581,1.1929525988455685
20298,mg_2_4,market_outcome_v2,challenger_20260307,0.6088438888431078,1.3848617499767581,1.1929525988455685
20298,mg_2_5,market_outcome_v2,challenger_20260307,0.6808793808369116,1.3848617499767581,1.1929525988455685
20298,mg_2_6,market_outcome_v2,challenger_20260307,0.711828401651262,1.3848617499767581,1.1929525988455685
20298,mg_3_4,market_outcome_v2,challenger_20260307,0.3565290068276259,1.3848617499767581,1.1929525988455685
20298,mg_3_5,market_outcome_v2,challenger_20260307,0.4285644988214297,1.3848617499767581,1.1929525988455685
20298,mg_3_6,market_outcome_v2,challenger_20260307,0.4595135196357802,1.3848617499767581,1.1929525988455685
20298,mg_4_5,market_outcome_v2,challenger_20260307,0.2117575243944559,1.3848617499767581,1.1929525988455685
20298,mg_4_6,market_outcome_v2,challenger_20260307,0.24270654520880644,1.3848617499767581,1.1929525988455685
20298,mg_5_6,market_outcome_v2,challenger_20260307,0.10298451280815435,1.3848617499767581,1.1929525988455685
20298,mg_7p,market_outcome_v2,challenger_20260307,0.016473004730405905,1.3848617499767581,1.1929525988455685
20298,hmg_0,market_outcome_v2,challenger_20260307,0.2503584731564187,1.3848617499767581,1.1929525988455685
20298,hmg_1_2,market_outcome_v2,challenger_20260307,0.5867858790250474,1.3848617499767581,1.1929525988455685
20298,hmg_1_3,market_outcome_v2,challenger_20260307,0.6976089816090463,1.3848617499767581,1.1929525988455685
20298,hmg_2_3,market_outcome_v2,challenger_20260307,0.35089710835213916,1.3848617499767581,1.1929525988455685
20298,hmg_4p,market_outcome_v2,challenger_20260307,0.05203254523453503,1.3848617499767581,1.1929525988455685
20298,amg_0,market_outcome_v2,challenger_20260307,0.30332436329274115,1.3848617499767581,1.1929525988455685
20298,amg_1_2,market_outcome_v2,challenger_20260307,0.5776874833255234,1.3848617499767581,1.1929525988455685
20298,amg_1_3,market_outcome_v2,challenger_20260307,0.6635148142819227,1.3848617499767581,1.1929525988455685
20298,amg_2_3,market_outcome_v2,challenger_20260307,0.3016632267986698,1.3848617499767581,1.1929525988455685
20298,amg_4p,market_outcome_v2,challenger_20260307,0.03316082242533603,1.3848617499767581,1.1929525988455685
20298,ms_h_1_0_2_0_3_0,market_outcome_v2,challenger_20260307,0.21160180017386152,1.3848617499767581,1.1929525988455685
20298,ms_a_0_1_0_2_0_3,market_outcome_v2,challenger_20260307,0.16611655582028687,1.3848617499767581,1.1929525988455685
20298,ms_h_4_0_5_0_6_0,market_outcome_v2,challenger_20260307,0.015605602996797035,1.3848617499767581,1.1929525988455685
20298,ms_a_0_4_0_5_0_6,market_outcome_v2,challenger_20260307,0.008241412489114263,1.3848617499767581,1.1929525988455685
20298,ms_h_2_1_3_1_4_1,market_outcome_v2,challenger_20260307,0.14085643946808304,1.3848617499767581,1.1929525988455685
20298,ms_h_1_2_1_3_1_4,market_outcome_v2,challenger_20260307,0.11346500085989694,1.3848617499767581,1.1929525988455685
20298,ms_h_3_2_4_2_5_1,market_outcome_v2,challenger_20260307,0.036046358337869136,1.3848617499767581,1.1929525988455685
20298,ms_a_2_3_2_4_1_5,market_outcome_v2,challenger_20260307,0.028867519714766653,1.3848617499767581,1.1929525988455685
20298,ms_draw,market_outcome_v2,challenger_20260307,0.2637764106481108,1.3848617499767581,1.1929525988455685
20298,ms_other_homewin,market_outcome_v2,challenger_20260307,0.009060012227277082,1.3848617499767581,1.1929525988455685
20298,ms_other_awaywin,market_outcome_v2,challenger_20260307,0.006362887263936572,1.3848617499767581,1.1929525988455685
4919,1x2_h,market_outcome_v2,challenger_20260307,0.4283988614046989,1.4023250291470921,1.145183119888213
4919,1x2_d,market_outcome_v2,challenger_20260307,0.26442045518061313,1.4023250291470921,1.145183119888213
4919,1x2_a,market_outcome_v2,challenger_20260307,0.30718068341468807,1.4023250291470921,1.145183119888213
4919,dc_1x,market_outcome_v2,challenger_20260307,0.692819316585312,1.4023250291470921,1.145183119888213
4919,dc_x2,market_outcome_v2,challenger_20260307,0.5716011385953013,1.4023250291470921,1.145183119888213
4919,dc_12,market_outcome_v2,challenger_20260307,0.7355795448193869,1.4023250291470921,1.145183119888213
4919,o15,market_outcome_v2,challenger_20260307,0.7223134710753475,1.4023250291470921,1.145183119888213
4919,u35,market_outcome_v2,challenger_20260307,0.7473743210743438,1.4023250291470921,1.145183119888213
4919,ah_h05,market_outcome_v2,challenger_20260307,0.4283988614046989,1.4023250291470921,1.145183119888213
4919,ah_a05,market_outcome_v2,challenger_20260307,0.30718068341468807,1.4023250291470921,1.145183119888213
4919,ah_h15,market_outcome_v2,challenger_20260307,0.20347393212278153,1.4023250291470921,1.145183119888213
4919,ah_a15,market_outcome_v2,challenger_20260307,0.12349984844280947,1.4023250291470921,1.145183119888213
4919,eh_h1,market_outcome_v2,challenger_20260307,0.20347393212278153,1.4023250291470921,1.145183119888213
4919,eh_a1,market_outcome_v2,challenger_20260307,0.12349984844280947,1.4023250291470921,1.145183119888213
4919,mg_0,market_outcome_v2,challenger_20260307,0.0782765020568495,1.4023250291470921,1.145183119888213
4919,mg_1_2,market_outcome_v2,challenger_20260307,0.45340936109034147,1.4023250291470921,1.145183119888213
4919,mg_1_3,market_outcome_v2,challenger_20260307,0.6690978190174943,1.4023250291470921,1.145183119888213
4919,mg_1_4,market_outcome_v2,challenger_20260307,0.8064648450730647,1.4023250291470921,1.145183119888213
4919,mg_1_5,market_outcome_v2,challenger_20260307,0.8764535687301266,1.4023250291470921,1.145183119888213
4919,mg_1_6,market_outcome_v2,challenger_20260307,0.9061697093729509,1.4023250291470921,1.145183119888213
4919,mg_2_3,market_outcome_v2,challenger_20260307,0.4696877921496915,1.4023250291470921,1.145183119888213
4919,mg_2_4,market_outcome_v2,challenger_20260307,0.6070548182052617,1.4023250291470921,1.145183119888213
4919,mg_2_5,market_outcome_v2,challenger_20260307,0.6770435418623237,1.4023250291470921,1.145183119888213
4919,mg_2_6,market_outcome_v2,challenger_20260307,0.706759682505148,1.4023250291470921,1.145183119888213
4919,mg_3_4,market_outcome_v2,challenger_20260307,0.3530554839827232,1.4023250291470921,1.145183119888213
4919,mg_3_5,market_outcome_v2,challenger_20260307,0.4230442076397851,1.4023250291470921,1.145183119888213
4919,mg_3_6,market_outcome_v2,challenger_20260307,0.4527603482826094,1.4023250291470921,1.145183119888213
4919,mg_4_5,market_outcome_v2,challenger_20260307,0.2073557497126322,1.4023250291470921,1.145183119888213
4919,mg_4_6,market_outcome_v2,challenger_20260307,0.23707189035545648,1.4023250291470921,1.145183119888213
4919,mg_5_6,market_outcome_v2,challenger_20260307,0.09970486429988627,1.4023250291470921,1.145183119888213
4919,mg_7p,market_outcome_v2,challenger_20260307,0.015553788570199727,1.4023250291470921,1.145183119888213
4919,hmg_0,market_outcome_v2,challenger_20260307,0.24602435553896368,1.4023250291470921,1.145183119888213
4919,hmg_1_2,market_outcome_v2,challenger_20260307,0.5869114642711637,1.4023250291470921,1.145183119888213
4919,hmg_1_3,market_outcome_v2,challenger_20260307,0.6999881078720432,1.4023250291470921,1.145183119888213
4919,hmg_2_3,market_outcome_v2,challenger_20260307,0.3549819963199714,1.4023250291470921,1.145183119888213
4919,hmg_4p,market_outcome_v2,challenger_20260307,0.053987536588993204,1.4023250291470921,1.145183119888213
4919,amg_0,market_outcome_v2,challenger_20260307,0.31816566244171135,1.4023250291470921,1.145183119888213
4919,amg_1_2,market_outcome_v2,challenger_20260307,0.5729862306094469,1.4023250291470921,1.145183119888213
4919,amg_1_3,market_outcome_v2,challenger_20260307,0.6526254272481194,1.4023250291470921,1.145183119888213
4919,amg_2_3,market_outcome_v2,challenger_20260307,0.28826748129182034,1.4023250291470921,1.145183119888213
4919,amg_4p,market_outcome_v2,challenger_20260307,0.029208910310169315,1.4023250291470921,1.145183119888213
4919,ms_h_1_0_2_0_3_0,market_outcome_v2,challenger_20260307,0.2227121800424287,1.4023250291470921,1.145183119888213
4919,ms_a_0_1_0_2_0_3,market_outcome_v2,challenger_20260307,0.1605617501470594,1.4023250291470921,1.145183119888213
4919,ms_h_4_0_5_0_6_0,market_outcome_v2,challenger_20260307,0.016977157537387867,1.4023250291470921,1.145183119888213
4919,ms_a_0_4_0_5_0_6,market_outcome_v2,challenger_20260307,0.007139429603489822,1.4023250291470921,1.145183119888213
4919,ms_h_2_1_3_1_4_1,market_outcome_v2,challenger_20260307,0.14378458980730005,1.4023250291470921,1.145183119888213
4919,ms_h_1_2_1_3_1_4,market_outcome_v2,challenger_20260307,0.10732030839473979,1.4023250291470921,1.145183119888213
4919,ms_h_3_2_4_2_5_1,market_outcome_v2,challenger_20260307,0.035912602425791175,1.4023250291470921,1.145183119888213
4919,ms_a_2_3_2_4_1_5,market_outcome_v2,challenger_20260307,0.02658234142610106,1.4023250291470921,1.145183119888213
4919,ms_draw,market_outcome_v2,challenger_20260307,0.26442045518061313,1.4023250291470921,1.145183119888213
4919,ms_other_homewin,market_outcome_v2,challenger_20260307,0.009012331591791116,1.4023250291470921,1.145183119888213
4919,ms_other_awaywin,market_outcome_v2,challenger_20260307,0.005576853843297991,1.4023250291470921,1.145183119888213
5913,1x2_h,market_outcome_v2,challenger_20260307,0.3865864430350443,1.2905689031748515,1.1994014312973438
5913,1x2_d,market_outcome_v2,challenger_20260307,0.27034026490645013,1.2905689031748515,1.1994014312973438
5913,1x2_a,market_outcome_v2,challenger_20260307,0.3430732920585056,1.2905689031748515,1.1994014312973438
5913,dc_1x,market_outcome_v2,challenger_20260307,0.6569267079414944,1.2905689031748515,1.1994014312973438
5913,dc_x2,market_outcome_v2,challenger_20260307,0.6134135569649557,1.2905689031748515,1.1994014312973438
5913,dc_12,market_outcome_v2,challenger_20260307,0.7296597350935499,1.2905689031748515,1.1994014312973438
5913,o15,market_outcome_v2,challenger_20260307,0.7106380374276687,1.2905689031748515,1.1994014312973438
5913,u35,market_outcome_v2,challenger_20260307,0.7597180825405095,1.2905689031748515,1.1994014312973438
5913,ah_h05,market_outcome_v2,challenger_20260307,0.3865864430350443,1.2905689031748515,1.1994014312973438
5913,ah_a05,market_outcome_v2,challenger_20260307,0.3430732920585056,1.2905689031748515,1.1994014312973438
5913,ah_h15,market_outcome_v2,challenger_20260307,0.17241965536804804,1.2905689031748515,1.1994014312973438
5913,ah_a15,market_outcome_v2,challenger_20260307,0.14403552582050455,1.2905689031748515,1.1994014312973438
5913,eh_h1,market_outcome_v2,challenger_20260307,0.17241965536804804,1.2905689031748515,1.1994014312973438
5913,eh_a1,market_outcome_v2,challenger_20260307,0.14403552582050455,1.2905689031748515,1.1994014312973438
5913,mg_0,market_outcome_v2,challenger_20260307,0.08291244189503776,1.2905689031748515,1.1994014312973438
5913,mg_1_2,market_outcome_v2,challenger_20260307,0.4634761117035262,1.2905689031748515,1.1994014312973438
5913,mg_1_3,market_outcome_v2,challenger_20260307,0.6768056406454717,1.2905689031748515,1.1994014312973438
5913,mg_1_4,market_outcome_v2,challenger_20260307,0.8096016902785648,1.2905689031748515,1.1994014312973438
5913,mg_1_5,market_outcome_v2,challenger_20260307,0.8757333351028646,1.2905689031748515,1.1994014312973438
5913,mg_1_6,market_outcome_v2,challenger_20260307,0.9031776407332575,1.2905689031748515,1.1994014312973438
5913,mg_2_3,market_outcome_v2,challenger_20260307,0.47035611996817817,1.2905689031748515,1.1994014312973438
5913,mg_2_4,market_outcome_v2,challenger_20260307,0.603152169601271,1.2905689031748515,1.1994014312973438
5913,mg_2_5,market_outcome_v2,challenger_20260307,0.6692838144255708,1.2905689031748515,1.1994014312973438
5913,mg_2_6,market_outcome_v2,challenger_20260307,0.6967281200559639,1.2905689031748515,1.1994014312973438
5913,mg_3_4,market_outcome_v2,challenger_20260307,0.34612557857503845,1.2905689031748515,1.1994014312973438
5913,mg_3_5,market_outcome_v2,challenger_20260307,0.4122572233993382,1.2905689031748515,1.1994014312973438
5913,mg_3_6,market_outcome_v2,challenger_20260307,0.43970152902973125,1.2905689031748515,1.1994014312973438
5913,mg_4_5,market_outcome_v2,challenger_20260307,0.19892769445739275,1.2905689031748515,1.1994014312973438
5913,mg_4_6,market_outcome_v2,challenger_20260307,0.2263720000877857,1.2905689031748515,1.1994014312973438
5913,mg_5_6,market_outcome_v2,challenger_20260307,0.09357595045469277,1.2905689031748515,1.1994014312973438
5913,mg_7p,market_outcome_v2,challenger_20260307,0.01390991737170484,1.2905689031748515,1.1994014312973438
5913,hmg_0,market_outcome_v2,challenger_20260307,0.27511426031300695,1.2905689031748515,1.1994014312973438
5913,hmg_1_2,market_outcome_v2,challenger_20260307,0.5841646762490529,1.2905689031748515,1.1994014312973438
5913,hmg_1_3,market_outcome_v2,challenger_20260307,0.6827257533697071,1.2905689031748515,1.1994014312973438
5913,hmg_2_3,market_outcome_v2,challenger_20260307,0.3276718441897891,1.2905689031748515,1.1994014312973438
5913,hmg_4p,market_outcome_v2,challenger_20260307,0.04215998631728605,1.2905689031748515,1.1994014312973438
5913,amg_0,market_outcome_v2,challenger_20260307,0.30137456997214696,1.2905689031748515,1.1994014312973438
5913,amg_1_2,market_outcome_v2,challenger_20260307,0.5782423628876435,1.2905689031748515,1.1994014312973438
5913,amg_1_3,market_outcome_v2,challenger_20260307,0.6649084205780901,1.2905689031748515,1.1994014312973438
5913,amg_2_3,market_outcome_v2,challenger_20260307,0.3034393299968756,1.2905689031748515,1.1994014312973438
5913,amg_4p,market_outcome_v2,challenger_20260307,0.03371700944976296,1.2905689031748515,1.1994014312973438
5913,ms_h_1_0_2_0_3_0,market_outcome_v2,challenger_20260307,0.20575618033070556,1.2905689031748515,1.1994014312973438
5913,ms_a_0_1_0_2_0_3,market_outcome_v2,challenger_20260307,0.18292578830323095,1.2905689031748515,1.1994014312973438
5913,ms_h_4_0_5_0_6_0,market_outcome_v2,challenger_20260307,0.01258946300984166,1.2905689031748515,1.1994014312973438
5913,ms_a_0_4_0_5_0_6,market_outcome_v2,challenger_20260307,0.00920716797994376,1.2905689031748515,1.1994014312973438
5913,ms_h_2_1_3_1_4_1,market_outcome_v2,challenger_20260307,0.12993794806543607,1.2905689031748515,1.1994014312973438
5913,ms_h_1_2_1_3_1_4,market_outcome_v2,challenger_20260307,0.11696405242945745,1.2905689031748515,1.1994014312973438
5913,ms_h_3_2_4_2_5_1,market_outcome_v2,challenger_20260307,0.03122573139189815,1.2905689031748515,1.1994014312973438
5913,ms_a_2_3_2_4_1_5,market_outcome_v2,challenger_20260307,0.02802330487019018,1.2905689031748515,1.1994014312973438
5913,ms_draw,market_outcome_v2,challenger_20260307,0.27034026490645013,1.2905689031748515,1.1994014312973438
5913,ms_other_homewin,market_outcome_v2,challenger_20260307,0.007077120237162818,1.2905689031748515,1.1994014312973438
5913,ms_other_awaywin,market_outcome_v2,challenger_20260307,0.005952978475683262,1.2905689031748515,1.1994014312973438
5914,1x2_h,market_outcome_v2,challenger_20260307,0.4474061529554074,1.4720398800801728,1.1417969812843802
5914,1x2_d,market_outcome_v2,challenger_20260307,0.2588572192873229,1.4720398800801728,1.1417969812843802
5914,1x2_a,market_outcome_v2,challenger_20260307,0.2937366277572695,1.4720398800801728,1.1417969812843802
5914,dc_1x,market_outcome_v2,challenger_20260307,0.7062633722427303,1.4720398800801728,1.1417969812843802
5914,dc_x2,market_outcome_v2,challenger_20260307,0.5525938470445924,1.4720398800801728,1.1417969812843802
5914,dc_12,market_outcome_v2,challenger_20260307,0.7411427807126769,1.4720398800801728,1.1417969812843802
5914,o15,market_outcome_v2,challenger_20260307,0.735275684363974,1.4720398800801728,1.1417969812843802
5914,u35,market_outcome_v2,challenger_20260307,0.7329883309345384,1.4720398800801728,1.1417969812843802
5914,ah_h05,market_outcome_v2,challenger_20260307,0.4474061529554074,1.4720398800801728,1.1417969812843802
5914,ah_a05,market_outcome_v2,challenger_20260307,0.2937366277572695,1.4720398800801728,1.1417969812843802
5914,ah_h15,market_outcome_v2,challenger_20260307,0.21969800580522586,1.4720398800801728,1.1417969812843802
5914,ah_a15,market_outcome_v2,challenger_20260307,0.11711337281136663,1.4720398800801728,1.1417969812843802
5914,eh_h1,market_outcome_v2,challenger_20260307,0.21969800580522586,1.4720398800801728,1.1417969812843802
5914,eh_a1,market_outcome_v2,challenger_20260307,0.11711337281136663,1.4720398800801728,1.1417969812843802
5914,mg_0,market_outcome_v2,challenger_20260307,0.07325297897815686,1.4720398800801728,1.1417969812843802
5914,mg_1_2,market_outcome_v2,challenger_20260307,0.4417087554834092,1.4720398800801728,1.1417969812843802
5914,mg_1_3,market_outcome_v2,challenger_20260307,0.6597353519563816,1.4720398800801728,1.1417969812843802
5914,mg_1_4,market_outcome_v2,challenger_20260307,0.802206840611109,1.4720398800801728,1.1417969812843802
5914,mg_1_5,market_outcome_v2,challenger_20260307,0.8766862863589505,1.4720398800801728,1.1417969812843802
5914,mg_1_6,market_outcome_v2,challenger_20260307,0.9091324731439023,1.4720398800801728,1.1417969812843802
5914,mg_2_3,market_outcome_v2,challenger_20260307,0.46826401529851247,1.4720398800801728,1.1417969812843802
5914,mg_2_4,market_outcome_v2,challenger_20260307,0.6107355039532398,1.4720398800801728,1.1417969812843802
5914,mg_2_5,market_outcome_v2,challenger_20260307,0.6852149497010817,1.4720398800801728,1.1417969812843802
5914,mg_2_6,market_outcome_v2,challenger_20260307,0.7176611364860332,1.4720398800801728,1.1417969812843802
5914,mg_3_4,market_outcome_v2,challenger_20260307,0.3604980851276998,1.4720398800801728,1.1417969812843802
5914,mg_3_5,market_outcome_v2,challenger_20260307,0.43497753087554153,1.4720398800801728,1.1417969812843802
5914,mg_3_6,market_outcome_v2,challenger_20260307,0.4674237176604932,1.4720398800801728,1.1417969812843802
5914,mg_4_5,market_outcome_v2,challenger_20260307,0.21695093440256916,1.4720398800801728,1.1417969812843802
5914,mg_4_6,market_outcome_v2,challenger_20260307,0.24939712118752083,1.4720398800801728,1.1417969812843802
5914,mg_5_6,market_outcome_v2,challenger_20260307,0.10692563253279334,1.4720398800801728,1.1417969812843802
5914,mg_7p,market_outcome_v2,challenger_20260307,0.017614547877940697,1.4720398800801728,1.1417969812843802
5914,hmg_0,market_outcome_v2,challenger_20260307,0.22945704839497477,1.4720398800801728,1.1417969812843802
5914,hmg_1_2,market_outcome_v2,challenger_20260307,0.5863753266868799,1.4720398800801728,1.1417969812843802
5914,hmg_1_3,market_outcome_v2,challenger_20260307,0.7083610147569283,1.4720398800801728,1.1417969812843802
5914,hmg_2_3,market_outcome_v2,challenger_20260307,0.3705910887540392,1.4720398800801728,1.1417969812843802
5914,hmg_4p,market_outcome_v2,challenger_20260307,0.062181936848096954,1.4720398800801728,1.1417969812843802
5914,amg_0,market_outcome_v2,challenger_20260307,0.3192448412047174,1.4720398800801728,1.1417969812843802
5914,amg_1_2,market_outcome_v2,challenger_20260307,0.5726126010218523,1.4720398800801728,1.1417969812843802
5914,amg_1_3,market_outcome_v2,challenger_20260307,0.6518151774234386,1.4720398800801728,1.1417969812843802
5914,amg_2_3,market_outcome_v2,challenger_20260307,0.287302381445281,1.4720398800801728,1.1417969812843802
5914,amg_4p,market_outcome_v2,challenger_20260307,0.028939981371844052,1.4720398800801728,1.1417969812843802
5914,ms_h_1_0_2_0_3_0,market_outcome_v2,challenger_20260307,0.226140599671688,1.4720398800801728,1.1417969812843802
5914,ms_a_0_1_0_2_0_3,market_outcome_v2,challenger_20260307,0.149563586710629,1.4720398800801728,1.1417969812843802
5914,ms_h_4_0_5_0_6_0,market_outcome_v2,challenger_20260307,0.019586004615002886,1.4720398800801728,1.1417969812843802
5914,ms_a_0_4_0_5_0_6,market_outcome_v2,challenger_20260307,0.006597720609471937,1.4720398800801728,1.1417969812843802
5914,ms_h_2_1_3_1_4_1,market_outcome_v2,challenger_20260307,0.15144888392250322,1.4720398800801728,1.1417969812843802
5914,ms_h_1_2_1_3_1_4,market_outcome_v2,challenger_20260307,0.1046785132292001,1.4720398800801728,1.1417969812843802
5914,ms_h_3_2_4_2_5_1,market_outcome_v2,challenger_20260307,0.039544804677582056,1.4720398800801728,1.1417969812843802
5914,ms_a_2_3_2_4_1_5,market_outcome_v2,challenger_20260307,0.027054583388760534,1.4720398800801728,1.1417969812843802
5914,ms_draw,market_outcome_v2,challenger_20260307,0.2588572192873229,1.4720398800801728,1.1417969812843802
5914,ms_other_homewin,market_outcome_v2,challenger_20260307,0.010685860068631259,1.4720398800801728,1.1417969812843802
5914,ms_other_awaywin,market_outcome_v2,challenger_20260307,0.005842223819207993,1.4720398800801728,1.1417969812843802
5915,1x2_h,market_outcome_v2,challenger_20260307,0.4413794847353276,1.4673721662688457,1.1630600920321201
5915,1x2_d,market_outcome_v2,challenger_20260307,0.258553417482791,1.4673721662688457,1.1630600920321201
5915,1x2_a,market_outcome_v2,challenger_20260307,0.3000670977818816,1.4673721662688457,1.1630600920321201
5915,dc_1x,market_outcome_v2,challenger_20260307,0.6999329022181187,1.4673721662688457,1.1630600920321201
5915,dc_x2,market_outcome_v2,challenger_20260307,0.5586205152646726,1.4673721662688457,1.1630600920321201
5915,dc_12,market_outcome_v2,challenger_20260307,0.7414465825172092,1.4673721662688457,1.1630600920321201
5915,o15,market_outcome_v2,challenger_20260307,0.7384369840815259,1.4673721662688457,1.1630600920321201
5915,u35,market_outcome_v2,challenger_20260307,0.7293657221149059,1.4673721662688457,1.1630600920321201
5915,ah_h05,market_outcome_v2,challenger_20260307,0.4413794847353276,1.4673721662688457,1.1630600920321201
5915,ah_a05,market_outcome_v2,challenger_20260307,0.3000670977818816,1.4673721662688457,1.1630600920321201
5915,ah_h15,market_outcome_v2,challenger_20260307,0.21580628919880424,1.4673721662688457,1.1630600920321201
5915,ah_a15,market_outcome_v2,challenger_20260307,0.12127456812133135,1.4673721662688457,1.1630600920321201
5915,eh_h1,market_outcome_v2,challenger_20260307,0.21580628919880424,1.4673721662688457,1.1630600920321201
5915,eh_a1,market_outcome_v2,challenger_20260307,0.12127456812133135,1.4673721662688457,1.1630600920321201
5915,mg_0,market_outcome_v2,challenger_20260307,0.07204734789374231,1.4673721662688457,1.1630600920321201
5915,mg_1_2,market_outcome_v2,challenger_20260307,0.43876973133758784,1.4673721662688457,1.1630600920321201
5915,mg_1_3,market_outcome_v2,challenger_20260307,0.6573183742211637,1.4673721662688457,1.1630600920321201
5915,mg_1_4,market_outcome_v2,challenger_20260307,0.8010377242833775,1.4673721662688457,1.1630600920321201
5915,mg_1_5,market_outcome_v2,challenger_20260307,0.8766465271925168,1.4673721662688457,1.1630600920321201
5915,mg_1_6,market_outcome_v2,challenger_20260307,0.9097938328898034,1.4673721662688457,1.1630600920321201
5915,mg_2_3,market_outcome_v2,challenger_20260307,0.4678027061964317,1.4673721662688457,1.1630600920321201
5915,mg_2_4,market_outcome_v2,challenger_20260307,0.6115220562586456,1.4673721662688457,1.1630600920321201
5915,mg_2_5,market_outcome_v2,challenger_20260307,0.6871308591677849,1.4673721662688457,1.1630600920321201
5915,mg_2_6,market_outcome_v2,challenger_20260307,0.7202781648650715,1.4673721662688457,1.1630600920321201
5915,mg_3_4,market_outcome_v2,challenger_20260307,0.3622679929457897,1.4673721662688457,1.1630600920321201
5915,mg_3_5,market_outcome_v2,challenger_20260307,0.437876795854929,1.4673721662688457,1.1630600920321201
5915,mg_3_6,market_outcome_v2,challenger_20260307,0.47102410155221575,1.4673721662688457,1.1630600920321201
5915,mg_4_5,market_outcome_v2,challenger_20260307,0.2193281529713532,1.4673721662688457,1.1630600920321201
5915,mg_4_6,market_outcome_v2,challenger_20260307,0.2524754586686398,1.4673721662688457,1.1630600920321201
5915,mg_5_6,market_outcome_v2,challenger_20260307,0.10875610860642589,1.4673721662688457,1.1630600920321201
5915,mg_7p,market_outcome_v2,challenger_20260307,0.018158819216454354,1.4673721662688457,1.1630600920321201
5915,hmg_0,market_outcome_v2,challenger_20260307,0.23053058856933784,1.4673721662688457,1.1630600920321201
5915,hmg_1_2,market_outcome_v2,challenger_20260307,0.5864612193222615,1.4673721662688457,1.1630600920321201
5915,hmg_1_3,market_outcome_v2,challenger_20260307,0.7078554758107598,1.4673721662688457,1.1630600920321201
5915,hmg_2_3,market_outcome_v2,challenger_20260307,0.3695813066705385,1.4673721662688457,1.1630600920321201
5915,hmg_4p,market_outcome_v2,challenger_20260307,0.0616139356199025,1.4673721662688457,1.1630600920321201
5915,amg_0,market_outcome_v2,challenger_20260307,0.31252836485112384,1.4673721662688457,1.1630600920321201
5915,amg_1_2,market_outcome_v2,challenger_20260307,0.574869199990093,1.4673721662688457,1.1630600920321201
5915,amg_1_3,market_outcome_v2,challenger_20260307,0.6568183874032646,1.4673721662688457,1.1630600920321201
5915,amg_2_3,market_outcome_v2,challenger_20260307,0.29332911861686856,1.4673721662688457,1.1630600920321201
5915,amg_4p,market_outcome_v2,challenger_20260307,0.030653247745611657,1.4673721662688457,1.1630600920321201
5915,ms_h_1_0_2_0_3_0,market_outcome_v2,challenger_20260307,0.22122491440605094,1.4673721662688457,1.1630600920321201
5915,ms_a_0_1_0_2_0_3,market_outcome_v2,challenger_20260307,0.15141672943123793,1.4673721662688457,1.1630600920321201
5915,ms_h_4_0_5_0_6_0,market_outcome_v2,challenger_20260307,0.019001117295652202,1.4673721662688457,1.1630600920321201
5915,ms_a_0_4_0_5_0_6,market_outcome_v2,challenger_20260307,0.007018512111868014,1.4673721662688457,1.1630600920321201
5915,ms_h_2_1_3_1_4_1,market_outcome_v2,challenger_20260307,0.15052597504396886,1.4673721662688457,1.1630600920321201
5915,ms_h_1_2_1_3_1_4,market_outcome_v2,challenger_20260307,0.10728604636426217,1.4673721662688457,1.1630600920321201
5915,ms_h_3_2_4_2_5_1,market_outcome_v2,challenger_20260307,0.039824126201140446,1.4673721662688457,1.1630600920321201
5915,ms_a_2_3_2_4_1_5,market_outcome_v2,challenger_20260307,0.028127459376531487,1.4673721662688457,1.1630600920321201
5915,ms_draw,market_outcome_v2,challenger_20260307,0.258553417482791,1.4673721662688457,1.1630600920321201
5915,ms_other_homewin,market_outcome_v2,challenger_20260307,0.010803351788515141,1.4673721662688457,1.1630600920321201
5915,ms_other_awaywin,market_outcome_v2,challenger_20260307,0.006218350497981901,1.4673721662688457,1.1630600920321201
3863,1x2_h,market_outcome_v2,challenger_20260307,0.3673335489055524,1.2579596068088745,1.2489893235539535
3863,1x2_d,market_outcome_v2,challenger_20260307,0.2696032551183823,1.2579596068088745,1.2489893235539535
3863,1x2_a,market_outcome_v2,challenger_20260307,0.36306319597606523,1.2579596068088745,1.2489893235539535
3863,dc_1x,market_outcome_v2,challenger_20260307,0.6369368040239347,1.2579596068088745,1.2489893235539535
3863,dc_x2,market_outcome_v2,challenger_20260307,0.6326664510944475,1.2579596068088745,1.2489893235539535
3863,dc_12,market_outcome_v2,challenger_20260307,0.7303967448816177,1.2579596068088745,1.2489893235539535
3863,o15,market_outcome_v2,challenger_20260307,0.7141254869116663,1.2579596068088745,1.2489893235539535
3863,u35,market_outcome_v2,challenger_20260307,0.7560898267543514,1.2579596068088745,1.2489893235539535
3863,ah_h05,market_outcome_v2,challenger_20260307,0.3673335489055524,1.2579596068088745,1.2489893235539535
3863,ah_a05,market_outcome_v2,challenger_20260307,0.36306319597606523,1.2579596068088745,1.2489893235539535
3863,ah_h15,market_outcome_v2,challenger_20260307,0.16014514232228577,1.2579596068088745,1.2489893235539535
3863,ah_a15,market_outcome_v2,challenger_20260307,0.15735221258200754,1.2579596068088745,1.2489893235539535
3863,eh_h1,market_outcome_v2,challenger_20260307,0.16014514232228577,1.2579596068088745,1.2489893235539535
3863,eh_a1,market_outcome_v2,challenger_20260307,0.15735221258200754,1.2579596068088745,1.2489893235539535
3863,mg_0,market_outcome_v2,challenger_20260307,0.08151658856884385,1.2579596068088745,1.2489893235539535
3863,mg_1_2,market_outcome_v2,challenger_20260307,0.46051536466214105,1.2579596068088745,1.2489893235539535
3863,mg_1_3,market_outcome_v2,challenger_20260307,0.6745732381855076,1.2579596068088745,1.2489893235539535
3863,mg_1_4,market_outcome_v2,challenger_20260307,0.808731277451794,1.2579596068088745,1.2489893235539535
3863,mg_1_5,market_outcome_v2,challenger_20260307,0.8759967480594322,1.2579596068088745,1.2489893235539535
3863,mg_1_6,market_outcome_v2,challenger_20260307,0.9041019313244607,1.2579596068088745,1.2489893235539535
3863,mg_2_3,market_outcome_v2,challenger_20260307,0.4702153136660179,1.2579596068088745,1.2489893235539535
3863,mg_2_4,market_outcome_v2,challenger_20260307,0.6043733529323041,1.2579596068088745,1.2489893235539535
3863,mg_2_5,market_outcome_v2,challenger_20260307,0.6716388235399424,1.2579596068088745,1.2489893235539535
3863,mg_2_6,market_outcome_v2,challenger_20260307,0.6997440068049708,1.2579596068088745,1.2489893235539535
3863,mg_3_4,market_outcome_v2,challenger_20260307,0.3482159127896529,1.2579596068088745,1.2489893235539535
3863,mg_3_5,market_outcome_v2,challenger_20260307,0.4154813833972911,1.2579596068088745,1.2489893235539535
3863,mg_3_6,market_outcome_v2,challenger_20260307,0.4435865666623196,1.2579596068088745,1.2489893235539535
3863,mg_4_5,market_outcome_v2,challenger_20260307,0.2014235098739245,1.2579596068088745,1.2489893235539535
3863,mg_4_6,market_outcome_v2,challenger_20260307,0.229528693138953,1.2579596068088745,1.2489893235539535
3863,mg_5_6,market_outcome_v2,challenger_20260307,0.09537065387266663,1.2579596068088745,1.2489893235539535
3863,mg_7p,market_outcome_v2,challenger_20260307,0.014381480106695446,1.2579596068088745,1.2489893235539535
3863,hmg_0,market_outcome_v2,challenger_20260307,0.28423341129622454,1.2579596068088745,1.2489893235539535
3863,hmg_1_2,market_outcome_v2,challenger_20260307,0.5824484894884325,1.2579596068088745,1.2489893235539535
3863,hmg_1_3,market_outcome_v2,challenger_20260307,0.6767511543146706,1.2579596068088745,1.2489893235539535
3863,hmg_2_3,market_outcome_v2,challenger_20260307,0.31919700399852663,1.2579596068088745,1.2489893235539535
3863,hmg_4p,market_outcome_v2,challenger_20260307,0.0390154343891048,1.2579596068088745,1.2489893235539535
3863,amg_0,market_outcome_v2,challenger_20260307,0.2867945333980748,1.2579596068088745,1.2489893235539535
3863,amg_1_2,market_outcome_v2,challenger_20260307,0.5818993653609372,1.2579596068088745,1.2489893235539535
3863,amg_1_3,market_outcome_v2,challenger_20260307,0.6750306935384118,1.2579596068088745,1.2489893235539535
3863,amg_2_3,market_outcome_v2,challenger_20260307,0.31682738327057863,1.2579596068088745,1.2489893235539535
3863,amg_4p,market_outcome_v2,challenger_20260307,0.03817477306351313,1.2579596068088745,1.2489893235539535
3863,ms_h_1_0_2_0_3_0,market_outcome_v2,challenger_20260307,0.1940885315282845,1.2579596068088745,1.2489893235539535
3863,ms_a_0_1_0_2_0_3,market_outcome_v2,challenger_20260307,0.19186627675407916,1.2579596068088745,1.2489893235539535
3863,ms_h_4_0_5_0_6_0,market_outcome_v2,challenger_20260307,0.011094112718654672,1.2579596068088745,1.2489893235539535
3863,ms_a_0_4_0_5_0_6,market_outcome_v2,challenger_20260307,0.010760016271615602,1.2579596068088745,1.2489893235539535
3863,ms_h_2_1_3_1_4_1,market_outcome_v2,challenger_20260307,0.12496074349374207,1.2579596068088745,1.2489893235539535
3863,ms_h_1_2_1_3_1_4,market_outcome_v2,challenger_20260307,0.12368062360463268,1.2579596068088745,1.2489893235539535
3863,ms_h_3_2_4_2_5_1,market_outcome_v2,challenger_20260307,0.030402082256481132,1.2579596068088745,1.2489893235539535
3863,ms_a_2_3_2_4_1_5,market_outcome_v2,challenger_20260307,0.030081955542171326,1.2579596068088745,1.2489893235539535
3863,ms_draw,market_outcome_v2,challenger_20260307,0.2696032551183823,1.2579596068088745,1.2489893235539535
3863,ms_other_homewin,market_outcome_v2,challenger_20260307,0.0067880789083900415,1.2579596068088745,1.2489893235539535
3863,ms_other_awaywin,market_outcome_v2,challenger_20260307,0.006674323803566402,1.2579596068088745,1.2489893235539535
21706,1x2_h,market_outcome_v2,challenger_20260307,0.4439035738991104,1.5597106354646244,1.2568200978223363
21706,1x2_d,market_outcome_v2,challenger_20260307,0.24869993009610403,1.5597106354646244,1.2568200978223363
21706,1x2_a,market_outcome_v2,challenger_20260307,0.3073964960047857,1.5597106354646244,1.2568200978223363
21706,dc_1x,market_outcome_v2,challenger_20260307,0.6926035039952144,1.5597106354646244,1.2568200978223363
21706,dc_x2,market_outcome_v2,challenger_20260307,0.5560964261008897,1.5597106354646244,1.2568200978223363
21706,dc_12,market_outcome_v2,challenger_20260307,0.7513000699038961,1.5597106354646244,1.2568200978223363
21706,o15,market_outcome_v2,challenger_20260307,0.7717212951887898,1.5597106354646244,1.2568200978223363
21706,u35,market_outcome_v2,challenger_20260307,0.6882581251902123,1.5597106354646244,1.2568200978223363
21706,ah_h05,market_outcome_v2,challenger_20260307,0.4439035738991104,1.5597106354646244,1.2568200978223363
21706,ah_a05,market_outcome_v2,challenger_20260307,0.3073964960047857,1.5597106354646244,1.2568200978223363
21706,ah_h15,market_outcome_v2,challenger_20260307,0.2239089252872533,1.5597106354646244,1.2568200978223363
21706,ah_a15,market_outcome_v2,challenger_20260307,0.1301240651436731,1.5597106354646244,1.2568200978223363
21706,eh_h1,market_outcome_v2,challenger_20260307,0.2239089252872533,1.5597106354646244,1.2568200978223363
21706,eh_a1,market_outcome_v2,challenger_20260307,0.1301240651436731,1.5597106354646244,1.2568200978223363
21706,mg_0,market_outcome_v2,challenger_20260307,0.05981314464998597,1.5597106354646244,1.2568200978223363
21706,mg_1_2,market_outcome_v2,challenger_20260307,0.40570977400846947,1.5597106354646244,1.2568200978223363
21706,mg_1_3,market_outcome_v2,challenger_20260307,0.6284449805402265,1.5597106354646244,1.2568200978223363
21706,mg_1_4,market_outcome_v2,challenger_20260307,0.7852801191856543,1.5597106354646244,1.2568200978223363
21706,mg_1_5,market_outcome_v2,challenger_20260307,0.8736263167964883,1.5597106354646244,1.2568200978223363
21706,mg_1_6,market_outcome_v2,challenger_20260307,0.9150979469198144,1.5597106354646244,1.2568200978223363
21706,mg_2_3,market_outcome_v2,challenger_20260307,0.4599794203790024,1.5597106354646244,1.2568200978223363
21706,mg_2_4,market_outcome_v2,challenger_20260307,0.6168145590244304,1.5597106354646244,1.2568200978223363
21706,mg_2_5,market_outcome_v2,challenger_20260307,0.7051607566352643,1.5597106354646244,1.2568200978223363
21706,mg_2_6,market_outcome_v2,challenger_20260307,0.7466323867585903,1.5597106354646244,1.2568200978223363
21706,mg_3_4,market_outcome_v2,challenger_20260307,0.37957034517718496,1.5597106354646244,1.2568200978223363
21706,mg_3_5,market_outcome_v2,challenger_20260307,0.46791654278801886,1.5597106354646244,1.2568200978223363
21706,mg_3_6,market_outcome_v2,challenger_20260307,0.509388172911345,1.5597106354646244,1.2568200978223363
21706,mg_4_5,market_outcome_v2,challenger_20260307,0.24518133625626187,1.5597106354646244,1.2568200978223363
21706,mg_4_6,market_outcome_v2,challenger_20260307,0.28665296637958804,1.5597106354646244,1.2568200978223363
21706,mg_5_6,market_outcome_v2,challenger_20260307,0.12981782773416,1.5597106354646244,1.2568200978223363
21706,mg_7p,market_outcome_v2,challenger_20260307,0.025088908430199813,1.5597106354646244,1.2568200978223363
21706,hmg_0,market_outcome_v2,challenger_20260307,0.21019705471201228,1.5597106354646244,1.2568200978223363
21706,hmg_1_2,market_outcome_v2,challenger_20260307,0.5835194819773386,1.5597106354646244,1.2568200978223363
21706,hmg_1_3,market_outcome_v2,challenger_20260307,0.7164447291911773,1.5597106354646244,1.2568200978223363
21706,hmg_2_3,market_outcome_v2,challenger_20260307,0.38859814741351223,1.5597106354646244,1.2568200978223363
21706,hmg_4p,market_outcome_v2,challenger_20260307,0.07335821609681058,1.5597106354646244,1.2568200978223363
21706,amg_0,market_outcome_v2,challenger_20260307,0.28455748217754545,1.5597106354646244,1.2568200978223363
21706,amg_1_2,market_outcome_v2,challenger_20260307,0.5823806007838889,1.5597106354646244,1.2568200978223363
21706,amg_1_3,market_outcome_v2,challenger_20260307,0.6765344565346161,1.5597106354646244,1.2568200978223363
21706,amg_2_3,market_outcome_v2,challenger_20260307,0.31889689394815557,1.5597106354646244,1.2568200978223363
21706,amg_4p,market_outcome_v2,challenger_20260307,0.03890806128783878,1.5597106354646244,1.2568200978223363
21706,ms_h_1_0_2_0_3_0,market_outcome_v2,challenger_20260307,0.20386970825801481,1.5597106354646244,1.2568200978223363
21706,ms_a_0_1_0_2_0_3,market_outcome_v2,challenger_20260307,0.14220555017476816,1.5597106354646244,1.2568200978223363
21706,ms_h_4_0_5_0_6_0,market_outcome_v2,challenger_20260307,0.02054577995551146,1.5597106354646244,1.2568200978223363
21706,ms_a_0_4_0_5_0_6,market_outcome_v2,challenger_20260307,0.008108886029351843,1.5597106354646244,1.2568200978223363
21706,ms_h_2_1_3_1_4_1,market_outcome_v2,challenger_20260307,0.15751408919068394,1.5597106354646244,1.2568200978223363
21706,ms_h_1_2_1_3_1_4,market_outcome_v2,challenger_20260307,0.11424814352685132,1.5597106354646244,1.2568200978223363
21706,ms_h_3_2_4_2_5_1,market_outcome_v2,challenger_20260307,0.04730513935500277,1.5597106354646244,1.2568200978223363
21706,ms_a_2_3_2_4_1_5,market_outcome_v2,challenger_20260307,0.03407426909293933,1.5597106354646244,1.2568200978223363
21706,ms_draw,market_outcome_v2,challenger_20260307,0.24869993009610403,1.5597106354646244,1.2568200978223363
21706,ms_other_homewin,market_outcome_v2,challenger_20260307,0.014668857139897453,1.5597106354646244,1.2568200978223363
21706,ms_other_awaywin,market_outcome_v2,challenger_20260307,0.008759647180875114,1.5597106354646244,1.2568200978223363
1136,1x2_h,market_outcome_v2,challenger_20260307,0.30540288243862895,1.1998872733706512,1.4904288984289626
1136,1x2_d,market_outcome_v2,challenger_20260307,0.25554944496098964,1.1998872733706512,1.4904288984289626
1136,1x2_a,market_outcome_v2,challenger_20260307,0.43904767260038163,1.1998872733706512,1.4904288984289626
1136,dc_1x,market_outcome_v2,challenger_20260307,0.5609523273996186,1.1998872733706512,1.4904288984289626
1136,dc_x2,market_outcome_v2,challenger_20260307,0.6945971175613712,1.1998872733706512,1.4904288984289626
1136,dc_12,market_outcome_v2,challenger_20260307,0.7444505550390106,1.1998872733706512,1.4904288984289626
1136,o15,market_outcome_v2,challenger_20260307,0.7495769153978165,1.1998872733706512,1.4904288984289626
1136,u35,market_outcome_v2,challenger_20260307,0.7162264009259873,1.1998872733706512,1.4904288984289626
1136,ah_h05,market_outcome_v2,challenger_20260307,0.30540288243862895,1.1998872733706512,1.4904288984289626
1136,ah_a05,market_outcome_v2,challenger_20260307,0.43904767260038163,1.1998872733706512,1.4904288984289626
1136,ah_h15,market_outcome_v2,challenger_20260307,0.1259302534815812,1.1998872733706512,1.4904288984289626
1136,ah_a15,market_outcome_v2,challenger_20260307,0.21611740355670517,1.1998872733706512,1.4904288984289626
1136,eh_h1,market_outcome_v2,challenger_20260307,0.1259302534815812,1.1998872733706512,1.4904288984289626
1136,eh_a1,market_outcome_v2,challenger_20260307,0.21611740355670517,1.1998872733706512,1.4904288984289626
1136,mg_0,market_outcome_v2,challenger_20260307,0.06785952014514322,1.1998872733706512,1.4904288984289626
1136,mg_1_2,market_outcome_v2,challenger_20260307,0.4281404193771191,1.1998872733706512,1.4904288984289626
1136,mg_1_3,market_outcome_v2,challenger_20260307,0.6483668807808441,1.1998872733706512,1.4904288984289626
1136,mg_1_4,market_outcome_v2,challenger_20260307,0.7964865834240054,1.1998872733706512,1.4904288984289626
1136,mg_1_5,market_outcome_v2,challenger_20260307,0.8761843497006145,1.1998872733706512,1.4904288984289626
1136,mg_1_6,market_outcome_v2,challenger_20260307,0.9119197146123259,1.1998872733706512,1.4904288984289626
1136,mg_2_3,market_outcome_v2,challenger_20260307,0.4658033163238036,1.1998872733706512,1.4904288984289626
1136,mg_2_4,market_outcome_v2,challenger_20260307,0.6139230189669648,1.1998872733706512,1.4904288984289626
1136,mg_2_5,market_outcome_v2,challenger_20260307,0.6936207852435741,1.1998872733706512,1.4904288984289626
1136,mg_2_6,market_outcome_v2,challenger_20260307,0.7293561501552854,1.1998872733706512,1.4904288984289626
1136,mg_3_4,market_outcome_v2,challenger_20260307,0.3683461640468862,1.1998872733706512,1.4904288984289626
1136,mg_3_5,market_outcome_v2,challenger_20260307,0.4480439303234955,1.1998872733706512,1.4904288984289626
1136,mg_3_6,market_outcome_v2,challenger_20260307,0.4837792952352068,1.1998872733706512,1.4904288984289626
1136,mg_4_5,market_outcome_v2,challenger_20260307,0.22781746891977053,1.1998872733706512,1.4904288984289626
1136,mg_4_6,market_outcome_v2,challenger_20260307,0.2635528338314818,1.1998872733706512,1.4904288984289626
1136,mg_5_6,market_outcome_v2,challenger_20260307,0.11543313118832063,1.1998872733706512,1.4904288984289626
1136,mg_7p,market_outcome_v2,challenger_20260307,0.020220765242530997,1.1998872733706512,1.4904288984289626
1136,hmg_0,market_outcome_v2,challenger_20260307,0.30122818516409255,1.1998872733706512,1.4904288984289626
1136,hmg_1_2,market_outcome_v2,challenger_20260307,0.5782834132654027,1.1998872733706512,1.4904288984289626
1136,hmg_1_3,market_outcome_v2,challenger_20260307,0.6650126842539218,1.1998872733706512,1.4904288984289626
1136,hmg_2_3,market_outcome_v2,challenger_20260307,0.3035728184949892,1.1998872733706512,1.4904288984289626
1136,hmg_4p,market_outcome_v2,challenger_20260307,0.03375913058198566,1.1998872733706512,1.4904288984289626
1136,amg_0,market_outcome_v2,challenger_20260307,0.22527613114349535,1.1998872733706512,1.4904288984289626
1136,amg_1_2,market_outcome_v2,challenger_20260307,0.5859698107408906,1.1998872733706512,1.4904288984289626
1136,amg_1_3,market_outcome_v2,challenger_20260307,0.7102774207470468,1.1998872733706512,1.4904288984289626
1136,amg_2_3,market_outcome_v2,challenger_20260307,0.3745193647645085,1.1998872733706512,1.4904288984289626
1136,amg_4p,market_outcome_v2,challenger_20260307,0.06444644810945796,1.1998872733706512,1.4904288984289626
1136,ms_h_1_0_2_0_3_0,market_outcome_v2,challenger_20260307,0.14981148467007435,1.1998872733706512,1.4904288984289626
1136,ms_a_0_1_0_2_0_3,market_outcome_v2,challenger_20260307,0.2139555784146655,1.1998872733706512,1.4904288984289626
1136,ms_h_4_0_5_0_6_0,market_outcome_v2,challenger_20260307,0.007548602401579306,1.1998872733706512,1.4904288984289626
1136,ms_a_0_4_0_5_0_6,market_outcome_v2,challenger_20260307,0.01914433998533616,1.1998872733706512,1.4904288984289626
1136,ms_h_2_1_3_1_4_1,market_outcome_v2,challenger_20260307,0.11066221416287303,1.1998872733706512,1.4904288984289626
1136,ms_h_1_2_1_3_1_4,market_outcome_v2,challenger_20260307,0.15210736938467087,1.1998872733706512,1.4904288984289626
1136,ms_h_3_2_4_2_5_1,market_outcome_v2,challenger_20260307,0.030306526255012983,1.1998872733706512,1.4904288984289626
1136,ms_a_2_3_2_4_1_5,market_outcome_v2,challenger_20260307,0.04198933973252583,1.1998872733706512,1.4904288984289626
1136,ms_draw,market_outcome_v2,challenger_20260307,0.25554944496098964,1.1998872733706512,1.4904288984289626
1136,ms_other_homewin,market_outcome_v2,challenger_20260307,0.007074054949089271,1.1998872733706512,1.4904288984289626
1136,ms_other_awaywin,market_outcome_v2,challenger_20260307,0.011851045083183184,1.1998872733706512,1.4904288984289626
5147,1x2_h,market_outcome_v2,challenger_20260307,0.41574987317284723,1.46887820178892,1.2812435378023066
5147,1x2_d,market_outcome_v2,challenger_20260307,0.25415483323047566,1.46887820178892,1.2812435378023066
5147,1x2_a,market_outcome_v2,challenger_20260307,0.33009529359667705,1.46887820178892,1.2812435378023066
5147,dc_1x,market_outcome_v2,challenger_20260307,0.6699047064033229,1.46887820178892,1.2812435378023066
5147,dc_x2,market_outcome_v2,challenger_20260307,0.5842501268271527,1.46887820178892,1.2812435378023066
5147,dc_12,market_outcome_v2,challenger_20260307,0.7458451667695243,1.46887820178892,1.2812435378023066
5147,o15,market_outcome_v2,challenger_20260307,0.7602917851521308,1.46887820178892,1.2812435378023066
5147,u35,market_outcome_v2,challenger_20260307,0.7030134192176517,1.46887820178892,1.2812435378023066
5147,ah_h05,market_outcome_v2,challenger_20260307,0.41574987317284723,1.46887820178892,1.2812435378023066
5147,ah_a05,market_outcome_v2,challenger_20260307,0.33009529359667705,1.46887820178892,1.2812435378023066
5147,ah_h15,market_outcome_v2,challenger_20260307,0.20101349665698917,1.46887820178892,1.2812435378023066
5147,ah_a15,market_outcome_v2,challenger_20260307,0.14278936557150054,1.46887820178892,1.2812435378023066
5147,eh_h1,market_outcome_v2,challenger_20260307,0.20101349665698917,1.46887820178892,1.2812435378023066
5147,eh_a1,market_outcome_v2,challenger_20260307,0.14278936557150054,1.46887820178892,1.2812435378023066
5147,mg_0,market_outcome_v2,challenger_20260307,0.06392011553043556,1.46887820178892,1.2812435378023066
5147,mg_1_2,market_outcome_v2,challenger_20260307,0.4175074360645815,1.46887820178892,1.2812435378023066
5147,mg_1_3,market_outcome_v2,challenger_20260307,0.6390933036872162,1.46887820178892,1.2812435378023066
5147,mg_1_4,market_outcome_v2,challenger_20260307,0.7914403316210139,1.46887820178892,1.2812435378023066
5147,mg_1_5,market_outcome_v2,challenger_20260307,0.8752349063175837,1.46887820178892,1.2812435378023066
5147,mg_1_6,market_outcome_v2,challenger_20260307,0.9136424532397234,1.46887820178892,1.2812435378023066
5147,mg_2_3,market_outcome_v2,challenger_20260307,0.46330520436978256,1.46887820178892,1.2812435378023066
5147,mg_2_4,market_outcome_v2,challenger_20260307,0.6156522323035803,1.46887820178892,1.2812435378023066
5147,mg_2_5,market_outcome_v2,challenger_20260307,0.6994468070001502,1.46887820178892,1.2812435378023066
5147,mg_2_6,market_outcome_v2,challenger_20260307,0.7378543539222898,1.46887820178892,1.2812435378023066
5147,mg_3_4,market_outcome_v2,challenger_20260307,0.37393289555643244,1.46887820178892,1.2812435378023066
5147,mg_3_5,market_outcome_v2,challenger_20260307,0.4577274702530023,1.46887820178892,1.2812435378023066
5147,mg_3_6,market_outcome_v2,challenger_20260307,0.4961350171751419,1.46887820178892,1.2812435378023066
5147,mg_4_5,market_outcome_v2,challenger_20260307,0.23614160263036765,1.46887820178892,1.2812435378023066
5147,mg_4_6,market_outcome_v2,challenger_20260307,0.27454914955250725,1.46887820178892,1.2812435378023066
5147,mg_5_6,market_outcome_v2,challenger_20260307,0.12220212161870946,1.46887820178892,1.2812435378023066
5147,mg_7p,market_outcome_v2,challenger_20260307,0.022437431229841043,1.46887820178892,1.2812435378023066
5147,hmg_0,market_outcome_v2,challenger_20260307,0.23018366364517998,1.46887820178892,1.2812435378023066
5147,hmg_1_2,market_outcome_v2,challenger_20260307,0.5864342673124244,1.46887820178892,1.2812435378023066
5147,hmg_1_3,market_outcome_v2,challenger_20260307,0.7080194370741123,1.46887820178892,1.2812435378023066
5147,hmg_2_3,market_outcome_v2,challenger_20260307,0.3699076711377948,1.46887820178892,1.2812435378023066
5147,hmg_4p,market_outcome_v2,challenger_20260307,0.0617968992807078,1.46887820178892,1.2812435378023066
5147,amg_0,market_outcome_v2,challenger_20260307,0.27769179844563674,1.46887820178892,1.2812435378023066
5147,amg_1_2,market_outcome_v2,challenger_20260307,0.58371816817364,1.46887820178892,1.2812435378023066
5147,amg_1_3,market_outcome_v2,challenger_20260307,0.6810616478540871,1.46887820178892,1.2812435378023066
5147,amg_2_3,market_outcome_v2,challenger_20260307,0.3252708255949143,1.46887820178892,1.2812435378023066
5147,amg_4p,market_outcome_v2,challenger_20260307,0.04124655370027618,1.46887820178892,1.2812435378023066
5147,ms_h_1_0_2_0_3_0,market_outcome_v2,challenger_20260307,0.1966111908155776,1.46887820178892,1.2812435378023066
5147,ms_a_0_1_0_2_0_3,market_outcome_v2,challenger_20260307,0.15676926527127716,1.46887820178892,1.2812435378023066
5147,ms_h_4_0_5_0_6_0,market_outcome_v2,challenger_20260307,0.01693259067371535,1.46887820178892,1.2812435378023066
5147,ms_a_0_4_0_5_0_6,market_outcome_v2,challenger_20260307,0.009409037969621198,1.46887820178892,1.2812435378023066
5147,ms_h_2_1_3_1_4_1,market_outcome_v2,challenger_20260307,0.14749526370351393,1.46887820178892,1.2812435378023066
5147,ms_h_1_2_1_3_1_4,market_outcome_v2,challenger_20260307,0.12052027764334963,1.46887820178892,1.2812435378023066
5147,ms_h_3_2_4_2_5_1,market_outcome_v2,challenger_20260307,0.0425559637150725,1.46887820178892,1.2812435378023066
5147,ms_a_2_3_2_4_1_5,market_outcome_v2,challenger_20260307,0.034616788057974406,1.46887820178892,1.2812435378023066
5147,ms_draw,market_outcome_v2,challenger_20260307,0.25415483323047566,1.46887820178892,1.2812435378023066
5147,ms_other_homewin,market_outcome_v2,challenger_20260307,0.012154864264967888,1.46887820178892,1.2812435378023066
5147,ms_other_awaywin,market_outcome_v2,challenger_20260307,0.008779924654454683,1.46887820178892,1.2812435378023066
5545,1x2_h,market_outcome_v2,challenger_20260307,0.4778790504875244,1.5294983955129897,1.0740768839132757
5545,1x2_d,market_outcome_v2,challenger_20260307,0.2556377988406414,1.5294983955129897,1.0740768839132757
5545,1x2_a,market_outcome_v2,challenger_20260307,0.2664831506718342,1.5294983955129897,1.0740768839132757
5545,dc_1x,market_outcome_v2,challenger_20260307,0.7335168493281659,1.5294983955129897,1.0740768839132757
5545,dc_x2,market_outcome_v2,challenger_20260307,0.5221209495124757,1.5294983955129897,1.0740768839132757
5545,dc_12,market_outcome_v2,challenger_20260307,0.7443622011593586,1.5294983955129897,1.0740768839132757
5545,o15,market_outcome_v2,challenger_20260307,0.733304603119656,1.5294983955129897,1.0740768839132757
5545,u35,market_outcome_v2,challenger_20260307,0.735224054670993,1.5294983955129897,1.0740768839132757
5545,ah_h05,market_outcome_v2,challenger_20260307,0.4778790504875244,1.5294983955129897,1.0740768839132757
5545,ah_a05,market_outcome_v2,challenger_20260307,0.2664831506718342,1.5294983955129897,1.0740768839132757
5545,ah_h15,market_outcome_v2,challenger_20260307,0.24245859379207096,1.5294983955129897,1.0740768839132757
5545,ah_a15,market_outcome_v2,challenger_20260307,0.10116119199656252,1.5294983955129897,1.0740768839132757
5545,eh_h1,market_outcome_v2,challenger_20260307,0.24245859379207096,1.5294983955129897,1.0740768839132757
5545,eh_a1,market_outcome_v2,challenger_20260307,0.10116119199656252,1.5294983955129897,1.0740768839132757
5545,mg_0,market_outcome_v2,challenger_20260307,0.07400855433851389,1.5294983955129897,1.0740768839132757
5545,mg_1_2,market_outcome_v2,challenger_20260307,0.4435241924981354,1.5294983955129897,1.0740768839132757
5545,mg_1_3,market_outcome_v2,challenger_20260307,0.6612155003324792,1.5294983955129897,1.0740768839132757
5545,mg_1_4,market_outcome_v2,challenger_20260307,0.8029094272383469,1.5294983955129897,1.0740768839132757
5545,mg_1_5,market_outcome_v2,challenger_20260307,0.8766915883057367,1.5294983955129897,1.0740768839132757
5545,mg_1_6,market_outcome_v2,challenger_20260307,0.9087078234086872,1.5294983955129897,1.0740768839132757
5545,mg_2_3,market_outcome_v2,challenger_20260307,0.46852865779064895,1.5294983955129897,1.0740768839132757
5545,mg_2_4,market_outcome_v2,challenger_20260307,0.6102225846965166,1.5294983955129897,1.0740768839132757
5545,mg_2_5,market_outcome_v2,challenger_20260307,0.6840047457639065,1.5294983955129897,1.0740768839132757
5545,mg_2_6,market_outcome_v2,challenger_20260307,0.7160209808668571,1.5294983955129897,1.0740768839132757
5545,mg_3_4,market_outcome_v2,challenger_20260307,0.3593852347402115,1.5294983955129897,1.0740768839132757
5545,mg_3_5,market_outcome_v2,challenger_20260307,0.43316739580760133,1.5294983955129897,1.0740768839132757
5545,mg_3_6,market_outcome_v2,challenger_20260307,0.46518363091055187,1.5294983955129897,1.0740768839132757
5545,mg_4_5,market_outcome_v2,challenger_20260307,0.2154760879732575,1.5294983955129897,1.0740768839132757
5545,mg_4_6,market_outcome_v2,challenger_20260307,0.24749232307620808,1.5294983955129897,1.0740768839132757
5545,mg_5_6,market_outcome_v2,challenger_20260307,0.10579839617034038,1.5294983955129897,1.0740768839132757
5545,mg_7p,market_outcome_v2,challenger_20260307,0.017283622252798867,1.5294983955129897,1.0740768839132757
5545,hmg_0,market_outcome_v2,challenger_20260307,0.21664445400535945,1.5294983955129897,1.0740768839132757
5545,hmg_1_2,market_outcome_v2,challenger_20260307,0.5847626084029662,1.5294983955129897,1.0740768839132757
5545,hmg_1_3,market_outcome_v2,challenger_20260307,0.7139569231024212,1.5294983955129897,1.0740768839132757
5545,hmg_2_3,market_outcome_v2,challenger_20260307,0.38259957830443636,1.5294983955129897,1.0740768839132757
5545,hmg_4p,market_outcome_v2,challenger_20260307,0.06939862289221932,1.5294983955129897,1.0740768839132757
5545,amg_0,market_outcome_v2,challenger_20260307,0.341612965253581,1.5294983955129897,1.0740768839132757
5545,amg_1_2,market_outcome_v2,challenger_20260307,0.5639679767056929,1.5294983955129897,1.0740768839132757
5545,amg_1_3,market_outcome_v2,challenger_20260307,0.6345167074001664,1.5294983955129897,1.0740768839132757
5545,amg_2_3,market_outcome_v2,challenger_20260307,0.26759811817622603,1.5294983955129897,1.0740768839132757
5545,amg_4p,market_outcome_v2,challenger_20260307,0.02387032734625261,1.5294983955129897,1.0740768839132757
5545,ms_h_1_0_2_0_3_0,market_outcome_v2,challenger_20260307,0.243896941564341,1.5294983955129897,1.0740768839132757
5545,ms_a_0_1_0_2_0_3,market_outcome_v2,challenger_20260307,0.1374645256319875,1.5294983955129897,1.0740768839132757
5545,ms_h_4_0_5_0_6_0,market_outcome_v2,challenger_20260307,0.023354186915905906,1.5294983955129897,1.0740768839132757
5545,ms_a_0_4_0_5_0_6,market_outcome_v2,challenger_20260307,0.005143477341720574,1.5294983955129897,1.0740768839132757
5545,ms_h_2_1_3_1_4_1,market_outcome_v2,challenger_20260307,0.15850890486960278,1.5294983955129897,1.0740768839132757
5545,ms_h_1_2_1_3_1_4,market_outcome_v2,challenger_20260307,0.09494773279950834,1.5294983955129897,1.0740768839132757
5545,ms_h_3_2_4_2_5_1,market_outcome_v2,challenger_20260307,0.04073676316438822,1.5294983955129897,1.0740768839132757
5545,ms_a_2_3_2_4_1_5,market_outcome_v2,challenger_20260307,0.024026274745963038,1.5294983955129897,1.0740768839132757
5545,ms_draw,market_outcome_v2,challenger_20260307,0.2556377988406414,1.5294983955129897,1.0740768839132757
5545,ms_other_homewin,market_outcome_v2,challenger_20260307,0.011382253973286426,1.5294983955129897,1.0740768839132757
5545,ms_other_awaywin,market_outcome_v2,challenger_20260307,0.004901140152654791,1.5294983955129897,1.0740768839132757
5546,1x2_h,market_outcome_v2,challenger_20260307,0.4251306555238067,1.4081237802150535,1.1666015969900412
5546,1x2_d,market_outcome_v2,challenger_20260307,0.26310766932406393,1.4081237802150535,1.1666015969900412
5546,1x2_a,market_outcome_v2,challenger_20260307,0.31176167515212966,1.4081237802150535,1.1666015969900412
5546,dc_1x,market_outcome_v2,challenger_20260307,0.6882383248478706,1.4081237802150535,1.1666015969900412
5546,dc_x2,market_outcome_v2,challenger_20260307,0.5748693444761936,1.4081237802150535,1.1666015969900412
5546,dc_12,market_outcome_v2,challenger_20260307,0.7368923306759363,1.4081237802150535,1.1666015969900412
5546,o15,market_outcome_v2,challenger_20260307,0.7276961322285106,1.4081237802150535,1.1666015969900412
5546,u35,market_outcome_v2,challenger_20260307,0.7414900153433199,1.4081237802150535,1.1666015969900412
5546,ah_h05,market_outcome_v2,challenger_20260307,0.4251306555238067,1.4081237802150535,1.1666015969900412
5546,ah_a05,market_outcome_v2,challenger_20260307,0.31176167515212966,1.4081237802150535,1.1666015969900412
5546,ah_h15,market_outcome_v2,challenger_20260307,0.2020554325594088,1.4081237802150535,1.1666015969900412
5546,ah_a15,market_outcome_v2,challenger_20260307,0.1269484399694731,1.4081237802150535,1.1666015969900412
5546,eh_h1,market_outcome_v2,challenger_20260307,0.2020554325594088,1.4081237802150535,1.1666015969900412
5546,eh_a1,market_outcome_v2,challenger_20260307,0.1269484399694731,1.4081237802150535,1.1666015969900412
5546,mg_0,market_outcome_v2,challenger_20260307,0.07617476562196533,1.4081237802150535,1.1666015969900412
5546,mg_1_2,market_outcome_v2,challenger_20260307,0.4486183904059397,1.4081237802150535,1.1666015969900412
5546,mg_1_3,market_outcome_v2,challenger_20260307,0.6653152497213546,1.4081237802150535,1.1666015969900412
5546,mg_1_4,market_outcome_v2,challenger_20260307,0.8047989754313648,1.4081237802150535,1.1666015969900412
5546,mg_1_5,market_outcome_v2,challenger_20260307,0.8766254330899006,1.4081237802150535,1.1666015969900412
5546,mg_1_6,market_outcome_v2,challenger_20260307,0.9074476669712637,1.4081237802150535,1.1666015969900412
5546,mg_2_3,market_outcome_v2,challenger_20260307,0.4691861475718303,1.4081237802150535,1.1666015969900412
5546,mg_2_4,market_outcome_v2,challenger_20260307,0.6086698732818405,1.4081237802150535,1.1666015969900412
5546,mg_2_5,market_outcome_v2,challenger_20260307,0.6804963309403762,1.4081237802150535,1.1666015969900412
5546,mg_2_6,market_outcome_v2,challenger_20260307,0.7113185648217393,1.4081237802150535,1.1666015969900412
5546,mg_3_4,market_outcome_v2,challenger_20260307,0.3561805850254252,1.4081237802150535,1.1666015969900412
5546,mg_3_5,market_outcome_v2,challenger_20260307,0.4280070426839609,1.4081237802150535,1.1666015969900412
5546,mg_3_6,market_outcome_v2,challenger_20260307,0.45882927656532396,1.4081237802150535,1.1666015969900412
5546,mg_4_5,market_outcome_v2,challenger_20260307,0.21131018336854585,1.4081237802150535,1.1666015969900412
5546,mg_4_6,market_outcome_v2,challenger_20260307,0.24213241724990908,1.4081237802150535,1.1666015969900412
5546,mg_5_6,market_outcome_v2,challenger_20260307,0.10264869153989878,1.4081237802150535,1.1666015969900412
5546,mg_7p,market_outcome_v2,challenger_20260307,0.016377567406771185,1.4081237802150535,1.1666015969900412
5546,hmg_0,market_outcome_v2,challenger_20260307,0.24460185278749746,1.4081237802150535,1.1666015969900412
5546,hmg_1_2,market_outcome_v2,challenger_20260307,0.5869295010437087,1.4081237802150535,1.1666015969900412
5546,hmg_1_3,market_outcome_v2,challenger_20260307,0.7007527533208616,1.4081237802150535,1.1666015969900412
5546,hmg_2_3,market_outcome_v2,challenger_20260307,0.3563230677261247,1.4081237802150535,1.1666015969900412
5546,hmg_4p,market_outcome_v2,challenger_20260307,0.0546453938916411,1.4081237802150535,1.1666015969900412
5546,amg_0,market_outcome_v2,challenger_20260307,0.31142350212753145,1.4081237802150535,1.1666015969900412
5546,amg_1_2,market_outcome_v2,challenger_20260307,0.5752245084872886,1.4081237802150535,1.1666015969900412
5546,amg_1_3,market_outcome_v2,challenger_20260307,0.6576322161869301,1.4081237802150535,1.1666015969900412
5546,amg_2_3,market_outcome_v2,challenger_20260307,0.2943250612647205,1.4081237802150535,1.1666015969900412
5546,amg_4p,market_outcome_v2,challenger_20260307,0.030944281685538703,1.4081237802150535,1.1666015969900412
5546,ms_h_1_0_2_0_3_0,market_outcome_v2,challenger_20260307,0.2182308765646928,1.4081237802150535,1.1666015969900412
5546,ms_a_0_1_0_2_0_3,market_outcome_v2,challenger_20260307,0.16085805853207116,1.4081237802150535,1.1666015969900412
5546,ms_h_4_0_5_0_6_0,market_outcome_v2,challenger_20260307,0.016817537668756655,1.4081237802150535,1.1666015969900412
5546,ms_a_0_4_0_5_0_6,market_outcome_v2,challenger_20260307,0.007517162447905381,1.4081237802150535,1.1666015969900412
5546,ms_h_2_1_3_1_4_1,market_outcome_v2,challenger_20260307,0.14401218591939116,1.4081237802150535,1.1666015969900412
5546,ms_h_1_2_1_3_1_4,market_outcome_v2,challenger_20260307,0.1096523943341091,1.4081237802150535,1.1666015969900412
5546,ms_h_3_2_4_2_5_1,market_outcome_v2,challenger_20260307,0.0367122467067869,1.4081237802150535,1.1666015969900412
5546,ms_a_2_3_2_4_1_5,market_outcome_v2,challenger_20260307,0.02774360322033117,1.4081237802150535,1.1666015969900412
5546,ms_draw,market_outcome_v2,challenger_20260307,0.26310766932406393,1.4081237802150535,1.1666015969900412
5546,ms_other_homewin,market_outcome_v2,challenger_20260307,0.009357808664179125,1.4081237802150535,1.1666015969900412
5546,ms_other_awaywin,market_outcome_v2,challenger_20260307,0.005990456617712794,1.4081237802150535,1.1666015969900412
19355,1x2_h,market_outcome_v2,challenger_20260307,0.5633729267662824,1.728465089838881,0.9242368443754911
19355,1x2_d,market_outcome_v2,challenger_20260307,0.23680666568179942,1.728465089838881,0.9242368443754911
19355,1x2_a,market_outcome_v2,challenger_20260307,0.19982040755191824,1.728465089838881,0.9242368443754911
19355,dc_1x,market_outcome_v2,challenger_20260307,0.8001795924480818,1.728465089838881,0.9242368443754911
19355,dc_x2,market_outcome_v2,challenger_20260307,0.43662707323371763,1.728465089838881,0.9242368443754911
19355,dc_12,market_outcome_v2,challenger_20260307,0.7631933343182006,1.728465089838881,0.9242368443754911
19355,o15,market_outcome_v2,challenger_20260307,0.7426279682513284,1.728465089838881,0.9242368443754911
19355,u35,market_outcome_v2,challenger_20260307,0.7244924594674405,1.728465089838881,0.9242368443754911
19355,ah_h05,market_outcome_v2,challenger_20260307,0.5633729267662824,1.728465089838881,0.9242368443754911
19355,ah_a05,market_outcome_v2,challenger_20260307,0.19982040755191824,1.728465089838881,0.9242368443754911
19355,ah_h15,market_outcome_v2,challenger_20260307,0.31466485671680744,1.728465089838881,0.9242368443754911
19355,ah_a15,market_outcome_v2,challenger_20260307,0.06683238066925083,1.728465089838881,0.9242368443754911
19355,eh_h1,market_outcome_v2,challenger_20260307,0.31466485671680744,1.728465089838881,0.9242368443754911
19355,eh_a1,market_outcome_v2,challenger_20260307,0.06683238066925083,1.728465089838881,0.9242368443754911
19355,mg_0,market_outcome_v2,challenger_20260307,0.07046072643866781,1.728465089838881,0.9242368443754911
19355,mg_1_2,market_outcome_v2,challenger_20260307,0.43482129587119395,1.728465089838881,0.9242368443754911
19355,mg_1_3,market_outcome_v2,challenger_20260307,0.6540317330287726,1.728465089838881,0.9242368443754911
19355,mg_1_4,market_outcome_v2,challenger_20260307,0.7994067206907443,1.728465089838881,0.9242368443754911
19355,mg_1_5,market_outcome_v2,challenger_20260307,0.8765340228822047,1.728465089838881,0.9242368443754911
19355,mg_1_6,market_outcome_v2,challenger_20260307,0.910633313499542,1.728465089838881,0.9242368443754911
19355,mg_2_3,market_outcome_v2,challenger_20260307,0.46712042771876866,1.728465089838881,0.9242368443754911
19355,mg_2_4,market_outcome_v2,challenger_20260307,0.6124954153807404,1.728465089838881,0.9242368443754911
19355,mg_2_5,market_outcome_v2,challenger_20260307,0.6896227175722008,1.728465089838881,0.9242368443754911
19355,mg_2_6,market_outcome_v2,challenger_20260307,0.7237220081895382,1.728465089838881,0.9242368443754911
19355,mg_3_4,market_outcome_v2,challenger_20260307,0.36458542481955025,1.728465089838881,0.9242368443754911
19355,mg_3_5,market_outcome_v2,challenger_20260307,0.4417127270110108,1.728465089838881,0.9242368443754911
19355,mg_3_6,market_outcome_v2,challenger_20260307,0.4758120176283481,1.728465089838881,0.9242368443754911
19355,mg_4_5,market_outcome_v2,challenger_20260307,0.2225022898534322,1.728465089838881,0.9242368443754911
19355,mg_4_6,market_outcome_v2,challenger_20260307,0.25660158047076953,1.728465089838881,0.9242368443754911
19355,mg_5_6,market_outcome_v2,challenger_20260307,0.11122659280879785,1.728465089838881,0.9242368443754911
19355,mg_7p,market_outcome_v2,challenger_20260307,0.01890596006179024,1.728465089838881,0.9242368443754911
19355,hmg_0,market_outcome_v2,challenger_20260307,0.17755711337522864,1.728465089838881,0.9242368443754911
19355,hmg_1_2,market_outcome_v2,challenger_20260307,0.572135339193505,1.728465089838881,0.9242368443754911
19355,hmg_1_3,market_outcome_v2,challenger_20260307,0.7249512811652997,1.728465089838881,0.9242368443754911
19355,hmg_2_3,market_outcome_v2,challenger_20260307,0.4180500092436528,1.728465089838881,0.9242368443754911
19355,hmg_4p,market_outcome_v2,challenger_20260307,0.09749160545947172,1.728465089838881,0.9242368443754911
19355,amg_0,market_outcome_v2,challenger_20260307,0.39683415155417784,1.728465089838881,0.9242368443754911
19355,amg_1_2,market_outcome_v2,challenger_20260307,0.5362593372453773,1.728465089838881,0.9242368443754911
19355,amg_1_3,market_outcome_v2,challenger_20260307,0.588475820937885,1.728465089838881,0.9242368443754911
19355,amg_2_3,market_outcome_v2,challenger_20260307,0.22170707696502617,1.728465089838881,0.9242368443754911
19355,amg_4p,market_outcome_v2,challenger_20260307,0.014690027507937325,1.728465089838881,0.9242368443754911
19355,ms_h_1_0_2_0_3_0,market_outcome_v2,challenger_20260307,0.2876854265793459,1.728465089838881,0.9242368443754911
19355,ms_a_0_1_0_2_0_3,market_outcome_v2,challenger_20260307,0.10448806805684878,1.728465089838881,0.9242368443754911
19355,ms_h_4_0_5_0_6_0,market_outcome_v2,challenger_20260307,0.0378730375146298,1.728465089838881,0.9242368443754911
19355,ms_a_0_4_0_5_0_6,market_outcome_v2,challenger_20260307,0.0025992302728622065,1.728465089838881,0.9242368443754911
19355,ms_h_2_1_3_1_4_1,market_outcome_v2,challenger_20260307,0.17754697765335883,1.728465089838881,0.9242368443754911
19355,ms_h_1_2_1_3_1_4,market_outcome_v2,challenger_20260307,0.07174497830562813,1.728465089838881,0.9242368443754911
19355,ms_h_3_2_4_2_5_1,market_outcome_v2,challenger_20260307,0.045465492961637176,1.728465089838881,0.9242368443754911
19355,ms_a_2_3_2_4_1_5,market_outcome_v2,challenger_20260307,0.017734117568940243,1.728465089838881,0.9242368443754911
19355,ms_draw,market_outcome_v2,challenger_20260307,0.23680666568179942,1.728465089838881,0.9242368443754911
19355,ms_other_homewin,market_outcome_v2,challenger_20260307,0.014801992057310606,1.728465089838881,0.9242368443754911
19355,ms_other_awaywin,market_outcome_v2,challenger_20260307,0.0032540133476389554,1.728465089838881,0.9242368443754911
19589,1x2_h,market_outcome_v2,challenger_20260307,0.3527599170196723,1.2676466091411247,1.3333986335482573
19589,1x2_d,market_outcome_v2,challenger_20260307,0.2636821215222173,1.2676466091411247,1.3333986335482573
19589,1x2_a,market_outcome_v2,challenger_20260307,0.3835579614581102,1.2676466091411247,1.3333986335482573
19589,dc_1x,market_outcome_v2,challenger_20260307,0.6164420385418896,1.2676466091411247,1.3333986335482573
19589,dc_x2,market_outcome_v2,challenger_20260307,0.6472400829803275,1.2676466091411247,1.3333986335482573
19589,dc_12,market_outcome_v2,challenger_20260307,0.7363178784777825,1.2676466091411247,1.3333986335482573
19589,o15,market_outcome_v2,challenger_20260307,0.7328168261475742,1.2676466091411247,1.3333986335482573
19589,u35,market_outcome_v2,challenger_20260307,0.7357744185557996,1.2676466091411247,1.3333986335482573
19589,ah_h05,market_outcome_v2,challenger_20260307,0.3527599170196723,1.2676466091411247,1.3333986335482573
19589,ah_a05,market_outcome_v2,challenger_20260307,0.3835579614581102,1.2676466091411247,1.3333986335482573
19589,ah_h15,market_outcome_v2,challenger_20260307,0.15338710766233454,1.2676466091411247,1.3333986335482573
19589,ah_a15,market_outcome_v2,challenger_20260307,0.17384381112099873,1.2676466091411247,1.3333986335482573
19589,eh_h1,market_outcome_v2,challenger_20260307,0.15338710766233454,1.2676466091411247,1.3333986335482573
19589,eh_a1,market_outcome_v2,challenger_20260307,0.17384381112099873,1.2676466091411247,1.3333986335482573
19589,mg_0,market_outcome_v2,challenger_20260307,0.07419600583881708,1.2676466091411247,1.3333986335482573
19589,mg_1_2,market_outcome_v2,challenger_20260307,0.4439713456445556,1.2676466091411247,1.3333986335482573
19589,mg_1_3,market_outcome_v2,challenger_20260307,0.6615784127169825,1.2676466091411247,1.3333986335482573
19589,mg_1_4,market_outcome_v2,challenger_20260307,0.8030798693630641,1.2676466091411247,1.3333986335482573
19589,mg_1_5,market_outcome_v2,challenger_20260307,0.8766902074916456,1.2676466091411247,1.3333986335482573
19589,mg_1_6,market_outcome_v2,challenger_20260307,0.9086008441253295,1.2676466091411247,1.3333986335482573
19589,mg_2_3,market_outcome_v2,challenger_20260307,0.4685912447033737,1.2676466091411247,1.3333986335482573
19589,mg_2_4,market_outcome_v2,challenger_20260307,0.6100927013494551,1.2676466091411247,1.3333986335482573
19589,mg_2_5,market_outcome_v2,challenger_20260307,0.6837030394780367,1.2676466091411247,1.3333986335482573
19589,mg_2_6,market_outcome_v2,challenger_20260307,0.7156136761117207,1.2676466091411247,1.3333986335482573
19589,mg_3_4,market_outcome_v2,challenger_20260307,0.3591085237185084,1.2676466091411247,1.3333986335482573
19589,mg_3_5,market_outcome_v2,challenger_20260307,0.4327188618470899,1.2676466091411247,1.3333986335482573
19589,mg_3_6,market_outcome_v2,challenger_20260307,0.46462949848077384,1.2676466091411247,1.3333986335482573
19589,mg_4_5,market_outcome_v2,challenger_20260307,0.21511179477466294,1.2676466091411247,1.3333986335482573
19589,mg_4_6,market_outcome_v2,challenger_20260307,0.24702243140834693,1.2676466091411247,1.3333986335482573
19589,mg_5_6,market_outcome_v2,challenger_20260307,0.10552097476226552,1.2676466091411247,1.3333986335482573
19589,mg_7p,market_outcome_v2,challenger_20260307,0.017203150035853473,1.2676466091411247,1.3333986335482573
19589,hmg_0,market_outcome_v2,challenger_20260307,0.2814933367620929,1.2676466091411247,1.3333986335482573
19589,hmg_1_2,market_outcome_v2,challenger_20260307,0.5830038257083827,1.2676466091411247,1.3333986335482573
19589,hmg_1_3,market_outcome_v2,challenger_20260307,0.6785715987228308,1.2676466091411247,1.3333986335482573
19589,hmg_2_3,market_outcome_v2,challenger_20260307,0.3217375248805431,1.2676466091411247,1.3333986335482573
19589,hmg_4p,market_outcome_v2,challenger_20260307,0.03993506451507623,1.2676466091411247,1.3333986335482573
19589,amg_0,market_outcome_v2,challenger_20260307,0.26357997205995903,1.2676466091411247,1.3333986335482573
19589,amg_1_2,market_outcome_v2,challenger_20260307,0.5857734327402467,1.2676466091411247,1.3333986335482573
19589,amg_1_3,market_outcome_v2,challenger_20260307,0.6899190922252795,1.2676466091411247,1.3333986335482573
19589,amg_2_3,market_outcome_v2,challenger_20260307,0.33846191764984224,1.2676466091411247,1.3333986335482573
19589,amg_4p,market_outcome_v2,challenger_20260307,0.046500935714761486,1.2676466091411247,1.3333986335482573
19589,ms_h_1_0_2_0_3_0,market_outcome_v2,challenger_20260307,0.1788578830320455,1.2676466091411247,1.3333986335482573
19589,ms_a_0_1_0_2_0_3,market_outcome_v2,challenger_20260307,0.19420762736636804,1.2676466091411247,1.3333986335482573
19589,ms_h_4_0_5_0_6_0,market_outcome_v2,challenger_20260307,0.010434430838119839,1.2676466091411247,1.3333986335482573
19589,ms_a_0_4_0_5_0_6,market_outcome_v2,challenger_20260307,0.012957903737547048,1.2676466091411247,1.3333986335482573
19589,ms_h_2_1_3_1_4_1,market_outcome_v2,challenger_20260307,0.1237213835246482,1.2676466091411247,1.3333986335482573
19589,ms_h_1_2_1_3_1_4,market_outcome_v2,challenger_20260307,0.13316292491454468,1.2676466091411247,1.3333986335482573
19589,ms_h_3_2_4_2_5_1,market_outcome_v2,challenger_20260307,0.03218838500889456,1.2676466091411247,1.3333986335482573
19589,ms_a_2_3_2_4_1_5,market_outcome_v2,challenger_20260307,0.0347101916048758,1.2676466091411247,1.3333986335482573
19589,ms_draw,market_outcome_v2,challenger_20260307,0.2636821215222173,1.2676466091411247,1.3333986335482573
19589,ms_other_homewin,market_outcome_v2,challenger_20260307,0.0075578346159642824,1.2676466091411247,1.3333986335482573
19589,ms_other_awaywin,market_outcome_v2,challenger_20260307,0.008519313834774668,1.2676466091411247,1.3333986335482573
19590,1x2_h,market_outcome_v2,challenger_20260307,0.566205886206896,1.792443872438736,0.973436806324015
19590,1x2_d,market_outcome_v2,challenger_20260307,0.23096775296175903,1.792443872438736,0.973436806324015
19590,1x2_a,market_outcome_v2,challenger_20260307,0.20282636083134511,1.792443872438736,0.973436806324015
19590,dc_1x,market_outcome_v2,challenger_20260307,0.797173639168655,1.792443872438736,0.973436806324015
19590,dc_x2,market_outcome_v2,challenger_20260307,0.4337941137931042,1.792443872438736,0.973436806324015
19590,dc_12,market_outcome_v2,challenger_20260307,0.7690322470382411,1.792443872438736,0.973436806324015
19590,o15,market_outcome_v2,challenger_20260307,0.7630475810716341,1.792443872438736,0.973436806324015
19590,u35,market_outcome_v2,challenger_20260307,0.6995207247910403,1.792443872438736,0.973436806324015
19590,ah_h05,market_outcome_v2,challenger_20260307,0.566205886206896,1.792443872438736,0.973436806324015
19590,ah_a05,market_outcome_v2,challenger_20260307,0.20282636083134511,1.792443872438736,0.973436806324015
19590,ah_h15,market_outcome_v2,challenger_20260307,0.32187240828474034,1.792443872438736,0.973436806324015
19590,ah_a15,market_outcome_v2,challenger_20260307,0.07013422799318757,1.792443872438736,0.973436806324015
19590,eh_h1,market_outcome_v2,challenger_20260307,0.32187240828474034,1.792443872438736,0.973436806324015
19590,eh_a1,market_outcome_v2,challenger_20260307,0.07013422799318757,1.792443872438736,0.973436806324015
19590,mg_0,market_outcome_v2,challenger_20260307,0.06292085149288767,1.792443872438736,0.973436806324015
19590,mg_1_2,market_outcome_v2,challenger_20260307,0.4147068423677716,1.792443872438736,0.973436806324015
19590,mg_1_3,market_outcome_v2,challenger_20260307,0.6365998732981526,1.792443872438736,0.973436806324015
19590,mg_1_4,market_outcome_v2,challenger_20260307,0.7900322850487643,1.792443872438736,0.973436806324015
19590,mg_1_5,market_outcome_v2,challenger_20260307,0.8749074336801616,1.792443872438736,0.973436806324015
19590,mg_1_6,market_outcome_v2,challenger_20260307,0.9140331892979447,1.792443872438736,0.973436806324015
19590,mg_2_3,market_outcome_v2,challenger_20260307,0.46256830586267417,1.792443872438736,0.973436806324015
19590,mg_2_4,market_outcome_v2,challenger_20260307,0.6160007176132857,1.792443872438736,0.973436806324015
19590,mg_2_5,market_outcome_v2,challenger_20260307,0.7008758662446831,1.792443872438736,0.973436806324015
19590,mg_2_6,market_outcome_v2,challenger_20260307,0.7400016218624663,1.792443872438736,0.973436806324015
19590,mg_3_4,market_outcome_v2,challenger_20260307,0.3753254426809925,1.792443872438736,0.973436806324015
19590,mg_3_5,market_outcome_v2,challenger_20260307,0.46020059131239,1.792443872438736,0.973436806324015
19590,mg_3_6,market_outcome_v2,challenger_20260307,0.4993263469301732,1.792443872438736,0.973436806324015
19590,mg_4_5,market_outcome_v2,challenger_20260307,0.23830756038200906,1.792443872438736,0.973436806324015
19590,mg_4_6,market_outcome_v2,challenger_20260307,0.27743331599979215,1.792443872438736,0.973436806324015
19590,mg_5_6,market_outcome_v2,challenger_20260307,0.12400090424918064,1.792443872438736,0.973436806324015
19590,mg_7p,market_outcome_v2,challenger_20260307,0.023045959209167598,1.792443872438736,0.973436806324015
19590,hmg_0,market_outcome_v2,challenger_20260307,0.1665531386763837,1.792443872438736,0.973436806324015
19590,hmg_1_2,market_outcome_v2,challenger_20260307,0.5660926980218758,1.792443872438736,0.973436806324015
19590,hmg_1_3,market_outcome_v2,challenger_20260307,0.7259521305117815,1.792443872438736,0.973436806324015
19590,hmg_2_3,market_outcome_v2,challenger_20260307,0.4274149776558585,1.792443872438736,0.973436806324015
19590,hmg_4p,market_outcome_v2,challenger_20260307,0.10749473081183492,1.792443872438736,0.973436806324015
19590,amg_0,market_outcome_v2,challenger_20260307,0.37778244224592034,1.792443872438736,0.973436806324015
19590,amg_1_2,market_outcome_v2,challenger_20260307,0.546736729268433,1.792443872438736,0.973436806324015
19590,amg_1_3,market_outcome_v2,challenger_20260307,0.6048150176792816,1.792443872438736,0.973436806324015
19590,amg_2_3,market_outcome_v2,challenger_20260307,0.23706768361412628,1.792443872438736,0.973436806324015
19590,amg_4p,market_outcome_v2,challenger_20260307,0.017402540074798196,1.792443872438736,0.973436806324015
19590,ms_h_1_0_2_0_3_0,market_outcome_v2,challenger_20260307,0.2742519688183699,1.792443872438736,0.973436806324015
19590,ms_a_0_1_0_2_0_3,market_outcome_v2,challenger_20260307,0.10073383951309683,1.792443872438736,0.973436806324015
19590,ms_h_4_0_5_0_6_0,market_outcome_v2,challenger_20260307,0.03966215511681602,1.792443872438736,0.973436806324015
19590,ms_a_0_4_0_5_0_6,market_outcome_v2,challenger_20260307,0.0028867002315426955,1.792443872438736,0.973436806324015
19590,ms_h_2_1_3_1_4_1,market_outcome_v2,challenger_20260307,0.183524212447642,1.792443872438736,0.973436806324015
19590,ms_h_1_2_1_3_1_4,market_outcome_v2,challenger_20260307,0.07499300135474768,1.792443872438736,0.973436806324015
19590,ms_h_3_2_4_2_5_1,market_outcome_v2,challenger_20260307,0.05087885324658373,1.792443872438736,0.973436806324015
19590,ms_a_2_3_2_4_1_5,market_outcome_v2,challenger_20260307,0.02014224904909807,1.792443872438736,0.973436806324015
19590,ms_draw,market_outcome_v2,challenger_20260307,0.23096775296175903,1.792443872438736,0.973436806324015
19590,ms_other_homewin,market_outcome_v2,challenger_20260307,0.01788869657748425,1.792443872438736,0.973436806324015
19590,ms_other_awaywin,market_outcome_v2,challenger_20260307,0.004070570682859878,1.792443872438736,0.973436806324015
19591,1x2_h,market_outcome_v2,challenger_20260307,0.47987546185892443,1.4601439592838603,0.990200330850944
19591,1x2_d,market_outcome_v2,challenger_20260307,0.26400595919409325,1.4601439592838603,0.990200330850944
19591,1x2_a,market_outcome_v2,challenger_20260307,0.2561185789469823,1.4601439592838603,0.990200330850944
19591,dc_1x,market_outcome_v2,challenger_20260307,0.7438814210530177,1.4601439592838603,0.990200330850944
19591,dc_x2,market_outcome_v2,challenger_20260307,0.5201245381410755,1.4601439592838603,0.990200330850944
19591,dc_12,market_outcome_v2,challenger_20260307,0.7359940408059067,1.4601439592838603,0.990200330850944
19591,o15,market_outcome_v2,challenger_20260307,0.7023597794131038,1.4601439592838603,0.990200330850944
19591,u35,market_outcome_v2,challenger_20260307,0.7681363892312664,1.4601439592838603,0.990200330850944
19591,ah_h05,market_outcome_v2,challenger_20260307,0.47987546185892443,1.4601439592838603,0.990200330850944
19591,ah_a05,market_outcome_v2,challenger_20260307,0.2561185789469823,1.4601439592838603,0.990200330850944
19591,ah_h15,market_outcome_v2,challenger_20260307,0.23807402166782624,1.4601439592838603,0.990200330850944
19591,ah_a15,market_outcome_v2,challenger_20260307,0.09214031875208233,1.4601439592838603,0.990200330850944
19591,eh_h1,market_outcome_v2,challenger_20260307,0.23807402166782624,1.4601439592838603,0.990200330850944
19591,eh_a1,market_outcome_v2,challenger_20260307,0.09214031875208233,1.4601439592838603,0.990200330850944
19591,mg_0,market_outcome_v2,challenger_20260307,0.08626391906393421,1.4601439592838603,0.990200330850944
19591,mg_1_2,market_outcome_v2,challenger_20260307,0.4703486582762636,1.4601439592838603,0.990200330850944
19591,mg_1_3,market_outcome_v2,challenger_20260307,0.6818724701673321,1.4601439592838603,0.990200330850944
19591,mg_1_4,market_outcome_v2,challenger_20260307,0.8114490113410394,1.4601439592838603,0.990200330850944
19591,mg_1_5,market_outcome_v2,challenger_20260307,0.8749504389011213,1.4601439592838603,0.990200330850944
19591,mg_1_6,market_outcome_v2,challenger_20260307,0.9008838323073306,1.4601439592838603,0.990200330850944
19591,mg_2_3,market_outcome_v2,challenger_20260307,0.47049616864437,1.4601439592838603,0.990200330850944
19591,mg_2_4,market_outcome_v2,challenger_20260307,0.6000727098180773,1.4601439592838603,0.990200330850944
19591,mg_2_5,market_outcome_v2,challenger_20260307,0.6635741373781592,1.4601439592838603,0.990200330850944
19591,mg_2_6,market_outcome_v2,challenger_20260307,0.6895075307843685,1.4601439592838603,0.990200330850944
19591,mg_3_4,market_outcome_v2,challenger_20260307,0.3411003530647757,1.4601439592838603,0.990200330850944
19591,mg_3_5,market_outcome_v2,challenger_20260307,0.40460178062485774,1.4601439592838603,0.990200330850944
19591,mg_3_6,market_outcome_v2,challenger_20260307,0.430535174031067,1.4601439592838603,0.990200330850944
19591,mg_4_5,market_outcome_v2,challenger_20260307,0.1930779687337892,1.4601439592838603,0.990200330850944
19591,mg_4_6,market_outcome_v2,challenger_20260307,0.21901136213999856,1.4601439592838603,0.990200330850944
19591,mg_5_6,market_outcome_v2,challenger_20260307,0.08943482096629146,1.4601439592838603,0.990200330850944
19591,mg_7p,market_outcome_v2,challenger_20260307,0.012852248628735172,1.4601439592838603,0.990200330850944
19591,hmg_0,market_outcome_v2,challenger_20260307,0.23220294334698682,1.4601439592838603,0.990200330850944
19591,hmg_1_2,market_outcome_v2,challenger_20260307,0.586580429024747,1.4601439592838603,0.990200330850944
19591,hmg_1_3,market_outcome_v2,challenger_20260307,0.7070572497371459,1.4601439592838603,0.990200330850944
19591,hmg_2_3,market_outcome_v2,challenger_20260307,0.3680075246811104,1.4601439592838603,0.990200330850944
19591,hmg_4p,market_outcome_v2,challenger_20260307,0.060739806915867486,1.4601439592838603,0.990200330850944
19591,amg_0,market_outcome_v2,challenger_20260307,0.37150226358254135,1.4601439592838603,0.990200330850944
19591,amg_1_2,market_outcome_v2,challenger_20260307,0.5499900351655247,1.4601439592838603,0.990200330850944
19591,amg_1_3,market_outcome_v2,challenger_20260307,0.6101045595245879,1.4601439592838603,0.990200330850944
19591,amg_2_3,market_outcome_v2,challenger_20260307,0.24224289521328085,1.4601439592838603,0.990200330850944
19591,amg_4p,market_outcome_v2,challenger_20260307,0.01839317689287088,1.4601439592838603,0.990200330850944
19591,ms_h_1_0_2_0_3_0,market_outcome_v2,challenger_20260307,0.26267336875979586,1.4601439592838603,0.990200330850944
19591,ms_a_0_1_0_2_0_3,market_outcome_v2,challenger_20260307,0.14166807447102622,1.4601439592838603,0.990200330850944
19591,ms_h_4_0_5_0_6_0,market_outcome_v2,challenger_20260307,0.02227035472923333,1.4601439592838603,0.990200330850944
19591,ms_a_0_4_0_5_0_6,market_outcome_v2,challenger_20260307,0.004252757610058849,1.4601439592838603,0.990200330850944
19591,ms_h_2_1_3_1_4_1,market_outcome_v2,challenger_20260307,0.1515538189131333,1.4601439592838603,0.990200330850944
19591,ms_h_1_2_1_3_1_4,market_outcome_v2,challenger_20260307,0.08717790650188828,1.4601439592838603,0.990200330850944
19591,ms_h_3_2_4_2_5_1,market_outcome_v2,challenger_20260307,0.03467638661221434,1.4601439592838603,0.990200330850944
19591,ms_a_2_3_2_4_1_5,market_outcome_v2,challenger_20260307,0.019562997942939267,1.4601439592838603,0.990200330850944
19591,ms_draw,market_outcome_v2,challenger_20260307,0.26400595919409325,1.4601439592838603,0.990200330850944
19591,ms_other_homewin,market_outcome_v2,challenger_20260307,0.008701532844547704,1.4601439592838603,0.990200330850944
19591,ms_other_awaywin,market_outcome_v2,challenger_20260307,0.0034568424210696916,1.4601439592838603,0.990200330850944
19592,1x2_h,market_outcome_v2,challenger_20260307,0.3871334145855081,1.3533742980673067,1.2756267601005944
19592,1x2_d,market_outcome_v2,challenger_20260307,0.26197744765535197,1.3533742980673067,1.2756267601005944
19592,1x2_a,market_outcome_v2,challenger_20260307,0.35088913775914027,1.3533742980673067,1.2756267601005944
19592,dc_1x,market_outcome_v2,challenger_20260307,0.6491108622408601,1.3533742980673067,1.2756267601005944
19592,dc_x2,market_outcome_v2,challenger_20260307,0.6128665854144922,1.3533742980673067,1.2756267601005944
19592,dc_12,market_outcome_v2,challenger_20260307,0.7380225523446484,1.3533742980673067,1.2756267601005944
19592,o15,market_outcome_v2,challenger_20260307,0.738165674655725,1.3533742980673067,1.2756267601005944
19592,u35,market_outcome_v2,challenger_20260307,0.7296783499662426,1.3533742980673067,1.2756267601005944
19592,ah_h05,market_outcome_v2,challenger_20260307,0.3871334145855081,1.3533742980673067,1.2756267601005944
19592,ah_a05,market_outcome_v2,challenger_20260307,0.35088913775914027,1.3533742980673067,1.2756267601005944
19592,ah_h15,market_outcome_v2,challenger_20260307,0.17713707464834572,1.3533742980673067,1.2756267601005944
19592,ah_a15,market_outcome_v2,challenger_20260307,0.15295649552589521,1.3533742980673067,1.2756267601005944
19592,eh_h1,market_outcome_v2,challenger_20260307,0.17713707464834572,1.3533742980673067,1.2756267601005944
19592,eh_a1,market_outcome_v2,challenger_20260307,0.15295649552589521,1.3533742980673067,1.2756267601005944
19592,mg_0,market_outcome_v2,challenger_20260307,0.07215052328379916,1.3533742980673067,1.2756267601005944
19592,mg_1_2,market_outcome_v2,challenger_20260307,0.4390232602276265,1.3533742980673067,1.2756267601005944
19592,mg_1_3,market_outcome_v2,challenger_20260307,0.6575278266824434,1.3533742980673067,1.2756267601005944
19592,mg_1_4,market_outcome_v2,challenger_20260307,0.8011400107885014,1.3533742980673067,1.2756267601005944
19592,mg_1_5,market_outcome_v2,challenger_20260307,0.8766513275846273,1.3533742980673067,1.2756267601005944
19592,mg_1_6,market_outcome_v2,challenger_20260307,0.9097378828780717,1.3533742980673067,1.2756267601005944
19592,mg_2_3,market_outcome_v2,challenger_20260307,0.46784402462196756,1.3533742980673067,1.2756267601005944
19592,mg_2_4,market_outcome_v2,challenger_20260307,0.6114562087280256,1.3533742980673067,1.2756267601005944
19592,mg_2_5,market_outcome_v2,challenger_20260307,0.6869675255241515,1.3533742980673067,1.2756267601005944
19592,mg_2_6,market_outcome_v2,challenger_20260307,0.720054080817596,1.3533742980673067,1.2756267601005944
19592,mg_3_4,market_outcome_v2,challenger_20260307,0.36211675056087483,1.3533742980673067,1.2756267601005944
19592,mg_3_5,market_outcome_v2,challenger_20260307,0.43762806735700077,1.3533742980673067,1.2756267601005944
19592,mg_3_6,market_outcome_v2,challenger_20260307,0.4707146226504452,1.3533742980673067,1.2756267601005944
19592,mg_4_5,market_outcome_v2,challenger_20260307,0.21912350090218394,1.3533742980673067,1.2756267601005944
19592,mg_4_6,market_outcome_v2,challenger_20260307,0.25221005619562836,1.3533742980673067,1.2756267601005944
19592,mg_5_6,market_outcome_v2,challenger_20260307,0.10859787208957042,1.3533742980673067,1.2756267601005944
19592,mg_7p,market_outcome_v2,challenger_20260307,0.01811159383812918,1.3533742980673067,1.2756267601005944
19592,hmg_0,market_outcome_v2,challenger_20260307,0.25836703344192696,1.3533742980673067,1.2756267601005944
19592,hmg_1_2,market_outcome_v2,challenger_20260307,0.5862826725862962,1.3533742980673067,1.2756267601005944
19592,hmg_1_3,market_outcome_v2,challenger_20260307,0.6930257260410666,1.3533742980673067,1.2756267601005944
19592,hmg_2_3,market_outcome_v2,challenger_20260307,0.3433584235128662,1.3533742980673067,1.2756267601005944
19592,hmg_4p,market_outcome_v2,challenger_20260307,0.048607240517006614,1.3533742980673067,1.2756267601005944
19592,amg_0,market_outcome_v2,challenger_20260307,0.27925591869295663,1.3533742980673067,1.2756267601005944
19592,amg_1_2,market_outcome_v2,challenger_20260307,0.5834322378099401,1.3533742980673067,1.2756267601005944
19592,amg_1_3,market_outcome_v2,challenger_20260307,0.6800422195560321,1.3533742980673067,1.2756267601005944
19592,amg_2_3,market_outcome_v2,challenger_20260307,0.3238158967548208,1.3533742980673067,1.2756267601005944
19592,amg_4p,market_outcome_v2,challenger_20260307,0.04070186175101137,1.3533742980673067,1.2756267601005944
19592,ms_h_1_0_2_0_3_0,market_outcome_v2,challenger_20260307,0.19353153580345128,1.3533742980673067,1.2756267601005944
19592,ms_a_0_1_0_2_0_3,market_outcome_v2,challenger_20260307,0.17570049088195555,1.3533742980673067,1.2756267601005944
19592,ms_h_4_0_5_0_6_0,market_outcome_v2,challenger_20260307,0.013431229645144113,1.3533742980673067,1.2756267601005944
19592,ms_a_0_4_0_5_0_6,market_outcome_v2,challenger_20260307,0.01042278632671633,1.3533742980673067,1.2756267601005944
19592,ms_h_2_1_3_1_4_1,market_outcome_v2,challenger_20260307,0.13517871659459577,1.3533742980673067,1.2756267601005944
19592,ms_h_1_2_1_3_1_4,market_outcome_v2,challenger_20260307,0.12400093019384047,1.3533742980673067,1.2756267601005944
19592,ms_h_3_2_4_2_5_1,market_outcome_v2,challenger_20260307,0.03594072498276301,1.3533742980673067,1.2756267601005944
19592,ms_a_2_3_2_4_1_5,market_outcome_v2,challenger_20260307,0.03289791496119961,1.3533742980673067,1.2756267601005944
19592,ms_draw,market_outcome_v2,challenger_20260307,0.26197744765535197,1.3533742980673067,1.2756267601005944
19592,ms_other_homewin,market_outcome_v2,challenger_20260307,0.009051207559553732,1.3533742980673067,1.2756267601005944
19592,ms_other_awaywin,market_outcome_v2,challenger_20260307,0.007867015395428193,1.3533742980673067,1.2756267601005944
19593,1x2_h,market_outcome_v2,challenger_20260307,0.40216787443173174,1.2976582444970033,1.1366433945601613
19593,1x2_d,market_outcome_v2,challenger_20260307,0.2732084424596383,1.2976582444970033,1.1366433945601613
19593,1x2_a,market_outcome_v2,challenger_20260307,0.3246236831086296,1.2976582444970033,1.1366433945601613
19593,dc_1x,market_outcome_v2,challenger_20260307,0.67537631689137,1.2976582444970033,1.1366433945601613
19593,dc_x2,market_outcome_v2,challenger_20260307,0.5978321255682679,1.2976582444970033,1.1366433945601613
19593,dc_12,market_outcome_v2,challenger_20260307,0.7267915575403614,1.2976582444970033,1.1366433945601613
19593,o15,market_outcome_v2,challenger_20260307,0.6989526960157649,1.2976582444970033,1.1366433945601613
19593,u35,market_outcome_v2,challenger_20260307,0.7715234173378906,1.2976582444970033,1.1366433945601613
19593,ah_h05,market_outcome_v2,challenger_20260307,0.40216787443173174,1.2976582444970033,1.1366433945601613
19593,ah_a05,market_outcome_v2,challenger_20260307,0.3246236831086296,1.2976582444970033,1.1366433945601613
19593,ah_h15,market_outcome_v2,challenger_20260307,0.18117237103884545,1.2976582444970033,1.1366433945601613
19593,ah_a15,market_outcome_v2,challenger_20260307,0.13104954274905523,1.2976582444970033,1.1366433945601613
19593,eh_h1,market_outcome_v2,challenger_20260307,0.18117237103884545,1.2976582444970033,1.1366433945601613
19593,eh_a1,market_outcome_v2,challenger_20260307,0.13104954274905523,1.2976582444970033,1.1366433945601613
19593,mg_0,market_outcome_v2,challenger_20260307,0.08765895824656884,1.2976582444970033,1.1366433945601613
19593,mg_1_2,market_outcome_v2,challenger_20260307,0.47311414563011484,1.2976582444970033,1.1366433945601613
19593,mg_1_3,market_outcome_v2,challenger_20260307,0.6838644590913219,1.2976582444970033,1.1366433945601613
19593,mg_1_4,market_outcome_v2,challenger_20260307,0.8121219174639287,1.2976582444970033,1.1366433945601613
19593,mg_1_5,market_outcome_v2,challenger_20260307,0.8745653856914772,1.2976582444970033,1.1366433945601613
19593,mg_1_6,market_outcome_v2,challenger_20260307,0.8998997585339334,1.2976582444970033,1.1366433945601613
19593,mg_2_3,market_outcome_v2,challenger_20260307,0.47047611335365586,1.2976582444970033,1.1366433945601613
19593,mg_2_4,market_outcome_v2,challenger_20260307,0.5987335717262626,1.2976582444970033,1.1366433945601613
19593,mg_2_5,market_outcome_v2,challenger_20260307,0.6611770399538113,1.2976582444970033,1.1366433945601613
19593,mg_2_6,market_outcome_v2,challenger_20260307,0.6865114127962672,1.2976582444970033,1.1366433945601613
19593,mg_3_4,market_outcome_v2,challenger_20260307,0.339007771833814,1.2976582444970033,1.1366433945601613
19593,mg_3_5,market_outcome_v2,challenger_20260307,0.4014512400613626,1.2976582444970033,1.1366433945601613
19593,mg_3_6,market_outcome_v2,challenger_20260307,0.42678561290381845,1.2976582444970033,1.1366433945601613
19593,mg_4_5,market_outcome_v2,challenger_20260307,0.19070092660015545,1.2976582444970033,1.1366433945601613
19593,mg_4_6,market_outcome_v2,challenger_20260307,0.2160352994426114,1.2976582444970033,1.1366433945601613
19593,mg_5_6,market_outcome_v2,challenger_20260307,0.08777784107000453,1.2976582444970033,1.1366433945601613
19593,mg_7p,market_outcome_v2,challenger_20260307,0.012441283219497602,1.2976582444970033,1.1366433945601613
19593,hmg_0,market_outcome_v2,challenger_20260307,0.2731707804891143,1.2976582444970033,1.1366433945601613
19593,hmg_1_2,market_outcome_v2,challenger_20260307,0.5844807650482088,1.2976582444970033,1.1366433945601613
19593,hmg_1_3,market_outcome_v2,challenger_20260307,0.6839672264925647,1.2976582444970033,1.1366433945601613
19593,hmg_2_3,market_outcome_v2,challenger_20260307,0.32948491103518435,1.2976582444970033,1.1366433945601613
19593,hmg_4p,market_outcome_v2,challenger_20260307,0.042861993018320756,1.2976582444970033,1.1366433945601613
19593,amg_0,market_outcome_v2,challenger_20260307,0.320894343419947,1.2976582444970033,1.1366433945601613
19593,amg_1_2,market_outcome_v2,challenger_20260307,0.5720334759839312,1.2976582444970033,1.1366433945601613
19593,amg_1_3,market_outcome_v2,challenger_20260307,0.6505721398427868,1.2976582444970033,1.1366433945601613
19593,amg_2_3,market_outcome_v2,challenger_20260307,0.2858297040427841,1.2976582444970033,1.1366433945601613
19593,amg_4p,market_outcome_v2,challenger_20260307,0.02853351673726583,1.2976582444970033,1.1366433945601613
19593,ms_h_1_0_2_0_3_0,market_outcome_v2,challenger_20260307,0.21948121406609378,1.2976582444970033,1.1366433945601613
19593,ms_a_0_1_0_2_0_3,market_outcome_v2,challenger_20260307,0.17771729920532736,1.2976582444970033,1.1366433945601613
19593,ms_h_4_0_5_0_6_0,market_outcome_v2,challenger_20260307,0.013626075349332788,1.2976582444970033,1.1366433945601613
19593,ms_a_0_4_0_5_0_6,market_outcome_v2,challenger_20260307,0.007744981966025294,1.2976582444970033,1.1366433945601613
19593,ms_h_2_1_3_1_4_1,market_outcome_v2,challenger_20260307,0.13194913886812287,1.2976582444970033,1.1366433945601613
19593,ms_h_1_2_1_3_1_4,market_outcome_v2,challenger_20260307,0.10923277457959395,1.2976582444970033,1.1366433945601613
19593,ms_h_3_2_4_2_5_1,market_outcome_v2,challenger_20260307,0.030368149829058437,1.2976582444970033,1.1366433945601613
19593,ms_a_2_3_2_4_1_5,market_outcome_v2,challenger_20260307,0.02499522987216993,1.2976582444970033,1.1366433945601613
19593,ms_draw,market_outcome_v2,challenger_20260307,0.2732084424596383,1.2976582444970033,1.1366433945601613
19593,ms_other_homewin,market_outcome_v2,challenger_20260307,0.006743296319123831,1.2976582444970033,1.1366433945601613
19593,ms_other_awaywin,market_outcome_v2,challenger_20260307,0.004933397485513126,1.2976582444970033,1.1366433945601613
19594,1x2_h,market_outcome_v2,challenger_20260307,0.4499939547804499,1.4922809621825615,1.1533643526556334
19594,1x2_d,market_outcome_v2,challenger_20260307,0.2568518114124438,1.4922809621825615,1.1533643526556334
19594,1x2_a,market_outcome_v2,challenger_20260307,0.29315423380710626,1.4922809621825615,1.1533643526556334
19594,dc_1x,market_outcome_v2,challenger_20260307,0.7068457661928937,1.4922809621825615,1.1533643526556334
19594,dc_x2,market_outcome_v2,challenger_20260307,0.5500060452195501,1.4922809621825615,1.1533643526556334
19594,dc_12,market_outcome_v2,challenger_20260307,0.7431481885875562,1.4922809621825615,1.1533643526556334
19594,o15,market_outcome_v2,challenger_20260307,0.7413065106699995,1.4922809621825615,1.1533643526556334
19594,u35,market_outcome_v2,challenger_20260307,0.7260374836080563,1.4922809621825615,1.1533643526556334
19594,ah_h05,market_outcome_v2,challenger_20260307,0.4499939547804499,1.4922809621825615,1.1533643526556334
19594,ah_a05,market_outcome_v2,challenger_20260307,0.29315423380710626,1.4922809621825615,1.1533643526556334
19594,ah_h15,market_outcome_v2,challenger_20260307,0.2227431490091602,1.4922809621825615,1.1533643526556334
19594,ah_a15,market_outcome_v2,challenger_20260307,0.11751507125588583,1.4922809621825615,1.1533643526556334
19594,eh_h1,market_outcome_v2,challenger_20260307,0.2227431490091602,1.4922809621825615,1.1533643526556334
19594,eh_a1,market_outcome_v2,challenger_20260307,0.11751507125588583,1.4922809621825615,1.1533643526556334
19594,mg_0,market_outcome_v2,challenger_20260307,0.07095958794375536,1.4922809621825615,1.1533643526556334
19594,mg_1_2,market_outcome_v2,challenger_20260307,0.43607255970565284,1.4922809621825615,1.1533643526556334
19594,mg_1_3,market_outcome_v2,challenger_20260307,0.6550778956643009,1.4922809621825615,1.1533643526556334
19594,mg_1_4,market_outcome_v2,challenger_20260307,0.7999305059151915,1.4922809621825615,1.1533643526556334
19594,mg_1_5,market_outcome_v2,challenger_20260307,0.8765762318456617,1.4922809621825615,1.1533643526556334
19594,mg_1_6,market_outcome_v2,challenger_20260307,0.9103724661307153,1.4922809621825615,1.1533643526556334
19594,mg_2_3,market_outcome_v2,challenger_20260307,0.46734399427805573,1.4922809621825615,1.1533643526556334
19594,mg_2_4,market_outcome_v2,challenger_20260307,0.6121966045289463,1.4922809621825615,1.1533643526556334
19594,mg_2_5,market_outcome_v2,challenger_20260307,0.6888423304594165,1.4922809621825615,1.1533643526556334
19594,mg_2_6,market_outcome_v2,challenger_20260307,0.7226385647444701,1.4922809621825615,1.1533643526556334
19594,mg_3_4,market_outcome_v2,challenger_20260307,0.36385794620953854,1.4922809621825615,1.1533643526556334
19594,mg_3_5,market_outcome_v2,challenger_20260307,0.4405036721400088,1.4922809621825615,1.1533643526556334
19594,mg_3_6,market_outcome_v2,challenger_20260307,0.47429990642506237,1.4922809621825615,1.1533643526556334
19594,mg_4_5,market_outcome_v2,challenger_20260307,0.22149833618136083,1.4922809621825615,1.1533643526556334
19594,mg_4_6,market_outcome_v2,challenger_20260307,0.25529457046641435,1.4922809621825615,1.1533643526556334
19594,mg_5_6,market_outcome_v2,challenger_20260307,0.11044196021552384,1.4922809621825615,1.1533643526556334
19594,mg_7p,market_outcome_v2,challenger_20260307,0.018667945925529356,1.4922809621825615,1.1533643526556334
19594,hmg_0,market_outcome_v2,challenger_20260307,0.22485929291820742,1.4922809621825615,1.1533643526556334
19594,hmg_1_2,market_outcome_v2,challenger_20260307,0.5859230994030789,1.4922809621825615,1.1533643526556334
19594,hmg_1_3,market_outcome_v2,challenger_20260307,0.7104638233095466,1.4922809621825615,1.1533643526556334
19594,hmg_2_3,market_outcome_v2,challenger_20260307,0.3749105813178737,1.4922809621825615,1.1533643526556334
19594,hmg_4p,market_outcome_v2,challenger_20260307,0.064676883772246,1.4922809621825615,1.1533643526556334
19594,amg_0,market_outcome_v2,challenger_20260307,0.31557329484962365,1.4922809621825615,1.1533643526556334
19594,amg_1_2,market_outcome_v2,challenger_20260307,0.5738665709457749,1.4922809621825615,1.1533643526556334
19594,amg_1_3,market_outcome_v2,challenger_20260307,0.6545619316382132,1.4922809621825615,1.1533643526556334
19594,amg_2_3,market_outcome_v2,challenger_20260307,0.2905909427085717,1.4922809621825615,1.1533643526556334
19594,amg_4p,market_outcome_v2,challenger_20260307,0.029864773512163215,1.4922809621825615,1.1533643526556334
19594,ms_h_1_0_2_0_3_0,market_outcome_v2,challenger_20260307,0.22420340959325444,1.4922809621825615,1.1533643526556334
19594,ms_a_0_1_0_2_0_3,market_outcome_v2,challenger_20260307,0.14718433311934462,1.4922809621825615,1.1533643526556334
19594,ms_h_4_0_5_0_6_0,market_outcome_v2,challenger_20260307,0.020126744269077016,1.4922809621825615,1.1533643526556334
19594,ms_a_0_4_0_5_0_6,market_outcome_v2,challenger_20260307,0.006670848379265837,1.4922809621825615,1.1533643526556334
19594,ms_h_2_1_3_1_4_1,market_outcome_v2,challenger_20260307,0.1533675544858876,1.4922809621825615,1.1533643526556334
19594,ms_h_1_2_1_3_1_4,market_outcome_v2,challenger_20260307,0.10531631465417986,1.4922809621825615,1.1533643526556334
19594,ms_h_3_2_4_2_5_1,market_outcome_v2,challenger_20260307,0.04093999469339287,1.4922809621825615,1.1533643526556334
19594,ms_a_2_3_2_4_1_5,market_outcome_v2,challenger_20260307,0.027830236032863387,1.4922809621825615,1.1533643526556334
19594,ms_draw,market_outcome_v2,challenger_20260307,0.2568518114124438,1.4922809621825615,1.1533643526556334
19594,ms_other_homewin,market_outcome_v2,challenger_20260307,0.011356251738837973,1.4922809621825615,1.1533643526556334
19594,ms_other_awaywin,market_outcome_v2,challenger_20260307,0.0061525016214525755,1.4922809621825615,1.1533643526556334
19595,1x2_h,market_outcome_v2,challenger_20260307,0.3957285026161095,1.343171544234362,1.2224739522143167
19595,1x2_d,market_outcome_v2,challenger_20260307,0.2653912715299483,1.343171544234362,1.2224739522143167
19595,1x2_a,market_outcome_v2,challenger_20260307,0.33888022585394206,1.343171544234362,1.2224739522143167
19595,dc_1x,market_outcome_v2,challenger_20260307,0.6611197741460577,1.343171544234362,1.2224739522143167
19595,dc_x2,market_outcome_v2,challenger_20260307,0.6042714973838903,1.343171544234362,1.2224739522143167
19595,dc_12,market_outcome_v2,challenger_20260307,0.7346087284700515,1.343171544234362,1.2224739522143167
19595,o15,market_outcome_v2,challenger_20260307,0.7259103758022859,1.343171544234362,1.2224739522143167
19595,u35,market_outcome_v2,challenger_20260307,0.743456048580209,1.343171544234362,1.2224739522143167
19595,ah_h05,market_outcome_v2,challenger_20260307,0.3957285026161095,1.343171544234362,1.2224739522143167
19595,ah_a05,market_outcome_v2,challenger_20260307,0.33888022585394206,1.343171544234362,1.2224739522143167
19595,ah_h15,market_outcome_v2,challenger_20260307,0.1810649873731585,1.343171544234362,1.2224739522143167
19595,ah_a15,market_outcome_v2,challenger_20260307,0.1435064055837591,1.343171544234362,1.2224739522143167
19595,eh_h1,market_outcome_v2,challenger_20260307,0.1810649873731585,1.343171544234362,1.2224739522143167
19595,eh_a1,market_outcome_v2,challenger_20260307,0.1435064055837591,1.343171544234362,1.2224739522143167
19595,mg_0,market_outcome_v2,challenger_20260307,0.07686956666631682,1.343171544234362,1.2224739522143167
19595,mg_1_2,market_outcome_v2,challenger_20260307,0.45021843373878656,1.343171544234362,1.2224739522143167
19595,mg_1_3,market_outcome_v2,challenger_20260307,0.6665864819138921,1.343171544234362,1.2224739522143167
19595,mg_1_4,market_outcome_v2,challenger_20260307,0.8053674090078546,1.343171544234362,1.2224739522143167
19595,mg_1_5,market_outcome_v2,challenger_20260307,0.8765799411261743,1.343171544234362,1.2224739522143167
19595,mg_1_6,market_outcome_v2,challenger_20260307,0.9070309598461864,1.343171544234362,1.2224739522143167
19595,mg_2_3,market_outcome_v2,challenger_20260307,0.46936642438249493,1.343171544234362,1.2224739522143167
19595,mg_2_4,market_outcome_v2,challenger_20260307,0.6081473514764575,1.343171544234362,1.2224739522143167
19595,mg_2_5,market_outcome_v2,challenger_20260307,0.6793598835947771,1.343171544234362,1.2224739522143167
19595,mg_2_6,market_outcome_v2,challenger_20260307,0.7098109023147893,1.343171544234362,1.2224739522143167
19595,mg_3_4,market_outcome_v2,challenger_20260307,0.3551489752690682,1.343171544234362,1.2224739522143167
19595,mg_3_5,market_outcome_v2,challenger_20260307,0.42636150738738776,1.343171544234362,1.2224739522143167
19595,mg_3_6,market_outcome_v2,challenger_20260307,0.4568125261073999,1.343171544234362,1.2224739522143167
19595,mg_4_5,market_outcome_v2,challenger_20260307,0.20999345921228216,1.343171544234362,1.2224739522143167
19595,mg_4_6,market_outcome_v2,challenger_20260307,0.24044447793229437,1.343171544234362,1.2224739522143167
19595,mg_5_6,market_outcome_v2,challenger_20260307,0.10166355083833174,1.343171544234362,1.2224739522143167
19595,mg_7p,market_outcome_v2,challenger_20260307,0.016099473487496692,1.343171544234362,1.2224739522143167
19595,hmg_0,market_outcome_v2,challenger_20260307,0.2610165782610807,1.343171544234362,1.2224739522143167
19595,hmg_1_2,market_outcome_v2,challenger_20260307,0.5860413235352635,1.343171544234362,1.2224739522143167
19595,hmg_1_3,market_outcome_v2,challenger_20260307,0.691458478013561,1.343171544234362,1.2224739522143167
19595,hmg_2_3,market_outcome_v2,challenger_20260307,0.3408684375198559,1.343171544234362,1.2224739522143167
19595,hmg_4p,market_outcome_v2,challenger_20260307,0.04752494372535838,1.343171544234362,1.2224739522143167
19595,amg_0,market_outcome_v2,challenger_20260307,0.29450070634758063,1.343171544234362,1.2224739522143167
19595,amg_1_2,market_outcome_v2,challenger_20260307,0.5800766377423863,1.343171544234362,1.2224739522143167
19595,amg_1_3,market_outcome_v2,challenger_20260307,0.6697480341692611,1.343171544234362,1.2224739522143167
19595,amg_2_3,market_outcome_v2,challenger_20260307,0.3097285917506264,1.343171544234362,1.2224739522143167
19595,amg_4p,market_outcome_v2,challenger_20260307,0.035751259483158306,1.343171544234362,1.2224739522143167
19595,ms_h_1_0_2_0_3_0,market_outcome_v2,challenger_20260307,0.20363501018501673,1.343171544234362,1.2224739522143167
19595,ms_a_0_1_0_2_0_3,market_outcome_v2,challenger_20260307,0.17481534017594585,1.343171544234362,1.2224739522143167
19595,ms_h_4_0_5_0_6_0,market_outcome_v2,challenger_20260307,0.013852219382203995,1.343171544234362,1.2224739522143167
19595,ms_a_0_4_0_5_0_6,market_outcome_v2,challenger_20260307,0.009258482308040624,1.343171544234362,1.2224739522143167
19595,ms_h_2_1_3_1_4_1,market_outcome_v2,challenger_20260307,0.13546335203841778,1.343171544234362,1.2224739522143167
19595,ms_h_1_2_1_3_1_4,market_outcome_v2,challenger_20260307,0.11819576253241455,1.343171544234362,1.2224739522143167
19595,ms_h_3_2_4_2_5_1,market_outcome_v2,challenger_20260307,0.034410959755210885,1.343171544234362,1.2224739522143167
19595,ms_a_2_3_2_4_1_5,market_outcome_v2,challenger_20260307,0.029914950141945094,1.343171544234362,1.2224739522143167
19595,ms_draw,market_outcome_v2,challenger_20260307,0.2653912715299483,1.343171544234362,1.2224739522143167
19595,ms_other_homewin,market_outcome_v2,challenger_20260307,0.008366961255260074,1.343171544234362,1.2224739522143167
19595,ms_other_awaywin,market_outcome_v2,challenger_20260307,0.006695690695596026,1.343171544234362,1.2224739522143167
19596,1x2_h,market_outcome_v2,challenger_20260307,0.5155951497196787,1.7228476397336474,1.1165803680464845
19596,1x2_d,market_outcome_v2,challenger_20260307,0.23806369207239692,1.7228476397336474,1.1165803680464845
19596,1x2_a,market_outcome_v2,challenger_20260307,0.24634115820792432,1.7228476397336474,1.1165803680464845
19596,dc_1x,market_outcome_v2,challenger_20260307,0.7536588417920755,1.7228476397336474,1.1165803680464845
19596,dc_x2,market_outcome_v2,challenger_20260307,0.4844048502803212,1.7228476397336474,1.1165803680464845
19596,dc_12,market_outcome_v2,challenger_20260307,0.761936307927603,1.7228476397336474,1.1165803680464845
19596,o15,market_outcome_v2,challenger_20260307,0.7755500438738446,1.7228476397336474,1.1165803680464845
19596,u35,market_outcome_v2,challenger_20260307,0.6831552771921071,1.7228476397336474,1.1165803680464845
19596,ah_h05,market_outcome_v2,challenger_20260307,0.5155951497196787,1.7228476397336474,1.1165803680464845
19596,ah_a05,market_outcome_v2,challenger_20260307,0.24634115820792432,1.7228476397336474,1.1165803680464845
19596,ah_h15,market_outcome_v2,challenger_20260307,0.2814554447492826,1.7228476397336474,1.1165803680464845
19596,ah_a15,market_outcome_v2,challenger_20260307,0.09459483315821869,1.7228476397336474,1.1165803680464845
19596,eh_h1,market_outcome_v2,challenger_20260307,0.2814554447492826,1.7228476397336474,1.1165803680464845
19596,eh_a1,market_outcome_v2,challenger_20260307,0.09459483315821869,1.7228476397336474,1.1165803680464845
19596,mg_0,market_outcome_v2,challenger_20260307,0.05845921727698366,1.7228476397336474,1.1165803680464845
19596,mg_1_2,market_outcome_v2,challenger_20260307,0.4016501153093993,1.7228476397336474,1.1165803680464845
19596,mg_1_3,market_outcome_v2,challenger_20260307,0.6246960599151234,1.7228476397336474,1.1165803680464845
19596,mg_1_4,market_outcome_v2,challenger_20260307,0.7830267854489408,1.7228476397336474,1.1165803680464845
19596,mg_1_5,market_outcome_v2,challenger_20260307,0.8729405247635146,1.7228476397336474,1.1165803680464845
19596,mg_1_6,market_outcome_v2,challenger_20260307,0.915491123045855,1.7228476397336474,1.1165803680464845
19596,mg_2_3,market_outcome_v2,challenger_20260307,0.4587053210659519,1.7228476397336474,1.1165803680464845
19596,mg_2_4,market_outcome_v2,challenger_20260307,0.6170360465997691,1.7228476397336474,1.1165803680464845
19596,mg_2_5,market_outcome_v2,challenger_20260307,0.706949785914343,1.7228476397336474,1.1165803680464845
19596,mg_2_6,market_outcome_v2,challenger_20260307,0.7495003841966835,1.7228476397336474,1.1165803680464845
19596,mg_3_4,market_outcome_v2,challenger_20260307,0.38137667013954146,1.7228476397336474,1.1165803680464845
19596,mg_3_5,market_outcome_v2,challenger_20260307,0.4712904094541153,1.7228476397336474,1.1165803680464845
19596,mg_3_6,market_outcome_v2,challenger_20260307,0.5138410077364558,1.7228476397336474,1.1165803680464845
19596,mg_4_5,market_outcome_v2,challenger_20260307,0.2482444648483912,1.7228476397336474,1.1165803680464845
19596,mg_4_6,market_outcome_v2,challenger_20260307,0.2907950631307316,1.7228476397336474,1.1165803680464845
19596,mg_5_6,market_outcome_v2,challenger_20260307,0.1324643375969144,1.7228476397336474,1.1165803680464845
19596,mg_7p,market_outcome_v2,challenger_20260307,0.02604965967716101,1.7228476397336474,1.1165803680464845
19596,hmg_0,market_outcome_v2,challenger_20260307,0.17855732680141914,1.7228476397336474,1.1165803680464845
19596,hmg_1_2,market_outcome_v2,challenger_20260307,0.5726243539412401,1.7228476397336474,1.1165803680464845
19596,hmg_1_3,market_outcome_v2,challenger_20260307,0.7248076695522865,1.7228476397336474,1.1165803680464845
19596,hmg_2_3,market_outcome_v2,challenger_20260307,0.417180600515312,1.7228476397336474,1.1165803680464845
19596,hmg_4p,market_outcome_v2,challenger_20260307,0.0966350036462942,1.7228476397336474,1.1165803680464845
19596,amg_0,market_outcome_v2,challenger_20260307,0.3273974713006233,1.7228476397336474,1.1165803680464845
19596,amg_1_2,market_outcome_v2,challenger_20260307,0.569657268959019,1.7228476397336474,1.1165803680464845
19596,amg_1_3,market_outcome_v2,challenger_20260307,0.6456188566661041,1.7228476397336474,1.1165803680464845
19596,amg_2_3,market_outcome_v2,challenger_20260307,0.28005326766376565,1.7228476397336474,1.1165803680464845
19596,amg_4p,market_outcome_v2,challenger_20260307,0.026983672033272336,1.7228476397336474,1.1165803680464845
19596,ms_h_1_0_2_0_3_0,market_outcome_v2,challenger_20260307,0.23730019819071652,1.7228476397336474,1.1165803680464845
19596,ms_a_0_1_0_2_0_3,market_outcome_v2,challenger_20260307,0.11527997717888815,1.7228476397336474,1.1165803680464845
19596,ms_h_4_0_5_0_6_0,market_outcome_v2,challenger_20260307,0.03097768350490343,1.7228476397336474,1.1165803680464845
19596,ms_a_0_4_0_5_0_6,market_outcome_v2,challenger_20260307,0.00478904734274351,1.7228476397336474,1.1165803680464845
19596,ms_h_2_1_3_1_4_1,market_outcome_v2,challenger_20260307,0.17646866048654536,1.7228476397336474,1.1165803680464845
19596,ms_h_1_2_1_3_1_4,market_outcome_v2,challenger_20260307,0.09267498391604687,1.7228476397336474,1.1165803680464845
19596,ms_h_3_2_4_2_5_1,market_outcome_v2,challenger_20260307,0.052693482042877,1.7228476397336474,1.1165803680464845
19596,ms_a_2_3_2_4_1_5,market_outcome_v2,challenger_20260307,0.027205392361155534,1.7228476397336474,1.1165803680464845
19596,ms_draw,market_outcome_v2,challenger_20260307,0.23806369207239692,1.7228476397336474,1.1165803680464845
19596,ms_other_homewin,market_outcome_v2,challenger_20260307,0.01815512549463635,1.7228476397336474,1.1165803680464845
19596,ms_other_awaywin,market_outcome_v2,challenger_20260307,0.006391757409090248,1.7228476397336474,1.1165803680464845
19597,1x2_h,market_outcome_v2,challenger_20260307,0.42771494437105334,1.556803038808087,1.3281426260701827
19597,1x2_d,market_outcome_v2,challenger_20260307,0.24669723529559082,1.556803038808087,1.3281426260701827
19597,1x2_a,market_outcome_v2,challenger_20260307,0.32558782033335587,1.556803038808087,1.3281426260701827
19597,dc_1x,market_outcome_v2,challenger_20260307,0.6744121796666441,1.556803038808087,1.3281426260701827
19597,dc_x2,market_outcome_v2,challenger_20260307,0.5722850556289467,1.556803038808087,1.3281426260701827
19597,dc_12,market_outcome_v2,challenger_20260307,0.7533027647044093,1.556803038808087,1.3281426260701827
19597,o15,market_outcome_v2,challenger_20260307,0.7829951790144856,1.556803038808087,1.3281426260701827
19597,u35,market_outcome_v2,challenger_20260307,0.6729901988126025,1.556803038808087,1.3281426260701827
19597,ah_h05,market_outcome_v2,challenger_20260307,0.42771494437105334,1.556803038808087,1.3281426260701827
19597,ah_a05,market_outcome_v2,challenger_20260307,0.32558782033335587,1.556803038808087,1.3281426260701827
19597,ah_h15,market_outcome_v2,challenger_20260307,0.2139429477837049,1.556803038808087,1.3281426260701827
19597,ah_a15,market_outcome_v2,challenger_20260307,0.14321426770645415,1.556803038808087,1.3281426260701827
19597,eh_h1,market_outcome_v2,challenger_20260307,0.2139429477837049,1.556803038808087,1.3281426260701827
19597,eh_a1,market_outcome_v2,challenger_20260307,0.14321426770645415,1.556803038808087,1.3281426260701827
19597,mg_0,market_outcome_v2,challenger_20260307,0.05585787800002961,1.556803038808087,1.3281426260701827
19597,mg_1_2,market_outcome_v2,challenger_20260307,0.39359703027266457,1.556803038808087,1.3281426260701827
19597,mg_1_3,market_outcome_v2,challenger_20260307,0.6171323208125729,1.556803038808087,1.3281426260701827
19597,mg_1_4,market_outcome_v2,challenger_20260307,0.7783541126601761,1.556803038808087,1.3281426260701827
19597,mg_1_5,market_outcome_v2,challenger_20260307,0.8713773345551061,1.556803038808087,1.3281426260701827
19597,mg_1_6,market_outcome_v2,challenger_20260307,0.9161051580115707,1.556803038808087,1.3281426260701827
19597,mg_2_3,market_outcome_v2,challenger_20260307,0.45598537782708815,1.556803038808087,1.3281426260701827
19597,mg_2_4,market_outcome_v2,challenger_20260307,0.6172071696746914,1.556803038808087,1.3281426260701827
19597,mg_2_5,market_outcome_v2,challenger_20260307,0.7102303915696213,1.556803038808087,1.3281426260701827
19597,mg_2_6,market_outcome_v2,challenger_20260307,0.754958215026086,1.556803038808087,1.3281426260701827
19597,mg_3_4,market_outcome_v2,challenger_20260307,0.3847570823875116,1.556803038808087,1.3281426260701827
19597,mg_3_5,market_outcome_v2,challenger_20260307,0.4777803042824415,1.556803038808087,1.3281426260701827
19597,mg_3_6,market_outcome_v2,challenger_20260307,0.5225081277389061,1.556803038808087,1.3281426260701827
19597,mg_4_5,market_outcome_v2,challenger_20260307,0.25424501374253317,1.556803038808087,1.3281426260701827
19597,mg_4_6,market_outcome_v2,challenger_20260307,0.29897283719899775,1.556803038808087,1.3281426260701827
19597,mg_5_6,market_outcome_v2,challenger_20260307,0.13775104535139454,1.556803038808087,1.3281426260701827
19597,mg_7p,market_outcome_v2,challenger_20260307,0.028036963988399725,1.556803038808087,1.3281426260701827
19597,hmg_0,market_outcome_v2,challenger_20260307,0.21080910934134336,1.556803038808087,1.3281426260701827
19597,hmg_1_2,market_outcome_v2,challenger_20260307,0.5836505038465555,1.556803038808087,1.3281426260701827
19597,hmg_1_3,market_outcome_v2,challenger_20260307,0.716218635299601,1.556803038808087,1.3281426260701827
19597,hmg_2_3,market_outcome_v2,challenger_20260307,0.38803037326857137,1.556803038808087,1.3281426260701827
19597,hmg_4p,market_outcome_v2,challenger_20260307,0.07297225535905577,1.556803038808087,1.3281426260701827
19597,amg_0,market_outcome_v2,challenger_20260307,0.2649689957637657,1.556803038808087,1.3281426260701827
19597,amg_1_2,market_outcome_v2,challenger_20260307,0.5856143483626011,1.556803038808087,1.3281426260701827
19597,amg_1_3,market_outcome_v2,challenger_20260307,0.6890756541943396,1.556803038808087,1.3281426260701827
19597,amg_2_3,market_outcome_v2,challenger_20260307,0.3371590363334727,1.556803038808087,1.3281426260701827
19597,amg_4p,market_outcome_v2,challenger_20260307,0.04595535004189476,1.556803038808087,1.3281426260701827
19597,ms_h_1_0_2_0_3_0,market_outcome_v2,challenger_20260307,0.18977573254262997,1.556803038808087,1.3281426260701827
19597,ms_a_0_1_0_2_0_3,market_outcome_v2,challenger_20260307,0.14526342492951222,1.556803038808087,1.3281426260701827
19597,ms_h_4_0_5_0_6_0,market_outcome_v2,challenger_20260307,0.019032394308822788,1.556803038808087,1.3281426260701827
19597,ms_a_0_4_0_5_0_6,market_outcome_v2,challenger_20260307,0.009591359572656397,1.556803038808087,1.3281426260701827
19597,ms_h_2_1_3_1_4_1,market_outcome_v2,challenger_20260307,0.15471169178578908,1.556803038808087,1.3281426260701827
19597,ms_h_1_2_1_3_1_4,market_outcome_v2,challenger_20260307,0.12192583787302907,1.556803038808087,1.3281426260701827
19597,ms_h_3_2_4_2_5_1,market_outcome_v2,challenger_20260307,0.04869213531463364,1.556803038808087,1.3281426260701827
19597,ms_a_2_3_2_4_1_5,market_outcome_v2,challenger_20260307,0.03820106035592235,1.556803038808087,1.3281426260701827
19597,ms_draw,market_outcome_v2,challenger_20260307,0.24669723529559082,1.556803038808087,1.3281426260701827
19597,ms_other_homewin,market_outcome_v2,challenger_20260307,0.015502990419177872,1.556803038808087,1.3281426260701827
19597,ms_other_awaywin,market_outcome_v2,challenger_20260307,0.01060613760223579,1.556803038808087,1.3281426260701827
20151,1x2_h,market_outcome_v2,challenger_20260307,0.5705134448541125,1.8177017370034754,0.9795686861871337
20151,1x2_d,market_outcome_v2,challenger_20260307,0.2285844533346009,1.8177017370034754,0.9795686861871337
20151,1x2_a,market_outcome_v2,challenger_20260307,0.20090210181128657,1.8177017370034754,0.9795686861871337
20151,dc_1x,market_outcome_v2,challenger_20260307,0.7990978981887134,1.8177017370034754,0.9795686861871337
20151,dc_x2,market_outcome_v2,challenger_20260307,0.42948655514588746,1.8177017370034754,0.9795686861871337
20151,dc_12,market_outcome_v2,challenger_20260307,0.771415546665399,1.8177017370034754,0.9795686861871337
20151,o15,market_outcome_v2,challenger_20260307,0.7684557993955967,1.8177017370034754,0.9795686861871337
20151,u35,market_outcome_v2,challenger_20260307,0.6925470363415163,1.8177017370034754,0.9795686861871337
20151,ah_h05,market_outcome_v2,challenger_20260307,0.5705134448541125,1.8177017370034754,0.9795686861871337
20151,ah_a05,market_outcome_v2,challenger_20260307,0.20090210181128657,1.8177017370034754,0.9795686861871337
20151,ah_h15,market_outcome_v2,challenger_20260307,0.3269610923762522,1.8177017370034754,0.9795686861871337
20151,ah_a15,market_outcome_v2,challenger_20260307,0.06965050366525527,1.8177017370034754,0.9795686861871337
20151,eh_h1,market_outcome_v2,challenger_20260307,0.3269610923762522,1.8177017370034754,0.9795686861871337
20151,eh_a1,market_outcome_v2,challenger_20260307,0.06965050366525527,1.8177017370034754,0.9795686861871337
20151,mg_0,market_outcome_v2,challenger_20260307,0.06097648436896184,1.8177017370034754,0.9795686861871337
20151,mg_1_2,market_outcome_v2,challenger_20260307,0.4091297301237259,1.8177017370034754,0.9795686861871337
20151,mg_1_3,market_outcome_v2,challenger_20260307,0.6315705519725544,1.8177017370034754,0.9795686861871337
20151,mg_1_4,market_outcome_v2,challenger_20260307,0.7871273349395393,1.8177017370034754,0.9795686861871337
20151,mg_1_5,market_outcome_v2,challenger_20260307,0.8741542125635847,1.8177017370034754,0.9795686861871337
20151,mg_1_6,market_outcome_v2,challenger_20260307,0.9147271643636465,1.8177017370034754,0.9795686861871337
20151,mg_2_3,market_outcome_v2,challenger_20260307,0.4610028357371129,1.8177017370034754,0.9795686861871337
20151,mg_2_4,market_outcome_v2,challenger_20260307,0.6165596187040978,1.8177017370034754,0.9795686861871337
20151,mg_2_5,market_outcome_v2,challenger_20260307,0.7035864963281433,1.8177017370034754,0.9795686861871337
20151,mg_2_6,market_outcome_v2,challenger_20260307,0.7441594481282051,1.8177017370034754,0.9795686861871337
20151,mg_3_4,market_outcome_v2,challenger_20260307,0.37799760481581335,1.8177017370034754,0.9795686861871337
20151,mg_3_5,market_outcome_v2,challenger_20260307,0.46502448243985883,1.8177017370034754,0.9795686861871337
20151,mg_3_6,market_outcome_v2,challenger_20260307,0.5055974342399207,1.8177017370034754,0.9795686861871337
20151,mg_4_5,market_outcome_v2,challenger_20260307,0.24258366059103034,1.8177017370034754,0.9795686861871337
20151,mg_4_6,market_outcome_v2,challenger_20260307,0.28315661239109213,1.8177017370034754,0.9795686861871337
20151,mg_5_6,market_outcome_v2,challenger_20260307,0.12759982942410733,1.8177017370034754,0.9795686861871337
20151,mg_7p,market_outcome_v2,challenger_20260307,0.024296351267391478,1.8177017370034754,0.9795686861871337
20151,hmg_0,market_outcome_v2,challenger_20260307,0.16239911297404638,1.8177017370034754,0.9795686861871337
20151,hmg_1_2,market_outcome_v2,challenger_20260307,0.5634797002583897,1.8177017370034754,0.9795686861871337
20151,hmg_1_3,market_outcome_v2,challenger_20260307,0.7260346765552527,1.8177017370034754,0.9795686861871337
20151,hmg_2_3,market_outcome_v2,challenger_20260307,0.4308415268145048,1.8177017370034754,0.9795686861871337
20151,hmg_4p,market_outcome_v2,challenger_20260307,0.11156621047070087,1.8177017370034754,0.9795686861871337
20151,amg_0,market_outcome_v2,challenger_20260307,0.37547301369008534,1.8177017370034754,0.9795686861871337
20151,amg_1_2,market_outcome_v2,challenger_20260307,0.5479450750548035,1.8177017370034754,0.9795686861871337
20151,amg_1_3,market_outcome_v2,challenger_20260307,0.6067660419223964,1.8177017370034754,0.9795686861871337
20151,amg_2_3,market_outcome_v2,challenger_20260307,0.23896443520327568,1.8177017370034754,0.9795686861871337
20151,amg_4p,market_outcome_v2,challenger_20260307,0.017760944387518296,1.8177017370034754,0.9795686861871337
20151,ms_h_1_0_2_0_3_0,market_outcome_v2,challenger_20260307,0.2726064280497071,1.8177017370034754,0.9795686861871337
20151,ms_a_0_1_0_2_0_3,market_outcome_v2,challenger_20260307,0.0985382669909702,1.8177017370034754,0.9795686861871337
20151,ms_h_4_0_5_0_6_0,market_outcome_v2,challenger_20260307,0.04087364275568845,1.8177017370034754,0.9795686861871337
20151,ms_a_0_4_0_5_0_6,market_outcome_v2,challenger_20260307,0.002872455593429314,1.8177017370034754,0.9795686861871337
20151,ms_h_2_1_3_1_4_1,market_outcome_v2,challenger_20260307,0.18563338524262565,1.8177017370034754,0.9795686861871337
20151,ms_h_1_2_1_3_1_4,market_outcome_v2,challenger_20260307,0.07479286090702245,1.8177017370034754,0.9795686861871337
20151,ms_h_3_2_4_2_5_1,market_outcome_v2,challenger_20260307,0.05246734886105102,1.8177017370034754,0.9795686861871337
20151,ms_a_2_3_2_4_1_5,market_outcome_v2,challenger_20260307,0.020478550603042902,1.8177017370034754,0.9795686861871337
20151,ms_draw,market_outcome_v2,challenger_20260307,0.2285844533346009,1.8177017370034754,0.9795686861871337
20151,ms_other_homewin,market_outcome_v2,challenger_20260307,0.018932639945040193,1.8177017370034754,0.9795686861871337
20151,ms_other_awaywin,market_outcome_v2,challenger_20260307,0.004219967716821734,1.8177017370034754,0.9795686861871337
19356,1x2_h,market_outcome_v2,challenger_20260307,0.5413931215207024,1.708076284423555,0.9937985874465862
19356,1x2_d,market_outcome_v2,challenger_20260307,0.23941803815290555,1.708076284423555,0.9937985874465862
19356,1x2_a,market_outcome_v2,challenger_20260307,0.21918884032639183,1.708076284423555,0.9937985874465862
19356,dc_1x,market_outcome_v2,challenger_20260307,0.7808111596736079,1.708076284423555,0.9937985874465862
19356,dc_x2,market_outcome_v2,challenger_20260307,0.4586068784792974,1.708076284423555,0.9937985874465862
19356,dc_12,market_outcome_v2,challenger_20260307,0.7605819618470943,1.708076284423555,0.9937985874465862
19356,o15,market_outcome_v2,challenger_20260307,0.7516791307992996,1.708076284423555,0.9937985874465862
19356,u35,market_outcome_v2,challenger_20260307,0.7136801519542901,1.708076284423555,0.9937985874465862
19356,ah_h05,market_outcome_v2,challenger_20260307,0.5413931215207024,1.708076284423555,0.9937985874465862
19356,ah_a05,market_outcome_v2,challenger_20260307,0.21918884032639183,1.708076284423555,0.9937985874465862
19356,ah_h15,market_outcome_v2,challenger_20260307,0.29781515924131385,1.708076284423555,0.9937985874465862
19356,ah_a15,market_outcome_v2,challenger_20260307,0.0774695055087038,1.708076284423555,0.9937985874465862
19356,eh_h1,market_outcome_v2,challenger_20260307,0.29781515924131385,1.708076284423555,0.9937985874465862
19356,eh_a1,market_outcome_v2,challenger_20260307,0.0774695055087038,1.708076284423555,0.9937985874465862
19356,mg_0,market_outcome_v2,challenger_20260307,0.06707975763514981,1.708076284423555,0.9937985874465862
19356,mg_1_2,market_outcome_v2,challenger_20260307,0.4260865141099374,1.708076284423555,0.9937985874465862
19356,mg_1_3,market_outcome_v2,challenger_20260307,0.6466003943191403,1.708076284423555,0.9937985874465862
19356,mg_1_4,market_outcome_v2,challenger_20260307,0.7955506222780971,1.708076284423555,0.9937985874465862
19356,mg_1_5,market_outcome_v2,challenger_20260307,0.8760395978944241,1.708076284423555,0.9937985874465862
19356,mg_1_6,market_outcome_v2,challenger_20260307,0.9122847880078113,1.708076284423555,0.9937985874465862
19356,mg_2_3,market_outcome_v2,challenger_20260307,0.46535928275358973,1.708076284423555,0.9937985874465862
19356,mg_2_4,market_outcome_v2,challenger_20260307,0.6143095107125467,1.708076284423555,0.9937985874465862
19356,mg_2_5,market_outcome_v2,challenger_20260307,0.6947984863288736,1.708076284423555,0.9937985874465862
19356,mg_2_6,market_outcome_v2,challenger_20260307,0.7310436764422608,1.708076284423555,0.9937985874465862
19356,mg_3_4,market_outcome_v2,challenger_20260307,0.3694641081681598,1.708076284423555,0.9937985874465862
19356,mg_3_5,market_outcome_v2,challenger_20260307,0.44995308378448673,1.708076284423555,0.9937985874465862
19356,mg_3_6,market_outcome_v2,challenger_20260307,0.48619827389787384,1.708076284423555,0.9937985874465862
19356,mg_4_5,market_outcome_v2,challenger_20260307,0.2294392035752839,1.708076284423555,0.9937985874465862
19356,mg_4_6,market_outcome_v2,challenger_20260307,0.265684393688671,1.708076284423555,0.9937985874465862
19356,mg_5_6,market_outcome_v2,challenger_20260307,0.11673416572971408,1.708076284423555,0.9937985874465862
19356,mg_7p,market_outcome_v2,challenger_20260307,0.0206354543570389,1.708076284423555,0.9937985874465862
19356,hmg_0,market_outcome_v2,challenger_20260307,0.18121440747274759,1.708076284423555,0.9937985874465862
19356,hmg_1_2,market_outcome_v2,challenger_20260307,0.5738767770410638,1.708076284423555,0.9937985874465862
19356,hmg_1_3,market_outcome_v2,challenger_20260307,0.7243860512288208,1.708076284423555,0.9937985874465862
19356,hmg_2_3,market_outcome_v2,challenger_20260307,0.414858019428754,1.708076284423555,0.9937985874465862
19356,hmg_4p,market_outcome_v2,challenger_20260307,0.0943995412984315,1.708076284423555,0.9937985874465862
19356,amg_0,market_outcome_v2,challenger_20260307,0.37016790535949956,1.708076284423555,0.9937985874465862
19356,amg_1_2,market_outcome_v2,challenger_20260307,0.5506678481182931,1.708076284423555,0.9937985874465862
19356,amg_1_3,market_outcome_v2,challenger_20260307,0.6112218202197228,1.708076284423555,0.9937985874465862
19356,amg_2_3,market_outcome_v2,challenger_20260307,0.24334947875539056,1.708076284423555,0.9937985874465862
19356,amg_4p,market_outcome_v2,challenger_20260307,0.018610274420777638,1.708076284423555,0.9937985874465862
19356,ms_h_1_0_2_0_3_0,market_outcome_v2,challenger_20260307,0.26814446725501173,1.708076284423555,0.9937985874465862
19356,ms_a_0_1_0_2_0_3,market_outcome_v2,challenger_20260307,0.11076219998553131,1.708076284423555,0.9937985874465862
19356,ms_h_4_0_5_0_6_0,market_outcome_v2,challenger_20260307,0.034231794627944914,1.708076284423555,0.9937985874465862
19356,ms_a_0_4_0_5_0_6,market_outcome_v2,challenger_20260307,0.0033579324250397054,1.708076284423555,0.9937985874465862
19356,ms_h_2_1_3_1_4_1,market_outcome_v2,challenger_20260307,0.176258067934222,1.708076284423555,0.9937985874465862
19356,ms_h_1_2_1_3_1_4,market_outcome_v2,challenger_20260307,0.07998021464506691,1.708076284423555,0.9937985874465862
19356,ms_h_3_2_4_2_5_1,market_outcome_v2,challenger_20260307,0.04733765077933531,1.708076284423555,0.9937985874465862
19356,ms_a_2_3_2_4_1_5,market_outcome_v2,challenger_20260307,0.02090996133868375,1.708076284423555,0.9937985874465862
19356,ms_draw,market_outcome_v2,challenger_20260307,0.23941803815290555,1.708076284423555,0.9937985874465862
19356,ms_other_homewin,market_outcome_v2,challenger_20260307,0.015421140924188587,1.708076284423555,0.9937985874465862
19356,ms_other_awaywin,market_outcome_v2,challenger_20260307,0.004178531932070175,1.708076284423555,0.9937985874465862
4920,1x2_h,market_outcome_v2,challenger_20260307,0.4491928607435554,1.4879405881343606,1.151980037088008
4920,1x2_d,market_outcome_v2,challenger_20260307,0.2572457565295982,1.4879405881343606,1.151980037088008
4920,1x2_a,market_outcome_v2,challenger_20260307,0.2935613827268462,1.4879405881343606,1.151980037088008
4920,dc_1x,market_outcome_v2,challenger_20260307,0.7064386172731536,1.4879405881343606,1.151980037088008
4920,dc_x2,market_outcome_v2,challenger_20260307,0.5508071392564444,1.4879405881343606,1.151980037088008
4920,dc_12,market_outcome_v2,challenger_20260307,0.7427542434704015,1.4879405881343606,1.151980037088008
4920,o15,market_outcome_v2,challenger_20260307,0.7402298813635102,1.4879405881343606,1.151980037088008
4920,u35,market_outcome_v2,challenger_20260307,0.7272907267664139,1.4879405881343606,1.151980037088008
4920,ah_h05,market_outcome_v2,challenger_20260307,0.4491928607435554,1.4879405881343606,1.151980037088008
4920,ah_a05,market_outcome_v2,challenger_20260307,0.2935613827268462,1.4879405881343606,1.151980037088008
4920,ah_h15,market_outcome_v2,challenger_20260307,0.22194389715285706,1.4879405881343606,1.151980037088008
4920,ah_a15,market_outcome_v2,challenger_20260307,0.11762272523403457,1.4879405881343606,1.151980037088008
4920,eh_h1,market_outcome_v2,challenger_20260307,0.22194389715285706,1.4879405881343606,1.151980037088008
4920,eh_a1,market_outcome_v2,challenger_20260307,0.11762272523403457,1.4879405881343606,1.151980037088008
4920,mg_0,market_outcome_v2,challenger_20260307,0.07136697345443341,1.4879405881343606,1.151980037088008
4920,mg_1_2,market_outcome_v2,challenger_20260307,0.4370878195934931,1.4879405881343606,1.151980037088008
4920,mg_1_3,market_outcome_v2,challenger_20260307,0.6559237533119805,1.4879405881343606,1.151980037088008
4920,mg_1_4,market_outcome_v2,challenger_20260307,0.800351127052788,1.4879405881343606,1.151980037088008
4920,mg_1_5,market_outcome_v2,challenger_20260307,0.8766064876097993,1.4879405881343606,1.151980037088008
4920,mg_1_6,market_outcome_v2,challenger_20260307,0.9101578374628364,1.4879405881343606,1.151980037088008
4920,mg_2_3,market_outcome_v2,challenger_20260307,0.46752060812992435,1.4879405881343606,1.151980037088008
4920,mg_2_4,market_outcome_v2,challenger_20260307,0.6119479818707317,1.4879405881343606,1.151980037088008
4920,mg_2_5,market_outcome_v2,challenger_20260307,0.6882033424277434,1.4879405881343606,1.151980037088008
4920,mg_2_6,market_outcome_v2,challenger_20260307,0.7217546922807805,1.4879405881343606,1.151980037088008
4920,mg_3_4,market_outcome_v2,challenger_20260307,0.36326330745929486,1.4879405881343606,1.151980037088008
4920,mg_3_5,market_outcome_v2,challenger_20260307,0.43951866801630635,1.4879405881343606,1.151980037088008
4920,mg_3_6,market_outcome_v2,challenger_20260307,0.4730700178693434,1.4879405881343606,1.151980037088008
4920,mg_4_5,market_outcome_v2,challenger_20260307,0.2206827342978189,1.4879405881343606,1.151980037088008
4920,mg_4_6,market_outcome_v2,challenger_20260307,0.254234084150856,1.4879405881343606,1.151980037088008
4920,mg_5_6,market_outcome_v2,challenger_20260307,0.10980671041004857,1.4879405881343606,1.151980037088008
4920,mg_7p,market_outcome_v2,challenger_20260307,0.018475189082729788,1.4879405881343606,1.151980037088008
4920,hmg_0,market_outcome_v2,challenger_20260307,0.22583738418472488,1.4879405881343606,1.151980037088008
4920,hmg_1_2,market_outcome_v2,challenger_20260307,0.5860308901078294,1.4879405881343606,1.151980037088008
4920,hmg_1_3,market_outcome_v2,challenger_20260307,0.7100250859642887,1.4879405881343606,1.151980037088008
4920,hmg_2_3,market_outcome_v2,challenger_20260307,0.3739924757177437,1.4879405881343606,1.151980037088008
4920,hmg_4p,market_outcome_v2,challenger_20260307,0.06413752985098599,1.4879405881343606,1.151980037088008
4920,amg_0,market_outcome_v2,challenger_20260307,0.31601045022757784,1.4879405881343606,1.151980037088008
4920,amg_1_2,market_outcome_v2,challenger_20260307,0.573719829126636,1.4879405881343606,1.151980037088008
4920,amg_1_3,market_outcome_v2,challenger_20260307,0.6542363598362635,1.4879405881343606,1.151980037088008
4920,amg_2_3,market_outcome_v2,challenger_20260307,0.2901986296629001,1.4879405881343606,1.151980037088008
4920,amg_4p,market_outcome_v2,challenger_20260307,0.02975318993615846,1.4879405881343606,1.151980037088008
4920,ms_h_1_0_2_0_3_0,market_outcome_v2,challenger_20260307,0.22437534708844964,1.4879405881343606,1.151980037088008
4920,ms_a_0_1_0_2_0_3,market_outcome_v2,challenger_20260307,0.14775102814395819,1.4879405881343606,1.151980037088008
4920,ms_h_4_0_5_0_6_0,market_outcome_v2,challenger_20260307,0.019988878871792393,1.4879405881343606,1.151980037088008
4920,ms_a_0_4_0_5_0_6,market_outcome_v2,challenger_20260307,0.0066749869437606035,1.4879405881343606,1.151980037088008
4920,ms_h_2_1_3_1_4_1,market_outcome_v2,challenger_20260307,0.15293824792910887,1.4879405881343606,1.151980037088008
4920,ms_h_1_2_1_3_1_4,market_outcome_v2,challenger_20260307,0.1053082478204773,1.4879405881343606,1.151980037088008
4920,ms_h_3_2_4_2_5_1,market_outcome_v2,challenger_20260307,0.04066750537705056,1.4879405881343606,1.151980037088008
4920,ms_a_2_3_2_4_1_5,market_outcome_v2,challenger_20260307,0.027721300055342207,1.4879405881343606,1.151980037088008
4920,ms_draw,market_outcome_v2,challenger_20260307,0.2572457565295982,1.4879405881343606,1.151980037088008
4920,ms_other_homewin,market_outcome_v2,challenger_20260307,0.01122288147715383,1.4879405881343606,1.151980037088008
4920,ms_other_awaywin,market_outcome_v2,challenger_20260307,0.00610581976330786,1.4879405881343606,1.151980037088008
19068,1x2_h,market_outcome_v2,challenger_20260307,0.6374131224096049,2.0466931920219307,0.9083956586646816
19068,1x2_d,market_outcome_v2,challenger_20260307,0.2043539840351834,2.0466931920219307,0.9083956586646816
19068,1x2_a,market_outcome_v2,challenger_20260307,0.1582328935552116,2.0466931920219307,0.9083956586646816
19068,dc_1x,market_outcome_v2,challenger_20260307,0.8417671064447882,2.0466931920219307,0.9083956586646816
19068,dc_x2,market_outcome_v2,challenger_20260307,0.362586877590395,2.0466931920219307,0.9083956586646816
19068,dc_12,market_outcome_v2,challenger_20260307,0.7956460159648165,2.0466931920219307,0.9083956586646816
19068,o15,market_outcome_v2,challenger_20260307,0.7940404551036656,2.0466931920219307,0.9083956586646816
19068,u35,market_outcome_v2,challenger_20260307,0.6572994789310473,2.0466931920219307,0.9083956586646816
19068,ah_h05,market_outcome_v2,challenger_20260307,0.6374131224096049,2.0466931920219307,0.9083956586646816
19068,ah_a05,market_outcome_v2,challenger_20260307,0.1582328935552116,2.0466931920219307,0.9083956586646816
19068,ah_h15,market_outcome_v2,challenger_20260307,0.3958262051473235,2.0466931920219307,0.9083956586646816
19068,ah_a15,market_outcome_v2,challenger_20260307,0.05100797694988555,2.0466931920219307,0.9083956586646816
19068,eh_h1,market_outcome_v2,challenger_20260307,0.3958262051473235,2.0466931920219307,0.9083956586646816
19068,eh_a1,market_outcome_v2,challenger_20260307,0.05100797694988555,2.0466931920219307,0.9083956586646816
19068,mg_0,market_outcome_v2,challenger_20260307,0.05207456840333163,2.0466931920219307,0.9083956586646816
19068,mg_1_2,market_outcome_v2,challenger_20260307,0.3812568656543244,2.0466931920219307,0.9083956586646816
19068,mg_1_3,market_outcome_v2,challenger_20260307,0.6052249105277157,2.0466931920219307,0.9083956586646816
19068,mg_1_4,market_outcome_v2,challenger_20260307,0.7706862786065752,2.0466931920219307,0.9083956586646816
19068,mg_1_5,market_outcome_v2,challenger_20260307,0.8684768874124135,2.0466931920219307,0.9083956586646816
19068,mg_1_6,market_outcome_v2,challenger_20260307,0.9166402103764114,2.0466931920219307,0.9083956586646816
19068,mg_2_3,market_outcome_v2,challenger_20260307,0.4513399340347131,2.0466931920219307,0.9083956586646816
19068,mg_2_4,market_outcome_v2,challenger_20260307,0.6168013021135724,2.0466931920219307,0.9083956586646816
19068,mg_2_5,market_outcome_v2,challenger_20260307,0.7145919109194109,2.0466931920219307,0.9083956586646816
19068,mg_2_6,market_outcome_v2,challenger_20260307,0.7627552338834088,2.0466931920219307,0.9083956586646816
19068,mg_3_4,market_outcome_v2,challenger_20260307,0.3894294129522507,2.0466931920219307,0.9083956586646816
19068,mg_3_5,market_outcome_v2,challenger_20260307,0.48722002175808893,2.0466931920219307,0.9083956586646816
19068,mg_3_6,market_outcome_v2,challenger_20260307,0.535383344722087,2.0466931920219307,0.9083956586646816
19068,mg_4_5,market_outcome_v2,challenger_20260307,0.26325197688469765,2.0466931920219307,0.9083956586646816
19068,mg_4_6,market_outcome_v2,challenger_20260307,0.31141529984869576,2.0466931920219307,0.9083956586646816
19068,mg_5_6,market_outcome_v2,challenger_20260307,0.14595393176983634,2.0466931920219307,0.9083956586646816
19068,mg_7p,market_outcome_v2,challenger_20260307,0.031285221220256884,2.0466931920219307,0.9083956586646816
19068,hmg_0,market_outcome_v2,challenger_20260307,0.12916263593827923,2.0466931920219307,0.9083956586646816
19068,hmg_1_2,market_outcome_v2,challenger_20260307,0.5348843947274207,2.0466931920219307,0.9083956586646816
19068,hmg_1_3,market_outcome_v2,challenger_20260307,0.7194470730705901,2.0466931920219307,0.9083956586646816
19068,hmg_2_3,market_outcome_v2,challenger_20260307,0.4550907854321069,2.0466931920219307,0.9083956586646816
19068,hmg_4p,market_outcome_v2,challenger_20260307,0.1513902909911306,2.0466931920219307,0.9083956586646816
19068,amg_0,market_outcome_v2,challenger_20260307,0.4031705301230893,2.0466931920219307,0.9083956586646816
19068,amg_1_2,market_outcome_v2,challenger_20260307,0.5325830270619136,2.0466931920219307,0.9083956586646816
19068,amg_1_3,market_outcome_v2,challenger_20260307,0.5829519517513853,2.0466931920219307,0.9083956586646816
19068,amg_2_3,market_outcome_v2,challenger_20260307,0.2167135924860327,2.0466931920219307,0.9083956586646816
19068,amg_4p,market_outcome_v2,challenger_20260307,0.013877518125525424,2.0466931920219307,0.9083956586646816
19068,ms_h_1_0_2_0_3_0,market_outcome_v2,challenger_20260307,0.2900598578453748,2.0466931920219307,0.9083956586646816
19068,ms_a_0_1_0_2_0_3,market_outcome_v2,challenger_20260307,0.07529561071357349,2.0466931920219307,0.9083956586646816
19068,ms_h_4_0_5_0_6_0,market_outcome_v2,challenger_20260307,0.05897507985836569,2.0466931920219307,0.9083956586646816
19068,ms_a_0_4_0_5_0_6,market_outcome_v2,challenger_20260307,0.0017865182946040122,2.0466931920219307,0.9083956586646816
19068,ms_h_2_1_3_1_4_1,market_outcome_v2,challenger_20260307,0.20125771293985797,2.0466931920219307,0.9083956586646816
19068,ms_h_1_2_1_3_1_4,market_outcome_v2,challenger_20260307,0.06031350049412797,2.0466931920219307,0.9083956586646816
19068,ms_h_3_2_4_2_5_1,market_outcome_v2,challenger_20260307,0.060567298641564446,2.0466931920219307,0.9083956586646816
19068,ms_a_2_3_2_4_1_5,market_outcome_v2,challenger_20260307,0.01727008679344927,2.0466931920219307,0.9083956586646816
19068,ms_draw,market_outcome_v2,challenger_20260307,0.2043539840351834,2.0466931920219307,0.9083956586646816
19068,ms_other_homewin,market_outcome_v2,challenger_20260307,0.02655317312444207,2.0466931920219307,0.9083956586646816
19068,ms_other_awaywin,market_outcome_v2,challenger_20260307,0.0035671772594568292,2.0466931920219307,0.9083956586646816
21707,1x2_h,market_outcome_v2,challenger_20260307,0.5051399666288453,1.6460747016885309,1.0822121577361015
21707,1x2_d,market_outcome_v2,challenger_20260307,0.24502950100567472,1.6460747016885309,1.0822121577361015
21707,1x2_a,market_outcome_v2,challenger_20260307,0.24983053236548028,1.6460747016885309,1.0822121577361015
21707,dc_1x,market_outcome_v2,challenger_20260307,0.7501694676345201,1.6460747016885309,1.0822121577361015
21707,dc_x2,market_outcome_v2,challenger_20260307,0.49486003337115503,1.6460747016885309,1.0822121577361015
21707,dc_12,market_outcome_v2,challenger_20260307,0.7549704989943256,1.6460747016885309,1.0822121577361015
21707,o15,market_outcome_v2,challenger_20260307,0.7564265289318685,1.6460747016885309,1.0822121577361015
21707,u35,market_outcome_v2,challenger_20260307,0.7078473344391158,1.6460747016885309,1.0822121577361015
21707,ah_h05,market_outcome_v2,challenger_20260307,0.5051399666288453,1.6460747016885309,1.0822121577361015
21707,ah_a05,market_outcome_v2,challenger_20260307,0.24983053236548028,1.6460747016885309,1.0822121577361015
21707,ah_h15,market_outcome_v2,challenger_20260307,0.2687538933620632,1.6460747016885309,1.0822121577361015
21707,ah_a15,market_outcome_v2,challenger_20260307,0.0944184589362548,1.6460747016885309,1.0822121577361015
21707,eh_h1,market_outcome_v2,challenger_20260307,0.2687538933620632,1.6460747016885309,1.0822121577361015
21707,eh_a1,market_outcome_v2,challenger_20260307,0.0944184589362548,1.6460747016885309,1.0822121577361015
21707,mg_0,market_outcome_v2,challenger_20260307,0.06533120445182729,1.6460747016885309,1.0822121577361015
21707,mg_1_2,market_outcome_v2,challenger_20260307,0.42139028351796703,1.6460747016885309,1.0822121577361015
21707,mg_1_3,market_outcome_v2,challenger_20260307,0.6425161299872886,1.6460747016885309,1.0822121577361015
21707,mg_1_4,market_outcome_v2,challenger_20260307,0.7933398152876382,1.6460747016885309,1.0822121577361015
21707,mg_1_5,market_outcome_v2,challenger_20260307,0.875637871026626,1.6460747016885309,1.0822121577361015
21707,mg_1_6,market_outcome_v2,challenger_20260307,0.9130599883647723,1.6460747016885309,1.0822121577361015
21707,mg_2_3,market_outcome_v2,challenger_20260307,0.4642738633709841,1.6460747016885309,1.0822121577361015
21707,mg_2_4,market_outcome_v2,challenger_20260307,0.6150975486713337,1.6460747016885309,1.0822121577361015
21707,mg_2_5,market_outcome_v2,challenger_20260307,0.6973956044103217,1.6460747016885309,1.0822121577361015
21707,mg_2_6,market_outcome_v2,challenger_20260307,0.7348177217484679,1.6460747016885309,1.0822121577361015
21707,mg_3_4,market_outcome_v2,challenger_20260307,0.37194953176967116,1.6460747016885309,1.0822121577361015
21707,mg_3_5,market_outcome_v2,challenger_20260307,0.4542475875086591,1.6460747016885309,1.0822121577361015
21707,mg_3_6,market_outcome_v2,challenger_20260307,0.4916697048468053,1.6460747016885309,1.0822121577361015
21707,mg_4_5,market_outcome_v2,challenger_20260307,0.23312174103933764,1.6460747016885309,1.0822121577361015
21707,mg_4_6,market_outcome_v2,challenger_20260307,0.2705438583774838,1.6460747016885309,1.0822121577361015
21707,mg_5_6,market_outcome_v2,challenger_20260307,0.11972017307713413,1.6460747016885309,1.0822121577361015
21707,mg_7p,market_outcome_v2,challenger_20260307,0.021608807183400462,1.6460747016885309,1.0822121577361015
21707,hmg_0,market_outcome_v2,challenger_20260307,0.1928055022890804,1.6460747016885309,1.0822121577361015
21707,hmg_1_2,market_outcome_v2,challenger_20260307,0.5785814834900559,1.6460747016885309,1.0822121577361015
21707,hmg_1_3,market_outcome_v2,challenger_20260307,0.721904781885756,1.6460747016885309,1.0822121577361015
21707,hmg_2_3,market_outcome_v2,challenger_20260307,0.40453252222135067,1.6460747016885309,1.0822121577361015
21707,hmg_4p,market_outcome_v2,challenger_20260307,0.08528971582516365,1.6460747016885309,1.0822121577361015
21707,amg_0,market_outcome_v2,challenger_20260307,0.33884512462654626,1.6460747016885309,1.0822121577361015
21707,amg_1_2,market_outcome_v2,challenger_20260307,0.565127164408881,1.6460747016885309,1.0822121577361015
21707,amg_1_3,market_outcome_v2,challenger_20260307,0.6367064264400023,1.6460747016885309,1.0822121577361015
21707,amg_2_3,market_outcome_v2,challenger_20260307,0.2700041129795495,1.6460747016885309,1.0822121577361015
21707,amg_4p,market_outcome_v2,challenger_20260307,0.024448448933451595,1.6460747016885309,1.0822121577361015
21707,ms_h_1_0_2_0_3_0,market_outcome_v2,challenger_20260307,0.24461391578657865,1.6460747016885309,1.0822121577361015
21707,ms_a_0_1_0_2_0_3,market_outcome_v2,challenger_20260307,0.12276050236045005,1.6460747016885309,1.0822121577361015
21707,ms_h_4_0_5_0_6_0,market_outcome_v2,challenger_20260307,0.028369604609765158,1.6460747016885309,1.0822121577361015
21707,ms_a_0_4_0_5_0_6,market_outcome_v2,challenger_20260307,0.004687804623817773,1.6460747016885309,1.0822121577361015
21707,ms_h_2_1_3_1_4_1,market_outcome_v2,challenger_20260307,0.16997119265882496,1.6460747016885309,1.0822121577361015
21707,ms_h_1_2_1_3_1_4,market_outcome_v2,challenger_20260307,0.09183804247902808,1.6460747016885309,1.0822121577361015
21707,ms_h_3_2_4_2_5_1,market_outcome_v2,challenger_20260307,0.047262364557584674,1.6460747016885309,1.0822121577361015
21707,ms_a_2_3_2_4_1_5,market_outcome_v2,challenger_20260307,0.02508604220662422,1.6460747016885309,1.0822121577361015
21707,ms_draw,market_outcome_v2,challenger_20260307,0.24502950100567472,1.6460747016885309,1.0822121577361015
21707,ms_other_homewin,market_outcome_v2,challenger_20260307,0.014922889016091678,1.6460747016885309,1.0822121577361015
21707,ms_other_awaywin,market_outcome_v2,challenger_20260307,0.005458140695560116,1.6460747016885309,1.0822121577361015
5916,1x2_h,market_outcome_v2,challenger_20260307,0.49708823459594487,1.650270988383674,1.120873035527252
5916,1x2_d,market_outcome_v2,challenger_20260307,0.2442809409118729,1.650270988383674,1.120873035527252
5916,1x2_a,market_outcome_v2,challenger_20260307,0.2586308244921822,1.650270988383674,1.120873035527252
5916,dc_1x,market_outcome_v2,challenger_20260307,0.7413691755078178,1.650270988383674,1.120873035527252
5916,dc_x2,market_outcome_v2,challenger_20260307,0.5029117654040551,1.650270988383674,1.120873035527252
5916,dc_12,market_outcome_v2,challenger_20260307,0.7557190590881271,1.650270988383674,1.120873035527252
5916,o15,market_outcome_v2,challenger_20260307,0.7639624097817612,1.650270988383674,1.120873035527252
5916,u35,market_outcome_v2,challenger_20260307,0.6983514476303884,1.650270988383674,1.120873035527252
5916,ah_h05,market_outcome_v2,challenger_20260307,0.49708823459594487,1.650270988383674,1.120873035527252
5916,ah_a05,market_outcome_v2,challenger_20260307,0.2586308244921822,1.650270988383674,1.120873035527252
5916,ah_h15,market_outcome_v2,challenger_20260307,0.26382778758775866,1.650270988383674,1.120873035527252
5916,ah_a15,market_outcome_v2,challenger_20260307,0.10019905955969266,1.650270988383674,1.120873035527252
5916,eh_h1,market_outcome_v2,challenger_20260307,0.26382778758775866,1.650270988383674,1.120873035527252
5916,eh_a1,market_outcome_v2,challenger_20260307,0.10019905955969266,1.650270988383674,1.120873035527252
5916,mg_0,market_outcome_v2,challenger_20260307,0.06259044701598329,1.650270988383674,1.120873035527252
5916,mg_1_2,market_outcome_v2,challenger_20260307,0.41377065037693206,1.650270988383674,1.120873035527252
5916,mg_1_3,market_outcome_v2,challenger_20260307,0.6357610006144051,1.650270988383674,1.120873035527252
5916,mg_1_4,market_outcome_v2,challenger_20260307,0.7895528087210218,1.650270988383674,1.120873035527252
5916,mg_1_5,market_outcome_v2,challenger_20260307,0.8747886587132433,1.650270988383674,1.120873035527252
5916,mg_1_6,market_outcome_v2,challenger_20260307,0.9141554614347287,1.650270988383674,1.120873035527252
5916,mg_2_3,market_outcome_v2,challenger_20260307,0.46231385741214964,1.650270988383674,1.120873035527252
5916,mg_2_4,market_outcome_v2,challenger_20260307,0.6161056655187663,1.650270988383674,1.120873035527252
5916,mg_2_5,market_outcome_v2,challenger_20260307,0.7013415155109878,1.650270988383674,1.120873035527252
5916,mg_2_6,market_outcome_v2,challenger_20260307,0.7407083182324731,1.650270988383674,1.120873035527252
5916,mg_3_4,market_outcome_v2,challenger_20260307,0.37578215834408984,1.650270988383674,1.120873035527252
5916,mg_3_5,market_outcome_v2,challenger_20260307,0.46101800833631124,1.650270988383674,1.120873035527252
5916,mg_3_6,market_outcome_v2,challenger_20260307,0.5003848110577966,1.650270988383674,1.120873035527252
5916,mg_4_5,market_outcome_v2,challenger_20260307,0.23902765809883814,1.650270988383674,1.120873035527252
5916,mg_4_6,market_outcome_v2,challenger_20260307,0.2783944608203235,1.650270988383674,1.120873035527252
5916,mg_5_6,market_outcome_v2,challenger_20260307,0.12460265271370678,1.650270988383674,1.120873035527252
5916,mg_7p,market_outcome_v2,challenger_20260307,0.023254091549288085,1.650270988383674,1.120873035527252
5916,hmg_0,market_outcome_v2,challenger_20260307,0.19199813661090392,1.650270988383674,1.120873035527252
5916,hmg_1_2,market_outcome_v2,challenger_20260307,0.5782922734707253,1.650270988383674,1.120873035527252
5916,hmg_1_3,market_outcome_v2,challenger_20260307,0.722109714843767,1.650270988383674,1.120873035527252
5916,hmg_2_3,market_outcome_v2,challenger_20260307,0.40526076017106705,1.650270988383674,1.120873035527252
5916,hmg_4p,market_outcome_v2,challenger_20260307,0.08589214854532909,1.650270988383674,1.120873035527252
5916,amg_0,market_outcome_v2,challenger_20260307,0.32599507537318817,1.650270988383674,1.120873035527252
5916,amg_1_2,market_outcome_v2,challenger_20260307,0.5701820831262169,1.650270988383674,1.120873035527252
5916,amg_1_3,market_outcome_v2,challenger_20260307,0.6466939949480376,1.650270988383674,1.120873035527252
5916,amg_2_3,market_outcome_v2,challenger_20260307,0.28129490524755696,1.650270988383674,1.120873035527252
5916,amg_4p,market_outcome_v2,challenger_20260307,0.027310929678774274,1.650270988383674,1.120873035527252
5916,ms_h_1_0_2_0_3_0,market_outcome_v2,challenger_20260307,0.23540421091820524,1.650270988383674,1.120873035527252
5916,ms_a_0_1_0_2_0_3,market_outcome_v2,challenger_20260307,0.12416404198748453,1.650270988383674,1.120873035527252
5916,ms_h_4_0_5_0_6_0,market_outcome_v2,challenger_20260307,0.027482815025050865,1.650270988383674,1.120873035527252
5916,ms_a_0_4_0_5_0_6,market_outcome_v2,challenger_20260307,0.005211640339404254,1.650270988383674,1.120873035527252
5916,ms_h_2_1_3_1_4_1,market_outcome_v2,challenger_20260307,0.1697626624106716,1.650270988383674,1.120873035527252
5916,ms_h_1_2_1_3_1_4,market_outcome_v2,challenger_20260307,0.095921249269858,1.650270988383674,1.120873035527252
5916,ms_h_3_2_4_2_5_1,market_outcome_v2,challenger_20260307,0.048757872331792594,1.650270988383674,1.120873035527252
5916,ms_a_2_3_2_4_1_5,market_outcome_v2,challenger_20260307,0.027131756714915453,1.650270988383674,1.120873035527252
5916,ms_draw,market_outcome_v2,challenger_20260307,0.2442809409118729,1.650270988383674,1.120873035527252
5916,ms_other_homewin,market_outcome_v2,challenger_20260307,0.015680673910224662,1.650270988383674,1.120873035527252
5916,ms_other_awaywin,market_outcome_v2,challenger_20260307,0.00620213618051998,1.650270988383674,1.120873035527252
5148,1x2_h,market_outcome_v2,challenger_20260307,0.4264953872942914,1.4750516627657422,1.2389302707115657
5148,1x2_d,market_outcome_v2,challenger_20260307,0.25533451788647105,1.4750516627657422,1.2389302707115657
5148,1x2_a,market_outcome_v2,challenger_20260307,0.31817009481923736,1.4750516627657422,1.2389302707115657
5148,dc_1x,market_outcome_v2,challenger_20260307,0.6818299051807624,1.4750516627657422,1.2389302707115657
5148,dc_x2,market_outcome_v2,challenger_20260307,0.5735046127057084,1.4750516627657422,1.2389302707115657
5148,dc_12,market_outcome_v2,challenger_20260307,0.7446654821135288,1.4750516627657422,1.2389302707115657
5148,o15,market_outcome_v2,challenger_20260307,0.7538654103713628,1.4750516627657422,1.2389302707115657
5148,u35,market_outcome_v2,challenger_20260307,0.7110076510516576,1.4750516627657422,1.2389302707115657
5148,ah_h05,market_outcome_v2,challenger_20260307,0.4264953872942914,1.4750516627657422,1.2389302707115657
5148,ah_a05,market_outcome_v2,challenger_20260307,0.31817009481923736,1.4750516627657422,1.2389302707115657
5148,ah_h15,market_outcome_v2,challenger_20260307,0.2076648829622679,1.4750516627657422,1.2389302707115657
5148,ah_a15,market_outcome_v2,challenger_20260307,0.1343692539295856,1.4750516627657422,1.2389302707115657
5148,eh_h1,market_outcome_v2,challenger_20260307,0.2076648829622679,1.4750516627657422,1.2389302707115657
5148,eh_a1,market_outcome_v2,challenger_20260307,0.1343692539295856,1.4750516627657422,1.2389302707115657
5148,mg_0,market_outcome_v2,challenger_20260307,0.06627242513217811,1.4750516627657422,1.2389302707115657
5148,mg_1_2,market_outcome_v2,challenger_20260307,0.42393349697621535,1.4750516627657422,1.2389302707115657
5148,mg_1_3,market_outcome_v2,challenger_20260307,0.6447352259194795,1.4750516627657422,1.2389302707115657
5148,mg_1_4,market_outcome_v2,challenger_20260307,0.7945482017276225,1.4750516627657422,1.2389302707115657
5148,mg_1_5,market_outcome_v2,challenger_20260307,0.8758661436763774,1.4750516627657422,1.2389302707115657
5148,mg_1_6,market_outcome_v2,challenger_20260307,0.912648714562457,1.4750516627657422,1.2389302707115657
5148,mg_2_3,market_outcome_v2,challenger_20260307,0.4648730614230207,1.4750516627657422,1.2389302707115657
5148,mg_2_4,market_outcome_v2,challenger_20260307,0.6146860372311638,1.4750516627657422,1.2389302707115657
5148,mg_2_5,market_outcome_v2,challenger_20260307,0.6960039791799185,1.4750516627657422,1.2389302707115657
5148,mg_2_6,market_outcome_v2,challenger_20260307,0.732786550065998,1.4750516627657422,1.2389302707115657
5148,mg_3_4,market_outcome_v2,challenger_20260307,0.3706147047514073,1.4750516627657422,1.2389302707115657
5148,mg_3_5,market_outcome_v2,challenger_20260307,0.4519326467001619,1.4750516627657422,1.2389302707115657
5148,mg_3_6,market_outcome_v2,challenger_20260307,0.4887152175862414,1.4750516627657422,1.2389302707115657
5148,mg_4_5,market_outcome_v2,challenger_20260307,0.23113091775689779,1.4750516627657422,1.2389302707115657
5148,mg_4_6,market_outcome_v2,challenger_20260307,0.26791348864297726,1.4750516627657422,1.2389302707115657
5148,mg_5_6,market_outcome_v2,challenger_20260307,0.11810051283483414,1.4750516627657422,1.2389302707115657
5148,mg_7p,market_outcome_v2,challenger_20260307,0.021078860305364936,1.4750516627657422,1.2389302707115657
5148,hmg_0,market_outcome_v2,challenger_20260307,0.22876701536868718,1.4750516627657422,1.2389302707115657
5148,hmg_1_2,market_outcome_v2,challenger_20260307,0.5863162182532511,1.4750516627657422,1.2389302707115657
5148,hmg_1_3,market_outcome_v2,challenger_20260307,0.7086830879017691,1.4750516627657422,1.2389302707115657
5148,hmg_2_3,market_outcome_v2,challenger_20260307,0.371239921496231,1.4750516627657422,1.2389302707115657
5148,hmg_4p,market_outcome_v2,challenger_20260307,0.06254989672954357,1.4750516627657422,1.2389302707115657
5148,amg_0,market_outcome_v2,challenger_20260307,0.2896939710708366,1.4750516627657422,1.2389302707115657
5148,amg_1_2,market_outcome_v2,challenger_20260307,0.5812432519973043,1.4750516627657422,1.2389302707115657
5148,amg_1_3,market_outcome_v2,challenger_20260307,0.6730614571827318,1.4750516627657422,1.2389302707115657
5148,amg_2_3,market_outcome_v2,challenger_20260307,0.3141508271804317,1.4750516627657422,1.2389302707115657
5148,amg_4p,market_outcome_v2,challenger_20260307,0.03724457174643149,1.4750516627657422,1.2389302707115657
5148,ms_h_1_0_2_0_3_0,market_outcome_v2,challenger_20260307,0.20530121796500625,1.4750516627657422,1.2389302707115657
5148,ms_a_0_1_0_2_0_3,market_outcome_v2,challenger_20260307,0.153974260719393,1.4750516627657422,1.2389302707115657
5148,ms_h_4_0_5_0_6_0,market_outcome_v2,challenger_20260307,0.01787678402698449,1.4750516627657422,1.2389302707115657
5148,ms_a_0_4_0_5_0_6,market_outcome_v2,challenger_20260307,0.00845087824992264,1.4750516627657422,1.2389302707115657
5148,ms_h_2_1_3_1_4_1,market_outcome_v2,challenger_20260307,0.14943756788713042,1.4750516627657422,1.2389302707115657
5148,ms_h_1_2_1_3_1_4,market_outcome_v2,challenger_20260307,0.1156046259094985,1.4750516627657422,1.2389302707115657
5148,ms_h_3_2_4_2_5_1,market_outcome_v2,challenger_20260307,0.0420166384646493,1.4750516627657422,1.2389302707115657
5148,ms_a_2_3_2_4_1_5,market_outcome_v2,challenger_20260307,0.032306697388802735,1.4750516627657422,1.2389302707115657
5148,ms_draw,market_outcome_v2,challenger_20260307,0.25533451788647105,1.4750516627657422,1.2389302707115657
5148,ms_other_homewin,market_outcome_v2,challenger_20260307,0.011863178950520952,1.4750516627657422,1.2389302707115657
5148,ms_other_awaywin,market_outcome_v2,challenger_20260307,0.007833632551620484,1.4750516627657422,1.2389302707115657
5547,1x2_h,market_outcome_v2,challenger_20260307,0.3732360000039027,1.2844529511887117,1.254829430805072
5547,1x2_d,market_outcome_v2,challenger_20260307,0.2675516997016742,1.2844529511887117,1.254829430805072
5547,1x2_a,market_outcome_v2,challenger_20260307,0.3592123002944231,1.2844529511887117,1.254829430805072
5547,dc_1x,market_outcome_v2,challenger_20260307,0.6407876997055769,1.2844529511887117,1.254829430805072
5547,dc_x2,market_outcome_v2,challenger_20260307,0.6267639999960972,1.2844529511887117,1.254829430805072
5547,dc_12,market_outcome_v2,challenger_20260307,0.7324483002983257,1.2844529511887117,1.254829430805072
5547,o15,market_outcome_v2,challenger_20260307,0.7206690986989521,1.2844529511887117,1.254829430805072
5547,u35,market_outcome_v2,challenger_20260307,0.7491471384464886,1.2844529511887117,1.254829430805072
5547,ah_h05,market_outcome_v2,challenger_20260307,0.3732360000039027,1.2844529511887117,1.254829430805072
5547,ah_a05,market_outcome_v2,challenger_20260307,0.3592123002944231,1.2844529511887117,1.254829430805072
5547,ah_h15,market_outcome_v2,challenger_20260307,0.16502423254555265,1.2844529511887117,1.254829430805072
5547,ah_a15,market_outcome_v2,challenger_20260307,0.15580255032663806,1.2844529511887117,1.254829430805072
5547,eh_h1,market_outcome_v2,challenger_20260307,0.16502423254555265,1.2844529511887117,1.254829430805072
5547,eh_a1,market_outcome_v2,challenger_20260307,0.15580255032663806,1.2844529511887117,1.254829430805072
5547,mg_0,market_outcome_v2,challenger_20260307,0.07892303330250022,1.2844529511887117,1.254829430805072
5547,mg_1_2,market_outcome_v2,challenger_20260307,0.45485395220937125,1.2844529511887117,1.254829430805072
5547,mg_1_3,market_outcome_v2,challenger_20260307,0.6702241051439883,1.2844529511887117,1.254829430805072
5547,mg_1_4,market_outcome_v2,challenger_20260307,0.8069455138825334,1.2844529511887117,1.254829430805072
5547,mg_1_5,market_outcome_v2,challenger_20260307,0.8763803667727652,1.2844529511887117,1.254829430805072
5547,mg_1_6,market_outcome_v2,challenger_20260307,0.9057661498795143,1.2844529511887117,1.254829430805072
5547,mg_2_3,market_outcome_v2,challenger_20260307,0.46981623714544096,1.2844529511887117,1.254829430805072
5547,mg_2_4,market_outcome_v2,challenger_20260307,0.606537645883986,1.2844529511887117,1.254829430805072
5547,mg_2_5,market_outcome_v2,challenger_20260307,0.6759724987742176,1.2844529511887117,1.254829430805072
5547,mg_2_6,market_outcome_v2,challenger_20260307,0.7053582818809668,1.2844529511887117,1.254829430805072
5547,mg_3_4,market_outcome_v2,challenger_20260307,0.35209156167316213,1.2844529511887117,1.254829430805072
5547,mg_3_5,market_outcome_v2,challenger_20260307,0.4215264145633938,1.2844529511887117,1.254829430805072
5547,mg_3_6,market_outcome_v2,challenger_20260307,0.4509121976701431,1.2844529511887117,1.254829430805072
5547,mg_4_5,market_outcome_v2,challenger_20260307,0.20615626162877665,1.2844529511887117,1.254829430805072
5547,mg_4_6,market_outcome_v2,challenger_20260307,0.23554204473552592,1.2844529511887117,1.254829430805072
5547,mg_5_6,market_outcome_v2,challenger_20260307,0.0988206359969809,1.2844529511887117,1.254829430805072
5547,mg_7p,market_outcome_v2,challenger_20260307,0.015310816817985339,1.2844529511887117,1.254829430805072
5547,hmg_0,market_outcome_v2,challenger_20260307,0.27680200012015155,1.2844529511887117,1.254829430805072
5547,hmg_1_2,market_outcome_v2,challenger_20260307,0.5838757985880918,1.2844529511887117,1.254829430805072
5547,hmg_1_3,market_outcome_v2,challenger_20260307,0.6816383610369219,1.2844529511887117,1.254829430805072
5547,hmg_2_3,market_outcome_v2,challenger_20260307,0.3260992150876551,1.2844529511887117,1.254829430805072
5547,hmg_4p,market_outcome_v2,challenger_20260307,0.04155963884292645,1.2844529511887117,1.254829430805072
5547,amg_0,market_outcome_v2,challenger_20260307,0.28512450512728255,1.2844529511887117,1.254829430805072
5547,amg_1_2,market_outcome_v2,challenger_20260307,0.5822607014802761,1.2844529511887117,1.254829430805072
5547,amg_1_3,market_outcome_v2,challenger_20260307,0.6761546023512748,1.2844529511887117,1.254829430805072
5547,amg_2_3,market_outcome_v2,challenger_20260307,0.3183719818738289,1.2844529511887117,1.254829430805072
5547,amg_4p,market_outcome_v2,challenger_20260307,0.03872089252144254,1.2844529511887117,1.254829430805072
5547,ms_h_1_0_2_0_3_0,market_outcome_v2,challenger_20260307,0.19435180036642435,1.2844529511887117,1.254829430805072
5547,ms_a_0_1_0_2_0_3,market_outcome_v2,challenger_20260307,0.18716094632127858,1.2844529511887117,1.254829430805072
5547,ms_h_4_0_5_0_6_0,market_outcome_v2,challenger_20260307,0.01174251042357173,1.2844529511887117,1.254829430805072
5547,ms_a_0_4_0_5_0_6,market_outcome_v2,challenger_20260307,0.01062738719140469,1.2844529511887117,1.254829430805072
5547,ms_h_2_1_3_1_4_1,market_outcome_v2,challenger_20260307,0.12790444890716948,1.2844529511887117,1.254829430805072
5547,ms_h_1_2_1_3_1_4,market_outcome_v2,challenger_20260307,0.1236661818644397,1.2844529511887117,1.254829430805072
5547,ms_h_3_2_4_2_5_1,market_outcome_v2,challenger_20260307,0.03187790795213718,1.2844529511887117,1.254829430805072
5547,ms_a_2_3_2_4_1_5,market_outcome_v2,challenger_20260307,0.030793357578608307,1.2844529511887117,1.254829430805072
5547,ms_draw,market_outcome_v2,challenger_20260307,0.2675516997016742,1.2844529511887117,1.254829430805072
5547,ms_other_homewin,market_outcome_v2,challenger_20260307,0.007359332354599951,1.2844529511887117,1.254829430805072
5547,ms_other_awaywin,market_outcome_v2,challenger_20260307,0.0069644273386917244,1.2844529511887117,1.254829430805072
21427,1x2_h,market_outcome_v2,challenger_20260307,0.2946239300434359,1.1251142336362894,1.4425475352644674
21427,1x2_d,market_outcome_v2,challenger_20260307,0.26184397528943026,1.1251142336362894,1.4425475352644674
21427,1x2_a,market_outcome_v2,challenger_20260307,0.44353209466713384,1.1251142336362894,1.4425475352644674
21427,dc_1x,market_outcome_v2,challenger_20260307,0.5564679053328662,1.1251142336362894,1.4425475352644674
21427,dc_x2,market_outcome_v2,challenger_20260307,0.7053760699565641,1.1251142336362894,1.4425475352644674
21427,dc_12,market_outcome_v2,challenger_20260307,0.7381560247105697,1.1251142336362894,1.4425475352644674
21427,o15,market_outcome_v2,challenger_20260307,0.7263077402314888,1.1251142336362894,1.4425475352644674
21427,u35,market_outcome_v2,challenger_20260307,0.7430198268980447,1.1251142336362894,1.4425475352644674
21427,ah_h05,market_outcome_v2,challenger_20260307,0.2946239300434359,1.1251142336362894,1.4425475352644674
21427,ah_a05,market_outcome_v2,challenger_20260307,0.44353209466713384,1.1251142336362894,1.4425475352644674
21427,ah_h15,market_outcome_v2,challenger_20260307,0.11653721988120475,1.1251142336362894,1.4425475352644674
21427,ah_a15,market_outcome_v2,challenger_20260307,0.21520101758387064,1.1251142336362894,1.4425475352644674
21427,eh_h1,market_outcome_v2,challenger_20260307,0.11653721988120475,1.1251142336362894,1.4425475352644674
21427,eh_a1,market_outcome_v2,challenger_20260307,0.21520101758387064,1.1251142336362894,1.4425475352644674
21427,mg_0,market_outcome_v2,challenger_20260307,0.07671474413698112,1.1251142336362894,1.4425475352644674
21427,mg_1_2,market_outcome_v2,challenger_20260307,0.44986333374159515,1.1251142336362894,1.4425475352644674
21427,mg_1_3,market_outcome_v2,challenger_20260307,0.6663050827610636,1.1251142336362894,1.4425475352644674
21427,mg_1_4,market_outcome_v2,challenger_20260307,0.8052423837988889,1.1251142336362894,1.4425475352644674
21427,mg_1_5,market_outcome_v2,challenger_20260307,0.876591183028705,1.1251142336362894,1.4425475352644674
21427,mg_1_6,market_outcome_v2,challenger_20260307,0.9071244470352674,1.1251142336362894,1.4425475352644674
21427,mg_2_3,market_outcome_v2,challenger_20260307,0.46932756712953366,1.1251142336362894,1.4425475352644674
21427,mg_2_4,market_outcome_v2,challenger_20260307,0.6082648681673591,1.1251142336362894,1.4425475352644674
21427,mg_2_5,market_outcome_v2,challenger_20260307,0.679613667397175,1.1251142336362894,1.4425475352644674
21427,mg_2_6,market_outcome_v2,challenger_20260307,0.7101469314037375,1.1251142336362894,1.4425475352644674
21427,mg_3_4,market_outcome_v2,challenger_20260307,0.35537905005729387,1.1251142336362894,1.4425475352644674
21427,mg_3_5,market_outcome_v2,challenger_20260307,0.42672784928711,1.1251142336362894,1.4425475352644674
21427,mg_3_6,market_outcome_v2,challenger_20260307,0.4572611132936722,1.1251142336362894,1.4425475352644674
21427,mg_4_5,market_outcome_v2,challenger_20260307,0.21028610026764144,1.1251142336362894,1.4425475352644674
21427,mg_4_6,market_outcome_v2,challenger_20260307,0.24081936427420383,1.1251142336362894,1.4425475352644674
21427,mg_5_6,market_outcome_v2,challenger_20260307,0.10188206323637836,1.1251142336362894,1.4425475352644674
21427,mg_7p,market_outcome_v2,challenger_20260307,0.016160808827751488,1.1251142336362894,1.4425475352644674
21427,hmg_0,market_outcome_v2,challenger_20260307,0.324615393889868,1.1251142336362894,1.4425475352644674
21427,hmg_1_2,market_outcome_v2,challenger_20260307,0.5706917984333233,1.1251142336362894,1.4425475352644674
21427,hmg_1_3,market_outcome_v2,challenger_20260307,0.6477480213720098,1.1251142336362894,1.4425475352644674
21427,hmg_2_3,market_outcome_v2,challenger_20260307,0.2825186212490688,1.1251142336362894,1.4425475352644674
21427,hmg_4p,market_outcome_v2,challenger_20260307,0.027636584738122222,1.1251142336362894,1.4425475352644674
21427,amg_0,market_outcome_v2,challenger_20260307,0.23632503442830588,1.1251142336362894,1.4425475352644674
21427,amg_1_2,market_outcome_v2,challenger_20260307,0.5867996052553548,1.1251142336362894,1.4425475352644674
21427,amg_1_3,market_outcome_v2,challenger_20260307,0.7050353737941052,1.1251142336362894,1.4425475352644674
21427,amg_2_3,market_outcome_v2,challenger_20260307,0.364125277858262,1.1251142336362894,1.4425475352644674
21427,amg_4p,market_outcome_v2,challenger_20260307,0.058639591777589005,1.1251142336362894,1.4425475352644674
21427,ms_h_1_0_2_0_3_0,market_outcome_v2,challenger_20260307,0.15307907345160723,1.1251142336362894,1.4425475352644674
21427,ms_a_0_1_0_2_0_3,market_outcome_v2,challenger_20260307,0.2288653355704637,1.1251142336362894,1.4425475352644674
21427,ms_h_4_0_5_0_6_0,market_outcome_v2,challenger_20260307,0.006490912002921093,1.1251142336362894,1.4425475352644674
21427,ms_a_0_4_0_5_0_6,market_outcome_v2,challenger_20260307,0.018795232219112976,1.1251142336362894,1.4425475352644674
21427,ms_h_2_1_3_1_4_1,market_outcome_v2,challenger_20260307,0.10370242545620632,1.1251142336362894,1.4425475352644674
21427,ms_h_1_2_1_3_1_4,market_outcome_v2,challenger_20260307,0.14856270384342274,1.1251142336362894,1.4425475352644674
21427,ms_h_3_2_4_2_5_1,market_outcome_v2,challenger_20260307,0.025939479047217488,1.1251142336362894,1.4425475352644674
21427,ms_a_2_3_2_4_1_5,market_outcome_v2,challenger_20260307,0.03754704556581475,1.1251142336362894,1.4425475352644674
21427,ms_draw,market_outcome_v2,challenger_20260307,0.26184397528943026,1.1251142336362894,1.4425475352644674
21427,ms_other_homewin,market_outcome_v2,challenger_20260307,0.005412040085483823,1.1251142336362894,1.4425475352644674
21427,ms_other_awaywin,market_outcome_v2,challenger_20260307,0.009761777468319646,1.1251142336362894,1.4425475352644674
21428,1x2_h,market_outcome_v2,challenger_20260307,0.5530611856661736,1.7745785541324821,1.0104500182524494
21428,1x2_d,market_outcome_v2,challenger_20260307,0.23310756303179486,1.7745785541324821,1.0104500182524494
21428,1x2_a,market_outcome_v2,challenger_20260307,0.2138312513020318,1.7745785541324821,1.0104500182524494
21428,dc_1x,market_outcome_v2,challenger_20260307,0.7861687486979685,1.7745785541324821,1.0104500182524494
21428,dc_x2,market_outcome_v2,challenger_20260307,0.44693881433382665,1.7745785541324821,1.0104500182524494
21428,dc_12,market_outcome_v2,challenger_20260307,0.7668924369682053,1.7745785541324821,1.0104500182524494
21428,o15,market_outcome_v2,challenger_20260307,0.7663596687053066,1.7745785541324821,1.0104500182524494
21428,u35,market_outcome_v2,challenger_20260307,0.6952684122526065,1.7745785541324821,1.0104500182524494
21428,ah_h05,market_outcome_v2,challenger_20260307,0.5530611856661736,1.7745785541324821,1.0104500182524494
21428,ah_a05,market_outcome_v2,challenger_20260307,0.2138312513020318,1.7745785541324821,1.0104500182524494
21428,ah_h15,market_outcome_v2,challenger_20260307,0.31115750807454473,1.7745785541324821,1.0104500182524494
21428,ah_a15,market_outcome_v2,challenger_20260307,0.0760906171280274,1.7745785541324821,1.0104500182524494
21428,eh_h1,market_outcome_v2,challenger_20260307,0.31115750807454473,1.7745785541324821,1.0104500182524494
21428,eh_a1,market_outcome_v2,challenger_20260307,0.0760906171280274,1.7745785541324821,1.0104500182524494
21428,mg_0,market_outcome_v2,challenger_20260307,0.06172749474054239,1.7745785541324821,1.0104500182524494
21428,mg_1_2,market_outcome_v2,challenger_20260307,0.41130391743567696,1.7745785541324821,1.0104500182524494
21428,mg_1_3,market_outcome_v2,challenger_20260307,0.6335409175120641,1.7745785541324821,1.0104500182524494
21428,mg_1_4,market_outcome_v2,challenger_20260307,0.7882750162755267,1.7745785541324821,1.0104500182524494
21428,mg_1_5,market_outcome_v2,challenger_20260307,0.874462793511222,1.7745785541324821,1.0104500182524494
21428,mg_1_6,market_outcome_v2,challenger_20260307,0.9144686972098482,1.7745785541324821,1.0104500182524494
21428,mg_2_3,market_outcome_v2,challenger_20260307,0.46162808095791297,1.7745785541324821,1.0104500182524494
21428,mg_2_4,market_outcome_v2,challenger_20260307,0.6163621797213756,1.7745785541324821,1.0104500182524494
21428,mg_2_5,market_outcome_v2,challenger_20260307,0.7025499569570708,1.7745785541324821,1.0104500182524494
21428,mg_2_6,market_outcome_v2,challenger_20260307,0.7425558606556971,1.7745785541324821,1.0104500182524494
21428,mg_3_4,market_outcome_v2,challenger_20260307,0.3769710988398498,1.7745785541324821,1.0104500182524494
21428,mg_3_5,market_outcome_v2,challenger_20260307,0.4631588760755448,1.7745785541324821,1.0104500182524494
21428,mg_3_6,market_outcome_v2,challenger_20260307,0.5031647797741713,1.7745785541324821,1.0104500182524494
21428,mg_4_5,market_outcome_v2,challenger_20260307,0.24092187599915765,1.7745785541324821,1.0104500182524494
21428,mg_4_6,market_outcome_v2,challenger_20260307,0.2809277796977841,1.7745785541324821,1.0104500182524494
21428,mg_5_6,market_outcome_v2,challenger_20260307,0.12619368093432146,1.7745785541324821,1.0104500182524494
21428,mg_7p,market_outcome_v2,challenger_20260307,0.023803808049609583,1.7745785541324821,1.0104500182524494
21428,hmg_0,market_outcome_v2,challenger_20260307,0.16955535616174916,1.7745785541324821,1.0104500182524494
21428,hmg_1_2,market_outcome_v2,challenger_20260307,0.5678651471770132,1.7745785541324821,1.0104500182524494
21428,hmg_1_3,market_outcome_v2,challenger_20260307,0.7257883521874989,1.7745785541324821,1.0104500182524494
21428,hmg_2_3,market_outcome_v2,challenger_20260307,0.42489905340456396,1.7745785541324821,1.0104500182524494
21428,hmg_4p,market_outcome_v2,challenger_20260307,0.10465629165075212,1.7745785541324821,1.0104500182524494
21428,amg_0,market_outcome_v2,challenger_20260307,0.3640551153197237,1.7745785541324821,1.0104500182524494
21428,amg_1_2,market_outcome_v2,challenger_20260307,0.5537113161133672,1.7745785541324821,1.0104500182524494
21428,amg_1_3,market_outcome_v2,challenger_20260307,0.6163093071420439,1.7745785541324821,1.0104500182524494
21428,amg_2_3,market_outcome_v2,challenger_20260307,0.24844980922233162,1.7745785541324821,1.0104500182524494
21428,amg_4p,market_outcome_v2,challenger_20260307,0.019635577538232637,1.7745785541324821,1.0104500182524494
21428,ms_h_1_0_2_0_3_0,market_outcome_v2,challenger_20260307,0.26422696225333203,1.7745785541324821,1.0104500182524494
21428,ms_a_0_1_0_2_0_3,market_outcome_v2,challenger_20260307,0.10449854407827011,1.7745785541324821,1.0104500182524494
21428,ms_h_4_0_5_0_6_0,market_outcome_v2,challenger_20260307,0.037236381417094004,1.7745785541324821,1.0104500182524494
21428,ms_a_0_4_0_5_0_6,market_outcome_v2,challenger_20260307,0.0033142759665312576,1.7745785541324821,1.0104500182524494
21428,ms_h_2_1_3_1_4_1,market_outcome_v2,challenger_20260307,0.18207604484433093,1.7745785541324821,1.0104500182524494
21428,ms_h_1_2_1_3_1_4,market_outcome_v2,challenger_20260307,0.07951386198101505,1.7745785541324821,1.0104500182524494
21428,ms_h_3_2_4_2_5_1,market_outcome_v2,challenger_20260307,0.05151862900380265,1.7745785541324821,1.0104500182524494
21428,ms_a_2_3_2_4_1_5,market_outcome_v2,challenger_20260307,0.02189538907746815,1.7745785541324821,1.0104500182524494
21428,ms_draw,market_outcome_v2,challenger_20260307,0.23310756303179486,1.7745785541324821,1.0104500182524494
21428,ms_other_homewin,market_outcome_v2,challenger_20260307,0.018003168147613872,1.7745785541324821,1.0104500182524494
21428,ms_other_awaywin,market_outcome_v2,challenger_20260307,0.004609180198747245,1.7745785541324821,1.0104500182524494
21429,1x2_h,market_outcome_v2,challenger_20260307,0.48119437614349025,1.55070184698939,1.0829318322429156
21429,1x2_d,market_outcome_v2,challenger_20260307,0.25356082522592277,1.55070184698939,1.0829318322429156
21429,1x2_a,market_outcome_v2,challenger_20260307,0.265244798630587,1.55070184698939,1.0829318322429156
21429,dc_1x,market_outcome_v2,challenger_20260307,0.734755201369413,1.55070184698939,1.0829318322429156
21429,dc_x2,market_outcome_v2,challenger_20260307,0.5188056238565097,1.55070184698939,1.0829318322429156
21429,dc_12,market_outcome_v2,challenger_20260307,0.7464391747740773,1.55070184698939,1.0829318322429156
21429,o15,market_outcome_v2,challenger_20260307,0.7390430260698753,1.55070184698939,1.0829318322429156
21429,u35,market_outcome_v2,challenger_20260307,0.7286661104746673,1.55070184698939,1.0829318322429156
21429,ah_h05,market_outcome_v2,challenger_20260307,0.48119437614349025,1.55070184698939,1.0829318322429156
21429,ah_a05,market_outcome_v2,challenger_20260307,0.265244798630587,1.55070184698939,1.0829318322429156
21429,ah_h15,market_outcome_v2,challenger_20260307,0.24615825329197283,1.55070184698939,1.0829318322429156
21429,ah_a15,market_outcome_v2,challenger_20260307,0.10110744388568986,1.55070184698939,1.0829318322429156
21429,eh_h1,market_outcome_v2,challenger_20260307,0.24615825329197283,1.55070184698939,1.0829318322429156
21429,eh_a1,market_outcome_v2,challenger_20260307,0.10110744388568986,1.55070184698939,1.0829318322429156
21429,mg_0,market_outcome_v2,challenger_20260307,0.07181708365969858,1.55070184698939,1.0829318322429156
21429,mg_1_2,market_outcome_v2,challenger_20260307,0.43820248282167484,1.55070184698939,1.0829318322429156
21429,mg_1_3,market_outcome_v2,challenger_20260307,0.6568490268149688,1.55070184698939,1.0829318322429156
21429,mg_1_4,market_outcome_v2,challenger_20260307,0.8008077523420903,1.55070184698939,1.0829318322429156
21429,mg_1_5,market_outcome_v2,challenger_20260307,0.8766346619356077,1.55070184698939,1.0829318322429156
21429,mg_1_6,market_outcome_v2,challenger_20260307,0.9099180457518729,1.55070184698939,1.0829318322429156
21429,mg_2_3,market_outcome_v2,challenger_20260307,0.4677091365445425,1.55070184698939,1.0829318322429156
21429,mg_2_4,market_outcome_v2,challenger_20260307,0.6116678620716642,1.55070184698939,1.0829318322429156
21429,mg_2_5,market_outcome_v2,challenger_20260307,0.6874947716651816,1.55070184698939,1.0829318322429156
21429,mg_2_6,market_outcome_v2,challenger_20260307,0.7207781554814467,1.55070184698939,1.0829318322429156
21429,mg_3_4,market_outcome_v2,challenger_20260307,0.3626052695204155,1.55070184698939,1.0829318322429156
21429,mg_3_5,market_outcome_v2,challenger_20260307,0.4384321791139329,1.55070184698939,1.0829318322429156
21429,mg_3_6,market_outcome_v2,challenger_20260307,0.47171556293019806,1.55070184698939,1.0829318322429156
21429,mg_4_5,market_outcome_v2,challenger_20260307,0.21978563512063906,1.55070184698939,1.0829318322429156
21429,mg_4_6,market_outcome_v2,challenger_20260307,0.25306901893690414,1.55070184698939,1.0829318322429156
21429,mg_5_6,market_outcome_v2,challenger_20260307,0.10911029340978254,1.55070184698939,1.0829318322429156
21429,mg_7p,market_outcome_v2,challenger_20260307,0.018264870588428548,1.55070184698939,1.0829318322429156
21429,hmg_0,market_outcome_v2,challenger_20260307,0.21209922159901515,1.55070184698939,1.0829318322429156
21429,hmg_1_2,market_outcome_v2,challenger_20260307,0.5839176317235177,1.55070184698939,1.0829318322429156
21429,hmg_1_3,market_outcome_v2,challenger_20260307,0.7157350303613521,1.55070184698939,1.0829318322429156
21429,hmg_2_3,market_outcome_v2,challenger_20260307,0.38683237568274753,1.55070184698939,1.0829318322429156
21429,hmg_4p,market_outcome_v2,challenger_20260307,0.07216574803963265,1.55070184698939,1.0829318322429156
21429,amg_0,market_outcome_v2,challenger_20260307,0.33860135420710114,1.55070184698939,1.0829318322429156
21429,amg_1_2,market_outcome_v2,challenger_20260307,0.5652280900899127,1.55070184698939,1.0829318322429156
21429,amg_1_3,market_outcome_v2,challenger_20260307,0.6368986503830011,1.55070184698939,1.0829318322429156
21429,amg_2_3,market_outcome_v2,challenger_20260307,0.27021646547157246,1.55070184698939,1.0829318322429156
21429,amg_4p,market_outcome_v2,challenger_20260307,0.024499995409897883,1.55070184698939,1.0829318322429156
21429,ms_h_1_0_2_0_3_0,market_outcome_v2,challenger_20260307,0.2423488505338145,1.55070184698939,1.0829318322429156
21429,ms_a_0_1_0_2_0_3,market_outcome_v2,challenger_20260307,0.13508570798369782,1.55070184698939,1.0829318322429156
21429,ms_h_4_0_5_0_6_0,market_outcome_v2,challenger_20260307,0.024056757454983205,1.55070184698939,1.0829318322429156
21429,ms_a_0_4_0_5_0_6,market_outcome_v2,challenger_20260307,0.005167722681391717,1.55070184698939,1.0829318322429156
21429,ms_h_2_1_3_1_4_1,market_outcome_v2,challenger_20260307,0.1605828697194551,1.55070184698939,1.0829318322429156
21429,ms_h_1_2_1_3_1_4,market_outcome_v2,challenger_20260307,0.09525680272269821,1.55070184698939,1.0829318322429156
21429,ms_h_3_2_4_2_5_1,market_outcome_v2,challenger_20260307,0.04212948349554939,1.55070184698939,1.0829318322429156
21429,ms_a_2_3_2_4_1_5,market_outcome_v2,challenger_20260307,0.024607500851359487,1.55070184698939,1.0829318322429156
21429,ms_draw,market_outcome_v2,challenger_20260307,0.25356082522592277,1.55070184698939,1.0829318322429156
21429,ms_other_homewin,market_outcome_v2,challenger_20260307,0.012076414939688014,1.55070184698939,1.0829318322429156
21429,ms_other_awaywin,market_outcome_v2,challenger_20260307,0.005127064391439775,1.55070184698939,1.0829318322429156
19901,1x2_h,market_outcome_v2,challenger_20260307,0.41275092615862496,1.3766362643794,1.1849688314006017
19901,1x2_d,market_outcome_v2,challenger_20260307,0.2647490666506792,1.3766362643794,1.1849688314006017
19901,1x2_a,market_outcome_v2,challenger_20260307,0.3225000071906959,1.3766362643794,1.1849688314006017
19901,dc_1x,market_outcome_v2,challenger_20260307,0.6774999928093042,1.3766362643794,1.1849688314006017
19901,dc_x2,market_outcome_v2,challenger_20260307,0.5872490738413751,1.3766362643794,1.1849688314006017
19901,dc_12,market_outcome_v2,challenger_20260307,0.7352509333493209,1.3766362643794,1.1849688314006017
19901,o15,market_outcome_v2,challenger_20260307,0.7251125362823337,1.3766362643794,1.1849688314006017
19901,u35,market_outcome_v2,challenger_20260307,0.7443299855705736,1.3766362643794,1.1849688314006017
19901,ah_h05,market_outcome_v2,challenger_20260307,0.41275092615862496,1.3766362643794,1.1849688314006017
19901,ah_a05,market_outcome_v2,challenger_20260307,0.3225000071906959,1.3766362643794,1.1849688314006017
19901,ah_h15,market_outcome_v2,challenger_20260307,0.19279967234167458,1.3766362643794,1.1849688314006017
19901,ah_a15,market_outcome_v2,challenger_20260307,0.1331723053535912,1.3766362643794,1.1849688314006017
19901,eh_h1,market_outcome_v2,challenger_20260307,0.19279967234167458,1.3766362643794,1.1849688314006017
19901,eh_a1,market_outcome_v2,challenger_20260307,0.1331723053535912,1.3766362643794,1.1849688314006017
19901,mg_0,market_outcome_v2,challenger_20260307,0.07718078122792697,1.3766362643794,1.1849688314006017
19901,mg_1_2,market_outcome_v2,challenger_20260307,0.4509299051574766,1.3766362643794,1.1849688314006017
19901,mg_1_3,market_outcome_v2,challenger_20260307,0.6671492043426467,1.3766362643794,1.1849688314006017
19901,mg_1_4,market_outcome_v2,challenger_20260307,0.8056163189923249,1.3766362643794,1.1849688314006017
19901,mg_1_5,market_outcome_v2,challenger_20260307,0.8765559322892387,1.3766362643794,1.1849688314006017
19901,mg_1_6,market_outcome_v2,challenger_20260307,0.9068424781082447,1.3766362643794,1.1849688314006017
19901,mg_2_3,market_outcome_v2,challenger_20260307,0.46944252185290747,1.3766362643794,1.1849688314006017
19901,mg_2_4,market_outcome_v2,challenger_20260307,0.6079096365025856,1.3766362643794,1.1849688314006017
19901,mg_2_5,market_outcome_v2,challenger_20260307,0.6788492497994993,1.3766362643794,1.1849688314006017
19901,mg_2_6,market_outcome_v2,challenger_20260307,0.7091357956185055,1.3766362643794,1.1849688314006017
19901,mg_3_4,market_outcome_v2,challenger_20260307,0.35468641383484817,1.3766362643794,1.1849688314006017
19901,mg_3_5,market_outcome_v2,challenger_20260307,0.425626027131762,1.3766362643794,1.1849688314006017
19901,mg_3_6,market_outcome_v2,challenger_20260307,0.4559125729507682,1.3766362643794,1.1849688314006017
19901,mg_4_5,market_outcome_v2,challenger_20260307,0.20940672794659188,1.3766362643794,1.1849688314006017
19901,mg_4_6,market_outcome_v2,challenger_20260307,0.23969327376559807,1.3766362643794,1.1849688314006017
19901,mg_5_6,market_outcome_v2,challenger_20260307,0.10122615911592,1.3766362643794,1.1849688314006017
19901,mg_7p,market_outcome_v2,challenger_20260307,0.01597674066382824,1.3766362643794,1.1849688314006017
19901,hmg_0,market_outcome_v2,challenger_20260307,0.2524262822717108,1.3766362643794,1.1849688314006017
19901,hmg_1_2,market_outcome_v2,challenger_20260307,0.5866891568202366,1.3766362643794,1.1849688314006017
19901,hmg_1_3,market_outcome_v2,challenger_20260307,0.696448358177521,1.3766362643794,1.1849688314006017
19901,hmg_2_3,market_outcome_v2,challenger_20260307,0.348949183919813,1.3766362643794,1.1849688314006017
19901,hmg_4p,market_outcome_v2,challenger_20260307,0.05112535955076809,1.3766362643794,1.1849688314006017
19901,amg_0,market_outcome_v2,challenger_20260307,0.3057557261206653,1.3766362643794,1.1849688314006017
19901,amg_1_2,market_outcome_v2,challenger_20260307,0.5769746298560374,1.3766362643794,1.1849688314006017
19901,amg_1_3,market_outcome_v2,challenger_20260307,0.6617645312316118,1.3766362643794,1.1849688314006017
19901,amg_2_3,market_outcome_v2,challenger_20260307,0.2994535257563646,1.3766362643794,1.1849688314006017
19901,amg_4p,market_outcome_v2,challenger_20260307,0.03247974264772298,1.3766362643794,1.1849688314006017
19901,ms_h_1_0_2_0_3_0,market_outcome_v2,challenger_20260307,0.21294307346011312,1.3766362643794,1.1849688314006017
19901,ms_a_0_1_0_2_0_3,market_outcome_v2,challenger_20260307,0.16704676035807725,1.3766362643794,1.1849688314006017
19901,ms_h_4_0_5_0_6_0,market_outcome_v2,challenger_20260307,0.015459396376998927,1.3766362643794,1.1849688314006017
19901,ms_a_0_4_0_5_0_6,market_outcome_v2,challenger_20260307,0.008139966240510632,1.3766362643794,1.1849688314006017
19901,ms_h_2_1_3_1_4_1,market_outcome_v2,challenger_20260307,0.14011429177358384,1.3766362643794,1.1849688314006017
19901,ms_h_1_2_1_3_1_4,market_outcome_v2,challenger_20260307,0.11278845797406066,1.3766362643794,1.1849688314006017
19901,ms_h_3_2_4_2_5_1,market_outcome_v2,challenger_20260307,0.03543831913033897,1.3766362643794,1.1849688314006017
19901,ms_a_2_3_2_4_1_5,market_outcome_v2,challenger_20260307,0.028357577136836707,1.3766362643794,1.1849688314006017
19901,ms_draw,market_outcome_v2,challenger_20260307,0.2647490666506792,1.3766362643794,1.1849688314006017
19901,ms_other_homewin,market_outcome_v2,challenger_20260307,0.008795845417590011,1.3766362643794,1.1849688314006017
19901,ms_other_awaywin,market_outcome_v2,challenger_20260307,0.006167245481210676,1.3766362643794,1.1849688314006017
22197,1x2_h,market_outcome_v2,challenger_20260307,0.49128474660654575,1.6224073721983878,1.1164274456454089
22197,1x2_d,market_outcome_v2,challenger_20260307,0.24673222485324675,1.6224073721983878,1.1164274456454089
22197,1x2_a,market_outcome_v2,challenger_20260307,0.2619830285402075,1.6224073721983878,1.1164274456454089
22197,dc_1x,market_outcome_v2,challenger_20260307,0.7380169714597925,1.6224073721983878,1.1164274456454089
22197,dc_x2,market_outcome_v2,challenger_20260307,0.5087152533934542,1.6224073721983878,1.1164274456454089
22197,dc_12,market_outcome_v2,challenger_20260307,0.7532677751467532,1.6224073721983878,1.1164274456454089
22197,o15,market_outcome_v2,challenger_20260307,0.7583003889045856,1.6224073721983878,1.1164274456454089
22197,u35,market_outcome_v2,challenger_20260307,0.7055135837779364,1.6224073721983878,1.1164274456454089
22197,ah_h05,market_outcome_v2,challenger_20260307,0.49128474660654575,1.6224073721983878,1.1164274456454089
22197,ah_a05,market_outcome_v2,challenger_20260307,0.2619830285402075,1.6224073721983878,1.1164274456454089
22197,ah_h15,market_outcome_v2,challenger_20260307,0.25799735572102767,1.6224073721983878,1.1164274456454089
22197,ah_a15,market_outcome_v2,challenger_20260307,0.10145093877616183,1.6224073721983878,1.1164274456454089
22197,eh_h1,market_outcome_v2,challenger_20260307,0.25799735572102767,1.6224073721983878,1.1164274456454089
22197,eh_a1,market_outcome_v2,challenger_20260307,0.10145093877616183,1.6224073721983878,1.1164274456454089
22197,mg_0,market_outcome_v2,challenger_20260307,0.06464570457670117,1.6224073721983878,1.1164274456454089
22197,mg_1_2,market_outcome_v2,challenger_20260307,0.41951460842306953,1.6224073721983878,1.1164274456454089
22197,mg_1_3,market_outcome_v2,challenger_20260307,0.6408678792012351,1.6224073721983878,1.1164274456454089
22197,mg_1_4,market_outcome_v2,challenger_20260307,0.7924303904639466,1.6224073721983878,1.1164274456454089
22197,mg_1_5,market_outcome_v2,challenger_20260307,0.8754513270491779,1.6224073721983878,1.1164274456454089
22197,mg_1_6,market_outcome_v2,challenger_20260307,0.9133480990041167,1.6224073721983878,1.1164274456454089
22197,mg_2_3,market_outcome_v2,challenger_20260307,0.4638139726825219,1.6224073721983878,1.1164274456454089
22197,mg_2_4,market_outcome_v2,challenger_20260307,0.6153764839452334,1.6224073721983878,1.1164274456454089
22197,mg_2_5,market_outcome_v2,challenger_20260307,0.6983974205304647,1.6224073721983878,1.1164274456454089
22197,mg_2_6,market_outcome_v2,challenger_20260307,0.7362941924854035,1.6224073721983878,1.1164274456454089
22197,mg_3_4,market_outcome_v2,challenger_20260307,0.37291578204087705,1.6224073721983878,1.1164274456454089
22197,mg_3_5,market_outcome_v2,challenger_20260307,0.45593671862610835,1.6224073721983878,1.1164274456454089
22197,mg_3_6,market_outcome_v2,challenger_20260307,0.4938334905810472,1.6224073721983878,1.1164274456454089
22197,mg_4_5,market_outcome_v2,challenger_20260307,0.23458344784794272,1.6224073721983878,1.1164274456454089
22197,mg_4_6,market_outcome_v2,challenger_20260307,0.2724802198028817,1.6224073721983878,1.1164274456454089
22197,mg_5_6,market_outcome_v2,challenger_20260307,0.12091770854017023,1.6224073721983878,1.1164274456454089
22197,mg_7p,market_outcome_v2,challenger_20260307,0.022006196419181983,1.6224073721983878,1.1164274456454089
22197,hmg_0,market_outcome_v2,challenger_20260307,0.1974230873014671,1.6224073721983878,1.1164274456454089
22197,hmg_1_2,market_outcome_v2,challenger_20260307,0.5801297582937058,1.6224073721983878,1.1164274456454089
22197,hmg_1_3,market_outcome_v2,challenger_20260307,0.7206459665137381,1.6224073721983878,1.1164274456454089
22197,hmg_2_3,market_outcome_v2,challenger_20260307,0.4003452942336721,1.6224073721983878,1.1164274456454089
22197,hmg_4p,market_outcome_v2,challenger_20260307,0.08193094618479455,1.6224073721983878,1.1164274456454089
22197,amg_0,market_outcome_v2,challenger_20260307,0.3274475415227729,1.6224073721983878,1.1164274456454089
22197,amg_1_2,market_outcome_v2,challenger_20260307,0.5696384070011735,1.6224073721983878,1.1164274456454089
22197,amg_1_3,market_outcome_v2,challenger_20260307,0.6455804011337632,1.6224073721983878,1.1164274456454089
22197,amg_2_3,market_outcome_v2,challenger_20260307,0.28000897876862496,1.6224073721983878,1.1164274456454089
22197,amg_4p,market_outcome_v2,challenger_20260307,0.026972057343463744,1.6224073721983878,1.1164274456454089
22197,ms_h_1_0_2_0_3_0,market_outcome_v2,challenger_20260307,0.23597375004322615,1.6224073721983878,1.1164274456454089
22197,ms_a_0_1_0_2_0_3,market_outcome_v2,challenger_20260307,0.1274524758931471,1.6224073721983878,1.1164274456454089
22197,ms_h_4_0_5_0_6_0,market_outcome_v2,challenger_20260307,0.026355480911086734,1.6224073721983878,1.1164274456454089
22197,ms_a_0_4_0_5_0_6,market_outcome_v2,challenger_20260307,0.0052927753934390144,1.6224073721983878,1.1164274456454089
22197,ms_h_2_1_3_1_4_1,market_outcome_v2,challenger_20260307,0.16719004214359945,1.6224073721983878,1.1164274456454089
22197,ms_h_1_2_1_3_1_4,market_outcome_v2,challenger_20260307,0.09647613529527045,1.6224073721983878,1.1164274456454089
22197,ms_h_3_2_4_2_5_1,market_outcome_v2,challenger_20260307,0.0470658882693732,1.6224073721983878,1.1164274456454089
22197,ms_a_2_3_2_4_1_5,market_outcome_v2,challenger_20260307,0.02675515954132093,1.6224073721983878,1.1164274456454089
22197,ms_draw,market_outcome_v2,challenger_20260307,0.24673222485324675,1.6224073721983878,1.1164274456454089
22197,ms_other_homewin,market_outcome_v2,challenger_20260307,0.01469958523926018,1.6224073721983878,1.1164274456454089
22197,ms_other_awaywin,market_outcome_v2,challenger_20260307,0.0060064824170299414,1.6224073721983878,1.1164274456454089
22198,1x2_h,market_outcome_v2,challenger_20260307,0.5853799285470461,1.8303225891909607,0.9306302908197676
22198,1x2_d,market_outcome_v2,challenger_20260307,0.2264737622831619,1.8303225891909607,0.9306302908197676
22198,1x2_a,market_outcome_v2,challenger_20260307,0.1881463091697921,1.8303225891909607,0.9306302908197676
22198,dc_1x,market_outcome_v2,challenger_20260307,0.8118536908302081,1.8303225891909607,0.9306302908197676
22198,dc_x2,market_outcome_v2,challenger_20260307,0.414620071452954,1.8303225891909607,0.9306302908197676
22198,dc_12,market_outcome_v2,challenger_20260307,0.7735262377168383,1.8303225891909607,0.9306302908197676
22198,o15,market_outcome_v2,challenger_20260307,0.7621884847388906,1.8303225891909607,0.9306302908197676
22198,u35,market_outcome_v2,challenger_20260307,0.700614392259086,1.8303225891909607,0.9306302908197676
22198,ah_h05,market_outcome_v2,challenger_20260307,0.5853799285470461,1.8303225891909607,0.9306302908197676
22198,ah_a05,market_outcome_v2,challenger_20260307,0.1881463091697921,1.8303225891909607,0.9306302908197676
22198,ah_h15,market_outcome_v2,challenger_20260307,0.3387640010014349,1.8303225891909607,0.9306302908197676
22198,ah_a15,market_outcome_v2,challenger_20260307,0.06275406753548754,1.8303225891909607,0.9306302908197676
22198,eh_h1,market_outcome_v2,challenger_20260307,0.3387640010014349,1.8303225891909607,0.9306302908197676
22198,eh_a1,market_outcome_v2,challenger_20260307,0.06275406753548754,1.8303225891909607,0.9306302908197676
22198,mg_0,market_outcome_v2,challenger_20260307,0.06323171888833425,1.8303225891909607,0.9306302908197676
22198,mg_1_2,market_outcome_v2,challenger_20260307,0.4155830921663253,1.8303225891909607,0.9306302908197676
22198,mg_1_3,market_outcome_v2,challenger_20260307,0.6373826733707518,1.8303225891909607,0.9306302908197676
22198,mg_1_4,market_outcome_v2,challenger_20260307,0.7904772214986354,1.8303225891909607,0.9306302908197676
22198,mg_1_5,market_outcome_v2,challenger_20260307,0.8750145882121597,1.8303225891909607,0.9306302908197676
22198,mg_1_6,market_outcome_v2,challenger_20260307,0.913915202561531,1.8303225891909607,0.9306302908197676
22198,mg_2_3,market_outcome_v2,challenger_20260307,0.46280287699797656,1.8303225891909607,0.9306302908197676
22198,mg_2_4,market_outcome_v2,challenger_20260307,0.6158974251258602,1.8303225891909607,0.9306302908197676
22198,mg_2_5,market_outcome_v2,challenger_20260307,0.7004347918393846,1.8303225891909607,0.9306302908197676
22198,mg_2_6,market_outcome_v2,challenger_20260307,0.7393354061887558,1.8303225891909607,0.9306302908197676
22198,mg_3_4,market_outcome_v2,challenger_20260307,0.3748941293323102,1.8303225891909607,0.9306302908197676
22198,mg_3_5,market_outcome_v2,challenger_20260307,0.4594314960458345,1.8303225891909607,0.9306302908197676
22198,mg_3_6,market_outcome_v2,challenger_20260307,0.4983321103952058,1.8303225891909607,0.9306302908197676
22198,mg_4_5,market_outcome_v2,challenger_20260307,0.237631914841408,1.8303225891909607,0.9306302908197676
22198,mg_4_6,market_outcome_v2,challenger_20260307,0.27653252919077925,1.8303225891909607,0.9306302908197676
22198,mg_5_6,market_outcome_v2,challenger_20260307,0.12343798106289565,1.8303225891909607,0.9306302908197676
22198,mg_7p,market_outcome_v2,challenger_20260307,0.022853078550134708,1.8303225891909607,0.9306302908197676
22198,hmg_0,market_outcome_v2,challenger_20260307,0.16036241417208,1.8303225891909607,0.9306302908197676
22198,hmg_1_2,market_outcome_v2,challenger_20260307,0.5621284699328044,1.8303225891909607,0.9306302908197676
22198,hmg_1_3,market_outcome_v2,challenger_20260307,0.7260116015702924,1.8303225891909607,0.9306302908197676
22198,hmg_2_3,market_outcome_v2,challenger_20260307,0.4324966524539378,1.8303225891909607,0.9306302908197676
22198,hmg_4p,market_outcome_v2,challenger_20260307,0.11362598425762756,1.8303225891909607,0.9306302908197676
22198,amg_0,market_outcome_v2,challenger_20260307,0.39430510705882876,1.8303225891909607,0.9306302908197676
22198,amg_1_2,market_outcome_v2,challenger_20260307,0.5377007283305013,1.8303225891909607,0.9306302908197676
22198,amg_1_3,market_outcome_v2,challenger_20260307,0.5906686221394905,1.8303225891909607,0.9306302908197676
22198,amg_2_3,market_outcome_v2,challenger_20260307,0.22371634568561297,1.8303225891909607,0.9306302908197676
22198,amg_4p,market_outcome_v2,challenger_20260307,0.015026270801680916,1.8303225891909607,0.9306302908197676
22198,ms_h_1_0_2_0_3_0,market_outcome_v2,challenger_20260307,0.2862700822831259,1.8303225891909607,0.9306302908197676
22198,ms_a_0_1_0_2_0_3,market_outcome_v2,challenger_20260307,0.09472104622198478,1.8303225891909607,0.9306302908197676
22198,ms_h_4_0_5_0_6_0,market_outcome_v2,challenger_20260307,0.04369487833198169,1.8303225891909607,0.9306302908197676
22198,ms_a_0_4_0_5_0_6,market_outcome_v2,challenger_20260307,0.0024010821925654563,1.8303225891909607,0.9306302908197676
22198,ms_h_2_1_3_1_4_1,market_outcome_v2,challenger_20260307,0.18622329045018857,1.8303225891909607,0.9306302908197676
22198,ms_h_1_2_1_3_1_4,market_outcome_v2,challenger_20260307,0.06928118854511096,1.8303225891909607,0.9306302908197676
22198,ms_h_3_2_4_2_5_1,market_outcome_v2,challenger_20260307,0.050860413316000594,1.8303225891909607,0.9306302908197676
22198,ms_a_2_3_2_4_1_5,market_outcome_v2,challenger_20260307,0.018211355322885696,1.8303225891909607,0.9306302908197676
22198,ms_draw,market_outcome_v2,challenger_20260307,0.2264737622831619,1.8303225891909607,0.9306302908197676
22198,ms_other_homewin,market_outcome_v2,challenger_20260307,0.018331264165749338,1.8303225891909607,0.9306302908197676
22198,ms_other_awaywin,market_outcome_v2,challenger_20260307,0.003531636887245165,1.8303225891909607,0.9306302908197676
19902,1x2_h,market_outcome_v2,challenger_20260307,0.43194974054270907,1.3901066116261749,1.1151375083668886
19902,1x2_d,market_outcome_v2,challenger_20260307,0.2666104106059662,1.3901066116261749,1.1151375083668886
19902,1x2_a,market_outcome_v2,challenger_20260307,0.3014398488513246,1.3901066116261749,1.1151375083668886
19902,dc_1x,market_outcome_v2,challenger_20260307,0.6985601511486752,1.3901066116261749,1.1151375083668886
19902,dc_x2,market_outcome_v2,challenger_20260307,0.5680502594572907,1.3901066116261749,1.1151375083668886
19902,dc_12,market_outcome_v2,challenger_20260307,0.7333895893940336,1.3901066116261749,1.1151375083668886
19902,o15,market_outcome_v2,challenger_20260307,0.7137768875622691,1.3901066116261749,1.1151375083668886
19902,u35,market_outcome_v2,challenger_20260307,0.7564547710032502,1.3901066116261749,1.1151375083668886
19902,ah_h05,market_outcome_v2,challenger_20260307,0.43194974054270907,1.3901066116261749,1.1151375083668886
19902,ah_a05,market_outcome_v2,challenger_20260307,0.3014398488513246,1.3901066116261749,1.1151375083668886
19902,ah_h15,market_outcome_v2,challenger_20260307,0.204553751312338,1.3901066116261749,1.1151375083668886
19902,ah_a15,market_outcome_v2,challenger_20260307,0.11902377031304659,1.3901066116261749,1.1151375083668886
19902,eh_h1,market_outcome_v2,challenger_20260307,0.204553751312338,1.3901066116261749,1.1151375083668886
19902,eh_a1,market_outcome_v2,challenger_20260307,0.11902377031304659,1.3901066116261749,1.1151375083668886
19902,mg_0,market_outcome_v2,challenger_20260307,0.08165568577811277,1.3901066116261749,1.1151375083668886
19902,mg_1_2,market_outcome_v2,challenger_20260307,0.46081309805017867,1.3901066116261749,1.1151375083668886
19902,mg_1_3,market_outcome_v2,challenger_20260307,0.6747990852251375,1.3901066116261749,1.1151375083668886
19902,mg_1_4,market_outcome_v2,challenger_20260307,0.8088208692578815,1.3901066116261749,1.1151375083668886
19902,mg_1_5,market_outcome_v2,challenger_20260307,0.8759723265376841,1.3901066116261749,1.1151375083668886
19902,mg_1_6,market_outcome_v2,challenger_20260307,0.9040107921208825,1.3901066116261749,1.1151375083668886
19902,mg_2_3,market_outcome_v2,challenger_20260307,0.4702316585655192,1.3901066116261749,1.1151375083668886
19902,mg_2_4,market_outcome_v2,challenger_20260307,0.6042534425982634,1.3901066116261749,1.1151375083668886
19902,mg_2_5,market_outcome_v2,challenger_20260307,0.671404899878066,1.3901066116261749,1.1151375083668886
19902,mg_2_6,market_outcome_v2,challenger_20260307,0.6994433654612644,1.3901066116261749,1.1151375083668886
19902,mg_3_4,market_outcome_v2,challenger_20260307,0.34800777120770293,1.3901066116261749,1.1151375083668886
19902,mg_3_5,market_outcome_v2,challenger_20260307,0.41515922848750547,1.3901066116261749,1.1151375083668886
19902,mg_3_6,market_outcome_v2,challenger_20260307,0.44319769407070386,1.3901066116261749,1.1151375083668886
19902,mg_4_5,market_outcome_v2,challenger_20260307,0.20117324131254663,1.3901066116261749,1.1151375083668886
19902,mg_4_6,market_outcome_v2,challenger_20260307,0.22921170689574513,1.3901066116261749,1.1151375083668886
19902,mg_5_6,market_outcome_v2,challenger_20260307,0.09518992286300093,1.3901066116261749,1.1151375083668886
19902,mg_7p,market_outcome_v2,challenger_20260307,0.014333522101004671,1.3901066116261749,1.1151375083668886
19902,hmg_0,market_outcome_v2,challenger_20260307,0.2490488174685746,1.3901066116261749,1.1151375083668886
19902,hmg_1_2,market_outcome_v2,challenger_20260307,0.5868349258958157,1.3901066116261749,1.1151375083668886
19902,hmg_1_3,market_outcome_v2,challenger_20260307,0.6983356172927458,1.3901066116261749,1.1151375083668886
19902,hmg_2_3,market_outcome_v2,challenger_20260307,0.35213120951199983,1.3901066116261749,1.1151375083668886
19902,hmg_4p,market_outcome_v2,challenger_20260307,0.05261556523867957,1.3901066116261749,1.1151375083668886
19902,amg_0,market_outcome_v2,challenger_20260307,0.32787020074253603,1.3901066116261749,1.1151375083668886
19902,amg_1_2,market_outcome_v2,challenger_20260307,0.5694788466415069,1.3901066116261749,1.1151375083668886
19902,amg_1_3,market_outcome_v2,challenger_20260307,0.6452555954001777,1.3901066116261749,1.1151375083668886
19902,amg_2_3,market_outcome_v2,challenger_20260307,0.2796352366763945,1.3901066116261749,1.1151375083668886
19902,amg_4p,market_outcome_v2,challenger_20260307,0.02687420385728629,1.3901066116261749,1.1151375083668886
19902,ms_h_1_0_2_0_3_0,market_outcome_v2,challenger_20260307,0.22896343902743538,1.3901066116261749,1.1151375083668886
19902,ms_a_0_1_0_2_0_3,market_outcome_v2,challenger_20260307,0.16070014299939528,1.3901066116261749,1.1151375083668886
19902,ms_h_4_0_5_0_6_0,market_outcome_v2,challenger_20260307,0.01705535410990242,1.3901066116261749,1.1151375083668886
19902,ms_a_0_4_0_5_0_6,market_outcome_v2,challenger_20260307,0.006652736972360854,1.3901066116261749,1.1151375083668886
19902,ms_h_2_1_3_1_4_1,market_outcome_v2,challenger_20260307,0.1429139313649073,1.3901066116261749,1.1151375083668886
19902,ms_h_1_2_1_3_1_4,market_outcome_v2,challenger_20260307,0.10412464899938528,1.3901066116261749,1.1151375083668886
19902,ms_h_3_2_4_2_5_1,market_outcome_v2,challenger_20260307,0.034568661821433,1.3901066116261749,1.1151375083668886
19902,ms_a_2_3_2_4_1_5,market_outcome_v2,challenger_20260307,0.024948763613311963,1.3901066116261749,1.1151375083668886
19902,ms_draw,market_outcome_v2,challenger_20260307,0.2666104106059662,1.3901066116261749,1.1151375083668886
19902,ms_other_homewin,market_outcome_v2,challenger_20260307,0.008448354219031047,1.3901066116261749,1.1151375083668886
19902,ms_other_awaywin,market_outcome_v2,challenger_20260307,0.005013556266871245,1.3901066116261749,1.1151375083668886
19903,1x2_h,market_outcome_v2,challenger_20260307,0.2909551842169986,1.1620423903984978,1.517556380724387
19903,1x2_d,market_outcome_v2,challenger_20260307,0.25455972751014894,1.1620423903984978,1.517556380724387
19903,1x2_a,market_outcome_v2,challenger_20260307,0.4544850882728525,1.1620423903984978,1.517556380724387
19903,dc_1x,market_outcome_v2,challenger_20260307,0.5455149117271476,1.1620423903984978,1.517556380724387
19903,dc_x2,market_outcome_v2,challenger_20260307,0.7090448157830014,1.1620423903984978,1.517556380724387
19903,dc_12,market_outcome_v2,challenger_20260307,0.7454402724898511,1.1620423903984978,1.517556380724387
19903,o15,market_outcome_v2,challenger_20260307,0.7476136907464601,1.1620423903984978,1.517556380724387
19903,u35,market_outcome_v2,challenger_20260307,0.7185852406782567,1.1620423903984978,1.517556380724387
19903,ah_h05,market_outcome_v2,challenger_20260307,0.2909551842169986,1.1620423903984978,1.517556380724387
19903,ah_a05,market_outcome_v2,challenger_20260307,0.4544850882728525,1.1620423903984978,1.517556380724387
19903,ah_h15,market_outcome_v2,challenger_20260307,0.1169958886382885,1.1620423903984978,1.517556380724387
19903,ah_a15,market_outcome_v2,challenger_20260307,0.22730487421778653,1.1620423903984978,1.517556380724387
19903,eh_h1,market_outcome_v2,challenger_20260307,0.1169958886382885,1.1620423903984978,1.517556380724387
19903,eh_a1,market_outcome_v2,challenger_20260307,0.22730487421778653,1.1620423903984978,1.517556380724387
19903,mg_0,market_outcome_v2,challenger_20260307,0.06859071462743216,1.1620423903984978,1.517556380724387
19903,mg_1_2,market_outcome_v2,challenger_20260307,0.4300448193750667,1.1620423903984978,1.517556380724387
19903,mg_1_3,market_outcome_v2,challenger_20260307,0.6499945260508245,1.1620423903984978,1.517556380724387
19903,mg_1_4,market_outcome_v2,challenger_20260307,0.7973387669801246,1.1620423903984978,1.517556380724387
19903,mg_1_5,market_outcome_v2,challenger_20260307,0.8763034563653618,1.1620423903984978,1.517556380724387
19903,mg_1_6,market_outcome_v2,challenger_20260307,0.9115690704718254,1.1620423903984978,1.517556380724387
19903,mg_2_3,market_outcome_v2,challenger_20260307,0.4661989314247169,1.1620423903984978,1.517556380724387
19903,mg_2_4,market_outcome_v2,challenger_20260307,0.6135431723540168,1.1620423903984978,1.517556380724387
19903,mg_2_5,market_outcome_v2,challenger_20260307,0.6925078617392542,1.1620423903984978,1.517556380724387
19903,mg_2_6,market_outcome_v2,challenger_20260307,0.7277734758457177,1.1620423903984978,1.517556380724387
19903,mg_3_4,market_outcome_v2,challenger_20260307,0.36729394760505774,1.1620423903984978,1.517556380724387
19903,mg_3_5,market_outcome_v2,challenger_20260307,0.44625863699029517,1.1620423903984978,1.517556380724387
19903,mg_3_6,market_outcome_v2,challenger_20260307,0.4815242510967589,1.1620423903984978,1.517556380724387
19903,mg_4_5,market_outcome_v2,challenger_20260307,0.22630893031453722,1.1620423903984978,1.517556380724387
19903,mg_4_6,market_outcome_v2,challenger_20260307,0.2615745444210009,1.1620423903984978,1.517556380724387
19903,mg_5_6,market_outcome_v2,challenger_20260307,0.11423030349170099,1.1620423903984978,1.517556380724387
19903,mg_7p,market_outcome_v2,challenger_20260307,0.019840214900742406,1.1620423903984978,1.517556380724387
19903,hmg_0,market_outcome_v2,challenger_20260307,0.3128465872551989,1.1620423903984978,1.517556380724387
19903,hmg_1_2,market_outcome_v2,challenger_20260307,0.5747660201295579,1.1620423903984978,1.517556380724387
19903,hmg_1_3,market_outcome_v2,challenger_20260307,0.6565834974149425,1.1620423903984978,1.517556380724387
19903,hmg_2_3,market_outcome_v2,challenger_20260307,0.293042501332899,1.1620423903984978,1.517556380724387
19903,hmg_4p,market_outcome_v2,challenger_20260307,0.03056991532985862,1.1620423903984978,1.517556380724387
19903,amg_0,market_outcome_v2,challenger_20260307,0.21924712437882704,1.1620423903984978,1.517556380724387
19903,amg_1_2,market_outcome_v2,challenger_20260307,0.5851804553525702,1.1620423903984978,1.517556380724387
19903,amg_1_3,market_outcome_v2,challenger_20260307,0.7128881781203966,1.1620423903984978,1.517556380724387
19903,amg_2_3,market_outcome_v2,challenger_20260307,0.3801683055638344,1.1620423903984978,1.517556380724387
19903,amg_4p,market_outcome_v2,challenger_20260307,0.06786469750077632,1.1620423903984978,1.517556380724387
19903,ms_h_1_0_2_0_3_0,market_outcome_v2,challenger_20260307,0.14395404372281914,1.1620423903984978,1.517556380724387
19903,ms_a_0_1_0_2_0_3,market_outcome_v2,challenger_20260307,0.22302463361954247,1.1620423903984978,1.517556380724387
19903,ms_h_4_0_5_0_6_0,market_outcome_v2,challenger_20260307,0.006656955381273447,1.1620423903984978,1.517556380724387
19903,ms_a_0_4_0_5_0_6,market_outcome_v2,challenger_20260307,0.020921833273328395,1.1620423903984978,1.517556380724387
19903,ms_h_2_1_3_1_4_1,market_outcome_v2,challenger_20260307,0.10540943051692367,1.1620423903984978,1.517556380724387
19903,ms_h_1_2_1_3_1_4,market_outcome_v2,challenger_20260307,0.15582065925201186,1.1620423903984978,1.517556380724387
19903,ms_h_3_2_4_2_5_1,market_outcome_v2,challenger_20260307,0.028494355759286716,1.1620423903984978,1.517556380724387
19903,ms_a_2_3_2_4_1_5,market_outcome_v2,challenger_20260307,0.04255512868227548,1.1620423903984978,1.517556380724387
19903,ms_draw,market_outcome_v2,challenger_20260307,0.25455972751014894,1.1620423903984978,1.517556380724387
19903,ms_other_homewin,market_outcome_v2,challenger_20260307,0.006440398836695676,1.1620423903984978,1.517556380724387
19903,ms_other_awaywin,market_outcome_v2,challenger_20260307,0.012162833445694266,1.1620423903984978,1.517556380724387
20152,1x2_h,market_outcome_v2,challenger_20260307,0.3974511302700778,1.2669141539124487,1.119749543742122
20152,1x2_d,market_outcome_v2,challenger_20260307,0.27658953907983447,1.2669141539124487,1.119749543742122
20152,1x2_a,market_outcome_v2,challenger_20260307,0.32595933065008775,1.2669141539124487,1.119749543742122
20152,dc_1x,market_outcome_v2,challenger_20260307,0.6740406693499122,1.2669141539124487,1.119749543742122
20152,dc_x2,market_outcome_v2,challenger_20260307,0.6025488697299222,1.2669141539124487,1.119749543742122
20152,dc_12,market_outcome_v2,challenger_20260307,0.7234104609201655,1.2669141539124487,1.119749543742122
20152,o15,market_outcome_v2,challenger_20260307,0.6886439863850158,1.2669141539124487,1.119749543742122
20152,u35,market_outcome_v2,challenger_20260307,0.7815058099820977,1.2669141539124487,1.119749543742122
20152,ah_h05,market_outcome_v2,challenger_20260307,0.3974511302700778,1.2669141539124487,1.119749543742122
20152,ah_a05,market_outcome_v2,challenger_20260307,0.32595933065008775,1.2669141539124487,1.119749543742122
20152,ah_h15,market_outcome_v2,challenger_20260307,0.1763441198106771,1.2669141539124487,1.119749543742122
20152,ah_a15,market_outcome_v2,challenger_20260307,0.13053608645038003,1.2669141539124487,1.119749543742122
20152,eh_h1,market_outcome_v2,challenger_20260307,0.1763441198106771,1.2669141539124487,1.119749543742122
20152,eh_a1,market_outcome_v2,challenger_20260307,0.13053608645038003,1.2669141539124487,1.119749543742122
20152,mg_0,market_outcome_v2,challenger_20260307,0.0919359113899066,1.2669141539124487,1.119749543742122
20152,mg_1_2,market_outcome_v2,challenger_20260307,0.4812610984832011,1.2669141539124487,1.119749543742122
20152,mg_1_3,market_outcome_v2,challenger_20260307,0.6895698985921911,1.2669141539124487,1.119749543742122
20152,mg_1_4,market_outcome_v2,challenger_20260307,0.8138606613727183,1.2669141539124487,1.119749543742122
20152,mg_1_5,market_outcome_v2,challenger_20260307,0.8731887116691344,1.2669141539124487,1.119749543742122
20152,mg_1_6,market_outcome_v2,challenger_20260307,0.8967880623183145,1.2669141539124487,1.119749543742122
20152,mg_2_3,market_outcome_v2,challenger_20260307,0.4701497963671136,1.2669141539124487,1.119749543742122
20152,mg_2_4,market_outcome_v2,challenger_20260307,0.5944405591476408,1.2669141539124487,1.119749543742122
20152,mg_2_5,market_outcome_v2,challenger_20260307,0.6537686094440569,1.2669141539124487,1.119749543742122
20152,mg_2_6,market_outcome_v2,challenger_20260307,0.677367960093237,1.2669141539124487,1.119749543742122
20152,mg_3_4,market_outcome_v2,challenger_20260307,0.33259956288951725,1.2669141539124487,1.119749543742122
20152,mg_3_5,market_outcome_v2,challenger_20260307,0.3919276131859333,1.2669141539124487,1.119749543742122
20152,mg_3_6,market_outcome_v2,challenger_20260307,0.41552696383511345,1.2669141539124487,1.119749543742122
20152,mg_4_5,market_outcome_v2,challenger_20260307,0.18361881307694328,1.2669141539124487,1.119749543742122
20152,mg_4_6,market_outcome_v2,challenger_20260307,0.2072181637261234,1.2669141539124487,1.119749543742122
20152,mg_5_6,market_outcome_v2,challenger_20260307,0.08292740094559616,1.2669141539124487,1.119749543742122
20152,mg_7p,market_outcome_v2,challenger_20260307,0.0112760262917789,1.2669141539124487,1.119749543742122
20152,hmg_0,market_outcome_v2,challenger_20260307,0.28169959338509,1.2669141539124487,1.119749543742122
20152,hmg_1_2,market_outcome_v2,challenger_20260307,0.5829631927140494,1.2669141539124487,1.119749543742122
20152,hmg_1_3,market_outcome_v2,challenger_20260307,0.6784353055984577,1.2669141539124487,1.119749543742122
20152,hmg_2_3,market_outcome_v2,challenger_20260307,0.3215461035875056,1.2669141539124487,1.119749543742122
20152,hmg_4p,market_outcome_v2,challenger_20260307,0.03986510101645228,1.2669141539124487,1.119749543742122
20152,amg_0,market_outcome_v2,challenger_20260307,0.32636153387778605,1.2669141539124487,1.119749543742122
20152,amg_1_2,market_outcome_v2,challenger_20260307,0.5700455949357264,1.2669141539124487,1.119749543742122
20152,amg_1_3,market_outcome_v2,challenger_20260307,0.6464134156954909,1.2669141539124487,1.119749543742122
20152,amg_2_3,market_outcome_v2,challenger_20260307,0.2809702370408609,1.2669141539124487,1.119749543742122
20152,amg_4p,market_outcome_v2,challenger_20260307,0.027225050426723046,1.2669141539124487,1.119749543742122
20152,ms_h_1_0_2_0_3_0,market_outcome_v2,challenger_20260307,0.2214151869719572,1.2669141539124487,1.119749543742122
20152,ms_a_0_1_0_2_0_3,market_outcome_v2,challenger_20260307,0.18209439636008692,1.2669141539124487,1.119749543742122
20152,ms_h_4_0_5_0_6_0,market_outcome_v2,challenger_20260307,0.012897339752732639,1.2669141539124487,1.119749543742122
20152,ms_a_0_4_0_5_0_6,market_outcome_v2,challenger_20260307,0.007622607967656582,1.2669141539124487,1.119749543742122
20152,ms_h_2_1_3_1_4_1,market_outcome_v2,challenger_20260307,0.12855737245881466,1.2669141539124487,1.119749543742122
20152,ms_h_1_2_1_3_1_4,market_outcome_v2,challenger_20260307,0.10790489532024264,1.2669141539124487,1.119749543742122
20152,ms_h_3_2_4_2_5_1,market_outcome_v2,challenger_20260307,0.028520762506091757,1.2669141539124487,1.119749543742122
20152,ms_a_2_3_2_4_1_5,market_outcome_v2,challenger_20260307,0.02380649460985904,1.2669141539124487,1.119749543742122
20152,ms_draw,market_outcome_v2,challenger_20260307,0.27658953907983447,1.2669141539124487,1.119749543742122
20152,ms_other_homewin,market_outcome_v2,challenger_20260307,0.006060468580481563,1.2669141539124487,1.119749543742122
20152,ms_other_awaywin,market_outcome_v2,challenger_20260307,0.004530936392242542,1.2669141539124487,1.119749543742122
21708,1x2_h,market_outcome_v2,challenger_20260307,0.4280597277858356,1.3713995514282844,1.1102355725382793
21708,1x2_d,market_outcome_v2,challenger_20260307,0.26838557033798904,1.3713995514282844,1.1102355725382793
21708,1x2_a,market_outcome_v2,challenger_20260307,0.3035547018761753,1.3713995514282844,1.1102355725382793
21708,dc_1x,market_outcome_v2,challenger_20260307,0.6964452981238247,1.3713995514282844,1.1102355725382793
21708,dc_x2,market_outcome_v2,challenger_20260307,0.5719402722141643,1.3713995514282844,1.1102355725382793
21708,dc_12,market_outcome_v2,challenger_20260307,0.7316144296620108,1.3713995514282844,1.1102355725382793
21708,o15,market_outcome_v2,challenger_20260307,0.7089129213663703,1.3713995514282844,1.1102355725382793
21708,u35,market_outcome_v2,challenger_20260307,0.7614947557082197,1.3713995514282844,1.1102355725382793
21708,ah_h05,market_outcome_v2,challenger_20260307,0.4280597277858356,1.3713995514282844,1.1102355725382793
21708,ah_a05,market_outcome_v2,challenger_20260307,0.3035547018761753,1.3713995514282844,1.1102355725382793
21708,ah_h15,market_outcome_v2,challenger_20260307,0.20092821008438902,1.3713995514282844,1.1102355725382793
21708,ah_a15,market_outcome_v2,challenger_20260307,0.1196772240586242,1.3713995514282844,1.1102355725382793
21708,eh_h1,market_outcome_v2,challenger_20260307,0.20092821008438902,1.3713995514282844,1.1102355725382793
21708,eh_a1,market_outcome_v2,challenger_20260307,0.1196772240586242,1.3713995514282844,1.1102355725382793
21708,mg_0,market_outcome_v2,challenger_20260307,0.08360642866619507,1.3713995514282844,1.1102355725382793
21708,mg_1_2,market_outcome_v2,challenger_20260307,0.4649262842187336,1.3713995514282844,1.1102355725382793
21708,mg_1_3,market_outcome_v2,challenger_20260307,0.6778883270420246,1.3713995514282844,1.1102355725382793
21708,mg_1_4,market_outcome_v2,challenger_20260307,0.8100118484275122,1.3713995514282844,1.1102355725382793
21708,mg_1_5,market_outcome_v2,challenger_20260307,0.8755883227019868,1.3713995514282844,1.1102355725382793
21708,mg_1_6,market_outcome_v2,challenger_20260307,0.9027111363462245,1.3713995514282844,1.1102355725382793
21708,mg_2_3,market_outcome_v2,challenger_20260307,0.47040767707458997,1.3713995514282844,1.1102355725382793
21708,mg_2_4,market_outcome_v2,challenger_20260307,0.6025311984600775,1.3713995514282844,1.1102355725382793
21708,mg_2_5,market_outcome_v2,challenger_20260307,0.6681076727345521,1.3713995514282844,1.1102355725382793
21708,mg_2_6,market_outcome_v2,challenger_20260307,0.6952304863787899,1.3713995514282844,1.1102355725382793
21708,mg_3_4,market_outcome_v2,challenger_20260307,0.34508556420877856,1.3713995514282844,1.1102355725382793
21708,mg_3_5,market_outcome_v2,challenger_20260307,0.4106620384832532,1.3713995514282844,1.1102355725382793
21708,mg_3_6,market_outcome_v2,challenger_20260307,0.43778485212749096,1.3713995514282844,1.1102355725382793
21708,mg_4_5,market_outcome_v2,challenger_20260307,0.19769999565996227,1.3713995514282844,1.1102355725382793
21708,mg_4_6,market_outcome_v2,challenger_20260307,0.22482280930419996,1.3713995514282844,1.1102355725382793
21708,mg_5_6,market_outcome_v2,challenger_20260307,0.09269928791871239,1.3713995514282844,1.1102355725382793
21708,mg_7p,market_outcome_v2,challenger_20260307,0.01368243498758037,1.3713995514282844,1.1102355725382793
21708,hmg_0,market_outcome_v2,challenger_20260307,0.2537516312435069,1.3713995514282844,1.1102355725382793
21708,hmg_1_2,market_outcome_v2,challenger_20260307,0.5866148798066506,1.3713995514282844,1.1102355725382793
21708,hmg_1_3,market_outcome_v2,challenger_20260307,0.6956960031192433,1.3713995514282844,1.1102355725382793
21708,hmg_2_3,market_outcome_v2,challenger_20260307,0.3477011298577025,1.3713995514282844,1.1102355725382793
21708,hmg_4p,market_outcome_v2,challenger_20260307,0.050552365637249796,1.3713995514282844,1.1102355725382793
21708,amg_0,market_outcome_v2,challenger_20260307,0.329481344637994,1.3713995514282844,1.1102355725382793
21708,amg_1_2,market_outcome_v2,challenger_20260307,0.5688650554111758,1.3713995514282844,1.1102355725382793
21708,amg_1_3,market_outcome_v2,challenger_20260307,0.6440143648374379,1.3713995514282844,1.1102355725382793
21708,amg_2_3,market_outcome_v2,challenger_20260307,0.27821245553259233,1.3713995514282844,1.1102355725382793
21708,amg_4p,market_outcome_v2,challenger_20260307,0.0265042905245682,1.3713995514282844,1.1102355725382793
21708,ms_h_1_0_2_0_3_0,market_outcome_v2,challenger_20260307,0.22921885456700636,1.3713995514282844,1.1102355725382793
21708,ms_a_0_1_0_2_0_3,market_outcome_v2,challenger_20260307,0.16341969562175082,1.3713995514282844,1.1102355725382793
21708,ms_h_4_0_5_0_6_0,market_outcome_v2,challenger_20260307,0.016474281172609444,1.3713995514282844,1.1102355725382793
21708,ms_a_0_4_0_5_0_6,market_outcome_v2,challenger_20260307,0.006685572422158955,1.3713995514282844,1.1102355725382793
21708,ms_h_2_1_3_1_4_1,market_outcome_v2,challenger_20260307,0.1408701619118508,1.3713995514282844,1.1102355725382793
21708,ms_h_1_2_1_3_1_4,market_outcome_v2,challenger_20260307,0.10407511024966937,1.3713995514282844,1.1102355725382793
21708,ms_h_3_2_4_2_5_1,market_outcome_v2,challenger_20260307,0.033496868849947944,1.3713995514282844,1.1102355725382793
21708,ms_a_2_3_2_4_1_5,market_outcome_v2,challenger_20260307,0.024521102142516116,1.3713995514282844,1.1102355725382793
21708,ms_draw,market_outcome_v2,challenger_20260307,0.26838557033798904,1.3713995514282844,1.1102355725382793
21708,ms_other_homewin,market_outcome_v2,challenger_20260307,0.007999561284421091,1.3713995514282844,1.1102355725382793
21708,ms_other_awaywin,market_outcome_v2,challenger_20260307,0.004853221440080031,1.3713995514282844,1.1102355725382793
5548,1x2_h,market_outcome_v2,challenger_20260307,0.5052097058337907,1.6162976090111585,1.0510174225497326
5548,1x2_d,market_outcome_v2,challenger_20260307,0.2480247235547979,1.6162976090111585,1.0510174225497326
5548,1x2_a,market_outcome_v2,challenger_20260307,0.2467655706114115,1.6162976090111585,1.0510174225497326
5548,dc_1x,market_outcome_v2,challenger_20260307,0.7532344293885885,1.6162976090111585,1.0510174225497326
5548,dc_x2,market_outcome_v2,challenger_20260307,0.4947902941662094,1.6162976090111585,1.0510174225497326
5548,dc_12,market_outcome_v2,challenger_20260307,0.7519752764452021,1.6162976090111585,1.0510174225497326
5548,o15,market_outcome_v2,challenger_20260307,0.7453471644719256,1.6162976090111585,1.0510174225497326
5548,u35,market_outcome_v2,challenger_20260307,0.7212853824481732,1.6162976090111585,1.0510174225497326
5548,ah_h05,market_outcome_v2,challenger_20260307,0.5052097058337907,1.6162976090111585,1.0510174225497326
5548,ah_a05,market_outcome_v2,challenger_20260307,0.2467655706114115,1.6162976090111585,1.0510174225497326
5548,ah_h15,market_outcome_v2,challenger_20260307,0.2664934475815843,1.6162976090111585,1.0510174225497326
5548,ah_a15,market_outcome_v2,challenger_20260307,0.09153738424884773,1.6162976090111585,1.0510174225497326
5548,eh_h1,market_outcome_v2,challenger_20260307,0.2664934475815843,1.6162976090111585,1.0510174225497326
5548,eh_a1,market_outcome_v2,challenger_20260307,0.09153738424884773,1.6162976090111585,1.0510174225497326
5548,mg_0,market_outcome_v2,challenger_20260307,0.06943849473975743,1.6162976090111585,1.0510174225497326
5548,mg_1_2,market_outcome_v2,challenger_20260307,0.4322268384109763,1.6162976090111585,1.0510174225497326
5548,mg_1_3,market_outcome_v2,challenger_20260307,0.6518468877084157,1.6162976090111585,1.0510174225497326
5548,mg_1_4,market_outcome_v2,challenger_20260307,0.7982958523892169,1.6162976090111585,1.0510174225497326
5548,mg_1_5,market_outcome_v2,challenger_20260307,0.8764209573591432,1.6162976090111585,1.0510174225497326
5548,mg_1_6,market_outcome_v2,challenger_20260307,0.9111516684972357,1.6162976090111585,1.0510174225497326
5548,mg_2_3,market_outcome_v2,challenger_20260307,0.466632546920099,1.6162976090111585,1.0510174225497326
5548,mg_2_4,market_outcome_v2,challenger_20260307,0.6130815116009001,1.6162976090111585,1.0510174225497326
5548,mg_2_5,market_outcome_v2,challenger_20260307,0.6912066165708262,1.6162976090111585,1.0510174225497326
5548,mg_2_6,market_outcome_v2,challenger_20260307,0.725937327708919,1.6162976090111585,1.0510174225497326
5548,mg_3_4,market_outcome_v2,challenger_20260307,0.36606901397824065,1.6162976090111585,1.0510174225497326
5548,mg_3_5,market_outcome_v2,challenger_20260307,0.44419411894816674,1.6162976090111585,1.0510174225497326
5548,mg_3_6,market_outcome_v2,challenger_20260307,0.4789248300862595,1.6162976090111585,1.0510174225497326
5548,mg_4_5,market_outcome_v2,challenger_20260307,0.22457406965072724,1.6162976090111585,1.0510174225497326
5548,mg_4_6,market_outcome_v2,challenger_20260307,0.25930478078881997,1.6162976090111585,1.0510174225497326
5548,mg_5_6,market_outcome_v2,challenger_20260307,0.11285581610801891,1.6162976090111585,1.0510174225497326
5548,mg_7p,market_outcome_v2,challenger_20260307,0.01940983676300674,1.6162976090111585,1.0510174225497326
5548,hmg_0,market_outcome_v2,challenger_20260307,0.19863297973974361,1.6162976090111585,1.0510174225497326
5548,hmg_1_2,market_outcome_v2,challenger_20260307,0.5805061921732275,1.6162976090111585,1.0510174225497326
5548,hmg_1_3,market_outcome_v2,challenger_20260307,0.720292327682402,1.6162976090111585,1.0510174225497326
5548,hmg_2_3,market_outcome_v2,challenger_20260307,0.39924231745829253,1.6162976090111585,1.0510174225497326
5548,hmg_4p,market_outcome_v2,challenger_20260307,0.08107469257785425,1.6162976090111585,1.0510174225497326
5548,amg_0,market_outcome_v2,challenger_20260307,0.3495819014080055,1.6162976090111585,1.0510174225497326
5548,amg_1_2,market_outcome_v2,challenger_20260307,0.5604973292086001,1.6162976090111585,1.0510174225497326
5548,amg_1_3,market_outcome_v2,challenger_20260307,0.6281410418250618,1.6162976090111585,1.0510174225497326
5548,amg_2_3,market_outcome_v2,challenger_20260307,0.26072437283718497,1.6162976090111585,1.0510174225497326
5548,amg_4p,market_outcome_v2,challenger_20260307,0.022277056766932635,1.6162976090111585,1.0510174225497326
5548,ms_h_1_0_2_0_3_0,market_outcome_v2,challenger_20260307,0.25180116148081233,1.6162976090111585,1.0510174225497326
5548,ms_a_0_1_0_2_0_3,market_outcome_v2,challenger_20260307,0.12476952683453893,1.6162976090111585,1.0510174225497326
5548,ms_h_4_0_5_0_6_0,market_outcome_v2,challenger_20260307,0.02784827113439547,1.6162976090111585,1.0510174225497326
5548,ms_a_0_4_0_5_0_6,market_outcome_v2,challenger_20260307,0.004402544825299392,1.6162976090111585,1.0510174225497326
5548,ms_h_2_1_3_1_4_1,market_outcome_v2,challenger_20260307,0.16744144521800164,1.6162976090111585,1.0510174225497326
5548,ms_h_1_2_1_3_1_4,market_outcome_v2,challenger_20260307,0.08941180274976825,1.6162976090111585,1.0510174225497326
5548,ms_h_3_2_4_2_5_1,market_outcome_v2,challenger_20260307,0.044604624670013554,1.6162976090111585,1.0510174225497326
5548,ms_a_2_3_2_4_1_5,market_outcome_v2,challenger_20260307,0.023361542162107923,1.6162976090111585,1.0510174225497326
5548,ms_draw,market_outcome_v2,challenger_20260307,0.2480247235547979,1.6162976090111585,1.0510174225497326
5548,ms_other_homewin,market_outcome_v2,challenger_20260307,0.013514203330567583,1.6162976090111585,1.0510174225497326
5548,ms_other_awaywin,market_outcome_v2,challenger_20260307,0.004820154039696967,1.6162976090111585,1.0510174225497326
12146,1x2_h,market_outcome_v2,challenger_20260307,0.4042006873597986,1.4373358818134883,1.297697871190256
12146,1x2_d,market_outcome_v2,challenger_20260307,0.2555388956822352,1.4373358818134883,1.297697871190256
12146,1x2_a,market_outcome_v2,challenger_20260307,0.3402604169579663,1.4373358818134883,1.297697871190256
12146,dc_1x,market_outcome_v2,challenger_20260307,0.6597395830420338,1.4373358818134883,1.297697871190256
12146,dc_x2,market_outcome_v2,challenger_20260307,0.5957993126402015,1.4373358818134883,1.297697871190256
12146,dc_12,market_outcome_v2,challenger_20260307,0.7444611043177649,1.4373358818134883,1.297697871190256
12146,o15,market_outcome_v2,challenger_20260307,0.7576267528852304,1.4373358818134883,1.297697871190256
12146,u35,market_outcome_v2,challenger_20260307,0.7063543136744536,1.4373358818134883,1.297697871190256
12146,ah_h05,market_outcome_v2,challenger_20260307,0.4042006873597986,1.4373358818134883,1.297697871190256
12146,ah_a05,market_outcome_v2,challenger_20260307,0.3402604169579663,1.4373358818134883,1.297697871190256
12146,ah_h15,market_outcome_v2,challenger_20260307,0.1922809093537304,1.4373358818134883,1.297697871190256
12146,ah_a15,market_outcome_v2,challenger_20260307,0.1489287677163092,1.4373358818134883,1.297697871190256
12146,eh_h1,market_outcome_v2,challenger_20260307,0.1922809093537304,1.4373358818134883,1.297697871190256
12146,eh_a1,market_outcome_v2,challenger_20260307,0.1489287677163092,1.4373358818134883,1.297697871190256
12146,mg_0,market_outcome_v2,challenger_20260307,0.06489184921551268,1.4373358818134883,1.297697871190256
12146,mg_1_2,market_outcome_v2,challenger_20260307,0.4201902047916342,1.4373358818134883,1.297697871190256
12146,mg_1_3,market_outcome_v2,challenger_20260307,0.641462464458941,1.4373358818134883,1.297697871190256
12146,mg_1_4,market_outcome_v2,challenger_20260307,0.7927592391573143,1.4373358818134883,1.297697871190256
12146,mg_1_5,market_outcome_v2,challenger_20260307,0.8755195962614448,1.4373358818134883,1.297697871190256
12146,mg_1_6,market_outcome_v2,challenger_20260307,0.9132449912765184,1.4373358818134883,1.297697871190256
12146,mg_2_3,market_outcome_v2,challenger_20260307,0.46398106655968424,1.4373358818134883,1.297697871190256
12146,mg_2_4,market_outcome_v2,challenger_20260307,0.6152778412580574,1.4373358818134883,1.297697871190256
12146,mg_2_5,market_outcome_v2,challenger_20260307,0.6980381983621882,1.4373358818134883,1.297697871190256
12146,mg_2_6,market_outcome_v2,challenger_20260307,0.7357635933772617,1.4373358818134883,1.297697871190256
12146,mg_3_4,market_outcome_v2,challenger_20260307,0.37256903436567995,1.4373358818134883,1.297697871190256
12146,mg_3_5,market_outcome_v2,challenger_20260307,0.4553293914698107,1.4373358818134883,1.297697871190256
12146,mg_3_6,market_outcome_v2,challenger_20260307,0.49305478648488416,1.4373358818134883,1.297697871190256
12146,mg_4_5,market_outcome_v2,challenger_20260307,0.234057131802504,1.4373358818134883,1.297697871190256
12146,mg_4_6,market_outcome_v2,challenger_20260307,0.2717825268175775,1.4373358818134883,1.297697871190256
12146,mg_5_6,market_outcome_v2,challenger_20260307,0.1204857521192042,1.4373358818134883,1.297697871190256
12146,mg_7p,market_outcome_v2,challenger_20260307,0.021863159507968997,1.4373358818134883,1.297697871190256
12146,hmg_0,market_outcome_v2,challenger_20260307,0.23755989054557922,1.4373358818134883,1.297697871190256
12146,hmg_1_2,market_outcome_v2,challenger_20260307,0.586844934142523,1.4373358818134883,1.297697871190256
12146,hmg_1_3,market_outcome_v2,challenger_20260307,0.7044149748559122,1.4373358818134883,1.297697871190256
12146,hmg_2_3,market_outcome_v2,challenger_20260307,0.36296162009506616,1.4373358818134883,1.297697871190256
12146,hmg_4p,market_outcome_v2,challenger_20260307,0.0580251345985087,1.4373358818134883,1.297697871190256
12146,amg_0,market_outcome_v2,challenger_20260307,0.2731599558598982,1.4373358818134883,1.297697871190256
12146,amg_1_2,market_outcome_v2,challenger_20260307,0.5844824755363238,1.4373358818134883,1.297697871190256
12146,amg_1_3,market_outcome_v2,challenger_20260307,0.6839741087384835,1.4373358818134883,1.297697871190256
12146,amg_2_3,market_outcome_v2,challenger_20260307,0.3294950155246694,1.4373358818134883,1.297697871190256
12146,amg_4p,market_outcome_v2,challenger_20260307,0.04286593540161825,1.4373358818134883,1.297697871190256
12146,ms_h_1_0_2_0_3_0,market_outcome_v2,challenger_20260307,0.19241796343869227,1.4373358818134883,1.297697871190256
12146,ms_a_0_1_0_2_0_3,market_outcome_v2,challenger_20260307,0.16248481440792426,1.4373358818134883,1.297697871190256
12146,ms_h_4_0_5_0_6_0,market_outcome_v2,challenger_20260307,0.01565228969121419,1.4373358818134883,1.297697871190256
12146,ms_a_0_4_0_5_0_6,market_outcome_v2,challenger_20260307,0.010088379865191961,1.4373358818134883,1.297697871190256
12146,ms_h_2_1_3_1_4_1,market_outcome_v2,challenger_20260307,0.1436379521460903,1.4373358818134883,1.297697871190256
12146,ms_h_1_2_1_3_1_4,market_outcome_v2,challenger_20260307,0.12352844596710959,1.4373358818134883,1.297697871190256
12146,ms_h_3_2_4_2_5_1,market_outcome_v2,challenger_20260307,0.041063445832347695,1.4373358818134883,1.297697871190256
12146,ms_a_2_3_2_4_1_5,market_outcome_v2,challenger_20260307,0.03519549574004084,1.4373358818134883,1.297697871190256
12146,ms_draw,market_outcome_v2,challenger_20260307,0.2555388956822352,1.4373358818134883,1.297697871190256
12146,ms_other_homewin,market_outcome_v2,challenger_20260307,0.011429036251454106,1.4373358818134883,1.297697871190256
12146,ms_other_awaywin,market_outcome_v2,challenger_20260307,0.008963280977699675,1.4373358818134883,1.297697871190256
5149,1x2_h,market_outcome_v2,challenger_20260307,0.44684191274680635,1.4499352861012396,1.1190945395459662
5149,1x2_d,market_outcome_v2,challenger_20260307,0.2614202407543399,1.4499352861012396,1.1190945395459662
5149,1x2_a,market_outcome_v2,challenger_20260307,0.29173784649885376,1.4499352861012396,1.1190945395459662
5149,dc_1x,market_outcome_v2,challenger_20260307,0.7082621535011462,1.4499352861012396,1.1190945395459662
5149,dc_x2,market_outcome_v2,challenger_20260307,0.5531580872531936,1.4499352861012396,1.1190945395459662
5149,dc_12,market_outcome_v2,challenger_20260307,0.7385797592456601,1.4499352861012396,1.1190945395459662
5149,o15,market_outcome_v2,challenger_20260307,0.726577099348787,1.4499352861012396,1.1190945395459662
5149,u35,market_outcome_v2,challenger_20260307,0.7427237012223031,1.4499352861012396,1.1190945395459662
5149,ah_h05,market_outcome_v2,challenger_20260307,0.44684191274680635,1.4499352861012396,1.1190945395459662
5149,ah_a05,market_outcome_v2,challenger_20260307,0.29173784649885376,1.4499352861012396,1.1190945395459662
5149,ah_h15,market_outcome_v2,challenger_20260307,0.21769367080476892,1.4499352861012396,1.1190945395459662
5149,ah_a15,market_outcome_v2,challenger_20260307,0.1148757832315787,1.4499352861012396,1.1190945395459662
5149,eh_h1,market_outcome_v2,challenger_20260307,0.21769367080476892,1.4499352861012396,1.1190945395459662
5149,eh_a1,market_outcome_v2,challenger_20260307,0.1148757832315787,1.4499352861012396,1.1190945395459662
5149,mg_0,market_outcome_v2,challenger_20260307,0.07660986710909051,1.4499352861012396,1.1190945395459662
5149,mg_1_2,market_outcome_v2,challenger_20260307,0.4496223101650306,1.4499352861012396,1.1190945395459662
5149,mg_1_3,market_outcome_v2,challenger_20260307,0.6661138341132127,1.4499352861012396,1.1190945395459662
5149,mg_1_4,market_outcome_v2,challenger_20260307,0.8051571296188865,1.4499352861012396,1.1190945395459662
5149,mg_1_5,market_outcome_v2,challenger_20260307,0.8765984042609574,1.4499352861012396,1.1190945395459662
5149,mg_1_6,market_outcome_v2,challenger_20260307,0.9071875318172464,1.4499352861012396,1.1190945395459662
5149,mg_2_3,market_outcome_v2,challenger_20260307,0.4693008005710902,1.4499352861012396,1.1190945395459662
5149,mg_2_4,market_outcome_v2,challenger_20260307,0.6083440960767642,1.4499352861012396,1.1190945395459662
5149,mg_2_5,market_outcome_v2,challenger_20260307,0.679785370718835,1.4499352861012396,1.1190945395459662
5149,mg_2_6,market_outcome_v2,challenger_20260307,0.710374498275124,1.4499352861012396,1.1190945395459662
5149,mg_3_4,market_outcome_v2,challenger_20260307,0.35553481945385595,1.4499352861012396,1.1190945395459662
5149,mg_3_5,market_outcome_v2,challenger_20260307,0.4269760940959269,1.4499352861012396,1.1190945395459662
5149,mg_3_6,market_outcome_v2,challenger_20260307,0.45756522165221586,1.4499352861012396,1.1190945395459662
5149,mg_4_5,market_outcome_v2,challenger_20260307,0.21048457014774488,1.4499352861012396,1.1190945395459662
5149,mg_4_6,market_outcome_v2,challenger_20260307,0.2410736977040338,1.4499352861012396,1.1190945395459662
5149,mg_5_6,market_outcome_v2,challenger_20260307,0.10203040219835983,1.4499352861012396,1.1190945395459662
5149,mg_7p,market_outcome_v2,challenger_20260307,0.016202601073663062,1.4499352861012396,1.1190945395459662
5149,hmg_0,market_outcome_v2,challenger_20260307,0.23458556178276166,1.4499352861012396,1.1190945395459662
5149,hmg_1_2,market_outcome_v2,challenger_20260307,0.5867199435819166,1.4499352861012396,1.1190945395459662
5149,hmg_1_3,market_outcome_v2,challenger_20260307,0.7058978867060278,1.4499352861012396,1.1190945395459662
5149,hmg_2_3,market_outcome_v2,challenger_20260307,0.3657640030673193,1.4499352861012396,1.1190945395459662
5149,hmg_4p,market_outcome_v2,challenger_20260307,0.0595165515112106,1.4499352861012396,1.1190945395459662
5149,amg_0,market_outcome_v2,challenger_20260307,0.32657537201729075,1.4499352861012396,1.1190945395459662
5149,amg_1_2,market_outcome_v2,challenger_20260307,0.5699657375620286,1.4499352861012396,1.1190945395459662
5149,amg_1_3,market_outcome_v2,challenger_20260307,0.6462495711151564,1.4499352861012396,1.1190945395459662
5149,amg_2_3,market_outcome_v2,challenger_20260307,0.2807808555404138,1.4499352861012396,1.1190945395459662
5149,amg_4p,market_outcome_v2,challenger_20260307,0.027175056867552852,1.4499352861012396,1.1190945395459662
5149,ms_h_1_0_2_0_3_0,market_outcome_v2,challenger_20260307,0.23052886495724037,1.4499352861012396,1.1190945395459662
5149,ms_a_0_1_0_2_0_3,market_outcome_v2,challenger_20260307,0.15160081869191774,1.4499352861012396,1.1190945395459662
5149,ms_h_4_0_5_0_6_0,market_outcome_v2,challenger_20260307,0.019187894951359804,1.4499352861012396,1.1190945395459662
5149,ms_a_0_4_0_5_0_6,market_outcome_v2,challenger_20260307,0.006336142167775885,1.4499352861012396,1.1190945395459662
5149,ms_h_2_1_3_1_4_1,market_outcome_v2,challenger_20260307,0.14946357678984606,1.4499352861012396,1.1190945395459662
5149,ms_h_1_2_1_3_1_4,market_outcome_v2,challenger_20260307,0.10276229005319643,1.4499352861012396,1.1190945395459662
5149,ms_h_3_2_4_2_5_1,market_outcome_v2,challenger_20260307,0.03778421720886798,1.4499352861012396,1.1190945395459662
5149,ms_a_2_3_2_4_1_5,market_outcome_v2,challenger_20260307,0.02569796812170611,1.4499352861012396,1.1190945395459662
5149,ms_draw,market_outcome_v2,challenger_20260307,0.2614202407543399,1.4499352861012396,1.1190945395459662
5149,ms_other_homewin,market_outcome_v2,challenger_20260307,0.009877358839492133,1.4499352861012396,1.1190945395459662
5149,ms_other_awaywin,market_outcome_v2,challenger_20260307,0.005340627464257633,1.4499352861012396,1.1190945395459662
20835,1x2_h,market_outcome_v2,challenger_20260307,0.5935167431131585,1.9321148308840252,0.9900080050759673
20835,1x2_d,market_outcome_v2,challenger_20260307,0.21781046680345595,1.9321148308840252,0.9900080050759673
20835,1x2_a,market_outcome_v2,challenger_20260307,0.18867279008338536,1.9321148308840252,0.9900080050759673
20835,dc_1x,market_outcome_v2,challenger_20260307,0.8113272099166144,1.9321148308840252,0.9900080050759673
20835,dc_x2,market_outcome_v2,challenger_20260307,0.4064832568868413,1.9321148308840252,0.9900080050759673
20835,dc_12,market_outcome_v2,challenger_20260307,0.7821895331965438,1.9321148308840252,0.9900080050759673
20835,o15,market_outcome_v2,challenger_20260307,0.7889127529508293,1.9321148308840252,0.9900080050759673
20835,u35,market_outcome_v2,challenger_20260307,0.664677696956439,1.9321148308840252,0.9900080050759673
20835,ah_h05,market_outcome_v2,challenger_20260307,0.5935167431131585,1.9321148308840252,0.9900080050759673
20835,ah_a05,market_outcome_v2,challenger_20260307,0.18867279008338536,1.9321148308840252,0.9900080050759673
20835,ah_h15,market_outcome_v2,challenger_20260307,0.35280347977424364,1.9321148308840252,0.9900080050759673
20835,ah_a15,market_outcome_v2,challenger_20260307,0.06533226506684223,1.9321148308840252,0.9900080050759673
20835,eh_h1,market_outcome_v2,challenger_20260307,0.35280347977424364,1.9321148308840252,0.9900080050759673
20835,eh_a1,market_outcome_v2,challenger_20260307,0.06533226506684223,1.9321148308840252,0.9900080050759673
20835,mg_0,market_outcome_v2,challenger_20260307,0.05381964203512869,1.9321148308840252,0.9900080050759673
20835,mg_1_2,market_outcome_v2,challenger_20260307,0.3870452349981759,1.9321148308840252,0.9900080050759673
20835,mg_1_3,market_outcome_v2,challenger_20260307,0.6108580549213105,1.9321148308840252,0.9900080050759673
20835,mg_1_4,market_outcome_v2,challenger_20260307,0.7743601929408085,1.9321148308840252,0.9900080050759673
20835,mg_1_5,market_outcome_v2,challenger_20260307,0.8699148591878203,1.9321148308840252,0.9900080050759673
20835,mg_1_6,market_outcome_v2,challenger_20260307,0.9164519379083083,1.9321148308840252,0.9900080050759673
20835,mg_2_3,market_outcome_v2,challenger_20260307,0.45359044990726854,1.9321148308840252,0.9900080050759673
20835,mg_2_4,market_outcome_v2,challenger_20260307,0.6170925879267667,1.9321148308840252,0.9900080050759673
20835,mg_2_5,market_outcome_v2,challenger_20260307,0.7126472541737784,1.9321148308840252,0.9900080050759673
20835,mg_2_6,market_outcome_v2,challenger_20260307,0.7591843328942665,1.9321148308840252,0.9900080050759673
20835,mg_3_4,market_outcome_v2,challenger_20260307,0.3873149579426327,1.9321148308840252,0.9900080050759673
20835,mg_3_5,market_outcome_v2,challenger_20260307,0.4828696241896444,1.9321148308840252,0.9900080050759673
20835,mg_3_6,market_outcome_v2,challenger_20260307,0.5294067029101325,1.9321148308840252,0.9900080050759673
20835,mg_4_5,market_outcome_v2,challenger_20260307,0.2590568042665099,1.9321148308840252,0.9900080050759673
20835,mg_4_6,market_outcome_v2,challenger_20260307,0.3055938829869979,1.9321148308840252,0.9900080050759673
20835,mg_5_6,market_outcome_v2,challenger_20260307,0.1420917449674997,1.9321148308840252,0.9900080050759673
20835,mg_7p,market_outcome_v2,challenger_20260307,0.029728420056562878,1.9321148308840252,0.9900080050759673
20835,hmg_0,market_outcome_v2,challenger_20260307,0.1448424340894444,1.9321148308840252,0.9900080050759673
20835,hmg_1_2,market_outcome_v2,challenger_20260307,0.5502055226181911,1.9321148308840252,0.9900080050759673
20835,hmg_1_3,market_outcome_v2,challenger_20260307,0.7243234009980696,1.9321148308840252,0.9900080050759673
20835,hmg_2_3,market_outcome_v2,challenger_20260307,0.44447118595251206,1.9321148308840252,0.9900080050759673
20835,hmg_4p,market_outcome_v2,challenger_20260307,0.13083416491248598,1.9321148308840252,0.9900080050759673
20835,amg_0,market_outcome_v2,challenger_20260307,0.3715737199078931,1.9321148308840252,0.9900080050759673
20835,amg_1_2,market_outcome_v2,challenger_20260307,0.5499536033685349,1.9321148308840252,0.9900080050759673
20835,amg_1_3,market_outcome_v2,challenger_20260307,0.610044662497699,1.9321148308840252,0.9900080050759673
20835,amg_2_3,market_outcome_v2,challenger_20260307,0.2421837053130294,1.9321148308840252,0.9900080050759673
20835,amg_4p,market_outcome_v2,challenger_20260307,0.01838161759440775,1.9321148308840252,0.9900080050759673
20835,ms_h_1_0_2_0_3_0,market_outcome_v2,challenger_20260307,0.2691395405251893,1.9321148308840252,0.9900080050759673
20835,ms_a_0_1_0_2_0_3,market_outcome_v2,challenger_20260307,0.08836035381944031,1.9321148308840252,0.9900080050759673
20835,ms_h_4_0_5_0_6_0,market_outcome_v2,challenger_20260307,0.047215556016216687,1.9321148308840252,0.9900080050759673
20835,ms_a_0_4_0_5_0_6,market_outcome_v2,challenger_20260307,0.002651103930339088,1.9321148308840252,0.9900080050759673
20835,ms_h_2_1_3_1_4_1,market_outcome_v2,challenger_20260307,0.19444214949062638,1.9321148308840252,0.9900080050759673
20835,ms_h_1_2_1_3_1_4,market_outcome_v2,challenger_20260307,0.07193779249479218,1.9321148308840252,0.9900080050759673
20835,ms_h_3_2_4_2_5_1,market_outcome_v2,challenger_20260307,0.05897566072507372,1.9321148308840252,0.9900080050759673
20835,ms_a_2_3_2_4_1_5,market_outcome_v2,challenger_20260307,0.02109080030409073,1.9321148308840252,0.9900080050759673
20835,ms_draw,market_outcome_v2,challenger_20260307,0.21781046680345595,1.9321148308840252,0.9900080050759673
20835,ms_other_homewin,market_outcome_v2,challenger_20260307,0.023743836356052504,1.9321148308840252,0.9900080050759673
20835,ms_other_awaywin,market_outcome_v2,challenger_20260307,0.004632739534723061,1.9321148308840252,0.9900080050759673
1676,1x2_h,market_outcome_v2,challenger_20260307,0.37316486475124083,1.2455065896746838,1.2049290514601663
1676,1x2_d,market_outcome_v2,challenger_20260307,0.2731775985662829,1.2455065896746838,1.2049290514601663
1676,1x2_a,market_outcome_v2,challenger_20260307,0.3536575366824761,1.2455065896746838,1.2049290514601663
1676,dc_1x,market_outcome_v2,challenger_20260307,0.6463424633175237,1.2455065896746838,1.2049290514601663
1676,dc_x2,market_outcome_v2,challenger_20260307,0.626835135248759,1.2455065896746838,1.2049290514601663
1676,dc_12,market_outcome_v2,challenger_20260307,0.726822401433717,1.2455065896746838,1.2049290514601663
1676,o15,market_outcome_v2,challenger_20260307,0.7023791715876665,1.2455065896746838,1.2049290514601663
1676,u35,market_outcome_v2,challenger_20260307,0.7681168512392268,1.2455065896746838,1.2049290514601663
1676,ah_h05,market_outcome_v2,challenger_20260307,0.37316486475124083,1.2455065896746838,1.2049290514601663
1676,ah_a05,market_outcome_v2,challenger_20260307,0.3536575366824761,1.2455065896746838,1.2049290514601663
1676,ah_h15,market_outcome_v2,challenger_20260307,0.16223357416473902,1.2455065896746838,1.2049290514601663
1676,ah_a15,market_outcome_v2,challenger_20260307,0.1495982069313215,1.2455065896746838,1.2049290514601663
1676,eh_h1,market_outcome_v2,challenger_20260307,0.16223357416473902,1.2455065896746838,1.2049290514601663
1676,eh_a1,market_outcome_v2,challenger_20260307,0.1495982069313215,1.2455065896746838,1.2049290514601663
1676,mg_0,market_outcome_v2,challenger_20260307,0.08625601499828169,1.2455065896746838,1.2049290514601663
1676,mg_1_2,market_outcome_v2,challenger_20260307,0.47033274944985637,1.2455065896746838,1.2049290514601663
1676,mg_1_3,market_outcome_v2,challenger_20260307,0.6818608362409451,1.2455065896746838,1.2049290514601663
1676,mg_1_4,market_outcome_v2,challenger_20260307,0.8114448269844324,1.2455065896746838,1.2049290514601663
1676,mg_1_5,market_outcome_v2,challenger_20260307,0.8749522728720984,1.2455065896746838,1.2049290514601663
1676,mg_1_6,market_outcome_v2,challenger_20260307,0.9008890910188617,1.2455065896746838,1.2049290514601663
1676,mg_2_3,market_outcome_v2,challenger_20260307,0.47049602282689346,1.2455065896746838,1.2049290514601663
1676,mg_2_4,market_outcome_v2,challenger_20260307,0.6000800135703808,1.2455065896746838,1.2049290514601663
1676,mg_2_5,market_outcome_v2,challenger_20260307,0.6635874594580469,1.2455065896746838,1.2049290514601663
1676,mg_2_6,market_outcome_v2,challenger_20260307,0.68952427760481,1.2455065896746838,1.2049290514601663
1676,mg_3_4,market_outcome_v2,challenger_20260307,0.3411120775345761,1.2455065896746838,1.2049290514601663
1676,mg_3_5,market_outcome_v2,challenger_20260307,0.40461952342224217,1.2455065896746838,1.2049290514601663
1676,mg_3_6,market_outcome_v2,challenger_20260307,0.43055634156900546,1.2455065896746838,1.2049290514601663
1676,mg_4_5,market_outcome_v2,challenger_20260307,0.19309143663115338,1.2455065896746838,1.2049290514601663
1676,mg_4_6,market_outcome_v2,challenger_20260307,0.21902825477791668,1.2455065896746838,1.2049290514601663
1676,mg_5_6,market_outcome_v2,challenger_20260307,0.08944426403442929,1.2455065896746838,1.2049290514601663
1676,mg_7p,market_outcome_v2,challenger_20260307,0.012854893982856462,1.2455065896746838,1.2049290514601663
1676,hmg_0,market_outcome_v2,challenger_20260307,0.2877951030618144,1.2455065896746838,1.2049290514601663
1676,hmg_1_2,market_outcome_v2,challenger_20260307,0.5816770501445698,1.2455065896746838,1.2049290514601663
1676,hmg_1_3,market_outcome_v2,challenger_20260307,0.6743536812804506,1.2455065896746838,1.2049290514601663
1676,hmg_2_3,market_outcome_v2,challenger_20260307,0.31590298394085614,1.2455065896746838,1.2049290514601663
1676,hmg_4p,market_outcome_v2,challenger_20260307,0.037851215657734846,1.2455065896746838,1.2049290514601663
1676,amg_0,market_outcome_v2,challenger_20260307,0.29971328240340167,1.2455065896746838,1.2049290514601663
1676,amg_1_2,market_outcome_v2,challenger_20260307,0.578703207886771,1.2455065896746838,1.2049290514601663
1676,amg_1_3,market_outcome_v2,challenger_20260307,0.6660886657984737,1.2455065896746838,1.2049290514601663
1676,amg_2_3,market_outcome_v2,challenger_20260307,0.30495542472212994,1.2455065896746838,1.2049290514601663
1676,amg_4p,market_outcome_v2,challenger_20260307,0.034198051798124435,1.2455065896746838,1.2049290514601663
1676,ms_h_1_0_2_0_3_0,market_outcome_v2,challenger_20260307,0.20211275531738132,1.2455065896746838,1.2049290514601663
1676,ms_a_0_1_0_2_0_3,market_outcome_v2,challenger_20260307,0.19169705622177813,1.2455065896746838,1.2049290514601663
1676,ms_h_4_0_5_0_6_0,market_outcome_v2,challenger_20260307,0.011250619198745718,1.2455065896746838,1.2049290514601663
1676,ms_a_0_4_0_5_0_6,market_outcome_v2,challenger_20260307,0.00976799206316982,1.2455065896746838,1.2049290514601663
1676,ms_h_2_1_3_1_4_1,market_outcome_v2,challenger_20260307,0.1245044127087882,1.2455065896746838,1.2049290514601663
1676,ms_h_1_2_1_3_1_4,market_outcome_v2,challenger_20260307,0.1187470967827951,1.2455065896746838,1.2049290514601663
1676,ms_h_3_2_4_2_5_1,market_outcome_v2,challenger_20260307,0.029038112370872476,1.2455065896746838,1.2049290514601663
1676,ms_a_2_3_2_4_1_5,market_outcome_v2,challenger_20260307,0.02765664423849345,1.2455065896746838,1.2049290514601663
1676,ms_draw,market_outcome_v2,challenger_20260307,0.2731775985662829,1.2455065896746838,1.2049290514601663
1676,ms_other_homewin,market_outcome_v2,challenger_20260307,0.006258965155453094,1.2455065896746838,1.2049290514601663
1676,ms_other_awaywin,market_outcome_v2,challenger_20260307,0.005788747376239596,1.2455065896746838,1.2049290514601663
1137,1x2_h,market_outcome_v2,challenger_20260307,0.45364160099673917,1.4829227864797818,1.1268310901697307
1137,1x2_d,market_outcome_v2,challenger_20260307,0.2584022059753094,1.4829227864797818,1.1268310901697307
1137,1x2_a,market_outcome_v2,challenger_20260307,0.2879561930279514,1.4829227864797818,1.1268310901697307
1137,dc_1x,market_outcome_v2,challenger_20260307,0.7120438069720485,1.4829227864797818,1.1268310901697307
1137,dc_x2,market_outcome_v2,challenger_20260307,0.5463583990032608,1.4829227864797818,1.1268310901697307
1137,dc_12,market_outcome_v2,challenger_20260307,0.7415977940246905,1.4829227864797818,1.1268310901697307
1137,o15,market_outcome_v2,challenger_20260307,0.7344929161516701,1.4829227864797818,1.1268310901697307
1137,u35,market_outcome_v2,challenger_20260307,0.7338782821402801,1.4829227864797818,1.1268310901697307
1137,ah_h05,market_outcome_v2,challenger_20260307,0.45364160099673917,1.4829227864797818,1.1268310901697307
1137,ah_a05,market_outcome_v2,challenger_20260307,0.2879561930279514,1.4829227864797818,1.1268310901697307
1137,ah_h15,market_outcome_v2,challenger_20260307,0.22421150848435853,1.4829227864797818,1.1268310901697307
1137,ah_a15,market_outcome_v2,challenger_20260307,0.11361875373539468,1.4829227864797818,1.1268310901697307
1137,eh_h1,market_outcome_v2,challenger_20260307,0.22421150848435853,1.4829227864797818,1.1268310901697307
1137,eh_a1,market_outcome_v2,challenger_20260307,0.11361875373539468,1.4829227864797818,1.1268310901697307
1137,mg_0,market_outcome_v2,challenger_20260307,0.07355268334659075,1.4829227864797818,1.1268310901697307
1137,mg_1_2,market_outcome_v2,challenger_20260307,0.4424312709264128,1.4829227864797818,1.1268310901697307
1137,mg_1_3,market_outcome_v2,challenger_20260307,0.6603255987936894,1.4829227864797818,1.1268310901697307
1137,mg_1_4,market_outcome_v2,challenger_20260307,0.8024882405065806,1.4829227864797818,1.1268310901697307
1137,mg_1_5,market_outcome_v2,challenger_20260307,0.8766901415715714,1.4829227864797818,1.1268310901697307
1137,mg_1_6,market_outcome_v2,challenger_20260307,0.9089649247314251,1.4829227864797818,1.1268310901697307
1137,mg_2_3,market_outcome_v2,challenger_20260307,0.46837119829195006,1.4829227864797818,1.1268310901697307
1137,mg_2_4,market_outcome_v2,challenger_20260307,0.6105338400048412,1.4829227864797818,1.1268310901697307
1137,mg_2_5,market_outcome_v2,challenger_20260307,0.684735741069832,1.4829227864797818,1.1268310901697307
1137,mg_2_6,market_outcome_v2,challenger_20260307,0.7170105242296858,1.4829227864797818,1.1268310901697307
1137,mg_3_4,market_outcome_v2,challenger_20260307,0.3600569695801677,1.4829227864797818,1.1268310901697307
1137,mg_3_5,market_outcome_v2,challenger_20260307,0.4342588706451584,1.4829227864797818,1.1268310901697307
1137,mg_3_6,market_outcome_v2,challenger_20260307,0.46653365380501227,1.4829227864797818,1.1268310901697307
1137,mg_4_5,market_outcome_v2,challenger_20260307,0.21636454277788184,1.4829227864797818,1.1268310901697307
1137,mg_4_6,market_outcome_v2,challenger_20260307,0.24863932593773574,1.4829227864797818,1.1268310901697307
1137,mg_5_6,market_outcome_v2,challenger_20260307,0.10647668422484453,1.4829227864797818,1.1268310901697307
1137,mg_7p,market_outcome_v2,challenger_20260307,0.017482391921984256,1.4829227864797818,1.1268310901697307
1137,hmg_0,market_outcome_v2,challenger_20260307,0.2269734355339425,1.4829227864797818,1.1268310901697307
1137,hmg_1_2,market_outcome_v2,challenger_20260307,0.5861481799916621,1.4829227864797818,1.1268310901697307
1137,hmg_1_3,market_outcome_v2,challenger_20260307,0.7095096104375722,1.4829227864797818,1.1268310901697307
1137,hmg_2_3,market_outcome_v2,challenger_20260307,0.37292553095868897,1.4829227864797818,1.1268310901697307
1137,hmg_4p,market_outcome_v2,challenger_20260307,0.06351695402848546,1.4829227864797818,1.1268310901697307
1137,amg_0,market_outcome_v2,challenger_20260307,0.32405855413679635,1.4829227864797818,1.1268310901697307
1137,amg_1_2,market_outcome_v2,challenger_20260307,0.5708956538800322,1.4829227864797818,1.1268310901697307
1137,amg_1_3,market_outcome_v2,challenger_20260307,0.6481723778628053,1.4829227864797818,1.1268310901697307
1137,amg_2_3,market_outcome_v2,challenger_20260307,0.2830131240260125,1.4829227864797818,1.1268310901697307
1137,amg_4p,market_outcome_v2,challenger_20260307,0.027769068000398366,1.4829227864797818,1.1268310901697307
1137,ms_h_1_0_2_0_3_0,market_outcome_v2,challenger_20260307,0.22992265850456123,1.4829227864797818,1.1268310901697307
1137,ms_a_0_1_0_2_0_3,market_outcome_v2,challenger_20260307,0.14711791142172567,1.4829227864797818,1.1268310901697307
1137,ms_h_4_0_5_0_6_0,market_outcome_v2,challenger_20260307,0.02030233724799631,1.4829227864797818,1.1268310901697307
1137,ms_a_0_4_0_5_0_6,market_outcome_v2,challenger_20260307,0.0062637732244491835,1.4829227864797818,1.1268310901697307
1137,ms_h_2_1_3_1_4_1,market_outcome_v2,challenger_20260307,0.152877354117196,1.4829227864797818,1.1268310901697307
1137,ms_h_1_2_1_3_1_4,market_outcome_v2,challenger_20260307,0.10258496339290057,1.4829227864797818,1.1268310901697307
1137,ms_h_3_2_4_2_5_1,market_outcome_v2,challenger_20260307,0.03974206344014359,1.4829227864797818,1.1268310901697307
1137,ms_a_2_3_2_4_1_5,market_outcome_v2,challenger_20260307,0.02636968523638281,1.4829227864797818,1.1268310901697307
1137,ms_draw,market_outcome_v2,challenger_20260307,0.2584022059753094,1.4829227864797818,1.1268310901697307
1137,ms_other_homewin,market_outcome_v2,challenger_20260307,0.01079718768684206,1.4829227864797818,1.1268310901697307
1137,ms_other_awaywin,market_outcome_v2,challenger_20260307,0.005619859752493202,1.4829227864797818,1.1268310901697307
1138,1x2_h,market_outcome_v2,challenger_20260307,0.3963709051825612,1.3392619214394386,1.2146521852257481
1138,1x2_d,market_outcome_v2,challenger_20260307,0.2660638010629148,1.3392619214394386,1.2146521852257481
1138,1x2_a,market_outcome_v2,challenger_20260307,0.3375652937545241,1.3392619214394386,1.2146521852257481
1138,dc_1x,market_outcome_v2,challenger_20260307,0.662434706245476,1.3392619214394386,1.2146521852257481
1138,dc_x2,market_outcome_v2,challenger_20260307,0.6036290948174389,1.3392619214394386,1.2146521852257481
1138,dc_12,market_outcome_v2,challenger_20260307,0.7339361989370853,1.3392619214394386,1.2146521852257481
1138,o15,market_outcome_v2,challenger_20260307,0.7235884198507629,1.3392619214394386,1.2146521852257481
1138,u35,market_outcome_v2,challenger_20260307,0.7459917935766042,1.3392619214394386,1.2146521852257481
1138,ah_h05,market_outcome_v2,challenger_20260307,0.3963709051825612,1.3392619214394386,1.2146521852257481
1138,ah_a05,market_outcome_v2,challenger_20260307,0.3375652937545241,1.3392619214394386,1.2146521852257481
1138,ah_h15,market_outcome_v2,challenger_20260307,0.18113254072737206,1.3392619214394386,1.2146521852257481
1138,ah_a15,market_outcome_v2,challenger_20260307,0.14235347928815287,1.3392619214394386,1.2146521852257481
1138,eh_h1,market_outcome_v2,challenger_20260307,0.18113254072737206,1.3392619214394386,1.2146521852257481
1138,eh_a1,market_outcome_v2,challenger_20260307,0.14235347928815287,1.3392619214394386,1.2146521852257481
1138,mg_0,market_outcome_v2,challenger_20260307,0.07777666309684896,1.3392619214394386,1.2146521852257481
1138,mg_1_2,market_outcome_v2,challenger_20260307,0.45228317542057,1.3392619214394386,1.2146521852257481
1138,mg_1_3,market_outcome_v2,challenger_20260307,0.6682151304797551,1.3392619214394386,1.2146521852257481
1138,mg_1_4,market_outcome_v2,challenger_20260307,0.8060830470061165,1.3392619214394386,1.2146521852257481
1138,mg_1_5,market_outcome_v2,challenger_20260307,0.8765036103807592,1.3392619214394386,1.2146521852257481
1138,mg_1_6,market_outcome_v2,challenger_20260307,0.9064782887477275,1.3392619214394386,1.2146521852257481
1138,mg_2_3,market_outcome_v2,challenger_20260307,0.46958021342736694,1.3392619214394386,1.2146521852257481
1138,mg_2_4,market_outcome_v2,challenger_20260307,0.6074481299537284,1.3392619214394386,1.2146521852257481
1138,mg_2_5,market_outcome_v2,challenger_20260307,0.6778686933283711,1.3392619214394386,1.2146521852257481
1138,mg_2_6,market_outcome_v2,challenger_20260307,0.7078433716953393,1.3392619214394386,1.2146521852257481
1138,mg_3_4,market_outcome_v2,challenger_20260307,0.35379987158554665,1.3392619214394386,1.2146521852257481
1138,mg_3_5,market_outcome_v2,challenger_20260307,0.4242204349601893,1.3392619214394386,1.2146521852257481
1138,mg_3_6,market_outcome_v2,challenger_20260307,0.4541951133271576,1.3392619214394386,1.2146521852257481
1138,mg_4_5,market_outcome_v2,challenger_20260307,0.2082884799010041,1.3392619214394386,1.2146521852257481
1138,mg_4_6,market_outcome_v2,challenger_20260307,0.2382631582679724,1.3392619214394386,1.2146521852257481
1138,mg_5_6,market_outcome_v2,challenger_20260307,0.10039524174161088,1.3392619214394386,1.2146521852257481
1138,mg_7p,market_outcome_v2,challenger_20260307,0.015745048155423578,1.3392619214394386,1.2146521852257481
1138,hmg_0,market_outcome_v2,challenger_20260307,0.2620390506755954,1.3392619214394386,1.2146521852257481
1138,hmg_1_2,market_outcome_v2,challenger_20260307,0.5859384903275584,1.3392619214394386,1.2146521852257481
1138,hmg_1_3,market_outcome_v2,challenger_20260307,0.6908471479096323,1.3392619214394386,1.2146521852257481
1138,hmg_2_3,market_outcome_v2,challenger_20260307,0.33990822540966786,1.3392619214394386,1.2146521852257481
1138,hmg_4p,market_outcome_v2,challenger_20260307,0.04711380141477242,1.3392619214394386,1.2146521852257481
1138,amg_0,market_outcome_v2,challenger_20260307,0.29681325320147245,1.3392619214394386,1.2146521852257481
1138,amg_1_2,market_outcome_v2,challenger_20260307,0.5794810251302043,1.3392619214394386,1.2146521852257481
1138,amg_1_3,market_outcome_v2,challenger_20260307,0.6681328839372425,1.3392619214394386,1.2146521852257481
1138,amg_2_3,market_outcome_v2,challenger_20260307,0.3076080173321105,1.3392619214394386,1.2146521852257481
1138,amg_4p,market_outcome_v2,challenger_20260307,0.03505386286128517,1.3392619214394386,1.2146521852257481
1138,ms_h_1_0_2_0_3_0,market_outcome_v2,challenger_20260307,0.20505258943601679,1.3392619214394386,1.2146521852257481
1138,ms_a_0_1_0_2_0_3,market_outcome_v2,challenger_20260307,0.17507690663206274,1.3392619214394386,1.2146521852257481
1138,ms_h_4_0_5_0_6_0,market_outcome_v2,challenger_20260307,0.013841412508086154,1.3392619214394386,1.2146521852257481
1138,ms_a_0_4_0_5_0_6,market_outcome_v2,challenger_20260307,0.009114759577778804,1.3392619214394386,1.2146521852257481
1138,ms_h_2_1_3_1_4_1,market_outcome_v2,challenger_20260307,0.13520881891527292,1.3392619214394386,1.2146521852257481
1138,ms_h_1_2_1_3_1_4,market_outcome_v2,challenger_20260307,0.11739900495128539,1.3392619214394386,1.2146521852257481
1138,ms_h_3_2_4_2_5_1,market_outcome_v2,challenger_20260307,0.03405317667376466,1.3392619214394386,1.2146521852257481
1138,ms_a_2_3_2_4_1_5,market_outcome_v2,challenger_20260307,0.029454461706427633,1.3392619214394386,1.2146521852257481
1138,ms_draw,market_outcome_v2,challenger_20260307,0.2660638010629148,1.3392619214394386,1.2146521852257481
1138,ms_other_homewin,market_outcome_v2,challenger_20260307,0.008214907649420714,1.3392619214394386,1.2146521852257481
1138,ms_other_awaywin,market_outcome_v2,challenger_20260307,0.006520160886969575,1.3392619214394386,1.2146521852257481
1139,1x2_h,market_outcome_v2,challenger_20260307,0.47642836380617987,1.5365482581809673,1.0879130743618912
1139,1x2_d,market_outcome_v2,challenger_20260307,0.2547252955570477,1.5365482581809673,1.0879130743618912
1139,1x2_a,market_outcome_v2,challenger_20260307,0.26884634063677265,1.5365482581809673,1.0879130743618912
1139,dc_1x,market_outcome_v2,challenger_20260307,0.7311536593632275,1.5365482581809673,1.0879130743618912
1139,dc_x2,market_outcome_v2,challenger_20260307,0.5235716361938203,1.5365482581809673,1.0879130743618912
1139,dc_12,market_outcome_v2,challenger_20260307,0.7452747044429525,1.5365482581809673,1.0879130743618912
1139,o15,market_outcome_v2,challenger_20260307,0.7373032448187113,1.5365482581809673,1.0879130743618912
1139,u35,market_outcome_v2,challenger_20260307,0.7306702752703631,1.5365482581809673,1.0879130743618912
1139,ah_h05,market_outcome_v2,challenger_20260307,0.47642836380617987,1.5365482581809673,1.0879130743618912
1139,ah_a05,market_outcome_v2,challenger_20260307,0.26884634063677265,1.5365482581809673,1.0879130743618912
1139,ah_h15,market_outcome_v2,challenger_20260307,0.24211338773804517,1.5365482581809673,1.0879130743618912
1139,ah_a15,market_outcome_v2,challenger_20260307,0.10294570938351404,1.5365482581809673,1.0879130743618912
1139,eh_h1,market_outcome_v2,challenger_20260307,0.24211338773804517,1.5365482581809673,1.0879130743618912
1139,eh_a1,market_outcome_v2,challenger_20260307,0.10294570938351404,1.5365482581809673,1.0879130743618912
1139,mg_0,market_outcome_v2,challenger_20260307,0.07247884059973826,1.5365482581809673,1.0879130743618912
1139,mg_1_2,market_outcome_v2,challenger_20260307,0.4398276953696603,1.5365482581809673,1.0879130743618912
1139,mg_1_3,market_outcome_v2,challenger_20260307,0.6581914346706249,1.5365482581809673,1.0879130743618912
1139,mg_1_4,market_outcome_v2,challenger_20260307,0.8014632322268376,1.5365482581809673,1.0879130743618912
1139,mg_1_5,market_outcome_v2,challenger_20260307,0.8766654907728754,1.5365482581809673,1.0879130743618912
1139,mg_1_6,market_outcome_v2,challenger_20260307,0.9095597273852032,1.5365482581809673,1.0879130743618912
1139,mg_2_3,market_outcome_v2,challenger_20260307,0.4679735200890744,1.5365482581809673,1.0879130743618912
1139,mg_2_4,market_outcome_v2,challenger_20260307,0.6112453176452872,1.5365482581809673,1.0879130743618912
1139,mg_2_5,market_outcome_v2,challenger_20260307,0.6864475761913248,1.5365482581809673,1.0879130743618912
1139,mg_2_6,market_outcome_v2,challenger_20260307,0.7193418128036526,1.5365482581809673,1.0879130743618912
1139,mg_3_4,market_outcome_v2,challenger_20260307,0.3616355368571772,1.5365482581809673,1.0879130743618912
1139,mg_3_5,market_outcome_v2,challenger_20260307,0.436837795403215,1.5365482581809673,1.0879130743618912
1139,mg_3_6,market_outcome_v2,challenger_20260307,0.4697320320155427,1.5365482581809673,1.0879130743618912
1139,mg_4_5,market_outcome_v2,challenger_20260307,0.2184740561022504,1.5365482581809673,1.0879130743618912
1139,mg_4_6,market_outcome_v2,challenger_20260307,0.25136829271457817,1.5365482581809673,1.0879130743618912
1139,mg_5_6,market_outcome_v2,challenger_20260307,0.10809649515836552,1.5365482581809673,1.0879130743618912
1139,mg_7p,market_outcome_v2,challenger_20260307,0.017961432015058745,1.5365482581809673,1.0879130743618912
1139,hmg_0,market_outcome_v2,challenger_20260307,0.21512251787236902,1.5365482581809673,1.0879130743618912
1139,hmg_1_2,market_outcome_v2,challenger_20260307,0.5844961703839094,1.5365482581809673,1.0879130743618912
1139,hmg_1_3,market_outcome_v2,challenger_20260307,0.7145650010551122,1.5365482581809673,1.0879130743618912
1139,hmg_2_3,market_outcome_v2,challenger_20260307,0.38401887092281956,1.5365482581809673,1.0879130743618912
1139,hmg_4p,market_outcome_v2,challenger_20260307,0.07031248107251889,1.5365482581809673,1.0879130743618912
1139,amg_0,market_outcome_v2,challenger_20260307,0.3369188930874245,1.5365482581809673,1.0879130743618912
1139,amg_1_2,market_outcome_v2,challenger_20260307,0.5659194650156038,1.5365482581809673,1.0879130743618912
1139,amg_1_3,market_outcome_v2,challenger_20260307,0.6382225292068856,1.5365482581809673,1.0879130743618912
1139,amg_2_3,market_outcome_v2,challenger_20260307,0.2716840604175403,1.5365482581809673,1.0879130743618912
1139,amg_4p,market_outcome_v2,challenger_20260307,0.024858577705690003,1.5365482581809673,1.0879130743618912
1139,ms_h_1_0_2_0_3_0,market_outcome_v2,challenger_20260307,0.24075044919450272,1.5365482581809673,1.0879130743618912
1139,ms_a_0_1_0_2_0_3,market_outcome_v2,challenger_20260307,0.13729603744585678,1.5365482581809673,1.0879130743618912
1139,ms_h_4_0_5_0_6_0,market_outcome_v2,challenger_20260307,0.02333194079950434,1.5365482581809673,1.0879130743618912
1139,ms_a_0_4_0_5_0_6,market_outcome_v2,challenger_20260307,0.0053177015316905425,1.5365482581809673,1.0879130743618912
1139,ms_h_2_1_3_1_4_1,market_outcome_v2,challenger_20260307,0.15907151185006133,1.5365482581809673,1.0879130743618912
1139,ms_h_1_2_1_3_1_4,market_outcome_v2,challenger_20260307,0.09630425889358266,1.5365482581809673,1.0879130743618912
1139,ms_h_3_2_4_2_5_1,market_outcome_v2,challenger_20260307,0.04152319127341209,1.5365482581809673,1.0879130743618912
1139,ms_a_2_3_2_4_1_5,market_outcome_v2,challenger_20260307,0.024769576963287732,1.5365482581809673,1.0879130743618912
1139,ms_draw,market_outcome_v2,challenger_20260307,0.2547252955570477,1.5365482581809673,1.0879130743618912
1139,ms_other_homewin,market_outcome_v2,challenger_20260307,0.011751270688699373,1.5365482581809673,1.0879130743618912
1139,ms_other_awaywin,market_outcome_v2,challenger_20260307,0.005158765802354852,1.5365482581809673,1.0879130743618912
1140,1x2_h,market_outcome_v2,challenger_20260307,0.312471836912581,1.1013168626756389,1.3106483502132424
1140,1x2_d,market_outcome_v2,challenger_20260307,0.2739230543730602,1.1013168626756389,1.3106483502132424
1140,1x2_a,market_outcome_v2,challenger_20260307,0.4136051087143591,1.1013168626756389,1.3106483502132424
1140,dc_1x,market_outcome_v2,challenger_20260307,0.5863948912856412,1.1013168626756389,1.3106483502132424
1140,dc_x2,market_outcome_v2,challenger_20260307,0.6875281630874193,1.1013168626756389,1.3106483502132424
1140,dc_12,market_outcome_v2,challenger_20260307,0.7260769456269401,1.1013168626756389,1.3106483502132424
1140,o15,market_outcome_v2,challenger_20260307,0.694154927371082,1.1013168626756389,1.3106483502132424
1140,u35,market_outcome_v2,challenger_20260307,0.7762184347594974,1.1013168626756389,1.3106483502132424
1140,ah_h05,market_outcome_v2,challenger_20260307,0.312471836912581,1.1013168626756389,1.3106483502132424
1140,ah_a05,market_outcome_v2,challenger_20260307,0.4136051087143591,1.1013168626756389,1.3106483502132424
1140,ah_h15,market_outcome_v2,challenger_20260307,0.12314355312252542,1.1013168626756389,1.3106483502132424
1140,ah_a15,market_outcome_v2,challenger_20260307,0.18829047746892422,1.1013168626756389,1.3106483502132424
1140,eh_h1,market_outcome_v2,challenger_20260307,0.12314355312252542,1.1013168626756389,1.3106483502132424
1140,eh_a1,market_outcome_v2,challenger_20260307,0.18829047746892422,1.1013168626756389,1.3106483502132424
1140,mg_0,market_outcome_v2,challenger_20260307,0.0896389774062092,1.1013168626756389,1.3106483502132424
1140,mg_1_2,market_outcome_v2,challenger_20260307,0.4769468854685665,1.1013168626756389,1.3106483502132424
1140,mg_1_3,market_outcome_v2,challenger_20260307,0.6865794573532882,1.1013168626756389,1.3106483502132424
1140,mg_1_4,market_outcome_v2,challenger_20260307,0.8129860750718823,1.1013168626756389,1.3106483502132424
1140,mg_1_5,market_outcome_v2,challenger_20260307,0.8739637479951207,1.1013168626756389,1.3106483502132424
1140,mg_1_6,market_outcome_v2,challenger_20260307,0.8984764189707485,1.1013168626756389,1.3106483502132424
1140,mg_2_3,market_outcome_v2,challenger_20260307,0.47037336213057923,1.1013168626756389,1.3106483502132424
1140,mg_2_4,market_outcome_v2,challenger_20260307,0.5967799798491733,1.1013168626756389,1.3106483502132424
1140,mg_2_5,market_outcome_v2,challenger_20260307,0.6577576527724116,1.1013168626756389,1.3106483502132424
1140,mg_2_6,market_outcome_v2,challenger_20260307,0.6822703237480395,1.1013168626756389,1.3106483502132424
1140,mg_3_4,market_outcome_v2,challenger_20260307,0.33603918960331575,1.1013168626756389,1.3106483502132424
1140,mg_3_5,market_outcome_v2,challenger_20260307,0.3970168625265542,1.1013168626756389,1.3106483502132424
1140,mg_3_6,market_outcome_v2,challenger_20260307,0.4215295335021821,1.1013168626756389,1.3106483502132424
1140,mg_4_5,market_outcome_v2,challenger_20260307,0.18738429064183254,1.1013168626756389,1.3106483502132424
1140,mg_4_6,market_outcome_v2,challenger_20260307,0.21189696161746038,1.1013168626756389,1.3106483502132424
1140,mg_5_6,market_outcome_v2,challenger_20260307,0.08549034389886635,1.1013168626756389,1.3106483502132424
1140,mg_7p,market_outcome_v2,challenger_20260307,0.0118846036230425,1.1013168626756389,1.3106483502132424
1140,hmg_0,market_outcome_v2,challenger_20260307,0.3324330354916263,1.1013168626756389,1.3106483502132424
1140,hmg_1_2,market_outcome_v2,challenger_20260307,0.5677179279326603,1.1013168626756389,1.3106483502132424
1140,hmg_1_3,market_outcome_v2,challenger_20260307,0.6417278235343091,1.1013168626756389,1.3106483502132424
1140,hmg_2_3,market_outcome_v2,challenger_20260307,0.2756137158369318,1.1013168626756389,1.3106483502132424
1140,hmg_4p,market_outcome_v2,challenger_20260307,0.025839140974064857,1.1013168626756389,1.3106483502132424
1140,amg_0,market_outcome_v2,challenger_20260307,0.26964521523453444,1.1013168626756389,1.3106483502132424
1140,amg_1_2,market_outcome_v2,challenger_20260307,0.5850082102337554,1.1013168626756389,1.3106483502132424
1140,amg_1_3,market_outcome_v2,challenger_20260307,0.6861894562726343,1.1013168626756389,1.3106483502132424
1140,amg_2_3,market_outcome_v2,challenger_20260307,0.3327793997825971,1.1013168626756389,1.3106483502132424
1140,amg_4p,market_outcome_v2,challenger_20260307,0.04416532849283148,1.1013168626756389,1.3106483502132424
1140,ms_h_1_0_2_0_3_0,market_outcome_v2,challenger_20260307,0.17303883709889806,1.1013168626756389,1.3106483502132424
1140,ms_a_0_1_0_2_0_3,market_outcome_v2,challenger_20260307,0.22811204387106038,1.1013168626756389,1.3106483502132424
1140,ms_h_4_0_5_0_6_0,market_outcome_v2,challenger_20260307,0.006926985264945073,1.1013168626756389,1.3106483502132424
1140,ms_a_0_4_0_5_0_6,market_outcome_v2,challenger_20260307,0.014541307622875048,1.1013168626756389,1.3106483502132424
1140,ms_h_2_1_3_1_4_1,market_outcome_v2,challenger_20260307,0.10460612617716182,1.1013168626756389,1.3106483502132424
1140,ms_h_1_2_1_3_1_4,market_outcome_v2,challenger_20260307,0.13397310859063322,1.1013168626756389,1.3106483502132424
1140,ms_h_3_2_4_2_5_1,market_outcome_v2,challenger_20260307,0.023446070267310076,1.1013168626756389,1.3106483502132424
1140,ms_a_2_3_2_4_1_5,market_outcome_v2,challenger_20260307,0.030264046584381078,1.1013168626756389,1.3106483502132424
1140,ms_draw,market_outcome_v2,challenger_20260307,0.2739230543730602,1.1013168626756389,1.3106483502132424
1140,ms_other_homewin,market_outcome_v2,challenger_20260307,0.004453818104265967,1.1013168626756389,1.3106483502132424
1140,ms_other_awaywin,market_outcome_v2,challenger_20260307,0.0067146020454094115,1.1013168626756389,1.3106483502132424
1141,1x2_h,market_outcome_v2,challenger_20260307,0.4985798890929716,1.5980300378064833,1.0597663063594274
1141,1x2_d,market_outcome_v2,challenger_20260307,0.24961953106138934,1.5980300378064833,1.0597663063594274
1141,1x2_a,market_outcome_v2,challenger_20260307,0.2518005798456391,1.5980300378064833,1.0597663063594274
1141,dc_1x,market_outcome_v2,challenger_20260307,0.7481994201543609,1.5980300378064833,1.0597663063594274
1141,dc_x2,market_outcome_v2,challenger_20260307,0.5014201109070284,1.5980300378064833,1.0597663063594274
1141,dc_12,market_outcome_v2,challenger_20260307,0.7503804689386107,1.5980300378064833,1.0597663063594274
1141,o15,market_outcome_v2,challenger_20260307,0.7435789448402741,1.5980300378064833,1.0597663063594274
1141,u35,market_outcome_v2,challenger_20260307,0.7233745403456262,1.5980300378064833,1.0597663063594274
1141,ah_h05,market_outcome_v2,challenger_20260307,0.4985798890929716,1.5980300378064833,1.0597663063594274
1141,ah_a05,market_outcome_v2,challenger_20260307,0.2518005798456391,1.5980300378064833,1.0597663063594274
1141,ah_h15,market_outcome_v2,challenger_20260307,0.2608012130430007,1.5980300378064833,1.0597663063594274
1141,ah_a15,market_outcome_v2,challenger_20260307,0.09411278719663277,1.5980300378064833,1.0597663063594274
1141,eh_h1,market_outcome_v2,challenger_20260307,0.2608012130430007,1.5980300378064833,1.0597663063594274
1141,eh_a1,market_outcome_v2,challenger_20260307,0.09411278719663277,1.5980300378064833,1.0597663063594274
1141,mg_0,market_outcome_v2,challenger_20260307,0.07010260578577887,1.5980300378064833,1.0597663063594274
1141,mg_1_2,market_outcome_v2,challenger_20260307,0.433916696172316,1.5980300378064833,1.0597663063594274
1141,mg_1_3,market_outcome_v2,challenger_20260307,0.6532719345598473,1.5980300378064833,1.0597663063594274
1141,mg_1_4,market_outcome_v2,challenger_20260307,0.7990223222248529,1.5980300378064833,1.0597663063594274
1141,mg_1_5,market_outcome_v2,challenger_20260307,0.8764972917242162,1.5980300378064833,1.0597663063594274
1141,mg_1_6,market_outcome_v2,challenger_20260307,0.9108160735075116,1.5980300378064833,1.0597663063594274
1141,mg_2_3,market_outcome_v2,challenger_20260307,0.4669534851859002,1.5980300378064833,1.0597663063594274
1141,mg_2_4,market_outcome_v2,challenger_20260307,0.6127038728509059,1.5980300378064833,1.0597663063594274
1141,mg_2_5,market_outcome_v2,challenger_20260307,0.6901788423502692,1.5980300378064833,1.0597663063594274
1141,mg_2_6,market_outcome_v2,challenger_20260307,0.7244976241335646,1.5980300378064833,1.0597663063594274
1141,mg_3_4,market_outcome_v2,challenger_20260307,0.36510562605253694,1.5980300378064833,1.0597663063594274
1141,mg_3_5,market_outcome_v2,challenger_20260307,0.44258059555190027,1.5980300378064833,1.0597663063594274
1141,mg_3_6,market_outcome_v2,challenger_20260307,0.4768993773351958,1.5980300378064833,1.0597663063594274
1141,mg_4_5,market_outcome_v2,challenger_20260307,0.22322535716436886,1.5980300378064833,1.0597663063594274
1141,mg_4_6,market_outcome_v2,challenger_20260307,0.25754413894766437,1.5980300378064833,1.0597663063594274
1141,mg_5_6,market_outcome_v2,challenger_20260307,0.11179375128265877,1.5980300378064833,1.0597663063594274
1141,mg_7p,market_outcome_v2,challenger_20260307,0.019081320706709388,1.5980300378064833,1.0597663063594274
1141,hmg_0,market_outcome_v2,challenger_20260307,0.20229484342316073,1.5980300378064833,1.0597663063594274
1141,hmg_1_2,market_outcome_v2,challenger_20260307,0.5815734072835992,1.5980300378064833,1.0597663063594274
1141,hmg_1_3,market_outcome_v2,challenger_20260307,0.719163884626465,1.5980300378064833,1.0597663063594274
1141,hmg_2_3,market_outcome_v2,challenger_20260307,0.39589064834289467,1.5980300378064833,1.0597663063594274
1141,hmg_4p,market_outcome_v2,challenger_20260307,0.07854127195037432,1.5980300378064833,1.0597663063594274
1141,amg_0,market_outcome_v2,challenger_20260307,0.3465367905554474,1.5980300378064833,1.0597663063594274
1141,amg_1_2,market_outcome_v2,challenger_20260307,0.5618465504904772,1.5980300378064833,1.0597663063594274
1141,amg_1_3,market_outcome_v2,challenger_20260307,0.6305895410445834,1.5980300378064833,1.0597663063594274
1141,amg_2_3,market_outcome_v2,challenger_20260307,0.2633415264999863,1.5980300378064833,1.0597663063594274
1141,amg_4p,market_outcome_v2,challenger_20260307,0.022873668399969394,1.5980300378064833,1.0597663063594274
1141,ms_h_1_0_2_0_3_0,market_outcome_v2,challenger_20260307,0.24921674446184314,1.5980300378064833,1.0597663063594274
1141,ms_a_0_1_0_2_0_3,market_outcome_v2,challenger_20260307,0.12756501246989677,1.5980300378064833,1.0597663063594274
1141,ms_h_4_0_5_0_6_0,market_outcome_v2,challenger_20260307,0.026758103362773268,1.5980300378064833,1.0597663063594274
1141,ms_a_0_4_0_5_0_6,market_outcome_v2,challenger_20260307,0.004603216534570165,1.5980300378064833,1.0597663063594274
1141,ms_h_2_1_3_1_4_1,market_outcome_v2,challenger_20260307,0.1655771009669644,1.5980300378064833,1.0597663063594274
1141,ms_h_1_2_1_3_1_4,market_outcome_v2,challenger_20260307,0.09101900298203942,1.5980300378064833,1.0597663063594274
1141,ms_h_3_2_4_2_5_1,market_outcome_v2,challenger_20260307,0.043923582543522986,1.5980300378064833,1.0597663063594274
1141,ms_a_2_3_2_4_1_5,market_outcome_v2,challenger_20260307,0.023708640009862322,1.5980300378064833,1.0597663063594274
1141,ms_draw,market_outcome_v2,challenger_20260307,0.24961953106138934,1.5980300378064833,1.0597663063594274
1141,ms_other_homewin,market_outcome_v2,challenger_20260307,0.013104357757867764,1.5980300378064833,1.0597663063594274
1141,ms_other_awaywin,market_outcome_v2,challenger_20260307,0.004904707849270427,1.5980300378064833,1.0597663063594274
1142,1x2_h,market_outcome_v2,challenger_20260307,0.4235187260677137,1.439309827591815,1.210614631482809
1142,1x2_d,market_outcome_v2,challenger_20260307,0.2589994728350776,1.439309827591815,1.210614631482809
1142,1x2_a,market_outcome_v2,challenger_20260307,0.3174818010972085,1.439309827591815,1.210614631482809
1142,dc_1x,market_outcome_v2,challenger_20260307,0.6825181989027913,1.439309827591815,1.210614631482809
1142,dc_x2,market_outcome_v2,challenger_20260307,0.5764812739322862,1.439309827591815,1.210614631482809
1142,dc_12,market_outcome_v2,challenger_20260307,0.7410005271649223,1.439309827591815,1.210614631482809
1142,o15,market_outcome_v2,challenger_20260307,0.7421088158277445,1.439309827591815,1.210614631482809
1142,u35,market_outcome_v2,challenger_20260307,0.725099967315156,1.439309827591815,1.210614631482809
1142,ah_h05,market_outcome_v2,challenger_20260307,0.4235187260677137,1.439309827591815,1.210614631482809
1142,ah_a05,market_outcome_v2,challenger_20260307,0.3174818010972085,1.439309827591815,1.210614631482809
1142,ah_h15,market_outcome_v2,challenger_20260307,0.2034095723041412,1.439309827591815,1.210614631482809
1142,ah_a15,market_outcome_v2,challenger_20260307,0.13234628895016728,1.439309827591815,1.210614631482809
1142,eh_h1,market_outcome_v2,challenger_20260307,0.2034095723041412,1.439309827591815,1.210614631482809
1142,eh_a1,market_outcome_v2,challenger_20260307,0.13234628895016728,1.439309827591815,1.210614631482809
1142,mg_0,market_outcome_v2,challenger_20260307,0.07065658127007905,1.439309827591815,1.210614631482809
1142,mg_1_2,market_outcome_v2,challenger_20260307,0.4353133798099774,1.439309827591815,1.210614631482809
1142,mg_1_3,market_outcome_v2,challenger_20260307,0.654443386045077,1.439309827591815,1.210614631482809
1142,mg_1_4,market_outcome_v2,challenger_20260307,0.7996128768549683,1.439309827591815,1.210614631482809
1142,mg_1_5,market_outcome_v2,challenger_20260307,0.8765505137366763,1.439309827591815,1.210614631482809
1142,mg_1_6,market_outcome_v2,challenger_20260307,0.9105303347027164,1.439309827591815,1.210614631482809
1142,mg_2_3,market_outcome_v2,challenger_20260307,0.46720878314290065,1.439309827591815,1.210614631482809
1142,mg_2_4,market_outcome_v2,challenger_20260307,0.6123782739527919,1.439309827591815,1.210614631482809
1142,mg_2_5,market_outcome_v2,challenger_20260307,0.6893159108345,1.439309827591815,1.210614631482809
1142,mg_2_6,market_outcome_v2,challenger_20260307,0.7232957318005399,1.439309827591815,1.210614631482809
1142,mg_3_4,market_outcome_v2,challenger_20260307,0.364299497044991,1.439309827591815,1.210614631482809
1142,mg_3_5,market_outcome_v2,challenger_20260307,0.44123713392669894,1.439309827591815,1.210614631482809
1142,mg_3_6,market_outcome_v2,challenger_20260307,0.4752169548927389,1.439309827591815,1.210614631482809
1142,mg_4_5,market_outcome_v2,challenger_20260307,0.2221071276915993,1.439309827591815,1.210614631482809
1142,mg_4_6,market_outcome_v2,challenger_20260307,0.2560869486576393,1.439309827591815,1.210614631482809
1142,mg_5_6,market_outcome_v2,challenger_20260307,0.11091745784774797,1.439309827591815,1.210614631482809
1142,mg_7p,market_outcome_v2,challenger_20260307,0.01881308402720456,1.439309827591815,1.210614631482809
1142,hmg_0,market_outcome_v2,challenger_20260307,0.23709142387953558,1.439309827591815,1.210614631482809
1142,hmg_1_2,market_outcome_v2,challenger_20260307,0.5868288282727467,1.439309827591815,1.210614631482809
1142,hmg_1_3,market_outcome_v2,challenger_20260307,0.7046511202583352,1.439309827591815,1.210614631482809
1142,hmg_2_3,market_outcome_v2,challenger_20260307,0.3634031038307829,1.439309827591815,1.210614631482809
1142,hmg_4p,market_outcome_v2,challenger_20260307,0.05825745586212928,1.439309827591815,1.210614631482809
1142,amg_0,market_outcome_v2,challenger_20260307,0.2980140745452656,1.439309827591815,1.210614631482809
1142,amg_1_2,market_outcome_v2,challenger_20260307,0.5791630928812024,1.439309827591815,1.210614631482809
1142,amg_1_3,market_outcome_v2,challenger_20260307,0.6672889350675456,1.439309827591815,1.210614631482809
1142,amg_2_3,market_outcome_v2,challenger_20260307,0.3065087360352386,1.439309827591815,1.210614631482809
1142,amg_4p,market_outcome_v2,challenger_20260307,0.03469699038718878,1.439309827591815,1.210614631482809
1142,ms_h_1_0_2_0_3_0,market_outcome_v2,challenger_20260307,0.20999595148107233,1.439309827591815,1.210614631482809
1142,ms_a_0_1_0_2_0_3,market_outcome_v2,challenger_20260307,0.15820848375422336,1.439309827591815,1.210614631482809
1142,ms_h_4_0_5_0_6_0,market_outcome_v2,challenger_20260307,0.017143970744187637,1.439309827591815,1.210614631482809
1142,ms_a_0_4_0_5_0_6,market_outcome_v2,challenger_20260307,0.008163627338360631,1.439309827591815,1.210614631482809
1142,ms_h_2_1_3_1_4_1,market_outcome_v2,challenger_20260307,0.14640417165856257,1.439309827591815,1.210614631482809
1142,ms_h_1_2_1_3_1_4,market_outcome_v2,challenger_20260307,0.1136971316821022,1.439309827591815,1.210614631482809
1142,ms_h_3_2_4_2_5_1,market_outcome_v2,challenger_20260307,0.03939186841376571,1.439309827591815,1.210614631482809
1142,ms_a_2_3_2_4_1_5,market_outcome_v2,challenger_20260307,0.03039576527025972,1.439309827591815,1.210614631482809
1142,ms_draw,market_outcome_v2,challenger_20260307,0.2589994728350776,1.439309827591815,1.210614631482809
1142,ms_other_homewin,market_outcome_v2,challenger_20260307,0.010582763770125535,1.439309827591815,1.210614631482809
1142,ms_other_awaywin,market_outcome_v2,challenger_20260307,0.007016793052262642,1.439309827591815,1.210614631482809
1678,1x2_h,market_outcome_v2,challenger_20260307,0.26269393296615995,1.0525544202172836,1.5190171231681566
1678,1x2_d,market_outcome_v2,challenger_20260307,0.2570280617392639,1.0525544202172836,1.5190171231681566
1678,1x2_a,market_outcome_v2,challenger_20260307,0.48027800529457626,1.0525544202172836,1.5190171231681566
1678,dc_1x,market_outcome_v2,challenger_20260307,0.5197219947054239,1.0525544202172836,1.5190171231681566
1678,dc_x2,market_outcome_v2,challenger_20260307,0.7373060670338402,1.0525544202172836,1.5190171231681566
1678,dc_12,market_outcome_v2,challenger_20260307,0.7429719382607363,1.0525544202172836,1.5190171231681566
1678,o15,market_outcome_v2,challenger_20260307,0.7270768967273783,1.0525544202172836,1.5190171231681566
1678,u35,market_outcome_v2,challenger_20260307,0.742173480568115,1.0525544202172836,1.5190171231681566
1678,ah_h05,market_outcome_v2,challenger_20260307,0.26269393296615995,1.0525544202172836,1.5190171231681566
1678,ah_a05,market_outcome_v2,challenger_20260307,0.48027800529457626,1.0525544202172836,1.5190171231681566
1678,ah_h15,market_outcome_v2,challenger_20260307,0.09835428085593682,1.0525544202172836,1.5190171231681566
1678,ah_a15,market_outcome_v2,challenger_20260307,0.24310761222417004,1.0525544202172836,1.5190171231681566
1678,eh_h1,market_outcome_v2,challenger_20260307,0.09835428085593682,1.0525544202172836,1.5190171231681566
1678,eh_a1,market_outcome_v2,challenger_20260307,0.24310761222417004,1.0525544202172836,1.5190171231681566
1678,mg_0,market_outcome_v2,challenger_20260307,0.07641540984334357,1.0525544202172836,1.5190171231681566
1678,mg_1_2,market_outcome_v2,challenger_20260307,0.4491744896687986,1.0525544202172836,1.5190171231681566
1678,mg_1_3,market_outcome_v2,challenger_20260307,0.6657580707247716,1.0525544202172836,1.5190171231681566
1678,mg_1_4,market_outcome_v2,challenger_20260307,0.804998114176785,1.0525544202172836,1.5190171231681566
1678,mg_1_5,market_outcome_v2,challenger_20260307,0.8766112608649749,1.0525544202172836,1.5190171231681566
1678,mg_1_6,market_outcome_v2,challenger_20260307,0.9073043158909144,1.0525544202172836,1.5190171231681566
1678,mg_2_3,market_outcome_v2,challenger_20260307,0.4692503772954935,1.0525544202172836,1.5190171231681566
1678,mg_2_4,market_outcome_v2,challenger_20260307,0.608490420747507,1.0525544202172836,1.5190171231681566
1678,mg_2_5,market_outcome_v2,challenger_20260307,0.680103567435697,1.0525544202172836,1.5190171231681566
1678,mg_2_6,market_outcome_v2,challenger_20260307,0.7107966224616366,1.0525544202172836,1.5190171231681566
1678,mg_3_4,market_outcome_v2,challenger_20260307,0.3558236245079863,1.0525544202172836,1.5190171231681566
1678,mg_3_5,market_outcome_v2,challenger_20260307,0.4274367711961763,1.0525544202172836,1.5190171231681566
1678,mg_3_6,market_outcome_v2,challenger_20260307,0.4581298262221158,1.0525544202172836,1.5190171231681566
1678,mg_4_5,market_outcome_v2,challenger_20260307,0.21085319014020348,1.0525544202172836,1.5190171231681566
1678,mg_4_6,market_outcome_v2,challenger_20260307,0.2415462451661429,1.0525544202172836,1.5190171231681566
1678,mg_5_6,market_outcome_v2,challenger_20260307,0.10230620171412945,1.0525544202172836,1.5190171231681566
1678,mg_7p,market_outcome_v2,challenger_20260307,0.01628027426574202,1.0525544202172836,1.5190171231681566
1678,hmg_0,market_outcome_v2,challenger_20260307,0.3490450076344852,1.0525544202172836,1.5190171231681566
1678,hmg_1_2,market_outcome_v2,challenger_20260307,0.5607372528746891,1.0525544202172836,1.5190171231681566
1678,hmg_1_3,market_outcome_v2,challenger_20260307,0.6285738194164486,1.0525544202172836,1.5190171231681566
1678,hmg_2_3,market_outcome_v2,challenger_20260307,0.2611849537759956,1.0525544202172836,1.5190171231681566
1678,hmg_4p,market_outcome_v2,challenger_20260307,0.022381172949066223,1.0525544202172836,1.5190171231681566
1678,amg_0,market_outcome_v2,challenger_20260307,0.21892709585282097,1.0525544202172836,1.5190171231681566
1678,amg_1_2,market_outcome_v2,challenger_20260307,0.5851316230790354,1.0525544202172836,1.5190171231681566
1678,amg_1_3,market_outcome_v2,challenger_20260307,0.7130215308316962,1.0525544202172836,1.5190171231681566
1678,amg_2_3,market_outcome_v2,challenger_20260307,0.3804675235057849,1.0525544202172836,1.5190171231681566
1678,amg_4p,market_outcome_v2,challenger_20260307,0.06805137331548289,1.0525544202172836,1.5190171231681566
1678,ms_h_1_0_2_0_3_0,market_outcome_v2,challenger_20260307,0.1376118408139586,1.0525544202172836,1.5190171231681566
1678,ms_a_0_1_0_2_0_3,market_outcome_v2,challenger_20260307,0.24887660567270173,1.0525544202172836,1.5190171231681566
1678,ms_h_4_0_5_0_6_0,market_outcome_v2,challenger_20260307,0.00487492094814095,1.0525544202172836,1.5190171231681566
1678,ms_a_0_4_0_5_0_6,market_outcome_v2,challenger_20260307,0.02340588761853029,1.0525544202172836,1.5190171231681566
1678,ms_h_2_1_3_1_4_1,market_outcome_v2,challenger_20260307,0.09279433156577824,1.0525544202172836,1.5190171231681566
1678,ms_h_1_2_1_3_1_4,market_outcome_v2,challenger_20260307,0.1576224113679299,1.0525544202172836,1.5190171231681566
1678,ms_h_3_2_4_2_5_1,market_outcome_v2,challenger_20260307,0.02289225534999262,1.0525544202172836,1.5190171231681566
1678,ms_a_2_3_2_4_1_5,market_outcome_v2,challenger_20260307,0.03953833614361065,1.0525544202172836,1.5190171231681566
1678,ms_draw,market_outcome_v2,challenger_20260307,0.2570280617392639,1.0525544202172836,1.5190171231681566
1678,ms_other_homewin,market_outcome_v2,challenger_20260307,0.004520584288289405,1.0525544202172836,1.5190171231681566
1678,ms_other_awaywin,market_outcome_v2,challenger_20260307,0.010834764491803633,1.0525544202172836,1.5190171231681566
1679,1x2_h,market_outcome_v2,challenger_20260307,0.34882805171332526,1.2014786780706648,1.2646683665118224
1679,1x2_d,market_outcome_v2,challenger_20260307,0.27205281786501967,1.2014786780706648,1.2646683665118224
1679,1x2_a,market_outcome_v2,challenger_20260307,0.3791191304216549,1.2014786780706648,1.2646683665118224
1679,dc_1x,market_outcome_v2,challenger_20260307,0.620880869578345,1.2014786780706648,1.2646683665118224
1679,dc_x2,market_outcome_v2,challenger_20260307,0.6511719482866746,1.2014786780706648,1.2646683665118224
1679,dc_12,market_outcome_v2,challenger_20260307,0.7279471821349801,1.2014786780706648,1.2646683665118224
1679,o15,market_outcome_v2,challenger_20260307,0.7056845894730784,1.2014786780706648,1.2646683665118224
1679,u35,market_outcome_v2,challenger_20260307,0.7647876640801687,1.2014786780706648,1.2646683665118224
1679,ah_h05,market_outcome_v2,challenger_20260307,0.34882805171332526,1.2014786780706648,1.2646683665118224
1679,ah_a05,market_outcome_v2,challenger_20260307,0.3791191304216549,1.2014786780706648,1.2646683665118224
1679,ah_h15,market_outcome_v2,challenger_20260307,0.14698850077962175,1.2014786780706648,1.2646683665118224
1679,ah_a15,market_outcome_v2,challenger_20260307,0.16666417817339407,1.2014786780706648,1.2646683665118224
1679,eh_h1,market_outcome_v2,challenger_20260307,0.14698850077962175,1.2014786780706648,1.2646683665118224
1679,eh_a1,market_outcome_v2,challenger_20260307,0.16666417817339407,1.2014786780706648,1.2646683665118224
1679,mg_0,market_outcome_v2,challenger_20260307,0.08491140356752326,1.2014786780706648,1.2646683665118224
1679,mg_1_2,market_outcome_v2,challenger_20260307,0.4676145434027237,1.2014786780706648,1.2646683665118224
1679,mg_1_3,market_outcome_v2,challenger_20260307,0.6798762605126455,1.2014786780706648,1.2646683665118224
1679,mg_1_4,market_outcome_v2,challenger_20260307,0.8107434120948049,1.2014786780706648,1.2646683665118224
1679,mg_1_5,market_outcome_v2,challenger_20260307,0.8752909399162591,1.2014786780706648,1.2646683665118224
1679,mg_1_6,market_outcome_v2,challenger_20260307,0.9018215557449233,1.2014786780706648,1.2646683665118224
1679,mg_2_3,market_outcome_v2,challenger_20260307,0.47047225355324723,1.2014786780706648,1.2646683665118224
1679,mg_2_4,market_outcome_v2,challenger_20260307,0.6013394051354066,1.2014786780706648,1.2646683665118224
1679,mg_2_5,market_outcome_v2,challenger_20260307,0.6658869329568607,1.2014786780706648,1.2646683665118224
1679,mg_2_6,market_outcome_v2,challenger_20260307,0.6924175487855249,1.2014786780706648,1.2646683665118224
1679,mg_3_4,market_outcome_v2,challenger_20260307,0.34312886869208126,1.2014786780706648,1.2646683665118224
1679,mg_3_5,market_outcome_v2,challenger_20260307,0.40767639651353543,1.2014786780706648,1.2646683665118224
1679,mg_3_6,market_outcome_v2,challenger_20260307,0.43420701234219955,1.2014786780706648,1.2646683665118224
1679,mg_4_5,market_outcome_v2,challenger_20260307,0.19541467940361357,1.2014786780706648,1.2646683665118224
1679,mg_4_6,market_outcome_v2,challenger_20260307,0.22194529523227777,1.2014786780706648,1.2646683665118224
1679,mg_5_6,market_outcome_v2,challenger_20260307,0.09107814365011833,1.2014786780706648,1.2646683665118224
1679,mg_7p,market_outcome_v2,challenger_20260307,0.013267040687553334,1.2014786780706648,1.2646683665118224
1679,hmg_0,market_outcome_v2,challenger_20260307,0.3007491906999592,1.2014786780706648,1.2646683665118224
1679,hmg_1_2,market_outcome_v2,challenger_20260307,0.5784171396490237,1.2014786780706648,1.2646683665118224
1679,hmg_1_3,market_outcome_v2,challenger_20260307,0.6653534933713221,1.2014786780706648,1.2646683665118224
1679,hmg_2_3,market_outcome_v2,challenger_20260307,0.3040097532983129,1.2014786780706648,1.2646683665118224
1679,hmg_4p,market_outcome_v2,challenger_20260307,0.03389731592871862,1.2014786780706648,1.2646683665118224
1679,amg_0,market_outcome_v2,challenger_20260307,0.2823329411789994,1.2014786780706648,1.2646683665118224
1679,amg_1_2,market_outcome_v2,challenger_20260307,0.5828372271694928,1.2014786780706648,1.2646683665118224
1679,amg_1_3,market_outcome_v2,challenger_20260307,0.6780160367542876,1.2014786780706648,1.2646683665118224
1679,amg_2_3,market_outcome_v2,challenger_20260307,0.320958497220964,1.2014786780706648,1.2646683665118224
1679,amg_4p,market_outcome_v2,challenger_20260307,0.039651022066712865,1.2014786780706648,1.2646683665118224
1679,ms_h_1_0_2_0_3_0,market_outcome_v2,challenger_20260307,0.18785120870724728,1.2014786780706648,1.2646683665118224
1679,ms_a_0_1_0_2_0_3,market_outcome_v2,challenger_20260307,0.2039127743354458,1.2014786780706648,1.2646683665118224
1679,ms_h_4_0_5_0_6_0,market_outcome_v2,challenger_20260307,0.009498926343240609,1.2014786780706648,1.2646683665118224
1679,ms_a_0_4_0_5_0_6,market_outcome_v2,challenger_20260307,0.01182188020655281,1.2014786780706648,1.2646683665118224
1679,ms_h_2_1_3_1_4_1,market_outcome_v2,challenger_20260307,0.117872833688864,1.2014786780706648,1.2646683665118224
1679,ms_h_1_2_1_3_1_4,market_outcome_v2,challenger_20260307,0.12685004683574,1.2014786780706648,1.2646683665118224
1679,ms_h_3_2_4_2_5_1,market_outcome_v2,challenger_20260307,0.027764741269223566,1.2014786780706648,1.2646683665118224
1679,ms_a_2_3_2_4_1_5,market_outcome_v2,challenger_20260307,0.02994337459504682,1.2014786780706648,1.2646683665118224
1679,ms_draw,market_outcome_v2,challenger_20260307,0.27205281786501967,1.2014786780706648,1.2646683665118224
1679,ms_other_homewin,market_outcome_v2,challenger_20260307,0.005840341704749877,1.2014786780706648,1.2646683665118224
1679,ms_other_awaywin,market_outcome_v2,challenger_20260307,0.006591054448869514,1.2014786780706648,1.2646683665118224
1680,1x2_h,market_outcome_v2,challenger_20260307,0.44938399497086756,1.459459754576353,1.118850294695775
1680,1x2_d,market_outcome_v2,challenger_20260307,0.2606219260904882,1.459459754576353,1.118850294695775
1680,1x2_a,market_outcome_v2,challenger_20260307,0.28999407893864426,1.459459754576353,1.118850294695775
1680,dc_1x,market_outcome_v2,challenger_20260307,0.7100059210613557,1.459459754576353,1.118850294695775
1680,dc_x2,market_outcome_v2,challenger_20260307,0.5506160050291324,1.459459754576353,1.118850294695775
1680,dc_12,market_outcome_v2,challenger_20260307,0.7393780739095118,1.459459754576353,1.118850294695775
1680,o15,market_outcome_v2,challenger_20260307,0.7283983909826441,1.459459754576353,1.118850294695775
1680,u35,market_outcome_v2,challenger_20260307,0.7407130790799262,1.459459754576353,1.118850294695775
1680,ah_h05,market_outcome_v2,challenger_20260307,0.44938399497086756,1.459459754576353,1.118850294695775
1680,ah_a05,market_outcome_v2,challenger_20260307,0.28999407893864426,1.459459754576353,1.118850294695775
1680,ah_h15,market_outcome_v2,challenger_20260307,0.2199105505066966,1.459459754576353,1.118850294695775
1680,ah_a15,market_outcome_v2,challenger_20260307,0.11407526366571491,1.459459754576353,1.118850294695775
1680,eh_h1,market_outcome_v2,challenger_20260307,0.2199105505066966,1.459459754576353,1.118850294695775
1680,eh_a1,market_outcome_v2,challenger_20260307,0.11407526366571491,1.459459754576353,1.118850294695775
1680,mg_0,market_outcome_v2,challenger_20260307,0.07590220111658656,1.459459754576353,1.118850294695775
1680,mg_1_2,market_outcome_v2,challenger_20260307,0.4479862829143486,1.459459754576353,1.118850294695775
1680,mg_1_3,market_outcome_v2,challenger_20260307,0.6648108779633396,1.459459754576353,1.118850294695775
1680,mg_1_4,market_outcome_v2,challenger_20260307,0.8045711360493829,1.459459754576353,1.118850294695775
1680,mg_1_5,market_outcome_v2,challenger_20260307,0.8766401916318052,1.459459754576353,1.118850294695775
1680,mg_1_6,market_outcome_v2,challenger_20260307,0.9076095866734237,1.459459754576353,1.118850294695775
1680,mg_2_3,market_outcome_v2,challenger_20260307,0.4691114700625705,1.459459754576353,1.118850294695775
1680,mg_2_4,market_outcome_v2,challenger_20260307,0.6088717281486136,1.459459754576353,1.118850294695775
1680,mg_2_5,market_outcome_v2,challenger_20260307,0.6809407837310361,1.459459754576353,1.118850294695775
1680,mg_2_6,market_outcome_v2,challenger_20260307,0.7119101787726545,1.459459754576353,1.118850294695775
1680,mg_3_4,market_outcome_v2,challenger_20260307,0.35658485313503435,1.459459754576353,1.118850294695775
1680,mg_3_5,market_outcome_v2,challenger_20260307,0.4286539087174567,1.459459754576353,1.118850294695775
1680,mg_3_6,market_outcome_v2,challenger_20260307,0.4596233037590751,1.459459754576353,1.118850294695775
1680,mg_4_5,market_outcome_v2,challenger_20260307,0.21182931366846564,1.459459754576353,1.118850294695775
1680,mg_4_6,market_outcome_v2,challenger_20260307,0.24279870871008416,1.459459754576353,1.118850294695775
1680,mg_5_6,market_outcome_v2,challenger_20260307,0.10303845062404082,1.459459754576353,1.118850294695775
1680,mg_7p,market_outcome_v2,challenger_20260307,0.01648821220998958,1.459459754576353,1.118850294695775
1680,hmg_0,market_outcome_v2,challenger_20260307,0.23236187161036484,1.459459754576353,1.118850294695775
1680,hmg_1_2,market_outcome_v2,challenger_20260307,0.5865908394257139,1.459459754576353,1.118850294695775
1680,hmg_1_3,market_outcome_v2,challenger_20260307,0.7069807207324778,1.459459754576353,1.118850294695775
1680,hmg_2_3,market_outcome_v2,challenger_20260307,0.36785792061911277,1.459459754576353,1.118850294695775
1680,hmg_4p,market_outcome_v2,challenger_20260307,0.06065740765715736,1.459459754576353,1.118850294695775
1680,amg_0,market_outcome_v2,challenger_20260307,0.326655146089815,1.459459754576353,1.118850294695775
1680,amg_1_2,market_outcome_v2,challenger_20260307,0.5699359059714337,1.459459754576353,1.118850294695775
1680,amg_1_3,market_outcome_v2,challenger_20260307,0.6461884250860793,1.459459754576353,1.118850294695775
1680,amg_2_3,market_outcome_v2,challenger_20260307,0.2807102186195983,1.459459754576353,1.118850294695775
1680,amg_4p,market_outcome_v2,challenger_20260307,0.027156428824105648,1.459459754576353,1.118850294695775
1680,ms_h_1_0_2_0_3_0,market_outcome_v2,challenger_20260307,0.23093889061355025,1.459459754576353,1.118850294695775
1680,ms_a_0_1_0_2_0_3,market_outcome_v2,challenger_20260307,0.1501495518659554,1.459459754576353,1.118850294695775
1680,ms_h_4_0_5_0_6_0,market_outcome_v2,challenger_20260307,0.019555696635377907,1.459459754576353,1.118850294695775
1680,ms_a_0_4_0_5_0_6,market_outcome_v2,challenger_20260307,0.006271802501933709,1.459459754576353,1.118850294695775
1680,ms_h_2_1_3_1_4_1,market_outcome_v2,challenger_20260307,0.1504980658114924,1.459459754576353,1.118850294695775
1680,ms_h_1_2_1_3_1_4,market_outcome_v2,challenger_20260307,0.10242831379400313,1.459459754576353,1.118850294695775
1680,ms_h_3_2_4_2_5_1,market_outcome_v2,challenger_20260307,0.038281693724724335,1.459459754576353,1.118850294695775
1680,ms_a_2_3_2_4_1_5,market_outcome_v2,challenger_20260307,0.025766801224705094,1.459459754576353,1.118850294695775
1680,ms_draw,market_outcome_v2,challenger_20260307,0.2606219260904882,1.459459754576353,1.118850294695775
1680,ms_other_homewin,market_outcome_v2,challenger_20260307,0.010109648185722674,1.459459754576353,1.118850294695775
1680,ms_other_awaywin,market_outcome_v2,challenger_20260307,0.005377609552046878,1.459459754576353,1.118850294695775
1681,1x2_h,market_outcome_v2,challenger_20260307,0.43517061573350907,1.3513344390489208,1.055607765439954
1681,1x2_d,market_outcome_v2,challenger_20260307,0.27238235364045826,1.3513344390489208,1.055607765439954
1681,1x2_a,market_outcome_v2,challenger_20260307,0.29244703062603267,1.3513344390489208,1.055607765439954
1681,dc_1x,market_outcome_v2,challenger_20260307,0.7075529693739673,1.3513344390489208,1.055607765439954
1681,dc_x2,market_outcome_v2,challenger_20260307,0.5648293842664909,1.3513344390489208,1.055607765439954
1681,dc_12,market_outcome_v2,challenger_20260307,0.7276176463595417,1.3513344390489208,1.055607765439954
1681,o15,market_outcome_v2,challenger_20260307,0.6930673117852385,1.3513344390489208,1.055607765439954
1681,u35,market_outcome_v2,challenger_20260307,0.7772708073160112,1.3513344390489208,1.055607765439954
1681,ah_h05,market_outcome_v2,challenger_20260307,0.43517061573350907,1.3513344390489208,1.055607765439954
1681,ah_a05,market_outcome_v2,challenger_20260307,0.29244703062603267,1.3513344390489208,1.055607765439954
1681,ah_h15,market_outcome_v2,challenger_20260307,0.20331552546571663,1.3513344390489208,1.055607765439954
1681,ah_a15,market_outcome_v2,challenger_20260307,0.11133121897268751,1.3513344390489208,1.055607765439954
1681,eh_h1,market_outcome_v2,challenger_20260307,0.20331552546571663,1.3513344390489208,1.055607765439954
1681,eh_a1,market_outcome_v2,challenger_20260307,0.11133121897268751,1.3513344390489208,1.055607765439954
1681,mg_0,market_outcome_v2,challenger_20260307,0.09009037130432003,1.3513344390489208,1.055607765439954
1681,mg_1_2,market_outcome_v2,challenger_20260307,0.4778057790558878,1.3513344390489208,1.055607765439954
1681,mg_1_3,market_outcome_v2,challenger_20260307,0.6871804360116911,1.3513344390489208,1.055607765439954
1681,mg_1_4,market_outcome_v2,challenger_20260307,0.813168610606017,1.3513344390489208,1.055607765439954
1681,mg_1_5,market_outcome_v2,challenger_20260307,0.8738178615455361,1.3513344390489208,1.055607765439954
1681,mg_1_6,market_outcome_v2,challenger_20260307,0.898147735171697,1.3513344390489208,1.055607765439954
1681,mg_2_3,market_outcome_v2,challenger_20260307,0.4703381191012498,1.3513344390489208,1.055607765439954
1681,mg_2_4,market_outcome_v2,challenger_20260307,0.5963262936955755,1.3513344390489208,1.055607765439954
1681,mg_2_5,market_outcome_v2,challenger_20260307,0.6569755446350949,1.3513344390489208,1.055607765439954
1681,mg_2_6,market_outcome_v2,challenger_20260307,0.6813054182612557,1.3513344390489208,1.055607765439954
1681,mg_3_4,market_outcome_v2,challenger_20260307,0.33536283155012914,1.3513344390489208,1.055607765439954
1681,mg_3_5,market_outcome_v2,challenger_20260307,0.39601208248964825,1.3513344390489208,1.055607765439954
1681,mg_3_6,market_outcome_v2,challenger_20260307,0.42034195611580916,1.3513344390489208,1.055607765439954
1681,mg_4_5,market_outcome_v2,challenger_20260307,0.18663742553384496,1.3513344390489208,1.055607765439954
1681,mg_4_6,market_outcome_v2,challenger_20260307,0.2109672991600058,1.3513344390489208,1.055607765439954
1681,mg_5_6,market_outcome_v2,challenger_20260307,0.08497912456568003,1.3513344390489208,1.055607765439954
1681,mg_7p,market_outcome_v2,challenger_20260307,0.01176189352398305,1.3513344390489208,1.055607765439954
1681,hmg_0,market_outcome_v2,challenger_20260307,0.2588946028965499,1.3513344390489208,1.055607765439954
1681,hmg_1_2,market_outcome_v2,challenger_20260307,0.5862375271192037,1.3513344390489208,1.055607765439954
1681,hmg_1_3,market_outcome_v2,challenger_20260307,0.6927156243114215,1.3513344390489208,1.055607765439954
1681,hmg_2_3,market_outcome_v2,challenger_20260307,0.3428624313334191,1.3513344390489208,1.055607765439954
1681,hmg_4p,market_outcome_v2,challenger_20260307,0.04838977279202851,1.3513344390489208,1.055607765439954
1681,amg_0,market_outcome_v2,challenger_20260307,0.34798087830482377,1.3513344390489208,1.055607765439954
1681,amg_1_2,market_outcome_v2,challenger_20260307,0.5612102129121221,1.3513344390489208,1.055607765439954
1681,amg_1_3,market_outcome_v2,challenger_20260307,0.6294302354775813,1.3513344390489208,1.055607765439954
1681,amg_2_3,market_outcome_v2,challenger_20260307,0.2620989181143936,1.3513344390489208,1.055607765439954
1681,amg_4p,market_outcome_v2,challenger_20260307,0.02258888621759501,1.3513344390489208,1.055607765439954
1681,ms_h_1_0_2_0_3_0,market_outcome_v2,challenger_20260307,0.24105179136336283,1.3513344390489208,1.055607765439954
1681,ms_a_0_1_0_2_0_3,market_outcome_v2,challenger_20260307,0.1629560908650503,1.3513344390489208,1.055607765439954
1681,ms_h_4_0_5_0_6_0,market_outcome_v2,challenger_20260307,0.016662543089351414,1.3513344390489208,1.055607765439954
1681,ms_a_0_4_0_5_0_6,market_outcome_v2,challenger_20260307,0.005818141571819699,1.3513344390489208,1.055607765439954
1681,ms_h_2_1_3_1_4_1,market_outcome_v2,challenger_20260307,0.13915770662062651,1.3513344390489208,1.055607765439954
1681,ms_h_1_2_1_3_1_4,market_outcome_v2,challenger_20260307,0.09799468909151646,1.3513344390489208,1.055607765439954
1681,ms_h_3_2_4_2_5_1,market_outcome_v2,challenger_20260307,0.031189242256684742,1.3513344390489208,1.055607765439954
1681,ms_a_2_3_2_4_1_5,market_outcome_v2,challenger_20260307,0.021711624231411195,1.3513344390489208,1.055607765439954
1681,ms_draw,market_outcome_v2,challenger_20260307,0.27238235364045826,1.3513344390489208,1.055607765439954
1681,ms_other_homewin,market_outcome_v2,challenger_20260307,0.007109332403483624,1.3513344390489208,1.055607765439954
1681,ms_other_awaywin,market_outcome_v2,challenger_20260307,0.003966484866235009,1.3513344390489208,1.055607765439954
2231,1x2_h,market_outcome_v2,challenger_20260307,0.43770304215400135,1.442167689015114,1.1503419556703212
2231,1x2_d,market_outcome_v2,challenger_20260307,0.2610096947590359,1.442167689015114,1.1503419556703212
2231,1x2_a,market_outcome_v2,challenger_20260307,0.3012872630869627,1.442167689015114,1.1503419556703212
2231,dc_1x,market_outcome_v2,challenger_20260307,0.6987127369130373,1.442167689015114,1.1503419556703212
2231,dc_x2,market_outcome_v2,challenger_20260307,0.5622969578459986,1.442167689015114,1.1503419556703212
2231,dc_12,market_outcome_v2,challenger_20260307,0.7389903052409641,1.442167689015114,1.1503419556703212
2231,o15,market_outcome_v2,challenger_20260307,0.7311651968825549,1.442167689015114,1.1503419556703212
2231,u35,market_outcome_v2,challenger_20260307,0.737630699568169,1.442167689015114,1.1503419556703212
2231,ah_h05,market_outcome_v2,challenger_20260307,0.43770304215400135,1.442167689015114,1.1503419556703212
2231,ah_a05,market_outcome_v2,challenger_20260307,0.3012872630869627,1.442167689015114,1.1503419556703212
2231,ah_h15,market_outcome_v2,challenger_20260307,0.211789598609035,1.442167689015114,1.1503419556703212
2231,ah_a15,market_outcome_v2,challenger_20260307,0.1210878906844308,1.442167689015114,1.1503419556703212
2231,eh_h1,market_outcome_v2,challenger_20260307,0.211789598609035,1.442167689015114,1.1503419556703212
2231,eh_a1,market_outcome_v2,challenger_20260307,0.1210878906844308,1.442167689015114,1.1503419556703212
2231,mg_0,market_outcome_v2,challenger_20260307,0.07483203378873172,1.442167689015114,1.1503419556703212
2231,mg_1_2,market_outcome_v2,challenger_20260307,0.44547979461889997,1.442167689015114,1.1503419556703212
2231,mg_1_3,market_outcome_v2,challenger_20260307,0.6627986657794372,1.442167689015114,1.1503419556703212
2231,mg_1_4,market_outcome_v2,challenger_20260307,0.8036489831433983,1.442167689015114,1.1503419556703212
2231,mg_1_5,market_outcome_v2,challenger_20260307,0.8766801443880131,1.442167689015114,1.1503419556703212
2231,mg_1_6,market_outcome_v2,challenger_20260307,0.9082358093695532,1.442167689015114,1.1503419556703212
2231,mg_2_3,market_outcome_v2,challenger_20260307,0.4687958964507239,1.442167689015114,1.1503419556703212
2231,mg_2_4,market_outcome_v2,challenger_20260307,0.609646213814685,1.442167689015114,1.1503419556703212
2231,mg_2_5,market_outcome_v2,challenger_20260307,0.6826773750592997,1.442167689015114,1.1503419556703212
2231,mg_2_6,market_outcome_v2,challenger_20260307,0.7142330400408398,1.442167689015114,1.1503419556703212
2231,mg_3_4,market_outcome_v2,challenger_20260307,0.35816918852449836,1.442167689015114,1.1503419556703212
2231,mg_3_5,market_outcome_v2,challenger_20260307,0.4312003497691131,1.442167689015114,1.1503419556703212
2231,mg_3_6,market_outcome_v2,challenger_20260307,0.4627560147506532,1.442167689015114,1.1503419556703212
2231,mg_4_5,market_outcome_v2,challenger_20260307,0.21388147860857584,1.442167689015114,1.1503419556703212
2231,mg_4_6,market_outcome_v2,challenger_20260307,0.24543714359011595,1.442167689015114,1.1503419556703212
2231,mg_5_6,market_outcome_v2,challenger_20260307,0.10458682622615487,1.442167689015114,1.1503419556703212
2231,mg_7p,market_outcome_v2,challenger_20260307,0.016932156841715045,1.442167689015114,1.1503419556703212
2231,hmg_0,market_outcome_v2,challenger_20260307,0.23641481842933262,1.442167689015114,1.1503419556703212
2231,hmg_1_2,market_outcome_v2,challenger_20260307,0.5868032138116932,1.442167689015114,1.1503419556703212
2231,hmg_1_3,market_outcome_v2,challenger_20260307,0.7049904910891539,1.442167689015114,1.1503419556703212
2231,hmg_2_3,market_outcome_v2,challenger_20260307,0.36404067874599544,1.442167689015114,1.1503419556703212
2231,hmg_4p,market_outcome_v2,challenger_20260307,0.05859469048151341,1.442167689015114,1.1503419556703212
2231,amg_0,market_outcome_v2,challenger_20260307,0.3165285250979306,1.442167689015114,1.1503419556703212
2231,amg_1_2,market_outcome_v2,challenger_20260307,0.573545022846597,1.442167689015114,1.1503419556703212
2231,amg_1_3,market_outcome_v2,challenger_20260307,0.653850003755374,1.442167689015114,1.1503419556703212
2231,amg_2_3,market_outcome_v2,challenger_20260307,0.28973396116877836,1.442167689015114,1.1503419556703212
2231,amg_4p,market_outcome_v2,challenger_20260307,0.02962147114669523,1.442167689015114,1.1503419556703212
2231,ms_h_1_0_2_0_3_0,market_outcome_v2,challenger_20260307,0.22314960035251571,1.442167689015114,1.1503419556703212
2231,ms_a_0_1_0_2_0_3,market_outcome_v2,challenger_20260307,0.15457982991784525,1.442167689015114,1.1503419556703212
2231,ms_h_4_0_5_0_6_0,market_outcome_v2,challenger_20260307,0.0183131450479084,1.442167689015114,1.1503419556703212
2231,ms_a_0_4_0_5_0_6,market_outcome_v2,challenger_20260307,0.0069568754747932095,1.442167689015114,1.1503419556703212
2231,ms_h_2_1_3_1_4_1,market_outcome_v2,challenger_20260307,0.14806857043185362,1.442167689015114,1.1503419556703212
2231,ms_h_1_2_1_3_1_4,market_outcome_v2,challenger_20260307,0.10665882122295944,1.442167689015114,1.1503419556703212
2231,ms_h_3_2_4_2_5_1,market_outcome_v2,challenger_20260307,0.03815111335716025,1.442167689015114,1.1503419556703212
2231,ms_a_2_3_2_4_1_5,market_outcome_v2,challenger_20260307,0.02723270296504924,1.442167689015114,1.1503419556703212
2231,ms_draw,market_outcome_v2,challenger_20260307,0.2610096947590359,1.442167689015114,1.1503419556703212
2231,ms_other_homewin,market_outcome_v2,challenger_20260307,0.010020612964563403,1.442167689015114,1.1503419556703212
2231,ms_other_awaywin,market_outcome_v2,challenger_20260307,0.005859033506315537,1.442167689015114,1.1503419556703212
2232,1x2_h,market_outcome_v2,challenger_20260307,0.44308725250345293,1.4264744302954202,1.1086006650637168
2232,1x2_d,market_outcome_v2,challenger_20260307,0.2637647810849621,1.4264744302954202,1.1086006650637168
2232,1x2_a,market_outcome_v2,challenger_20260307,0.2931479664115848,1.4264744302954202,1.1086006650637168
2232,dc_1x,market_outcome_v2,challenger_20260307,0.706852033588415,1.4264744302954202,1.1086006650637168
2232,dc_x2,market_outcome_v2,challenger_20260307,0.556912747496547,1.4264744302954202,1.1086006650637168
2232,dc_12,market_outcome_v2,challenger_20260307,0.7362352189150377,1.4264744302954202,1.1086006650637168
2232,o15,market_outcome_v2,challenger_20260307,0.7198248078536147,1.4264744302954202,1.1086006650637168
2232,u35,market_outcome_v2,challenger_20260307,0.7500530271931334,1.4264744302954202,1.1086006650637168
2232,ah_h05,market_outcome_v2,challenger_20260307,0.44308725250345293,1.4264744302954202,1.1086006650637168
2232,ah_a05,market_outcome_v2,challenger_20260307,0.2931479664115848,1.4264744302954202,1.1086006650637168
2232,ah_h15,market_outcome_v2,challenger_20260307,0.21371298115411186,1.4264744302954202,1.1086006650637168
2232,ah_a15,market_outcome_v2,challenger_20260307,0.11488716876537455,1.4264744302954202,1.1086006650637168
2232,eh_h1,market_outcome_v2,challenger_20260307,0.21371298115411186,1.4264744302954202,1.1086006650637168
2232,eh_a1,market_outcome_v2,challenger_20260307,0.11488716876537455,1.4264744302954202,1.1086006650637168
2232,mg_0,market_outcome_v2,challenger_20260307,0.07925579643674352,1.4264744302954202,1.1086006650637168
2232,mg_1_2,market_outcome_v2,challenger_20260307,0.4555922738287023,1.4264744302954202,1.1086006650637168
2232,mg_1_3,market_outcome_v2,challenger_20260307,0.6707972307563899,1.4264744302954202,1.1086006650637168
2232,mg_1_4,market_outcome_v2,challenger_20260307,0.8071874124326941,1.4264744302954202,1.1086006650637168
2232,mg_1_5,market_outcome_v2,challenger_20260307,0.8763392829965153,1.4264744302954202,1.1086006650637168
2232,mg_1_6,market_outcome_v2,challenger_20260307,0.9055568138071558,1.4264744302954202,1.1086006650637168
2232,mg_2_3,market_outcome_v2,challenger_20260307,0.469877835046748,1.4264744302954202,1.1086006650637168
2232,mg_2_4,market_outcome_v2,challenger_20260307,0.6062680167230521,1.4264744302954202,1.1086006650637168
2232,mg_2_5,market_outcome_v2,challenger_20260307,0.6754198872868733,1.4264744302954202,1.1086006650637168
2232,mg_2_6,market_outcome_v2,challenger_20260307,0.7046374180975139,1.4264744302954202,1.1086006650637168
2232,mg_3_4,market_outcome_v2,challenger_20260307,0.3515951386039918,1.4264744302954202,1.1086006650637168
2232,mg_3_5,market_outcome_v2,challenger_20260307,0.4207470091678132,1.4264744302954202,1.1086006650637168
2232,mg_3_6,market_outcome_v2,challenger_20260307,0.4499645399784536,1.4264744302954202,1.1086006650637168
2232,mg_4_5,market_outcome_v2,challenger_20260307,0.2055420522401255,1.4264744302954202,1.1086006650637168
2232,mg_4_6,market_outcome_v2,challenger_20260307,0.23475958305076589,1.4264744302954202,1.1086006650637168
2232,mg_5_6,market_outcome_v2,challenger_20260307,0.09836940137446172,1.4264744302954202,1.1086006650637168
2232,mg_7p,market_outcome_v2,challenger_20260307,0.015187389756100685,1.4264744302954202,1.1086006650637168
2232,hmg_0,market_outcome_v2,challenger_20260307,0.2401541930317363,1.4264744302954202,1.1086006650637168
2232,hmg_1_2,market_outcome_v2,challenger_20260307,0.5869102099718381,1.4264744302954202,1.1086006650637168
2232,hmg_1_3,market_outcome_v2,challenger_20260307,0.7030900829173287,1.4264744302954202,1.1086006650637168
2232,hmg_2_3,market_outcome_v2,challenger_20260307,0.3605162672293263,1.4264744302954202,1.1086006650637168
2232,hmg_4p,market_outcome_v2,challenger_20260307,0.05675572405093505,1.4264744302954202,1.1086006650637168
2232,amg_0,market_outcome_v2,challenger_20260307,0.3300204565916945,1.4264744302954202,1.1086006650637168
2232,amg_1_2,market_outcome_v2,challenger_20260307,0.5686577148967368,1.4264744302954202,1.1086006650637168
2232,amg_1_3,market_outcome_v2,challenger_20260307,0.6435979437164134,1.4264744302954202,1.1086006650637168
2232,amg_2_3,market_outcome_v2,challenger_20260307,0.2777370460542295,1.4264744302954202,1.1086006650637168
2232,amg_4p,market_outcome_v2,challenger_20260307,0.02638159969189213,1.4264744302954202,1.1086006650637168
2232,ms_h_1_0_2_0_3_0,market_outcome_v2,challenger_20260307,0.23203411018946912,1.4264744302954202,1.1086006650637168
2232,ms_a_0_1_0_2_0_3,market_outcome_v2,challenger_20260307,0.15456274481010013,1.4264744302954202,1.1086006650637168
2232,ms_h_4_0_5_0_6_0,market_outcome_v2,challenger_20260307,0.018501753181464048,1.4264744302954202,1.1086006650637168
2232,ms_a_0_4_0_5_0_6,market_outcome_v2,challenger_20260307,0.00629819234840977,1.4264744302954202,1.1086006650637168
2232,ms_h_2_1_3_1_4_1,market_outcome_v2,challenger_20260307,0.14705711892912424,1.4264744302954202,1.1086006650637168
2232,ms_h_1_2_1_3_1_4,market_outcome_v2,challenger_20260307,0.10226059393467915,1.4264744302954202,1.1086006650637168
2232,ms_h_3_2_4_2_5_1,market_outcome_v2,challenger_20260307,0.03628775623062772,1.4264744302954202,1.1086006650637168
2232,ms_a_2_3_2_4_1_5,market_outcome_v2,challenger_20260307,0.024962991102004874,1.4264744302954202,1.1086006650637168
2232,ms_draw,market_outcome_v2,challenger_20260307,0.2637647810849621,1.4264744302954202,1.1086006650637168
2232,ms_other_homewin,market_outcome_v2,challenger_20260307,0.0092065139727679,1.4264744302954202,1.1086006650637168
2232,ms_other_awaywin,market_outcome_v2,challenger_20260307,0.00506344421639103,1.4264744302954202,1.1086006650637168
2234,1x2_h,market_outcome_v2,challenger_20260307,0.3647281971141432,1.2309333551929489,1.2262224929424483
2234,1x2_d,market_outcome_v2,challenger_20260307,0.27280580060235515,1.2309333551929489,1.2262224929424483
2234,1x2_a,market_outcome_v2,challenger_20260307,0.3624660022835018,1.2309333551929489,1.2262224929424483
2234,dc_1x,market_outcome_v2,challenger_20260307,0.6375339977164984,1.2309333551929489,1.2262224929424483
2234,dc_x2,market_outcome_v2,challenger_20260307,0.6352718028858569,1.2309333551929489,1.2262224929424483
2234,dc_12,market_outcome_v2,challenger_20260307,0.727194199397645,1.2309333551929489,1.2262224929424483
2234,o15,market_outcome_v2,challenger_20260307,0.703796763114047,1.2309333551929489,1.2262224929424483
2234,u35,market_outcome_v2,challenger_20260307,0.7666942741361713,1.2309333551929489,1.2262224929424483
2234,ah_h05,market_outcome_v2,challenger_20260307,0.3647281971141432,1.2309333551929489,1.2262224929424483
2234,ah_a05,market_outcome_v2,challenger_20260307,0.3624660022835018,1.2309333551929489,1.2262224929424483
2234,ah_h15,market_outcome_v2,challenger_20260307,0.15692843996797579,1.2309333551929489,1.2262224929424483
2234,ah_a15,market_outcome_v2,challenger_20260307,0.15546150836379016,1.2309333551929489,1.2262224929424483
2234,eh_h1,market_outcome_v2,challenger_20260307,0.15692843996797579,1.2309333551929489,1.2262224929424483
2234,eh_a1,market_outcome_v2,challenger_20260307,0.15546150836379016,1.2309333551929489,1.2262224929424483
2234,mg_0,market_outcome_v2,challenger_20260307,0.08567830028423769,1.2309333551929489,1.2262224929424483
2234,mg_1_2,market_outcome_v2,challenger_20260307,0.46917122617633444,1.2309333551929489,1.2262224929424483
2234,mg_1_3,market_outcome_v2,challenger_20260307,0.6810159738519336,1.2309333551929489,1.2262224929424483
2234,mg_1_4,market_outcome_v2,challenger_20260307,0.8111498640139,1.2309333551929489,1.2262224929424483
2234,mg_1_5,market_outcome_v2,challenger_20260307,0.875101713864317,1.2309333551929489,1.2262224929424483
2234,mg_1_6,market_outcome_v2,challenger_20260307,0.9012916575074885,1.2309333551929489,1.2262224929424483
2234,mg_2_3,market_outcome_v2,challenger_20260307,0.4704910372502183,1.2309333551929489,1.2262224929424483
2234,mg_2_4,market_outcome_v2,challenger_20260307,0.6006249274121847,1.2309333551929489,1.2262224929424483
2234,mg_2_5,market_outcome_v2,challenger_20260307,0.6645767772626018,1.2309333551929489,1.2262224929424483
2234,mg_2_6,market_outcome_v2,challenger_20260307,0.6907667209057733,1.2309333551929489,1.2262224929424483
2234,mg_3_4,market_outcome_v2,challenger_20260307,0.3419786378375655,1.2309333551929489,1.2262224929424483
2234,mg_3_5,market_outcome_v2,challenger_20260307,0.40593048768798257,1.2309333551929489,1.2262224929424483
2234,mg_3_6,market_outcome_v2,challenger_20260307,0.4321204313311541,1.2309333551929489,1.2262224929424483
2234,mg_4_5,market_outcome_v2,challenger_20260307,0.1940857400123835,1.2309333551929489,1.2262224929424483
2234,mg_4_6,market_outcome_v2,challenger_20260307,0.220275683655555,1.2309333551929489,1.2262224929424483
2234,mg_5_6,market_outcome_v2,challenger_20260307,0.09014179349358854,1.2309333551929489,1.2262224929424483
2234,mg_7p,market_outcome_v2,challenger_20260307,0.013030042208273864,1.2309333551929489,1.2262224929424483
2234,hmg_0,market_outcome_v2,challenger_20260307,0.29201991554087486,1.2309333551929489,1.2262224929424483
2234,hmg_1_2,market_outcome_v2,challenger_20260307,0.580690893442316,1.2309333551929489,1.2262224929424483
2234,hmg_1_3,market_outcome_v2,challenger_20260307,0.6714655973590128,1.2309333551929489,1.2262224929424483
2234,hmg_2_3,market_outcome_v2,challenger_20260307,0.3120085429391221,1.2309333551929489,1.2262224929424483
2234,hmg_4p,market_outcome_v2,challenger_20260307,0.036514487100112514,1.2309333551929489,1.2262224929424483
2234,amg_0,market_outcome_v2,challenger_20260307,0.29339882564360603,1.2309333551929489,1.2262224929424483
2234,amg_1_2,market_outcome_v2,challenger_20260307,0.5803526455557135,1.2309333551929489,1.2262224929424483
2234,amg_1_3,market_outcome_v2,challenger_20260307,0.670512864062988,1.2309333551929489,1.2262224929424483
2234,amg_2_3,market_outcome_v2,challenger_20260307,0.3107406246558987,1.2309333551929489,1.2262224929424483
2234,amg_4p,market_outcome_v2,challenger_20260307,0.03608831029340606,1.2309333551929489,1.2262224929424483
2234,ms_h_1_0_2_0_3_0,market_outcome_v2,challenger_20260307,0.1970072177252167,1.2309333551929489,1.2262224929424483
2234,ms_a_0_1_0_2_0_3,market_outcome_v2,challenger_20260307,0.19580310993274386,1.2309333551929489,1.2262224929424483
2234,ms_h_4_0_5_0_6_0,market_outcome_v2,challenger_20260307,0.010627595254132448,1.2309333551929489,1.2262224929424483
2234,ms_a_0_4_0_5_0_6,market_outcome_v2,challenger_20260307,0.010455118157469903,1.2309333551929489,1.2262224929424483
2234,ms_h_2_1_3_1_4_1,market_outcome_v2,challenger_20260307,0.12230203482852037,1.2309333551929489,1.2262224929424483
2234,ms_h_1_2_1_3_1_4,market_outcome_v2,challenger_20260307,0.12163298699949181,1.2309333551929489,1.2262224929424483
2234,ms_h_3_2_4_2_5_1,market_outcome_v2,challenger_20260307,0.028659084567263526,1.2309333551929489,1.2262224929424483
2234,ms_a_2_3_2_4_1_5,market_outcome_v2,challenger_20260307,0.028497723397881498,1.2309333551929489,1.2262224929424483
2234,ms_draw,market_outcome_v2,challenger_20260307,0.27280580060235515,1.2309333551929489,1.2262224929424483
2234,ms_other_homewin,market_outcome_v2,challenger_20260307,0.006132264739010246,1.2309333551929489,1.2262224929424483
2234,ms_other_awaywin,market_outcome_v2,challenger_20260307,0.006077063795914639,1.2309333551929489,1.2262224929424483
2787,1x2_h,market_outcome_v2,challenger_20260307,0.3306419305749933,1.2585240905845485,1.435085871097088
2787,1x2_d,market_outcome_v2,challenger_20260307,0.2573636311882852,1.2585240905845485,1.435085871097088
2787,1x2_a,market_outcome_v2,challenger_20260307,0.4119944382367216,1.2585240905845485,1.435085871097088
2787,dc_1x,market_outcome_v2,challenger_20260307,0.5880055617632785,1.2585240905845485,1.435085871097088
2787,dc_x2,market_outcome_v2,challenger_20260307,0.6693580694250068,1.2585240905845485,1.435085871097088
2787,dc_12,market_outcome_v2,challenger_20260307,0.7426363688117149,1.2585240905845485,1.435085871097088
2787,o15,market_outcome_v2,challenger_20260307,0.7501776498453944,1.2585240905845485,1.435085871097088
2787,u35,market_outcome_v2,challenger_20260307,0.7155007972896543,1.2585240905845485,1.435085871097088
2787,ah_h05,market_outcome_v2,challenger_20260307,0.3306419305749933,1.2585240905845485,1.435085871097088
2787,ah_a05,market_outcome_v2,challenger_20260307,0.4119944382367216,1.2585240905845485,1.435085871097088
2787,ah_h15,market_outcome_v2,challenger_20260307,0.14169539985477006,1.2585240905845485,1.435085871097088
2787,ah_a15,market_outcome_v2,challenger_20260307,0.19654008288666966,1.2585240905845485,1.435085871097088
2787,eh_h1,market_outcome_v2,challenger_20260307,0.14169539985477006,1.2585240905845485,1.435085871097088
2787,eh_a1,market_outcome_v2,challenger_20260307,0.19654008288666966,1.2585240905845485,1.435085871097088
2787,mg_0,market_outcome_v2,challenger_20260307,0.06763636462602181,1.2585240905845485,1.435085871097088
2787,mg_1_2,market_outcome_v2,challenger_20260307,0.4275549782778736,1.2585240905845485,1.435085871097088
2787,mg_1_3,market_outcome_v2,challenger_20260307,0.6478644326636325,1.2585240905845485,1.435085871097088
2787,mg_1_4,market_outcome_v2,challenger_20260307,0.796221367910164,1.2585240905845485,1.435085871097088
2787,mg_1_5,market_outcome_v2,challenger_20260307,0.8761445116430869,1.2585240905845485,1.435085871097088
2787,mg_1_6,market_outcome_v2,challenger_20260307,0.912024807664406,1.2585240905845485,1.435085871097088
2787,mg_2_3,market_outcome_v2,challenger_20260307,0.4656784471350487,1.2585240905845485,1.435085871097088
2787,mg_2_4,market_outcome_v2,challenger_20260307,0.6140353823815803,1.2585240905845485,1.435085871097088
2787,mg_2_5,market_outcome_v2,challenger_20260307,0.6939585261145031,1.2585240905845485,1.435085871097088
2787,mg_2_6,market_outcome_v2,challenger_20260307,0.7298388221358223,1.2585240905845485,1.435085871097088
2787,mg_3_4,market_outcome_v2,challenger_20260307,0.3686663896322903,1.2585240905845485,1.435085871097088
2787,mg_3_5,market_outcome_v2,challenger_20260307,0.44858953336521323,1.2585240905845485,1.435085871097088
2787,mg_3_6,market_outcome_v2,challenger_20260307,0.4844698293865323,1.2585240905845485,1.435085871097088
2787,mg_4_5,market_outcome_v2,challenger_20260307,0.2282800789794545,1.2585240905845485,1.435085871097088
2787,mg_4_6,market_outcome_v2,challenger_20260307,0.2641603750007736,1.2585240905845485,1.435085871097088
2787,mg_5_6,market_outcome_v2,challenger_20260307,0.11580343975424202,1.2585240905845485,1.435085871097088
2787,mg_7p,market_outcome_v2,challenger_20260307,0.020338827709572193,1.2585240905845485,1.435085871097088
2787,hmg_0,market_outcome_v2,challenger_20260307,0.2840730115477514,1.2585240905845485,1.435085871097088
2787,hmg_1_2,market_outcome_v2,challenger_20260307,0.5824819192828473,1.2585240905845485,1.435085871097088
2787,hmg_1_3,market_outcome_v2,challenger_20260307,0.6768583013552435,1.2585240905845485,1.435085871097088
2787,hmg_2_3,market_outcome_v2,challenger_20260307,0.3193455728374957,1.2585240905845485,1.435085871097088
2787,hmg_4p,market_outcome_v2,challenger_20260307,0.03906868709700539,1.2585240905845485,1.435085871097088
2787,amg_0,market_outcome_v2,challenger_20260307,0.23809500331449987,1.2585240905845485,1.435085871097088
2787,amg_1_2,market_outcome_v2,challenger_20260307,0.5868617069760157,1.2585240905845485,1.435085871097088
2787,amg_1_3,market_outcome_v2,challenger_20260307,0.7041440671387071,1.2585240905845485,1.435085871097088
2787,amg_2_3,market_outcome_v2,challenger_20260307,0.36245729190325393,1.2585240905845485,1.435085871097088
2787,amg_4p,market_outcome_v2,challenger_20260307,0.05776092954679306,1.2585240905845485,1.435085871097088
2787,ms_h_1_0_2_0_3_0,market_outcome_v2,challenger_20260307,0.16115657950462342,1.2585240905845485,1.435085871097088
2787,ms_a_0_1_0_2_0_3,market_outcome_v2,challenger_20260307,0.2000283257155745,1.2585240905845485,1.435085871097088
2787,ms_h_4_0_5_0_6_0,market_outcome_v2,challenger_20260307,0.009222730871336904,1.2585240905845485,1.435085871097088
2787,ms_a_0_4_0_5_0_6,market_outcome_v2,challenger_20260307,0.016204414559487727,1.2585240905845485,1.435085871097088
2787,ms_h_2_1_3_1_4_1,market_outcome_v2,challenger_20260307,0.11926211641553008,1.2585240905845485,1.435085871097088
2787,ms_h_1_2_1_3_1_4,market_outcome_v2,challenger_20260307,0.14462636029311943,1.2585240905845485,1.435085871097088
2787,ms_h_3_2_4_2_5_1,market_outcome_v2,challenger_20260307,0.032972669496779704,1.2585240905845485,1.435085871097088
2787,ms_a_2_3_2_4_1_5,market_outcome_v2,challenger_20260307,0.04016874867246765,1.2585240905845485,1.435085871097088
2787,ms_draw,market_outcome_v2,challenger_20260307,0.2573636311882852,1.2585240905845485,1.435085871097088
2787,ms_other_homewin,market_outcome_v2,challenger_20260307,0.008027834286723146,1.2585240905845485,1.435085871097088
2787,ms_other_awaywin,market_outcome_v2,challenger_20260307,0.01096658899607227,1.2585240905845485,1.435085871097088
2788,1x2_h,market_outcome_v2,challenger_20260307,0.5035360243301611,1.5259016274628152,0.9635188469507782
2788,1x2_d,market_outcome_v2,challenger_20260307,0.25779397362604445,1.5259016274628152,0.9635188469507782
2788,1x2_a,market_outcome_v2,challenger_20260307,0.23867000204379435,1.5259016274628152,0.9635188469507782
2788,dc_1x,market_outcome_v2,challenger_20260307,0.7613299979562056,1.5259016274628152,0.9635188469507782
2788,dc_x2,market_outcome_v2,challenger_20260307,0.4964639756698388,1.5259016274628152,0.9635188469507782
2788,dc_12,market_outcome_v2,challenger_20260307,0.7422060263739554,1.5259016274628152,0.9635188469507782
2788,o15,market_outcome_v2,challenger_20260307,0.7105243649354174,1.5259016274628152,0.9635188469507782
2788,u35,market_outcome_v2,challenger_20260307,0.7598357329107145,1.5259016274628152,0.9635188469507782
2788,ah_h05,market_outcome_v2,challenger_20260307,0.5035360243301611,1.5259016274628152,0.9635188469507782
2788,ah_a05,market_outcome_v2,challenger_20260307,0.23867000204379435,1.5259016274628152,0.9635188469507782
2788,ah_h15,market_outcome_v2,challenger_20260307,0.25808290139763224,1.5259016274628152,0.9635188469507782
2788,ah_a15,market_outcome_v2,challenger_20260307,0.08368051534821039,1.5259016274628152,0.9635188469507782
2788,eh_h1,market_outcome_v2,challenger_20260307,0.25808290139763224,1.5259016274628152,0.9635188469507782
2788,eh_a1,market_outcome_v2,challenger_20260307,0.08368051534821039,1.5259016274628152,0.9635188469507782
2788,mg_0,market_outcome_v2,challenger_20260307,0.08295808349471837,1.5259016274628152,0.9635188469507782
2788,mg_1_2,market_outcome_v2,challenger_20260307,0.4635720621717569,1.5259016274628152,0.9635188469507782
2788,mg_1_3,market_outcome_v2,challenger_20260307,0.6768776494159962,1.5259016274628152,0.9635188469507782
2788,mg_1_4,market_outcome_v2,challenger_20260307,0.809629473464152,1.5259016274628152,0.9635188469507782
2788,mg_1_5,market_outcome_v2,challenger_20260307,0.8757244952243983,1.5259016274628152,0.9635188469507782
2788,mg_1_6,market_outcome_v2,challenger_20260307,0.9031475452955264,1.5259016274628152,0.9635188469507782
2788,mg_2_3,market_outcome_v2,challenger_20260307,0.47036009784613186,1.5259016274628152,0.9635188469507782
2788,mg_2_4,market_outcome_v2,challenger_20260307,0.6031119218942878,1.5259016274628152,0.9635188469507782
2788,mg_2_5,market_outcome_v2,challenger_20260307,0.669206943654534,1.5259016274628152,0.9635188469507782
2788,mg_2_6,market_outcome_v2,challenger_20260307,0.6966299937256621,1.5259016274628152,0.9635188469507782
2788,mg_3_4,market_outcome_v2,challenger_20260307,0.3460574112923952,1.5259016274628152,0.9635188469507782
2788,mg_3_5,market_outcome_v2,challenger_20260307,0.4121524330526413,1.5259016274628152,0.9635188469507782
2788,mg_3_6,market_outcome_v2,challenger_20260307,0.43957548312376943,1.5259016274628152,0.9635188469507782
2788,mg_4_5,market_outcome_v2,challenger_20260307,0.19884684580840212,1.5259016274628152,0.9635188469507782
2788,mg_4_6,market_outcome_v2,challenger_20260307,0.22626989587953023,1.5259016274628152,0.9635188469507782
2788,mg_5_6,market_outcome_v2,challenger_20260307,0.09351807183137419,1.5259016274628152,0.9635188469507782
2788,mg_7p,market_outcome_v2,challenger_20260307,0.013894371209755242,1.5259016274628152,0.9635188469507782
2788,hmg_0,market_outcome_v2,challenger_20260307,0.21742507363518113,1.5259016274628152,0.9635188469507782
2788,hmg_1_2,market_outcome_v2,challenger_20260307,0.5848929110601419,1.5259016274628152,0.9635188469507782
2788,hmg_1_3,market_outcome_v2,challenger_20260307,0.7136401677868554,1.5259016274628152,0.9635188469507782
2788,hmg_2_3,market_outcome_v2,challenger_20260307,0.3818708940757101,1.5259016274628152,0.9635188469507782
2788,hmg_4p,market_outcome_v2,challenger_20260307,0.06893475857796336,1.5259016274628152,0.9635188469507782
2788,amg_0,market_outcome_v2,challenger_20260307,0.3815479149102841,1.5259016274628152,0.9635188469507782
2788,amg_1_2,market_outcome_v2,challenger_20260307,0.5447371528070638,1.5259016274628152,0.9635188469507782
2788,amg_1_3,market_outcome_v2,challenger_20260307,0.6016196267442123,1.5259016274628152,0.9635188469507782
2788,amg_2_3,market_outcome_v2,challenger_20260307,0.23399101971338188,1.5259016274628152,0.9635188469507782
2788,amg_4p,market_outcome_v2,challenger_20260307,0.01683245834550338,1.5259016274628152,0.9635188469507782
2788,ms_h_1_0_2_0_3_0,market_outcome_v2,challenger_20260307,0.27228791801530006,1.5259016274628152,0.9635188469507782
2788,ms_a_0_1_0_2_0_3,market_outcome_v2,challenger_20260307,0.13080719164523058,1.5259016274628152,0.9635188469507782
2788,ms_h_4_0_5_0_6_0,market_outcome_v2,challenger_20260307,0.025912584974138744,1.5259016274628152,0.9635188469507782
2788,ms_a_0_4_0_5_0_6,market_outcome_v2,challenger_20260307,0.00364540111906943,1.5259016274628152,0.9635188469507782
2788,ms_h_2_1_3_1_4_1,market_outcome_v2,challenger_20260307,0.1584423439615142,1.5259016274628152,0.9635188469507782
2788,ms_h_1_2_1_3_1_4,market_outcome_v2,challenger_20260307,0.08217687815501619,1.5259016274628152,0.9635188469507782
2788,ms_h_3_2_4_2_5_1,market_outcome_v2,challenger_20260307,0.037010970995332584,1.5259016274628152,0.9635188469507782
2788,ms_a_2_3_2_4_1_5,market_outcome_v2,challenger_20260307,0.018742558692157758,1.5259016274628152,0.9635188469507782
2788,ms_draw,market_outcome_v2,challenger_20260307,0.25779397362604445,1.5259016274628152,0.9635188469507782
2788,ms_other_homewin,market_outcome_v2,challenger_20260307,0.009882206383875549,1.5259016274628152,0.9635188469507782
2788,ms_other_awaywin,market_outcome_v2,challenger_20260307,0.0032979724323203724,1.5259016274628152,0.9635188469507782
2789,1x2_h,market_outcome_v2,challenger_20260307,0.5047871252106363,1.5660590053090369,1.0004459378942918
2789,1x2_d,market_outcome_v2,challenger_20260307,0.25333030956799557,1.5660590053090369,1.0004459378942918
2789,1x2_a,market_outcome_v2,challenger_20260307,0.24188256522136822,1.5660590053090369,1.0004459378942918
2789,dc_1x,market_outcome_v2,challenger_20260307,0.7581174347786319,1.5660590053090369,1.0004459378942918
2789,dc_x2,market_outcome_v2,challenger_20260307,0.4952128747893638,1.5660590053090369,1.0004459378942918
2789,dc_12,market_outcome_v2,challenger_20260307,0.7466696904320045,1.5660590053090369,1.0004459378942918
2789,o15,market_outcome_v2,challenger_20260307,0.7260796722468799,1.5660590053090369,1.0004459378942918
2789,u35,market_outcome_v2,challenger_20260307,0.7432705103625227,1.5660590053090369,1.0004459378942918
2789,ah_h05,market_outcome_v2,challenger_20260307,0.5047871252106363,1.5660590053090369,1.0004459378942918
2789,ah_a05,market_outcome_v2,challenger_20260307,0.24188256522136822,1.5660590053090369,1.0004459378942918
2789,ah_h15,market_outcome_v2,challenger_20260307,0.2622021808450562,1.5660590053090369,1.0004459378942918
2789,ah_a15,market_outcome_v2,challenger_20260307,0.08691195341037476,1.5660590053090369,1.0004459378942918
2789,eh_h1,market_outcome_v2,challenger_20260307,0.2622021808450562,1.5660590053090369,1.0004459378942918
2789,eh_a1,market_outcome_v2,challenger_20260307,0.08691195341037476,1.5660590053090369,1.0004459378942918
2789,mg_0,market_outcome_v2,challenger_20260307,0.0768035743999539,1.5660590053090369,1.0004459378942918
2789,mg_1_2,market_outcome_v2,challenger_20260307,0.4500673142877126,1.5660590053090369,1.0004459378942918
2789,mg_1_3,market_outcome_v2,challenger_20260307,0.6664669359625687,1.5660590053090369,1.0004459378942918
2789,mg_1_4,market_outcome_v2,challenger_20260307,0.8053146106465306,1.5660590053090369,1.0004459378942918
2789,mg_1_5,market_outcome_v2,challenger_20260307,0.8765852593322658,1.5660590053090369,1.0004459378942918
2789,mg_1_6,market_outcome_v2,challenger_20260307,0.9070713380251404,1.5660590053090369,1.0004459378942918
2789,mg_2_3,market_outcome_v2,challenger_20260307,0.46935018260940237,1.5660590053090369,1.0004459378942918
2789,mg_2_4,market_outcome_v2,challenger_20260307,0.6081978572933644,1.5660590053090369,1.0004459378942918
2789,mg_2_5,market_outcome_v2,challenger_20260307,0.6794685059790996,1.5660590053090369,1.0004459378942918
2789,mg_2_6,market_outcome_v2,challenger_20260307,0.7099545846719741,1.5660590053090369,1.0004459378942918
2789,mg_3_4,market_outcome_v2,challenger_20260307,0.3552472963588181,1.5660590053090369,1.0004459378942918
2789,mg_3_5,market_outcome_v2,challenger_20260307,0.4265179450445533,1.5660590053090369,1.0004459378942918
2789,mg_3_6,market_outcome_v2,challenger_20260307,0.45700402373742793,1.5660590053090369,1.0004459378942918
2789,mg_4_5,market_outcome_v2,challenger_20260307,0.21011832336969727,1.5660590053090369,1.0004459378942918
2789,mg_4_6,market_outcome_v2,challenger_20260307,0.24060440206257186,1.5660590053090369,1.0004459378942918
2789,mg_5_6,market_outcome_v2,challenger_20260307,0.1017567273786098,1.5660590053090369,1.0004459378942918
2789,mg_7p,market_outcome_v2,challenger_20260307,0.016125087574905675,1.5660590053090369,1.0004459378942918
2789,hmg_0,market_outcome_v2,challenger_20260307,0.20886687943672275,1.5660590053090369,1.0004459378942918
2789,hmg_1_2,market_outcome_v2,challenger_20260307,0.5832251300932045,1.5660590053090369,1.0004459378942918
2789,hmg_1_3,market_outcome_v2,challenger_20260307,0.7169286040345183,1.5660590053090369,1.0004459378942918
2789,hmg_2_3,market_outcome_v2,challenger_20260307,0.3898307465818417,1.5660590053090369,1.0004459378942918
2789,hmg_4p,market_outcome_v2,challenger_20260307,0.07420451652875902,1.5660590053090369,1.0004459378942918
2789,amg_0,market_outcome_v2,challenger_20260307,0.36771543007239654,1.5660590053090369,1.0004459378942918
2789,amg_1_2,market_outcome_v2,challenger_20260307,0.5519011381598217,1.5660590053090369,1.0004459378942918
2789,amg_1_3,market_outcome_v2,challenger_20260307,0.6132690688616715,1.5660590053090369,1.0004459378942918
2789,amg_2_3,market_outcome_v2,challenger_20260307,0.24538966054468994,1.5660590053090369,1.0004459378942918
2789,amg_4p,market_outcome_v2,challenger_20260307,0.01901550106593189,1.5660590053090369,1.0004459378942918
2789,ms_h_1_0_2_0_3_0,market_outcome_v2,challenger_20260307,0.2636257099637558,1.5660590053090369,1.0004459378942918
2789,ms_a_0_1_0_2_0_3,market_outcome_v2,challenger_20260307,0.12809159666820197,1.5660590053090369,1.0004459378942918
2789,ms_h_4_0_5_0_6_0,market_outcome_v2,challenger_20260307,0.026851306019351755,1.5660590053090369,1.0004459378942918
2789,ms_a_0_4_0_5_0_6,market_outcome_v2,challenger_20260307,0.003954276514180291,1.5660590053090369,1.0004459378942918
2789,ms_h_2_1_3_1_4_1,market_outcome_v2,challenger_20260307,0.1626680445030861,1.5660590053090369,1.0004459378942918
2789,ms_h_1_2_1_3_1_4,market_outcome_v2,challenger_20260307,0.08528699973078997,1.5660590053090369,1.0004459378942918
2789,ms_h_3_2_4_2_5_1,market_outcome_v2,challenger_20260307,0.040268934581429335,1.5660590053090369,1.0004459378942918
2789,ms_a_2_3_2_4_1_5,market_outcome_v2,challenger_20260307,0.02065381448823645,1.5660590053090369,1.0004459378942918
2789,ms_draw,market_outcome_v2,challenger_20260307,0.25333030956799557,1.5660590053090369,1.0004459378942918
2789,ms_other_homewin,market_outcome_v2,challenger_20260307,0.011373130143013253,1.5660590053090369,1.0004459378942918
2789,ms_other_awaywin,market_outcome_v2,challenger_20260307,0.0038958778199595415,1.5660590053090369,1.0004459378942918
2790,1x2_h,market_outcome_v2,challenger_20260307,0.47499206529310806,1.5241248436785553,1.0805104862552386
2790,1x2_d,market_outcome_v2,challenger_20260307,0.25598770798234805,1.5241248436785553,1.0805104862552386
2790,1x2_a,market_outcome_v2,challenger_20260307,0.2690202267245438,1.5241248436785553,1.0805104862552386
2790,dc_1x,market_outcome_v2,challenger_20260307,0.7309797732754562,1.5241248436785553,1.0805104862552386
2790,dc_x2,market_outcome_v2,challenger_20260307,0.5250079347068919,1.5241248436785553,1.0805104862552386
2790,dc_12,market_outcome_v2,challenger_20260307,0.7440122920176518,1.5241248436785553,1.0805104862552386
2790,o15,market_outcome_v2,challenger_20260307,0.7335087997966991,1.5241248436785553,1.0805104862552386
2790,u35,market_outcome_v2,challenger_20260307,0.7349932569422317,1.5241248436785553,1.0805104862552386
2790,ah_h05,market_outcome_v2,challenger_20260307,0.47499206529310806,1.5241248436785553,1.0805104862552386
2790,ah_a05,market_outcome_v2,challenger_20260307,0.2690202267245438,1.5241248436785553,1.0805104862552386
2790,ah_h15,market_outcome_v2,challenger_20260307,0.2402667480842711,1.5241248436785553,1.0805104862552386
2790,ah_a15,market_outcome_v2,challenger_20260307,0.1026144577446205,1.5241248436785553,1.0805104862552386
2790,eh_h1,market_outcome_v2,challenger_20260307,0.2402667480842711,1.5241248436785553,1.0805104862552386
2790,eh_a1,market_outcome_v2,challenger_20260307,0.1026144577446205,1.5241248436785553,1.0805104862552386
2790,mg_0,market_outcome_v2,challenger_20260307,0.07393014155698115,1.5241248436785553,1.0805104862552386
2790,mg_1_2,market_outcome_v2,challenger_20260307,0.44333672690614845,1.5241248436785553,1.0805104862552386
2790,mg_1_3,market_outcome_v2,challenger_20260307,0.6610631153852506,1.5241248436785553,1.0805104862552386
2790,mg_1_4,market_outcome_v2,challenger_20260307,0.8028375763081406,1.5241248436785553,1.0805104862552386
2790,mg_1_5,market_outcome_v2,challenger_20260307,0.8766917302685558,1.5241248436785553,1.0805104862552386
2790,mg_1_6,market_outcome_v2,challenger_20260307,0.9087522533798341,1.5241248436785553,1.0805104862552386
2790,mg_2_3,market_outcome_v2,challenger_20260307,0.468502056738931,1.5241248436785553,1.0805104862552386
2790,mg_2_4,market_outcome_v2,challenger_20260307,0.6102765176618208,1.5241248436785553,1.0805104862552386
2790,mg_2_5,market_outcome_v2,challenger_20260307,0.6841306716222363,1.5241248436785553,1.0805104862552386
2790,mg_2_6,market_outcome_v2,challenger_20260307,0.7161911947335142,1.5241248436785553,1.0805104862552386
2790,mg_3_4,market_outcome_v2,challenger_20260307,0.3595008494019921,1.5241248436785553,1.0805104862552386
2790,mg_3_5,market_outcome_v2,challenger_20260307,0.43335500336240756,1.5241248436785553,1.0805104862552386
2790,mg_3_6,market_outcome_v2,challenger_20260307,0.46541552647368556,1.5241248436785553,1.0805104862552386
2790,mg_4_5,market_outcome_v2,challenger_20260307,0.21562861488330543,1.5241248436785553,1.0805104862552386
2790,mg_4_6,market_outcome_v2,challenger_20260307,0.24768913799458336,1.5241248436785553,1.0805104862552386
2790,mg_5_6,market_outcome_v2,challenger_20260307,0.10591467707169343,1.5241248436785553,1.0805104862552386
2790,mg_7p,market_outcome_v2,challenger_20260307,0.017317605063184846,1.5241248436785553,1.0805104862552386
2790,hmg_0,market_outcome_v2,challenger_20260307,0.2178117328058462,1.5241248436785553,1.0805104862552386
2790,hmg_1_2,market_outcome_v2,challenger_20260307,0.5849558677230668,1.5241248436785553,1.0805104862552386
2790,hmg_1_3,market_outcome_v2,challenger_20260307,0.7134820615344902,1.5241248436785553,1.0805104862552386
2790,hmg_2_3,market_outcome_v2,challenger_20260307,0.38150978832042465,1.5241248436785553,1.0805104862552386
2790,hmg_4p,market_outcome_v2,challenger_20260307,0.06870620565966361,1.5241248436785553,1.0805104862552386
2790,amg_0,market_outcome_v2,challenger_20260307,0.33942221846644627,1.5241248436785553,1.0805104862552386
2790,amg_1_2,market_outcome_v2,challenger_20260307,0.5648874803641457,1.5241248436785553,1.0805104862552386
2790,amg_1_3,market_outcome_v2,challenger_20260307,0.6362509530313096,1.5241248436785553,1.0805104862552386
2790,amg_2_3,market_outcome_v2,challenger_20260307,0.26950168671029795,1.5241248436785553,1.0805104862552386
2790,amg_4p,market_outcome_v2,challenger_20260307,0.02432682850224407,1.5241248436785553,1.0805104862552386
2790,ms_h_1_0_2_0_3_0,market_outcome_v2,challenger_20260307,0.24217166416205022,1.5241248436785553,1.0805104862552386
2790,ms_a_0_1_0_2_0_3,market_outcome_v2,challenger_20260307,0.1385829225791206,1.5241248436785553,1.0805104862552386
2790,ms_h_4_0_5_0_6_0,market_outcome_v2,challenger_20260307,0.022976359457349316,1.5241248436785553,1.0805104862552386
2790,ms_a_0_4_0_5_0_6,market_outcome_v2,challenger_20260307,0.005269585953446211,1.5241248436785553,1.0805104862552386
2790,ms_h_2_1_3_1_4_1,market_outcome_v2,challenger_20260307,0.15787906020136583,1.5241248436785553,1.0805104862552386
2790,ms_h_1_2_1_3_1_4,market_outcome_v2,challenger_20260307,0.09586659846204736,1.5241248436785553,1.0805104862552386
2790,ms_h_3_2_4_2_5_1,market_outcome_v2,challenger_20260307,0.04064411948305226,1.5241248436785553,1.0805104862552386
2790,ms_a_2_3_2_4_1_5,market_outcome_v2,challenger_20260307,0.024313562323923163,1.5241248436785553,1.0805104862552386
2790,ms_draw,market_outcome_v2,challenger_20260307,0.25598770798234805,1.5241248436785553,1.0805104862552386
2790,ms_other_homewin,market_outcome_v2,challenger_20260307,0.01132086198929039,1.5241248436785553,1.0805104862552386
2790,ms_other_awaywin,market_outcome_v2,challenger_20260307,0.004987557406006534,1.5241248436785553,1.0805104862552386
2791,1x2_h,market_outcome_v2,challenger_20260307,0.3562349315612983,1.3489997796679432,1.4223575739660475
2791,1x2_d,market_outcome_v2,challenger_20260307,0.2541150843604676,1.3489997796679432,1.4223575739660475
2791,1x2_a,market_outcome_v2,challenger_20260307,0.389649984078234,1.3489997796679432,1.4223575739660475
2791,dc_1x,market_outcome_v2,challenger_20260307,0.6103500159217659,1.3489997796679432,1.4223575739660475
2791,dc_x2,market_outcome_v2,challenger_20260307,0.6437650684387015,1.3489997796679432,1.4223575739660475
2791,dc_12,market_outcome_v2,challenger_20260307,0.7458849156395323,1.3489997796679432,1.4223575739660475
2791,o15,market_outcome_v2,challenger_20260307,0.7639996165856406,1.3489997796679432,1.4223575739660475
2791,u35,market_outcome_v2,challenger_20260307,0.698303474930319,1.3489997796679432,1.4223575739660475
2791,ah_h05,market_outcome_v2,challenger_20260307,0.3562349315612983,1.3489997796679432,1.4223575739660475
2791,ah_a05,market_outcome_v2,challenger_20260307,0.389649984078234,1.3489997796679432,1.4223575739660475
2791,ah_h15,market_outcome_v2,challenger_20260307,0.16036674381288074,1.3489997796679432,1.4223575739660475
2791,ah_a15,market_outcome_v2,challenger_20260307,0.18313060242826684,1.3489997796679432,1.4223575739660475
2791,eh_h1,market_outcome_v2,challenger_20260307,0.16036674381288074,1.3489997796679432,1.4223575739660475
2791,eh_a1,market_outcome_v2,challenger_20260307,0.18313060242826684,1.3489997796679432,1.4223575739660475
2791,mg_0,market_outcome_v2,challenger_20260307,0.06257704091259209,1.3489997796679432,1.4223575739660475
2791,mg_1_2,market_outcome_v2,challenger_20260307,0.4137323702687965,1.3489997796679432,1.4223575739660475
2791,mg_1_3,market_outcome_v2,challenger_20260307,0.635726434017727,1.3489997796679432,1.4223575739660475
2791,mg_1_4,market_outcome_v2,challenger_20260307,0.7895326542761498,1.3489997796679432,1.4223575739660475
2791,mg_1_5,market_outcome_v2,challenger_20260307,0.8747830541857158,1.3489997796679432,1.4223575739660475
2791,mg_1_6,market_outcome_v2,challenger_20260307,0.914159607967318,1.3489997796679432,1.4223575739660475
2791,mg_2_3,market_outcome_v2,challenger_20260307,0.4623030915159598,1.3489997796679432,1.4223575739660475
2791,mg_2_4,market_outcome_v2,challenger_20260307,0.6161093117743827,1.3489997796679432,1.4223575739660475
2791,mg_2_5,market_outcome_v2,challenger_20260307,0.7013597116839486,1.3489997796679432,1.4223575739660475
2791,mg_2_6,market_outcome_v2,challenger_20260307,0.7407362654655509,1.3489997796679432,1.4223575739660475
2791,mg_3_4,market_outcome_v2,challenger_20260307,0.37580028400735344,1.3489997796679432,1.4223575739660475
2791,mg_3_5,market_outcome_v2,challenger_20260307,0.46105068391691933,1.3489997796679432,1.4223575739660475
2791,mg_3_6,market_outcome_v2,challenger_20260307,0.5004272376985217,1.3489997796679432,1.4223575739660475
2791,mg_4_5,market_outcome_v2,challenger_20260307,0.23905662016798873,1.3489997796679432,1.4223575739660475
2791,mg_4_6,market_outcome_v2,challenger_20260307,0.27843317394959105,1.3489997796679432,1.4223575739660475
2791,mg_5_6,market_outcome_v2,challenger_20260307,0.12462695369116822,1.3489997796679432,1.4223575739660475
2791,mg_7p,market_outcome_v2,challenger_20260307,0.023263351120089704,1.3489997796679432,1.4223575739660475
2791,hmg_0,market_outcome_v2,challenger_20260307,0.25949973885803707,1.3489997796679432,1.4223575739660475
2791,hmg_1_2,market_outcome_v2,challenger_20260307,0.5861839555496104,1.3489997796679432,1.4223575739660475
2791,hmg_1_3,market_outcome_v2,challenger_20260307,0.6923587211725598,1.3489997796679432,1.4223575739660475
2791,hmg_2_3,market_outcome_v2,challenger_20260307,0.34229363062917917,1.3489997796679432,1.4223575739660475
2791,hmg_4p,market_outcome_v2,challenger_20260307,0.04814153996940303,1.3489997796679432,1.4223575739660475
2791,amg_0,market_outcome_v2,challenger_20260307,0.2411449090005664,1.3489997796679432,1.4223575739660475
2791,amg_1_2,market_outcome_v2,challenger_20260307,0.5869245492375679,1.3489997796679432,1.4223575739660475
2791,amg_1_3,market_outcome_v2,challenger_20260307,0.7025765675576163,1.3489997796679432,1.4223575739660475
2791,amg_2_3,market_outcome_v2,challenger_20260307,0.35958227981730745,1.3489997796679432,1.4223575739660475
2791,amg_4p,market_outcome_v2,challenger_20260307,0.05627852344181716,1.3489997796679432,1.4223575739660475
2791,ms_h_1_0_2_0_3_0,market_outcome_v2,challenger_20260307,0.1669587808129055,1.3489997796679432,1.4223575739660475
2791,ms_a_0_1_0_2_0_3,market_outcome_v2,challenger_20260307,0.18231843580897747,1.3489997796679432,1.4223575739660475
2791,ms_h_4_0_5_0_6_0,market_outcome_v2,challenger_20260307,0.011488229639546611,1.3489997796679432,1.4223575739660475
2791,ms_a_0_4_0_5_0_6,market_outcome_v2,challenger_20260307,0.014427336044706321,1.3489997796679432,1.4223575739660475
2791,ms_h_2_1_3_1_4_1,market_outcome_v2,challenger_20260307,0.12968650530760298,1.3489997796679432,1.4223575739660475
2791,ms_h_1_2_1_3_1_4,market_outcome_v2,challenger_20260307,0.14027350103429573,1.3489997796679432,1.4223575739660475
2791,ms_h_3_2_4_2_5_1,market_outcome_v2,challenger_20260307,0.03794736938047002,1.3489997796679432,1.4223575739660475
2791,ms_a_2_3_2_4_1_5,market_outcome_v2,challenger_20260307,0.04111326112078205,1.3489997796679432,1.4223575739660475
2791,ms_draw,market_outcome_v2,challenger_20260307,0.2541150843604676,1.3489997796679432,1.4223575739660475
2791,ms_other_homewin,market_outcome_v2,challenger_20260307,0.01015404642077323,1.3489997796679432,1.4223575739660475
2791,ms_other_awaywin,market_outcome_v2,challenger_20260307,0.011517450069472395,1.3489997796679432,1.4223575739660475
2792,1x2_h,market_outcome_v2,challenger_20260307,0.44629077711352494,1.507147300282254,1.1865810879369663
2792,1x2_d,market_outcome_v2,challenger_20260307,0.25467982129608246,1.507147300282254,1.1865810879369663
2792,1x2_a,market_outcome_v2,challenger_20260307,0.29902940159039243,1.507147300282254,1.1865810879369663
2792,dc_1x,market_outcome_v2,challenger_20260307,0.7009705984096074,1.507147300282254,1.1865810879369663
2792,dc_x2,market_outcome_v2,challenger_20260307,0.5537092228864748,1.507147300282254,1.1865810879369663
2792,dc_12,market_outcome_v2,challenger_20260307,0.7453201787039174,1.507147300282254,1.1865810879369663
2792,o15,market_outcome_v2,challenger_20260307,0.7501991812525935,1.507147300282254,1.1865810879369663
2792,u35,market_outcome_v2,challenger_20260307,0.7154748310624435,1.507147300282254,1.1865810879369663
2792,ah_h05,market_outcome_v2,challenger_20260307,0.44629077711352494,1.507147300282254,1.1865810879369663
2792,ah_a05,market_outcome_v2,challenger_20260307,0.29902940159039243,1.507147300282254,1.1865810879369663
2792,ah_h15,market_outcome_v2,challenger_20260307,0.22162723896537326,1.507147300282254,1.1865810879369663
2792,ah_a15,market_outcome_v2,challenger_20260307,0.12215119899819893,1.507147300282254,1.1865810879369663
2792,eh_h1,market_outcome_v2,challenger_20260307,0.22162723896537326,1.507147300282254,1.1865810879369663
2792,eh_a1,market_outcome_v2,challenger_20260307,0.12215119899819893,1.507147300282254,1.1865810879369663
2792,mg_0,market_outcome_v2,challenger_20260307,0.06762836692165054,1.507147300282254,1.1865810879369663
2792,mg_1_2,market_outcome_v2,challenger_20260307,0.427534004343024,1.507147300282254,1.1865810879369663
2792,mg_1_3,market_outcome_v2,challenger_20260307,0.6478464641407928,1.507147300282254,1.1865810879369663
2792,mg_1_4,market_outcome_v2,challenger_20260307,0.7962119459497068,1.507147300282254,1.1865810879369663
2792,mg_1_5,market_outcome_v2,challenger_20260307,0.8761432079858055,1.507147300282254,1.1865810879369663
2792,mg_1_6,market_outcome_v2,challenger_20260307,0.9120287262612768,1.507147300282254,1.1865810879369663
2792,mg_2_3,market_outcome_v2,challenger_20260307,0.4656740123150371,1.507147300282254,1.1865810879369663
2792,mg_2_4,market_outcome_v2,challenger_20260307,0.6140394941239511,1.507147300282254,1.1865810879369663
2792,mg_2_5,market_outcome_v2,challenger_20260307,0.6939707561600498,1.507147300282254,1.1865810879369663
2792,mg_2_6,market_outcome_v2,challenger_20260307,0.7298562744355211,1.507147300282254,1.1865810879369663
2792,mg_3_4,market_outcome_v2,challenger_20260307,0.3686779416066828,1.507147300282254,1.1865810879369663
2792,mg_3_5,market_outcome_v2,challenger_20260307,0.4486092036427815,1.507147300282254,1.1865810879369663
2792,mg_3_6,market_outcome_v2,challenger_20260307,0.484494721918253,1.507147300282254,1.1865810879369663
2792,mg_4_5,market_outcome_v2,challenger_20260307,0.22829674384501267,1.507147300282254,1.1865810879369663
2792,mg_4_6,market_outcome_v2,challenger_20260307,0.26418226212048407,1.507147300282254,1.1865810879369663
2792,mg_5_6,market_outcome_v2,challenger_20260307,0.11581678031157014,1.507147300282254,1.1865810879369663
2792,mg_7p,market_outcome_v2,challenger_20260307,0.020342906817072487,1.507147300282254,1.1865810879369663
2792,hmg_0,market_outcome_v2,challenger_20260307,0.2215411954831866,1.507147300282254,1.1865810879369663
2792,hmg_1_2,market_outcome_v2,challenger_20260307,0.5855098503601693,1.507147300282254,1.1865810879369663
2792,hmg_1_3,market_outcome_v2,challenger_20260307,0.7119166233222467,1.507147300282254,1.1865810879369663
2792,hmg_2_3,market_outcome_v2,challenger_20260307,0.37802140864845896,1.507147300282254,1.1865810879369663
2792,hmg_4p,market_outcome_v2,challenger_20260307,0.0665421811945667,1.507147300282254,1.1865810879369663
2792,amg_0,market_outcome_v2,challenger_20260307,0.30526316685324123,1.507147300282254,1.1865810879369663
2792,amg_1_2,market_outcome_v2,challenger_20260307,0.5771209051976374,1.507147300282254,1.1865810879369663
2792,amg_1_3,market_outcome_v2,challenger_20260307,0.6621202193406074,1.507147300282254,1.1865810879369663
2792,amg_2_3,market_outcome_v2,challenger_20260307,0.29990071870880464,1.507147300282254,1.1865810879369663
2792,amg_4p,market_outcome_v2,challenger_20260307,0.03261661380615133,1.507147300282254,1.1865810879369663
2792,ms_h_1_0_2_0_3_0,market_outcome_v2,challenger_20260307,0.21732192297081512,1.507147300282254,1.1865810879369663
2792,ms_a_0_1_0_2_0_3,market_outcome_v2,challenger_20260307,0.14668690494630787,1.507147300282254,1.1865810879369663
2792,ms_h_4_0_5_0_6_0,market_outcome_v2,challenger_20260307,0.02002259715123317,1.507147300282254,1.1865810879369663
2792,ms_a_0_4_0_5_0_6,market_outcome_v2,challenger_20260307,0.007173919255555797,1.507147300282254,1.1865810879369663
2792,ms_h_2_1_3_1_4_1,market_outcome_v2,challenger_20260307,0.15417866354207768,1.507147300282254,1.1865810879369663
2792,ms_h_1_2_1_3_1_4,market_outcome_v2,challenger_20260307,0.10855446404658,1.507147300282254,1.1865810879369663
2792,ms_h_3_2_4_2_5_1,market_outcome_v2,challenger_20260307,0.042600646800679924,1.507147300282254,1.1865810879369663
2792,ms_a_2_3_2_4_1_5,market_outcome_v2,challenger_20260307,0.02972942200241254,1.507147300282254,1.1865810879369663
2792,ms_draw,market_outcome_v2,challenger_20260307,0.25467982129608246,1.507147300282254,1.1865810879369663
2792,ms_other_homewin,market_outcome_v2,challenger_20260307,0.012166946648719073,1.507147300282254,1.1865810879369663
2792,ms_other_awaywin,market_outcome_v2,challenger_20260307,0.006884691339536264,1.507147300282254,1.1865810879369663
3242,1x2_h,market_outcome_v2,challenger_20260307,0.41529847411982007,1.3559045122039763,1.1485010745069768
3242,1x2_d,market_outcome_v2,challenger_20260307,0.267997768840595,1.3559045122039763,1.1485010745069768
3242,1x2_a,market_outcome_v2,challenger_20260307,0.31670375703958487,1.3559045122039763,1.1485010745069768
3242,dc_1x,market_outcome_v2,challenger_20260307,0.683296242960415,1.3559045122039763,1.1485010745069768
3242,dc_x2,market_outcome_v2,challenger_20260307,0.5847015258801799,1.3559045122039763,1.1485010745069768
3242,dc_12,market_outcome_v2,challenger_20260307,0.732002231159405,1.3559045122039763,1.1485010745069768
3242,o15,market_outcome_v2,challenger_20260307,0.7136053211228205,1.3559045122039763,1.1485010745069768
3242,u35,market_outcome_v2,challenger_20260307,0.7566341551804334,1.3559045122039763,1.1485010745069768
3242,ah_h05,market_outcome_v2,challenger_20260307,0.41529847411982007,1.3559045122039763,1.1485010745069768
3242,ah_a05,market_outcome_v2,challenger_20260307,0.31670375703958487,1.3559045122039763,1.1485010745069768
3242,ah_h15,market_outcome_v2,challenger_20260307,0.19267041844915134,1.3559045122039763,1.1485010745069768
3242,ah_a15,market_outcome_v2,challenger_20260307,0.12812959208046912,1.3559045122039763,1.1485010745069768
3242,eh_h1,market_outcome_v2,challenger_20260307,0.19267041844915134,1.3559045122039763,1.1485010745069768
3242,eh_a1,market_outcome_v2,challenger_20260307,0.12812959208046912,1.3559045122039763,1.1485010745069768
3242,mg_0,market_outcome_v2,challenger_20260307,0.08172418168810595,1.3559045122039763,1.1485010745069768
3242,mg_1_2,market_outcome_v2,challenger_20260307,0.46095946548668565,1.3559045122039763,1.1485010745069768
3242,mg_1_3,market_outcome_v2,challenger_20260307,0.6749099734923276,1.3559045122039763,1.1485010745069768
3242,mg_1_4,market_outcome_v2,challenger_20260307,0.8088646853745716,1.3559045122039763,1.1485010745069768
3242,mg_1_5,market_outcome_v2,challenger_20260307,0.8759600711354014,1.3559045122039763,1.1485010745069768
3242,mg_1_6,market_outcome_v2,challenger_20260307,0.903965747625726,1.3559045122039763,1.1485010745069768
3242,mg_2_3,market_outcome_v2,challenger_20260307,0.470239476303254,1.3559045122039763,1.1485010745069768
3242,mg_2_4,market_outcome_v2,challenger_20260307,0.6041941881854981,1.3559045122039763,1.1485010745069768
3242,mg_2_5,market_outcome_v2,challenger_20260307,0.6712895739463279,1.3559045122039763,1.1485010745069768
3242,mg_2_6,market_outcome_v2,challenger_20260307,0.6992952504366525,1.3559045122039763,1.1485010745069768
3242,mg_3_4,market_outcome_v2,challenger_20260307,0.3479052198878861,1.3559045122039763,1.1485010745069768
3242,mg_3_5,market_outcome_v2,challenger_20260307,0.4150006056487157,1.3559045122039763,1.1485010745069768
3242,mg_3_6,market_outcome_v2,challenger_20260307,0.4430062821390404,1.3559045122039763,1.1485010745069768
3242,mg_4_5,market_outcome_v2,challenger_20260307,0.20105009764307374,1.3559045122039763,1.1485010745069768
3242,mg_4_6,market_outcome_v2,challenger_20260307,0.22905577413339842,1.3559045122039763,1.1485010745069768
3242,mg_5_6,market_outcome_v2,challenger_20260307,0.09510106225115435,1.3559045122039763,1.1485010745069768
3242,mg_7p,market_outcome_v2,challenger_20260307,0.014310070686168016,1.3559045122039763,1.1485010745069768
3242,hmg_0,market_outcome_v2,challenger_20260307,0.25771413681998795,1.3559045122039763,1.1485010745069768
3242,hmg_1_2,market_outcome_v2,challenger_20260307,0.586336523487318,1.3559045122039763,1.1485010745069768
3242,hmg_1_3,market_outcome_v2,challenger_20260307,0.6934081277665713,1.3559045122039763,1.1485010745069768
3242,hmg_2_3,market_outcome_v2,challenger_20260307,0.3439723667935967,1.3559045122039763,1.1485010745069768
3242,hmg_4p,market_outcome_v2,challenger_20260307,0.04887773541344073,1.3559045122039763,1.1485010745069768
3242,amg_0,market_outcome_v2,challenger_20260307,0.3171117529543592,1.3559045122039763,1.1485010745069768
3242,amg_1_2,market_outcome_v2,challenger_20260307,0.5733470659635028,1.3559045122039763,1.1485010745069768
3242,amg_1_3,market_outcome_v2,challenger_20260307,0.6534143884339179,1.3559045122039763,1.1485010745069768
3242,amg_2_3,market_outcome_v2,challenger_20260307,0.28921119942704526,1.3559045122039763,1.1485010745069768
3242,amg_4p,market_outcome_v2,challenger_20260307,0.02947385861172299,1.3559045122039763,1.1485010745069768
3242,ms_h_1_0_2_0_3_0,market_outcome_v2,challenger_20260307,0.21988786690885773,1.3559045122039763,1.1485010745069768
3242,ms_a_0_1_0_2_0_3,market_outcome_v2,challenger_20260307,0.16839412510100746,1.3559045122039763,1.1485010745069768
3242,ms_h_4_0_5_0_6_0,market_outcome_v2,challenger_20260307,0.015335963795577702,1.3559045122039763,1.1485010745069768
3242,ms_a_0_4_0_5_0_6,market_outcome_v2,challenger_20260307,0.007546080615245899,1.3559045122039763,1.1485010745069768
3242,ms_h_2_1_3_1_4_1,market_outcome_v2,challenger_20260307,0.1384944848989182,1.3559045122039763,1.1485010745069768
3242,ms_h_1_2_1_3_1_4,market_outcome_v2,challenger_20260307,0.10909403707977919,1.3559045122039763,1.1485010745069768
3242,ms_h_3_2_4_2_5_1,market_outcome_v2,challenger_20260307,0.03356883440726844,1.3559045122039763,1.1485010745069768
3242,ms_a_2_3_2_4_1_5,market_outcome_v2,challenger_20260307,0.02625945572618751,1.3559045122039763,1.1485010745069768
3242,ms_draw,market_outcome_v2,challenger_20260307,0.267997768840595,1.3559045122039763,1.1485010745069768
3242,ms_other_homewin,market_outcome_v2,challenger_20260307,0.008011324109198081,1.3559045122039763,1.1485010745069768
3242,ms_other_awaywin,market_outcome_v2,challenger_20260307,0.005410058517364894,1.3559045122039763,1.1485010745069768
3421,1x2_h,market_outcome_v2,challenger_20260307,0.4469475907135344,1.5294215608343584,1.2088562239786529
3421,1x2_d,market_outcome_v2,challenger_20260307,0.252312271375182,1.5294215608343584,1.2088562239786529
3421,1x2_a,market_outcome_v2,challenger_20260307,0.30074013791128373,1.5294215608343584,1.2088562239786529
3421,dc_1x,market_outcome_v2,challenger_20260307,0.6992598620887164,1.5294215608343584,1.2088562239786529
3421,dc_x2,market_outcome_v2,challenger_20260307,0.5530524092864657,1.5294215608343584,1.2088562239786529
3421,dc_12,market_outcome_v2,challenger_20260307,0.7476877286248181,1.5294215608343584,1.2088562239786529
3421,o15,market_outcome_v2,challenger_20260307,0.7582018598813719,1.5294215608343584,1.2088562239786529
3421,u35,market_outcome_v2,challenger_20260307,0.7056365509664175,1.5294215608343584,1.2088562239786529
3421,ah_h05,market_outcome_v2,challenger_20260307,0.4469475907135344,1.5294215608343584,1.2088562239786529
3421,ah_a05,market_outcome_v2,challenger_20260307,0.30074013791128373,1.5294215608343584,1.2088562239786529
3421,ah_h15,market_outcome_v2,challenger_20260307,0.2236245124995765,1.5294215608343584,1.2088562239786529
3421,ah_a15,market_outcome_v2,challenger_20260307,0.12422536921027356,1.5294215608343584,1.2088562239786529
3421,eh_h1,market_outcome_v2,challenger_20260307,0.2236245124995765,1.5294215608343584,1.2088562239786529
3421,eh_a1,market_outcome_v2,challenger_20260307,0.12422536921027356,1.5294215608343584,1.2088562239786529
3421,mg_0,market_outcome_v2,challenger_20260307,0.06468169409479105,1.5294215608343584,1.2088562239786529
3421,mg_1_2,market_outcome_v2,challenger_20260307,0.4196134607598905,1.5294215608343584,1.2088562239786529
3421,mg_1_3,market_outcome_v2,challenger_20260307,0.6409548568716265,1.5294215608343584,1.2088562239786529
3421,mg_1_4,market_outcome_v2,challenger_20260307,0.7924784138296922,1.5294215608343584,1.2088562239786529
3421,mg_1_5,market_outcome_v2,challenger_20260307,0.8754611318085165,1.5294215608343584,1.2088562239786529
3421,mg_1_6,market_outcome_v2,challenger_20260307,0.9133327540026528,1.5294215608343584,1.2088562239786529
3421,mg_2_3,market_outcome_v2,challenger_20260307,0.4638384108477892,1.5294215608343584,1.2088562239786529
3421,mg_2_4,market_outcome_v2,challenger_20260307,0.6153619678058552,1.5294215608343584,1.2088562239786529
3421,mg_2_5,market_outcome_v2,challenger_20260307,0.6983446857846792,1.5294215608343584,1.2088562239786529
3421,mg_2_6,market_outcome_v2,challenger_20260307,0.7362163079788155,1.5294215608343584,1.2088562239786529
3421,mg_3_4,market_outcome_v2,challenger_20260307,0.37286495306980183,1.5294215608343584,1.2088562239786529
3421,mg_3_5,market_outcome_v2,challenger_20260307,0.45584767104862606,1.5294215608343584,1.2088562239786529
3421,mg_3_6,market_outcome_v2,challenger_20260307,0.4937192932427623,1.5294215608343584,1.2088562239786529
3421,mg_4_5,market_outcome_v2,challenger_20260307,0.23450627493689005,1.5294215608343584,1.2088562239786529
3421,mg_4_6,market_outcome_v2,challenger_20260307,0.2723778971310263,1.5294215608343584,1.2088562239786529
3421,mg_5_6,market_outcome_v2,challenger_20260307,0.12085434017296043,1.5294215608343584,1.2088562239786529
3421,mg_7p,market_outcome_v2,challenger_20260307,0.021985551902556303,1.5294215608343584,1.2088562239786529
3421,hmg_0,market_outcome_v2,challenger_20260307,0.2166611003822464,1.5294215608343584,1.2088562239786529
3421,hmg_1_2,market_outcome_v2,challenger_20260307,0.5847654318504443,1.5294215608343584,1.2088562239786529
3421,hmg_1_3,market_outcome_v2,challenger_20260307,0.7139502026635126,1.5294215608343584,1.2088562239786529
3421,hmg_2_3,market_outcome_v2,challenger_20260307,0.38258404434480786,1.5294215608343584,1.2088562239786529
3421,hmg_4p,market_outcome_v2,challenger_20260307,0.06938869695424113,1.5294215608343584,1.2088562239786529
3421,amg_0,market_outcome_v2,challenger_20260307,0.298538565440108,1.5294215608343584,1.2088562239786529
3421,amg_1_2,market_outcome_v2,challenger_20260307,0.5790223869223171,1.5294215608343584,1.2088562239786529
3421,amg_1_3,market_outcome_v2,challenger_20260307,0.6669192030120672,1.5294215608343584,1.2088562239786529
3421,amg_2_3,market_outcome_v2,challenger_20260307,0.3060290000821343,1.5294215608343584,1.2088562239786529
3421,amg_4p,market_outcome_v2,challenger_20260307,0.03454223154782497,1.5294215608343584,1.2088562239786529
3421,ms_h_1_0_2_0_3_0,market_outcome_v2,challenger_20260307,0.21314166929883938,1.5294215608343584,1.2088562239786529
3421,ms_a_0_1_0_2_0_3,market_outcome_v2,challenger_20260307,0.1444954483906452,1.5294215608343584,1.2088562239786529
3421,ms_h_4_0_5_0_6_0,market_outcome_v2,challenger_20260307,0.020406553685809806,1.5294215608343584,1.2088562239786529
3421,ms_a_0_4_0_5_0_6,market_outcome_v2,challenger_20260307,0.007427126471742063,1.5294215608343584,1.2088562239786529
3421,ms_h_2_1_3_1_4_1,market_outcome_v2,challenger_20260307,0.1558968221673124,1.5294215608343584,1.2088562239786529
3421,ms_h_1_2_1_3_1_4,market_outcome_v2,challenger_20260307,0.11020994983609687,1.5294215608343584,1.2088562239786529
3421,ms_h_3_2_4_2_5_1,market_outcome_v2,challenger_20260307,0.0444065752425327,1.5294215608343584,1.2088562239786529
3421,ms_a_2_3_2_4_1_5,market_outcome_v2,challenger_20260307,0.03113234179061005,1.5294215608343584,1.2088562239786529
3421,ms_draw,market_outcome_v2,challenger_20260307,0.252312271375182,1.5294215608343584,1.2088562239786529
3421,ms_other_homewin,market_outcome_v2,challenger_20260307,0.01309597031904024,1.5294215608343584,1.2088562239786529
3421,ms_other_awaywin,market_outcome_v2,challenger_20260307,0.007475271422189454,1.5294215608343584,1.2088562239786529
3598,1x2_h,market_outcome_v2,challenger_20260307,0.4469475907135346,1.5294215608343589,1.2088562239786529
3598,1x2_d,market_outcome_v2,challenger_20260307,0.252312271375182,1.5294215608343589,1.2088562239786529
3598,1x2_a,market_outcome_v2,challenger_20260307,0.3007401379112837,1.5294215608343589,1.2088562239786529
3598,dc_1x,market_outcome_v2,challenger_20260307,0.6992598620887166,1.5294215608343589,1.2088562239786529
3598,dc_x2,market_outcome_v2,challenger_20260307,0.5530524092864657,1.5294215608343589,1.2088562239786529
3598,dc_12,market_outcome_v2,challenger_20260307,0.7476877286248182,1.5294215608343589,1.2088562239786529
3598,o15,market_outcome_v2,challenger_20260307,0.758201859881372,1.5294215608343589,1.2088562239786529
3598,u35,market_outcome_v2,challenger_20260307,0.7056365509664175,1.5294215608343589,1.2088562239786529
3598,ah_h05,market_outcome_v2,challenger_20260307,0.4469475907135346,1.5294215608343589,1.2088562239786529
3598,ah_a05,market_outcome_v2,challenger_20260307,0.3007401379112837,1.5294215608343589,1.2088562239786529
3598,ah_h15,market_outcome_v2,challenger_20260307,0.22362451249957663,1.5294215608343589,1.2088562239786529
3598,ah_a15,market_outcome_v2,challenger_20260307,0.12422536921027354,1.5294215608343589,1.2088562239786529
3598,eh_h1,market_outcome_v2,challenger_20260307,0.22362451249957663,1.5294215608343589,1.2088562239786529
3598,eh_a1,market_outcome_v2,challenger_20260307,0.12422536921027354,1.5294215608343589,1.2088562239786529
3598,mg_0,market_outcome_v2,challenger_20260307,0.06468169409479103,1.5294215608343589,1.2088562239786529
3598,mg_1_2,market_outcome_v2,challenger_20260307,0.4196134607598904,1.5294215608343589,1.2088562239786529
3598,mg_1_3,market_outcome_v2,challenger_20260307,0.6409548568716263,1.5294215608343589,1.2088562239786529
3598,mg_1_4,market_outcome_v2,challenger_20260307,0.7924784138296923,1.5294215608343589,1.2088562239786529
3598,mg_1_5,market_outcome_v2,challenger_20260307,0.8754611318085165,1.5294215608343589,1.2088562239786529
3598,mg_1_6,market_outcome_v2,challenger_20260307,0.9133327540026528,1.5294215608343589,1.2088562239786529
3598,mg_2_3,market_outcome_v2,challenger_20260307,0.4638384108477892,1.5294215608343589,1.2088562239786529
3598,mg_2_4,market_outcome_v2,challenger_20260307,0.6153619678058552,1.5294215608343589,1.2088562239786529
3598,mg_2_5,market_outcome_v2,challenger_20260307,0.6983446857846792,1.5294215608343589,1.2088562239786529
3598,mg_2_6,market_outcome_v2,challenger_20260307,0.7362163079788157,1.5294215608343589,1.2088562239786529
3598,mg_3_4,market_outcome_v2,challenger_20260307,0.372864953069802,1.5294215608343589,1.2088562239786529
3598,mg_3_5,market_outcome_v2,challenger_20260307,0.45584767104862617,1.5294215608343589,1.2088562239786529
3598,mg_3_6,market_outcome_v2,challenger_20260307,0.4937192932427624,1.5294215608343589,1.2088562239786529
3598,mg_4_5,market_outcome_v2,challenger_20260307,0.23450627493689014,1.5294215608343589,1.2088562239786529
3598,mg_4_6,market_outcome_v2,challenger_20260307,0.27237789713102645,1.5294215608343589,1.2088562239786529
3598,mg_5_6,market_outcome_v2,challenger_20260307,0.12085434017296048,1.5294215608343589,1.2088562239786529
3598,mg_7p,market_outcome_v2,challenger_20260307,0.021985551902556324,1.5294215608343589,1.2088562239786529
3598,hmg_0,market_outcome_v2,challenger_20260307,0.21666110038224637,1.5294215608343589,1.2088562239786529
3598,hmg_1_2,market_outcome_v2,challenger_20260307,0.5847654318504442,1.5294215608343589,1.2088562239786529
3598,hmg_1_3,market_outcome_v2,challenger_20260307,0.7139502026635127,1.5294215608343589,1.2088562239786529
3598,hmg_2_3,market_outcome_v2,challenger_20260307,0.38258404434480797,1.5294215608343589,1.2088562239786529
3598,hmg_4p,market_outcome_v2,challenger_20260307,0.0693886969542412,1.5294215608343589,1.2088562239786529
3598,amg_0,market_outcome_v2,challenger_20260307,0.298538565440108,1.5294215608343589,1.2088562239786529
3598,amg_1_2,market_outcome_v2,challenger_20260307,0.5790223869223171,1.5294215608343589,1.2088562239786529
3598,amg_1_3,market_outcome_v2,challenger_20260307,0.6669192030120672,1.5294215608343589,1.2088562239786529
3598,amg_2_3,market_outcome_v2,challenger_20260307,0.3060290000821343,1.5294215608343589,1.2088562239786529
3598,amg_4p,market_outcome_v2,challenger_20260307,0.03454223154782498,1.5294215608343589,1.2088562239786529
3598,ms_h_1_0_2_0_3_0,market_outcome_v2,challenger_20260307,0.21314166929883938,1.5294215608343589,1.2088562239786529
3598,ms_a_0_1_0_2_0_3,market_outcome_v2,challenger_20260307,0.14449544839064518,1.5294215608343589,1.2088562239786529
3598,ms_h_4_0_5_0_6_0,market_outcome_v2,challenger_20260307,0.02040655368580983,1.5294215608343589,1.2088562239786529
3598,ms_a_0_4_0_5_0_6,market_outcome_v2,challenger_20260307,0.0074271264717420595,1.5294215608343589,1.2088562239786529
3598,ms_h_2_1_3_1_4_1,market_outcome_v2,challenger_20260307,0.15589682216731246,1.5294215608343589,1.2088562239786529
3598,ms_h_1_2_1_3_1_4,market_outcome_v2,challenger_20260307,0.11020994983609686,1.5294215608343589,1.2088562239786529
3598,ms_h_3_2_4_2_5_1,market_outcome_v2,challenger_20260307,0.04440657524253273,1.5294215608343589,1.2088562239786529
3598,ms_a_2_3_2_4_1_5,market_outcome_v2,challenger_20260307,0.031132341790610057,1.5294215608343589,1.2088562239786529
3598,ms_draw,market_outcome_v2,challenger_20260307,0.252312271375182,1.5294215608343589,1.2088562239786529
3598,ms_other_homewin,market_outcome_v2,challenger_20260307,0.013095970319040254,1.5294215608343589,1.2088562239786529
3598,ms_other_awaywin,market_outcome_v2,challenger_20260307,0.007475271422189457,1.5294215608343589,1.2088562239786529
1143,1x2_h,market_outcome_v2,challenger_20260307,0.41363023594351295,1.4305818254029152,1.245573394104543
1143,1x2_d,market_outcome_v2,challenger_20260307,0.25821640680333696,1.4305818254029152,1.245573394104543
1143,1x2_a,market_outcome_v2,challenger_20260307,0.32815335725315015,1.4305818254029152,1.245573394104543
1143,dc_1x,market_outcome_v2,challenger_20260307,0.6718466427468499,1.4305818254029152,1.245573394104543
1143,dc_x2,market_outcome_v2,challenger_20260307,0.5863697640564871,1.4305818254029152,1.245573394104543
1143,dc_12,market_outcome_v2,challenger_20260307,0.7417835931966631,1.4305818254029152,1.245573394104543
1143,o15,market_outcome_v2,challenger_20260307,0.7469801543165017,1.4305818254029152,1.245573394104543
1143,u35,market_outcome_v2,challenger_20260307,0.7193423315198519,1.4305818254029152,1.245573394104543
1143,ah_h05,market_outcome_v2,challenger_20260307,0.41363023594351295,1.4305818254029152,1.245573394104543
1143,ah_a05,market_outcome_v2,challenger_20260307,0.32815335725315015,1.4305818254029152,1.245573394104543
1143,ah_h15,market_outcome_v2,challenger_20260307,0.19715414034955692,1.4305818254029152,1.245573394104543
1143,ah_a15,market_outcome_v2,challenger_20260307,0.13967279616708866,1.4305818254029152,1.245573394104543
1143,eh_h1,market_outcome_v2,challenger_20260307,0.19715414034955692,1.4305818254029152,1.245573394104543
1143,eh_a1,market_outcome_v2,challenger_20260307,0.13967279616708866,1.4305818254029152,1.245573394104543
1143,mg_0,market_outcome_v2,challenger_20260307,0.06882730205211482,1.4305818254029152,1.245573394104543
1143,mg_1_2,market_outcome_v2,challenger_20260307,0.4306564621481245,1.4305818254029152,1.245573394104543
1143,mg_1_3,market_outcome_v2,challenger_20260307,0.6505150294677371,1.4305818254029152,1.245573394104543
1143,mg_1_4,market_outcome_v2,challenger_20260307,0.7976089425891904,1.4305818254029152,1.245573394104543
1143,mg_1_5,market_outcome_v2,challenger_20260307,0.876338171260741,1.4305818254029152,1.245573394104543
1143,mg_1_6,market_outcome_v2,challenger_20260307,0.9114534439669355,1.4305818254029152,1.245573394104543
1143,mg_2_3,market_outcome_v2,challenger_20260307,0.46632248583635355,1.4305818254029152,1.245573394104543
1143,mg_2_4,market_outcome_v2,challenger_20260307,0.6134163989578069,1.4305818254029152,1.245573394104543
1143,mg_2_5,market_outcome_v2,challenger_20260307,0.6921456276293575,1.4305818254029152,1.245573394104543
1143,mg_2_6,market_outcome_v2,challenger_20260307,0.7272609003355519,1.4305818254029152,1.245573394104543
1143,mg_3_4,market_outcome_v2,challenger_20260307,0.36695248044106576,1.4305818254029152,1.245573394104543
1143,mg_3_5,market_outcome_v2,challenger_20260307,0.44568170911261634,1.4305818254029152,1.245573394104543
1143,mg_3_6,market_outcome_v2,challenger_20260307,0.48079698181881086,1.4305818254029152,1.245573394104543
1143,mg_4_5,market_outcome_v2,challenger_20260307,0.225823141793004,1.4305818254029152,1.245573394104543
1143,mg_4_6,market_outcome_v2,challenger_20260307,0.26093841449919836,1.4305818254029152,1.245573394104543
1143,mg_5_6,market_outcome_v2,challenger_20260307,0.11384450137774518,1.4305818254029152,1.245573394104543
1143,mg_7p,market_outcome_v2,challenger_20260307,0.019719253980949657,1.4305818254029152,1.245573394104543
1143,hmg_0,market_outcome_v2,challenger_20260307,0.23916981018371178,1.4305818254029152,1.245573394104543
1143,hmg_1_2,market_outcome_v2,challenger_20260307,0.5868901882899777,1.4305818254029152,1.245573394104543
1143,hmg_1_3,market_outcome_v2,challenger_20260307,0.7035961974775602,1.4305818254029152,1.245573394104543
1143,hmg_2_3,market_outcome_v2,challenger_20260307,0.36144421384367714,1.4305818254029152,1.245573394104543
1143,hmg_4p,market_outcome_v2,challenger_20260307,0.057233992338727904,1.4305818254029152,1.245573394104543
1143,amg_0,market_outcome_v2,challenger_20260307,0.287775877729915,1.4305818254029152,1.245573394104543
1143,amg_1_2,market_outcome_v2,challenger_20260307,0.5816813627069027,1.4305818254029152,1.245573394104543
1143,amg_1_3,market_outcome_v2,challenger_20260307,0.6743667151573413,1.4305818254029152,1.245573394104543
1143,amg_2_3,market_outcome_v2,challenger_20260307,0.31592073839187723,1.4305818254029152,1.245573394104543
1143,amg_4p,market_outcome_v2,challenger_20260307,0.0378574071127436,1.4305818254029152,1.245573394104543
1143,ms_h_1_0_2_0_3_0,market_outcome_v2,challenger_20260307,0.2024780132965355,1.4305818254029152,1.245573394104543
1143,ms_a_0_1_0_2_0_3,market_outcome_v2,challenger_20260307,0.16128815925839454,1.4305818254029152,1.245573394104543
1143,ms_h_4_0_5_0_6_0,market_outcome_v2,challenger_20260307,0.016267712049202555,1.4305818254029152,1.245573394104543
1143,ms_a_0_4_0_5_0_6,market_outcome_v2,challenger_20260307,0.008979398949541912,1.4305818254029152,1.245573394104543
1143,ms_h_2_1_3_1_4_1,market_outcome_v2,challenger_20260307,0.14451953492987915,1.4305818254029152,1.245573394104543
1143,ms_h_1_2_1_3_1_4,market_outcome_v2,challenger_20260307,0.11796796177558541,1.4305818254029152,1.245573394104543
1143,ms_h_3_2_4_2_5_1,market_outcome_v2,challenger_20260307,0.03965129206821416,1.4305818254029152,1.245573394104543
1143,ms_a_2_3_2_4_1_5,market_outcome_v2,challenger_20260307,0.03220720449804055,1.4305818254029152,1.245573394104543
1143,ms_draw,market_outcome_v2,challenger_20260307,0.25821640680333696,1.4305818254029152,1.245573394104543
1143,ms_other_homewin,market_outcome_v2,challenger_20260307,0.01071368359968156,1.4305818254029152,1.245573394104543
1143,ms_other_awaywin,market_outcome_v2,challenger_20260307,0.007710632771587561,1.4305818254029152,1.245573394104543
