Found 250 fixtures to process.
  Processing Fixture 20673 (SS: 15235683, Status: scheduled)...
    Error fetching lineups for 15235683: Failed to fetch /event/15235683/lineups: 404
  Processing Fixture 20678 (SS: 15235689, Status: scheduled)...
    Error fetching lineups for 15235689: Failed to fetch /event/15235689/lineups: 404
  Processing Fixture 20677 (SS: 15235684, Status: scheduled)...
    Error fetching lineups for 15235684: Failed to fetch /event/15235684/lineups: 404
  Processing Fixture 20670 (SS: 15235686, Status: scheduled)...
    Error fetching lineups for 15235686: Failed to fetch /event/15235686/lineups: 404
  Processing Fixture 20671 (SS: 15235681, Status: scheduled)...
    Error fetching lineups for 15235681: Failed to fetch /event/15235681/lineups: 404
  Processing Fixture 20672 (SS: 15235687, Status: scheduled)...
    Error fetching lineups for 15235687: Failed to fetch /event/15235687/lineups: 404
  Processing Fixture 20669 (SS: 15235685, Status: scheduled)...
    Error fetching lineups for 15235685: Failed to fetch /event/15235685/lineups: 404
  Processing Fixture 20674 (SS: 15235688, Status: scheduled)...
    Error fetching lineups for 15235688: Failed to fetch /event/15235688/lineups: 404
  Processing Fixture 20676 (SS: 15235690, Status: scheduled)...
    Error fetching lineups for 15235690: Failed to fetch /event/15235690/lineups: 404
  Processing Fixture 20675 (SS: 15235682, Status: scheduled)...
    Error fetching lineups for 15235682: Failed to fetch /event/15235682/lineups: 404
  Processing Fixture 20661 (SS: 15235671, Status: scheduled)...
    Error fetching lineups for 15235671: Failed to fetch /event/15235671/lineups: 404
  Processing Fixture 20665 (SS: 15235680, Status: scheduled)...
    Error fetching lineups for 15235680: Failed to fetch /event/15235680/lineups: 404
  Processing Fixture 20659 (SS: 15235672, Status: scheduled)...
    Error fetching lineups for 15235672: Failed to fetch /event/15235672/lineups: 404
  Processing Fixture 20667 (SS: 15235670, Status: scheduled)...
    Error fetching lineups for 15235670: Failed to fetch /event/15235670/lineups: 404
  Processing Fixture 20668 (SS: 15235669, Status: scheduled)...
    Error fetching lineups for 15235669: Failed to fetch /event/15235669/lineups: 404
  Processing Fixture 20663 (SS: 15235679, Status: scheduled)...
    Error fetching lineups for 15235679: Failed to fetch /event/15235679/lineups: 404
  Processing Fixture 20666 (SS: 15235674, Status: scheduled)...
    Error fetching lineups for 15235674: Failed to fetch /event/15235674/lineups: 404
  Processing Fixture 20664 (SS: 15235677, Status: scheduled)...
    Error fetching lineups for 15235677: Failed to fetch /event/15235677/lineups: 404
  Processing Fixture 20660 (SS: 15235676, Status: scheduled)...
    Error fetching lineups for 15235676: Failed to fetch /event/15235676/lineups: 404
  Processing Fixture 20662 (SS: 15235675, Status: scheduled)...
    Error fetching lineups for 15235675: Failed to fetch /event/15235675/lineups: 404
  Processing Fixture 20657 (SS: 15235673, Status: scheduled)...
    Error fetching lineups for 15235673: Failed to fetch /event/15235673/lineups: 404
  Processing Fixture 20651 (SS: 15235660, Status: scheduled)...
    Error fetching lineups for 15235660: Failed to fetch /event/15235660/lineups: 404
  Processing Fixture 20652 (SS: 15235662, Status: scheduled)...
    Error fetching lineups for 15235662: Failed to fetch /event/15235662/lineups: 404
  Processing Fixture 20654 (SS: 15235667, Status: scheduled)...
    Error fetching lineups for 15235667: Failed to fetch /event/15235667/lineups: 404
  Processing Fixture 20655 (SS: 15235664, Status: scheduled)...
    Error fetching lineups for 15235664: Failed to fetch /event/15235664/lineups: 404
  Processing Fixture 20658 (SS: 15235661, Status: scheduled)...
    Error fetching lineups for 15235661: Failed to fetch /event/15235661/lineups: 404
  Processing Fixture 20650 (SS: 15235663, Status: scheduled)...
    Error fetching lineups for 15235663: Failed to fetch /event/15235663/lineups: 404
  Processing Fixture 20653 (SS: 15235665, Status: scheduled)...
    Error fetching lineups for 15235665: Failed to fetch /event/15235665/lineups: 404
  Processing Fixture 20656 (SS: 15235678, Status: scheduled)...
    Error fetching lineups for 15235678: Failed to fetch /event/15235678/lineups: 404
  Processing Fixture 20649 (SS: 15235668, Status: scheduled)...
    Error fetching lineups for 15235668: Failed to fetch /event/15235668/lineups: 404
  Processing Fixture 20646 (SS: 15238240, Status: scheduled)...
    Error fetching lineups for 15238240: Failed to fetch /event/15238240/lineups: 404
  Processing Fixture 20641 (SS: 15235657, Status: scheduled)...
    Error fetching lineups for 15235657: Failed to fetch /event/15235657/lineups: 404
  Processing Fixture 20640 (SS: 15238243, Status: scheduled)...
    Error fetching lineups for 15238243: Failed to fetch /event/15238243/lineups: 404
  Processing Fixture 20648 (SS: 15235656, Status: scheduled)...
    Error fetching lineups for 15235656: Failed to fetch /event/15235656/lineups: 404
  Processing Fixture 20642 (SS: 15238241, Status: scheduled)...
    Error fetching lineups for 15238241: Failed to fetch /event/15238241/lineups: 404
  Processing Fixture 20643 (SS: 15235659, Status: scheduled)...
    Error fetching lineups for 15235659: Failed to fetch /event/15235659/lineups: 404
  Processing Fixture 20647 (SS: 15238244, Status: scheduled)...
    Error fetching lineups for 15238244: Failed to fetch /event/15238244/lineups: 404
  Processing Fixture 20645 (SS: 15235658, Status: scheduled)...
    Error fetching lineups for 15235658: Failed to fetch /event/15235658/lineups: 404
  Processing Fixture 20639 (SS: 15238236, Status: scheduled)...
    Error fetching lineups for 15238236: Failed to fetch /event/15238236/lineups: 404
  Processing Fixture 20644 (SS: 15235666, Status: scheduled)...
    Error fetching lineups for 15235666: Failed to fetch /event/15235666/lineups: 404
  Processing Fixture 20633 (SS: 15238230, Status: scheduled)...
    Error fetching lineups for 15238230: Failed to fetch /event/15238230/lineups: 404
  Processing Fixture 20632 (SS: 15238238, Status: scheduled)...
    Error fetching lineups for 15238238: Failed to fetch /event/15238238/lineups: 404
  Processing Fixture 20635 (SS: 15238232, Status: scheduled)...
    Error fetching lineups for 15238232: Failed to fetch /event/15238232/lineups: 404
  Processing Fixture 20629 (SS: 15238239, Status: scheduled)...
    Error fetching lineups for 15238239: Failed to fetch /event/15238239/lineups: 404
  Processing Fixture 20634 (SS: 15238234, Status: scheduled)...
    Error fetching lineups for 15238234: Failed to fetch /event/15238234/lineups: 404
  Processing Fixture 20638 (SS: 15238237, Status: scheduled)...
    Error fetching lineups for 15238237: Failed to fetch /event/15238237/lineups: 404
  Processing Fixture 20630 (SS: 15238229, Status: scheduled)...
    Error fetching lineups for 15238229: Failed to fetch /event/15238229/lineups: 404
  Processing Fixture 20637 (SS: 15238235, Status: scheduled)...
    Error fetching lineups for 15238235: Failed to fetch /event/15238235/lineups: 404
  Processing Fixture 20636 (SS: 15238233, Status: scheduled)...
    Error fetching lineups for 15238233: Failed to fetch /event/15238233/lineups: 404
  Processing Fixture 20631 (SS: 15238231, Status: scheduled)...
    Error fetching lineups for 15238231: Failed to fetch /event/15238231/lineups: 404
  Processing Fixture 20990 (SS: 15235702, Status: scheduled)...
    Error fetching lineups for 15235702: Failed to fetch /event/15235702/lineups: 404
  Processing Fixture 20989 (SS: 15235704, Status: scheduled)...
    Error fetching lineups for 15235704: Failed to fetch /event/15235704/lineups: 404
  Processing Fixture 20988 (SS: 15235703, Status: scheduled)...
    Error fetching lineups for 15235703: Failed to fetch /event/15235703/lineups: 404
  Processing Fixture 20987 (SS: 15238172, Status: scheduled)...
    Error fetching lineups for 15238172: Failed to fetch /event/15238172/lineups: 404
  Processing Fixture 20986 (SS: 15235700, Status: scheduled)...
    Error fetching lineups for 15235700: Failed to fetch /event/15235700/lineups: 404
  Processing Fixture 20619 (SS: 15238210, Status: scheduled)...
    Error fetching lineups for 15238210: Failed to fetch /event/15238210/lineups: 404
  Processing Fixture 20623 (SS: 15238228, Status: scheduled)...
    Error fetching lineups for 15238228: Failed to fetch /event/15238228/lineups: 404
  Processing Fixture 20624 (SS: 15238218, Status: scheduled)...
    Error fetching lineups for 15238218: Failed to fetch /event/15238218/lineups: 404
  Processing Fixture 20626 (SS: 15238227, Status: scheduled)...
    Error fetching lineups for 15238227: Failed to fetch /event/15238227/lineups: 404
  Processing Fixture 20625 (SS: 15238205, Status: scheduled)...
    Error fetching lineups for 15238205: Failed to fetch /event/15238205/lineups: 404
  Processing Fixture 20621 (SS: 15238216, Status: scheduled)...
    Error fetching lineups for 15238216: Failed to fetch /event/15238216/lineups: 404
  Processing Fixture 20628 (SS: 15238212, Status: scheduled)...
    Error fetching lineups for 15238212: Failed to fetch /event/15238212/lineups: 404
  Processing Fixture 20627 (SS: 15238245, Status: scheduled)...
    Error fetching lineups for 15238245: Failed to fetch /event/15238245/lineups: 404
  Processing Fixture 20622 (SS: 15238226, Status: scheduled)...
    Error fetching lineups for 15238226: Failed to fetch /event/15238226/lineups: 404
  Processing Fixture 20620 (SS: 15238222, Status: scheduled)...
    Error fetching lineups for 15238222: Failed to fetch /event/15238222/lineups: 404
  Processing Fixture 20610 (SS: 15238200, Status: scheduled)...
    Error fetching lineups for 15238200: Failed to fetch /event/15238200/lineups: 404
  Processing Fixture 20609 (SS: 15238213, Status: scheduled)...
    Error fetching lineups for 15238213: Failed to fetch /event/15238213/lineups: 404
  Processing Fixture 20616 (SS: 15238215, Status: scheduled)...
    Error fetching lineups for 15238215: Failed to fetch /event/15238215/lineups: 404
  Processing Fixture 20614 (SS: 15238208, Status: scheduled)...
    Error fetching lineups for 15238208: Failed to fetch /event/15238208/lineups: 404
  Processing Fixture 20618 (SS: 15238224, Status: scheduled)...
    Error fetching lineups for 15238224: Failed to fetch /event/15238224/lineups: 404
  Processing Fixture 20615 (SS: 15238225, Status: scheduled)...
    Error fetching lineups for 15238225: Failed to fetch /event/15238225/lineups: 404
  Processing Fixture 20617 (SS: 15238211, Status: scheduled)...
    Error fetching lineups for 15238211: Failed to fetch /event/15238211/lineups: 404
  Processing Fixture 20612 (SS: 15238220, Status: scheduled)...
    Error fetching lineups for 15238220: Failed to fetch /event/15238220/lineups: 404
  Processing Fixture 20611 (SS: 15238206, Status: scheduled)...
    Error fetching lineups for 15238206: Failed to fetch /event/15238206/lineups: 404
  Processing Fixture 20613 (SS: 15238217, Status: scheduled)...
    Error fetching lineups for 15238217: Failed to fetch /event/15238217/lineups: 404
  Processing Fixture 20985 (SS: 15235705, Status: scheduled)...
    Error fetching lineups for 15235705: Failed to fetch /event/15235705/lineups: 404
  Processing Fixture 20984 (SS: 15235695, Status: scheduled)...
    Error fetching lineups for 15235695: Failed to fetch /event/15235695/lineups: 404
  Processing Fixture 20982 (SS: 15235694, Status: scheduled)...
    Error fetching lineups for 15235694: Failed to fetch /event/15235694/lineups: 404
  Processing Fixture 20981 (SS: 15235701, Status: scheduled)...
    Error fetching lineups for 15235701: Failed to fetch /event/15235701/lineups: 404
  Processing Fixture 20983 (SS: 15235693, Status: scheduled)...
    Error fetching lineups for 15235693: Failed to fetch /event/15235693/lineups: 404
  Processing Fixture 20599 (SS: 15238223, Status: scheduled)...
    Error fetching lineups for 15238223: Failed to fetch /event/15238223/lineups: 404
  Processing Fixture 20602 (SS: 15238199, Status: scheduled)...
    Error fetching lineups for 15238199: Failed to fetch /event/15238199/lineups: 404
  Processing Fixture 20601 (SS: 15238204, Status: scheduled)...
    Error fetching lineups for 15238204: Failed to fetch /event/15238204/lineups: 404
  Processing Fixture 20600 (SS: 15238219, Status: scheduled)...
    Error fetching lineups for 15238219: Failed to fetch /event/15238219/lineups: 404
  Processing Fixture 20606 (SS: 15238202, Status: scheduled)...
    Error fetching lineups for 15238202: Failed to fetch /event/15238202/lineups: 404
  Processing Fixture 20605 (SS: 15238209, Status: scheduled)...
    Error fetching lineups for 15238209: Failed to fetch /event/15238209/lineups: 404
  Processing Fixture 20603 (SS: 15238196, Status: scheduled)...
    Error fetching lineups for 15238196: Failed to fetch /event/15238196/lineups: 404
  Processing Fixture 20608 (SS: 15238214, Status: scheduled)...
    Error fetching lineups for 15238214: Failed to fetch /event/15238214/lineups: 404
  Processing Fixture 20607 (SS: 15238203, Status: scheduled)...
    Error fetching lineups for 15238203: Failed to fetch /event/15238203/lineups: 404
  Processing Fixture 20604 (SS: 15238198, Status: scheduled)...
    Error fetching lineups for 15238198: Failed to fetch /event/15238198/lineups: 404
  Processing Fixture 20980 (SS: 15235696, Status: scheduled)...
    Error fetching lineups for 15235696: Failed to fetch /event/15235696/lineups: 404
  Processing Fixture 20977 (SS: 15235697, Status: scheduled)...
    Error fetching lineups for 15235697: Failed to fetch /event/15235697/lineups: 404
  Processing Fixture 20979 (SS: 15235699, Status: scheduled)...
    Error fetching lineups for 15235699: Failed to fetch /event/15235699/lineups: 404
  Processing Fixture 20976 (SS: 15235691, Status: scheduled)...
    Error fetching lineups for 15235691: Failed to fetch /event/15235691/lineups: 404
  Processing Fixture 20978 (SS: 15235692, Status: scheduled)...
    Error fetching lineups for 15235692: Failed to fetch /event/15235692/lineups: 404
  Processing Fixture 20596 (SS: 15238000, Status: scheduled)...
    Error fetching lineups for 15238000: Failed to fetch /event/15238000/lineups: 404
  Processing Fixture 20589 (SS: 15238197, Status: scheduled)...
    Error fetching lineups for 15238197: Failed to fetch /event/15238197/lineups: 404
  Processing Fixture 20598 (SS: 15238005, Status: scheduled)...
    Error fetching lineups for 15238005: Failed to fetch /event/15238005/lineups: 404
  Processing Fixture 20595 (SS: 15238221, Status: scheduled)...
    Error fetching lineups for 15238221: Failed to fetch /event/15238221/lineups: 404
  Processing Fixture 20597 (SS: 15238004, Status: scheduled)...
    Error fetching lineups for 15238004: Failed to fetch /event/15238004/lineups: 404
  Processing Fixture 20590 (SS: 15238003, Status: scheduled)...
    Error fetching lineups for 15238003: Failed to fetch /event/15238003/lineups: 404
  Processing Fixture 20591 (SS: 15238207, Status: scheduled)...
    Error fetching lineups for 15238207: Failed to fetch /event/15238207/lineups: 404
  Processing Fixture 20593 (SS: 15238001, Status: scheduled)...
    Error fetching lineups for 15238001: Failed to fetch /event/15238001/lineups: 404
  Processing Fixture 20594 (SS: 15238002, Status: scheduled)...
    Error fetching lineups for 15238002: Failed to fetch /event/15238002/lineups: 404
  Processing Fixture 20592 (SS: 15238201, Status: scheduled)...
    Error fetching lineups for 15238201: Failed to fetch /event/15238201/lineups: 404
  Processing Fixture 20975 (SS: 15238171, Status: scheduled)...
    Error fetching lineups for 15238171: Failed to fetch /event/15238171/lineups: 404
  Processing Fixture 20973 (SS: 15238169, Status: scheduled)...
    Error fetching lineups for 15238169: Failed to fetch /event/15238169/lineups: 404
  Processing Fixture 20971 (SS: 15238170, Status: scheduled)...
    Error fetching lineups for 15238170: Failed to fetch /event/15238170/lineups: 404
  Processing Fixture 20972 (SS: 15238167, Status: scheduled)...
    Error fetching lineups for 15238167: Failed to fetch /event/15238167/lineups: 404
  Processing Fixture 20974 (SS: 15238168, Status: scheduled)...
    Error fetching lineups for 15238168: Failed to fetch /event/15238168/lineups: 404
  Processing Fixture 20583 (SS: 15237993, Status: scheduled)...
    Error fetching lineups for 15237993: Failed to fetch /event/15237993/lineups: 404
  Processing Fixture 20582 (SS: 15237994, Status: scheduled)...
    Error fetching lineups for 15237994: Failed to fetch /event/15237994/lineups: 404
  Processing Fixture 20585 (SS: 15237997, Status: scheduled)...
    Error fetching lineups for 15237997: Failed to fetch /event/15237997/lineups: 404
  Processing Fixture 20579 (SS: 15237991, Status: scheduled)...
    Error fetching lineups for 15237991: Failed to fetch /event/15237991/lineups: 404
  Processing Fixture 20587 (SS: 15237999, Status: scheduled)...
    Error fetching lineups for 15237999: Failed to fetch /event/15237999/lineups: 404
  Processing Fixture 20586 (SS: 15237992, Status: scheduled)...
    Error fetching lineups for 15237992: Failed to fetch /event/15237992/lineups: 404
  Processing Fixture 20584 (SS: 15237996, Status: scheduled)...
    Error fetching lineups for 15237996: Failed to fetch /event/15237996/lineups: 404
  Processing Fixture 20581 (SS: 15237990, Status: scheduled)...
    Error fetching lineups for 15237990: Failed to fetch /event/15237990/lineups: 404
  Processing Fixture 20580 (SS: 15237995, Status: scheduled)...
    Error fetching lineups for 15237995: Failed to fetch /event/15237995/lineups: 404
  Processing Fixture 20588 (SS: 15237998, Status: scheduled)...
    Error fetching lineups for 15237998: Failed to fetch /event/15237998/lineups: 404
  Processing Fixture 20577 (SS: 15237988, Status: scheduled)...
    Error fetching lineups for 15237988: Failed to fetch /event/15237988/lineups: 404
  Processing Fixture 20575 (SS: 15237987, Status: scheduled)...
    Error fetching lineups for 15237987: Failed to fetch /event/15237987/lineups: 404
  Processing Fixture 20574 (SS: 15235478, Status: scheduled)...
    Error fetching lineups for 15235478: Failed to fetch /event/15235478/lineups: 404
  Processing Fixture 20576 (SS: 15237989, Status: scheduled)...
    Error fetching lineups for 15237989: Failed to fetch /event/15237989/lineups: 404
  Processing Fixture 20572 (SS: 15235483, Status: scheduled)...
    Error fetching lineups for 15235483: Failed to fetch /event/15235483/lineups: 404
  Processing Fixture 20573 (SS: 15235484, Status: scheduled)...
    Error fetching lineups for 15235484: Failed to fetch /event/15235484/lineups: 404
  Processing Fixture 20570 (SS: 15235481, Status: scheduled)...
    Error fetching lineups for 15235481: Failed to fetch /event/15235481/lineups: 404
  Processing Fixture 20571 (SS: 15235477, Status: scheduled)...
    Error fetching lineups for 15235477: Failed to fetch /event/15235477/lineups: 404
  Processing Fixture 20578 (SS: 15237986, Status: scheduled)...
    Error fetching lineups for 15237986: Failed to fetch /event/15237986/lineups: 404
  Processing Fixture 20569 (SS: 15235482, Status: scheduled)...
    Error fetching lineups for 15235482: Failed to fetch /event/15235482/lineups: 404
  Processing Fixture 20970 (SS: 15238166, Status: scheduled)...
    Error fetching lineups for 15238166: Failed to fetch /event/15238166/lineups: 404
  Processing Fixture 20969 (SS: 15238165, Status: scheduled)...
    Error fetching lineups for 15238165: Failed to fetch /event/15238165/lineups: 404
  Processing Fixture 20966 (SS: 15238163, Status: scheduled)...
    Error fetching lineups for 15238163: Failed to fetch /event/15238163/lineups: 404
  Processing Fixture 20968 (SS: 15238164, Status: scheduled)...
    Error fetching lineups for 15238164: Failed to fetch /event/15238164/lineups: 404
  Processing Fixture 20967 (SS: 15238162, Status: scheduled)...
    Error fetching lineups for 15238162: Failed to fetch /event/15238162/lineups: 404
  Processing Fixture 20566 (SS: 15235485, Status: scheduled)...
    Error fetching lineups for 15235485: Failed to fetch /event/15235485/lineups: 404
  Processing Fixture 20563 (SS: 15235474, Status: scheduled)...
    Error fetching lineups for 15235474: Failed to fetch /event/15235474/lineups: 404
  Processing Fixture 20560 (SS: 15235467, Status: scheduled)...
    Error fetching lineups for 15235467: Failed to fetch /event/15235467/lineups: 404
  Processing Fixture 20559 (SS: 15235470, Status: scheduled)...
    Error fetching lineups for 15235470: Failed to fetch /event/15235470/lineups: 404
  Processing Fixture 20565 (SS: 15235472, Status: scheduled)...
    Error fetching lineups for 15235472: Failed to fetch /event/15235472/lineups: 404
  Processing Fixture 20562 (SS: 15235476, Status: scheduled)...
    Error fetching lineups for 15235476: Failed to fetch /event/15235476/lineups: 404
  Processing Fixture 20564 (SS: 15235479, Status: scheduled)...
    Error fetching lineups for 15235479: Failed to fetch /event/15235479/lineups: 404
  Processing Fixture 20568 (SS: 15235471, Status: scheduled)...
    Error fetching lineups for 15235471: Failed to fetch /event/15235471/lineups: 404
  Processing Fixture 20561 (SS: 15235480, Status: scheduled)...
    Error fetching lineups for 15235480: Failed to fetch /event/15235480/lineups: 404
  Processing Fixture 20567 (SS: 15235475, Status: scheduled)...
    Error fetching lineups for 15235475: Failed to fetch /event/15235475/lineups: 404
  Processing Fixture 20964 (SS: 15238161, Status: scheduled)...
    Error fetching lineups for 15238161: Failed to fetch /event/15238161/lineups: 404
  Processing Fixture 20962 (SS: 15238157, Status: scheduled)...
    Error fetching lineups for 15238157: Failed to fetch /event/15238157/lineups: 404
  Processing Fixture 20963 (SS: 15238158, Status: scheduled)...
    Error fetching lineups for 15238158: Failed to fetch /event/15238158/lineups: 404
  Processing Fixture 20961 (SS: 15238159, Status: scheduled)...
    Error fetching lineups for 15238159: Failed to fetch /event/15238159/lineups: 404
  Processing Fixture 20965 (SS: 15238160, Status: scheduled)...
    Error fetching lineups for 15238160: Failed to fetch /event/15238160/lineups: 404
  Processing Fixture 20558 (SS: 15235473, Status: scheduled)...
    Error fetching lineups for 15235473: Failed to fetch /event/15235473/lineups: 404
  Processing Fixture 20553 (SS: 15235457, Status: scheduled)...
    Error fetching lineups for 15235457: Failed to fetch /event/15235457/lineups: 404
  Processing Fixture 20552 (SS: 15235466, Status: scheduled)...
    Error fetching lineups for 15235466: Failed to fetch /event/15235466/lineups: 404
  Processing Fixture 20549 (SS: 15235459, Status: scheduled)...
    Error fetching lineups for 15235459: Failed to fetch /event/15235459/lineups: 404
  Processing Fixture 20551 (SS: 15235465, Status: scheduled)...
    Error fetching lineups for 15235465: Failed to fetch /event/15235465/lineups: 404
  Processing Fixture 20550 (SS: 15235468, Status: scheduled)...
    Error fetching lineups for 15235468: Failed to fetch /event/15235468/lineups: 404
  Processing Fixture 20557 (SS: 15235462, Status: scheduled)...
    Error fetching lineups for 15235462: Failed to fetch /event/15235462/lineups: 404
  Processing Fixture 20554 (SS: 15235455, Status: scheduled)...
    Error fetching lineups for 15235455: Failed to fetch /event/15235455/lineups: 404
  Processing Fixture 20556 (SS: 15235450, Status: scheduled)...
    Error fetching lineups for 15235450: Failed to fetch /event/15235450/lineups: 404
  Processing Fixture 20555 (SS: 15235456, Status: scheduled)...
    Error fetching lineups for 15235456: Failed to fetch /event/15235456/lineups: 404
  Processing Fixture 20960 (SS: 15238156, Status: scheduled)...
    Error fetching lineups for 15238156: Failed to fetch /event/15238156/lineups: 404
  Processing Fixture 20959 (SS: 15238155, Status: scheduled)...
    Error fetching lineups for 15238155: Failed to fetch /event/15238155/lineups: 404
  Processing Fixture 20958 (SS: 15238153, Status: scheduled)...
    Error fetching lineups for 15238153: Failed to fetch /event/15238153/lineups: 404
  Processing Fixture 20957 (SS: 15238152, Status: scheduled)...
    Error fetching lineups for 15238152: Failed to fetch /event/15238152/lineups: 404
  Processing Fixture 20956 (SS: 15238154, Status: scheduled)...
    Error fetching lineups for 15238154: Failed to fetch /event/15238154/lineups: 404
  Processing Fixture 20547 (SS: 15235445, Status: scheduled)...
    Error fetching lineups for 15235445: Failed to fetch /event/15235445/lineups: 404
  Processing Fixture 20539 (SS: 15235452, Status: scheduled)...
    Error fetching lineups for 15235452: Failed to fetch /event/15235452/lineups: 404
  Processing Fixture 20545 (SS: 15235449, Status: scheduled)...
    Error fetching lineups for 15235449: Failed to fetch /event/15235449/lineups: 404
  Processing Fixture 20546 (SS: 15235453, Status: scheduled)...
    Error fetching lineups for 15235453: Failed to fetch /event/15235453/lineups: 404
  Processing Fixture 20540 (SS: 15235447, Status: scheduled)...
    Error fetching lineups for 15235447: Failed to fetch /event/15235447/lineups: 404
  Processing Fixture 20541 (SS: 15235442, Status: scheduled)...
    Error fetching lineups for 15235442: Failed to fetch /event/15235442/lineups: 404
  Processing Fixture 20544 (SS: 15235458, Status: scheduled)...
    Error fetching lineups for 15235458: Failed to fetch /event/15235458/lineups: 404
  Processing Fixture 20542 (SS: 15235461, Status: scheduled)...
    Error fetching lineups for 15235461: Failed to fetch /event/15235461/lineups: 404
  Processing Fixture 20543 (SS: 15235439, Status: scheduled)...
    Error fetching lineups for 15235439: Failed to fetch /event/15235439/lineups: 404
  Processing Fixture 20548 (SS: 15235441, Status: scheduled)...
    Error fetching lineups for 15235441: Failed to fetch /event/15235441/lineups: 404
  Processing Fixture 20954 (SS: 15238149, Status: scheduled)...
    Error fetching lineups for 15238149: Failed to fetch /event/15238149/lineups: 404
  Processing Fixture 20953 (SS: 15238151, Status: scheduled)...
    Error fetching lineups for 15238151: Failed to fetch /event/15238151/lineups: 404
  Processing Fixture 20955 (SS: 15238148, Status: scheduled)...
    Error fetching lineups for 15238148: Failed to fetch /event/15238148/lineups: 404
  Processing Fixture 20951 (SS: 15238150, Status: scheduled)...
    Error fetching lineups for 15238150: Failed to fetch /event/15238150/lineups: 404
  Processing Fixture 20952 (SS: 15238147, Status: scheduled)...
    Error fetching lineups for 15238147: Failed to fetch /event/15238147/lineups: 404
  Processing Fixture 20530 (SS: 15235444, Status: scheduled)...
    Error fetching lineups for 15235444: Failed to fetch /event/15235444/lineups: 404
  Processing Fixture 20532 (SS: 15235436, Status: scheduled)...
    Error fetching lineups for 15235436: Failed to fetch /event/15235436/lineups: 404
  Processing Fixture 20531 (SS: 15235430, Status: scheduled)...
    Error fetching lineups for 15235430: Failed to fetch /event/15235430/lineups: 404
  Processing Fixture 20538 (SS: 15235437, Status: scheduled)...
    Error fetching lineups for 15235437: Failed to fetch /event/15235437/lineups: 404
  Processing Fixture 20535 (SS: 15235438, Status: scheduled)...
    Error fetching lineups for 15235438: Failed to fetch /event/15235438/lineups: 404
  Processing Fixture 20529 (SS: 15235435, Status: scheduled)...
    Error fetching lineups for 15235435: Failed to fetch /event/15235435/lineups: 404
  Processing Fixture 20537 (SS: 15235432, Status: scheduled)...
    Error fetching lineups for 15235432: Failed to fetch /event/15235432/lineups: 404
  Processing Fixture 20534 (SS: 15235454, Status: scheduled)...
    Error fetching lineups for 15235454: Failed to fetch /event/15235454/lineups: 404
  Processing Fixture 20536 (SS: 15235451, Status: scheduled)...
    Error fetching lineups for 15235451: Failed to fetch /event/15235451/lineups: 404
  Processing Fixture 20533 (SS: 15235446, Status: scheduled)...
    Error fetching lineups for 15235446: Failed to fetch /event/15235446/lineups: 404
  Processing Fixture 20950 (SS: 15238146, Status: scheduled)...
    Error fetching lineups for 15238146: Failed to fetch /event/15238146/lineups: 404
  Processing Fixture 20949 (SS: 15238145, Status: scheduled)...
    Error fetching lineups for 15238145: Failed to fetch /event/15238145/lineups: 404
  Processing Fixture 20948 (SS: 15238142, Status: scheduled)...
    Error fetching lineups for 15238142: Failed to fetch /event/15238142/lineups: 404
  Processing Fixture 20946 (SS: 15238144, Status: scheduled)...
    Error fetching lineups for 15238144: Failed to fetch /event/15238144/lineups: 404
  Processing Fixture 20947 (SS: 15238143, Status: scheduled)...
    Error fetching lineups for 15238143: Failed to fetch /event/15238143/lineups: 404
  Processing Fixture 20527 (SS: 15235431, Status: scheduled)...
    Error fetching lineups for 15235431: Failed to fetch /event/15235431/lineups: 404
  Processing Fixture 20524 (SS: 15235426, Status: scheduled)...
    Error fetching lineups for 15235426: Failed to fetch /event/15235426/lineups: 404
  Processing Fixture 20522 (SS: 15235424, Status: scheduled)...
    Error fetching lineups for 15235424: Failed to fetch /event/15235424/lineups: 404
  Processing Fixture 20521 (SS: 15235434, Status: scheduled)...
    Error fetching lineups for 15235434: Failed to fetch /event/15235434/lineups: 404
  Processing Fixture 20519 (SS: 15235421, Status: scheduled)...
    Error fetching lineups for 15235421: Failed to fetch /event/15235421/lineups: 404
  Processing Fixture 20528 (SS: 15235428, Status: scheduled)...
    Error fetching lineups for 15235428: Failed to fetch /event/15235428/lineups: 404
  Processing Fixture 20525 (SS: 15235422, Status: scheduled)...
    Error fetching lineups for 15235422: Failed to fetch /event/15235422/lineups: 404
  Processing Fixture 20520 (SS: 15235425, Status: scheduled)...
    Error fetching lineups for 15235425: Failed to fetch /event/15235425/lineups: 404
  Processing Fixture 20526 (SS: 15235427, Status: scheduled)...
    Error fetching lineups for 15235427: Failed to fetch /event/15235427/lineups: 404
  Processing Fixture 20523 (SS: 15235443, Status: scheduled)...
    Error fetching lineups for 15235443: Failed to fetch /event/15235443/lineups: 404
  Processing Fixture 20518 (SS: 15235469, Status: scheduled)...
    Error fetching lineups for 15235469: Failed to fetch /event/15235469/lineups: 404
  Processing Fixture 20510 (SS: 15235412, Status: scheduled)...
    Error fetching lineups for 15235412: Failed to fetch /event/15235412/lineups: 404
  Processing Fixture 20517 (SS: 15235464, Status: scheduled)...
    Error fetching lineups for 15235464: Failed to fetch /event/15235464/lineups: 404
  Processing Fixture 20509 (SS: 15235463, Status: scheduled)...
    Error fetching lineups for 15235463: Failed to fetch /event/15235463/lineups: 404
  Processing Fixture 20514 (SS: 15235413, Status: scheduled)...
    Error fetching lineups for 15235413: Failed to fetch /event/15235413/lineups: 404
  Processing Fixture 20515 (SS: 15235420, Status: scheduled)...
    Error fetching lineups for 15235420: Failed to fetch /event/15235420/lineups: 404
  Processing Fixture 20512 (SS: 15235460, Status: scheduled)...
    Error fetching lineups for 15235460: Failed to fetch /event/15235460/lineups: 404
  Processing Fixture 20516 (SS: 15235407, Status: scheduled)...
    Error fetching lineups for 15235407: Failed to fetch /event/15235407/lineups: 404
  Processing Fixture 20511 (SS: 15235448, Status: scheduled)...
    Error fetching lineups for 15235448: Failed to fetch /event/15235448/lineups: 404
  Processing Fixture 20513 (SS: 15235415, Status: scheduled)...
    Error fetching lineups for 15235415: Failed to fetch /event/15235415/lineups: 404
  Processing Fixture 20945 (SS: 15238141, Status: scheduled)...
    Error fetching lineups for 15238141: Failed to fetch /event/15238141/lineups: 404
  Processing Fixture 20944 (SS: 15238139, Status: scheduled)...
    Error fetching lineups for 15238139: Failed to fetch /event/15238139/lineups: 404
  Processing Fixture 20941 (SS: 15238137, Status: scheduled)...
    Error fetching lineups for 15238137: Failed to fetch /event/15238137/lineups: 404
  Processing Fixture 20943 (SS: 15238138, Status: scheduled)...
    Error fetching lineups for 15238138: Failed to fetch /event/15238138/lineups: 404
  Processing Fixture 20942 (SS: 15238140, Status: scheduled)...
    Error fetching lineups for 15238140: Failed to fetch /event/15238140/lineups: 404
  Processing Fixture 20940 (SS: 15238133, Status: scheduled)...
    Error fetching lineups for 15238133: Failed to fetch /event/15238133/lineups: 404
  Processing Fixture 20938 (SS: 15238132, Status: scheduled)...
    Error fetching lineups for 15238132: Failed to fetch /event/15238132/lineups: 404
  Processing Fixture 20939 (SS: 15238134, Status: scheduled)...
    Error fetching lineups for 15238134: Failed to fetch /event/15238134/lineups: 404
  Processing Fixture 20936 (SS: 15238135, Status: scheduled)...
    Error fetching lineups for 15238135: Failed to fetch /event/15238135/lineups: 404
  Processing Fixture 20937 (SS: 15238136, Status: scheduled)...
    Error fetching lineups for 15238136: Failed to fetch /event/15238136/lineups: 404
  Processing Fixture 20504 (SS: 15235406, Status: scheduled)...
    Error fetching lineups for 15235406: Failed to fetch /event/15235406/lineups: 404
  Processing Fixture 20508 (SS: 15235488, Status: scheduled)...
    Error fetching lineups for 15235488: Failed to fetch /event/15235488/lineups: 404
  Processing Fixture 20507 (SS: 15235423, Status: scheduled)...
    Error fetching lineups for 15235423: Failed to fetch /event/15235423/lineups: 404
  Processing Fixture 20500 (SS: 15235419, Status: scheduled)...
    Error fetching lineups for 15235419: Failed to fetch /event/15235419/lineups: 404
  Processing Fixture 20506 (SS: 15235409, Status: scheduled)...
    Error fetching lineups for 15235409: Failed to fetch /event/15235409/lineups: 404
  Processing Fixture 20505 (SS: 15235418, Status: scheduled)...
    Error fetching lineups for 15235418: Failed to fetch /event/15235418/lineups: 404
  Processing Fixture 20502 (SS: 15235440, Status: scheduled)...
    Error fetching lineups for 15235440: Failed to fetch /event/15235440/lineups: 404
  Processing Fixture 20503 (SS: 15235414, Status: scheduled)...
    Error fetching lineups for 15235414: Failed to fetch /event/15235414/lineups: 404
  Processing Fixture 20501 (SS: 15235417, Status: scheduled)...
    Error fetching lineups for 15235417: Failed to fetch /event/15235417/lineups: 404
  Processing Fixture 20499 (SS: 15235433, Status: scheduled)...
    Error fetching lineups for 15235433: Failed to fetch /event/15235433/lineups: 404
  Processing Fixture 20497 (SS: 15235411, Status: scheduled)...
    Error fetching lineups for 15235411: Failed to fetch /event/15235411/lineups: 404
  Processing Fixture 20496 (SS: 15237985, Status: scheduled)...
    Error fetching lineups for 15237985: Failed to fetch /event/15237985/lineups: 404
  Processing Fixture 20490 (SS: 15235410, Status: scheduled)...
    Error fetching lineups for 15235410: Failed to fetch /event/15235410/lineups: 404
  Processing Fixture 20493 (SS: 15235408, Status: scheduled)...
    Error fetching lineups for 15235408: Failed to fetch /event/15235408/lineups: 404
  Processing Fixture 20492 (SS: 15235404, Status: scheduled)...
    Error fetching lineups for 15235404: Failed to fetch /event/15235404/lineups: 404
  Processing Fixture 20494 (SS: 15235403, Status: scheduled)...
    Error fetching lineups for 15235403: Failed to fetch /event/15235403/lineups: 404
  Processing Fixture 20495 (SS: 15235487, Status: scheduled)...
    Error fetching lineups for 15235487: Failed to fetch /event/15235487/lineups: 404
  Processing Fixture 20489 (SS: 15235405, Status: scheduled)...
    Error fetching lineups for 15235405: Failed to fetch /event/15235405/lineups: 404
  Processing Fixture 20498 (SS: 15235429, Status: scheduled)...
    Error fetching lineups for 15235429: Failed to fetch /event/15235429/lineups: 404
  Processing Fixture 20491 (SS: 15235416, Status: scheduled)...
    Error fetching lineups for 15235416: Failed to fetch /event/15235416/lineups: 404
  Processing Fixture 20935 (SS: 15238131, Status: scheduled)...
    Error fetching lineups for 15238131: Failed to fetch /event/15238131/lineups: 404
  Processing Fixture 20933 (SS: 15238129, Status: scheduled)...
    Error fetching lineups for 15238129: Failed to fetch /event/15238129/lineups: 404
  Processing Fixture 20934 (SS: 15238130, Status: scheduled)...
    Error fetching lineups for 15238130: Failed to fetch /event/15238130/lineups: 404
  Processing Fixture 20481 (SS: 15237983, Status: scheduled)...
    Error fetching lineups for 15237983: Failed to fetch /event/15237983/lineups: 404
  Processing Fixture 20480 (SS: 15237984, Status: scheduled)...
    Error fetching lineups for 15237984: Failed to fetch /event/15237984/lineups: 404
Scheduled window [+0h, +72h], order=asc, skipped_on_404_cooldown=0
Found 250 fixtures to process.
  Processing Fixture 20337 (SS: 15237916, Status: scheduled)...
    OK - committed availability for fixture 20337
  Processing Fixture 21021 (SS: 15345888, Status: scheduled)...
    Error fetching lineups for 15345888: Failed to fetch /event/15345888/lineups: 404
  Processing Fixture 21022 (SS: 15342019, Status: scheduled)...
    Error fetching lineups for 15342019: Failed to fetch /event/15342019/lineups: 404
  Processing Fixture 21023 (SS: 15342022, Status: scheduled)...
    Error fetching lineups for 15342022: Failed to fetch /event/15342022/lineups: 404
  Processing Fixture 22023 (SS: 14065041, Status: scheduled)...
    Error fetching lineups for 14065041: Failed to fetch /event/14065041/lineups: 404
  Processing Fixture 22183 (SS: 14038603, Status: scheduled)...
    Error fetching lineups for 14038603: Failed to fetch /event/14038603/lineups: 404
  Processing Fixture 19886 (SS: 14109824, Status: scheduled)...
    Error fetching lineups for 14109824: Failed to fetch /event/14109824/lineups: 404
  Processing Fixture 19887 (SS: 14109821, Status: scheduled)...
    Error fetching lineups for 14109821: Failed to fetch /event/14109821/lineups: 404
  Processing Fixture 21690 (SS: 13981948, Status: scheduled)...
    Error fetching lineups for 13981948: Failed to fetch /event/13981948/lineups: 404
  Processing Fixture 22024 (SS: 14065038, Status: scheduled)...
    Error fetching lineups for 14065038: Failed to fetch /event/14065038/lineups: 404
  Processing Fixture 4152 (SS: 14065457, Status: scheduled)...
    Error fetching lineups for 14065457: Failed to fetch /event/14065457/lineups: 404
  Processing Fixture 4153 (SS: 14065465, Status: scheduled)...
    Error fetching lineups for 14065465: Failed to fetch /event/14065465/lineups: 404
  Processing Fixture 4891 (SS: 14317724, Status: scheduled)...
    Error fetching lineups for 14317724: Failed to fetch /event/14317724/lineups: 404
  Processing Fixture 22592 (SS: 15204315, Status: scheduled)...
    Error fetching lineups for 15204315: Failed to fetch /event/15204315/lineups: 404
  Processing Fixture 12129 (SS: 14383027, Status: scheduled)...
    Error fetching lineups for 14383027: Failed to fetch /event/14383027/lineups: 404
  Processing Fixture 12130 (SS: 14064848, Status: scheduled)...
    Error fetching lineups for 14064848: Failed to fetch /event/14064848/lineups: 404
  Processing Fixture 12131 (SS: 14064844, Status: scheduled)...
    Error fetching lineups for 14064844: Failed to fetch /event/14064844/lineups: 404
  Processing Fixture 12132 (SS: 14064843, Status: scheduled)...
    Error fetching lineups for 14064843: Failed to fetch /event/14064843/lineups: 404
  Processing Fixture 12133 (SS: 14064840, Status: scheduled)...
    Error fetching lineups for 14064840: Failed to fetch /event/14064840/lineups: 404
  Processing Fixture 19051 (SS: 14053656, Status: scheduled)...
    Error fetching lineups for 14053656: Failed to fetch /event/14053656/lineups: 404
  Processing Fixture 22593 (SS: 15204327, Status: scheduled)...
    Error fetching lineups for 15204327: Failed to fetch /event/15204327/lineups: 404
  Processing Fixture 3845 (SS: 14062232, Status: scheduled)...
    OK - committed availability for fixture 3845
  Processing Fixture 5527 (SS: 14083812, Status: scheduled)...
    Error fetching lineups for 14083812: Failed to fetch /event/14083812/lineups: 404
  Processing Fixture 21691 (SS: 13981943, Status: scheduled)...
    Error fetching lineups for 13981943: Failed to fetch /event/13981943/lineups: 404
  Processing Fixture 4511 (SS: 13981687, Status: scheduled)...
    OK - committed availability for fixture 4511
  Processing Fixture 5899 (SS: 14167891, Status: scheduled)...
    OK - committed availability for fixture 5899
  Processing Fixture 19341 (SS: 14032353, Status: scheduled)...
    Error fetching lineups for 14032353: Failed to fetch /event/14032353/lineups: 404
  Processing Fixture 19580 (SS: 14288806, Status: scheduled)...
    Error fetching lineups for 14288806: Failed to fetch /event/14288806/lineups: 404
  Processing Fixture 4892 (SS: 14317735, Status: scheduled)...
    Error fetching lineups for 14317735: Failed to fetch /event/14317735/lineups: 404
  Processing Fixture 5129 (SS: 14081793, Status: scheduled)...
    OK - committed availability for fixture 5129
  Processing Fixture 21024 (SS: 15345891, Status: scheduled)...
    Error fetching lineups for 15345891: Failed to fetch /event/15345891/lineups: 404
  Processing Fixture 2202 (SS: 14060790, Status: scheduled)...
    Error fetching lineups for 14060790: Failed to fetch /event/14060790/lineups: 404
  Processing Fixture 20824 (SS: 15238024, Status: scheduled)...
    Error fetching lineups for 15238024: Failed to fetch /event/15238024/lineups: 404
  Processing Fixture 20825 (SS: 15238026, Status: scheduled)...
    Error fetching lineups for 15238026: Failed to fetch /event/15238026/lineups: 404
  Processing Fixture 20826 (SS: 15238025, Status: scheduled)...
    Error fetching lineups for 15238025: Failed to fetch /event/15238025/lineups: 404
  Processing Fixture 20827 (SS: 15238023, Status: scheduled)...
    Error fetching lineups for 15238023: Failed to fetch /event/15238023/lineups: 404
  Processing Fixture 597 (SS: 14023979, Status: scheduled)...
    OK - committed availability for fixture 597
  Processing Fixture 1112 (SS: 14059868, Status: scheduled)...
    Error fetching lineups for 14059868: Failed to fetch /event/14059868/lineups: 404
  Processing Fixture 20828 (SS: 15238022, Status: scheduled)...
    Error fetching lineups for 15238022: Failed to fetch /event/15238022/lineups: 404
  Processing Fixture 21025 (SS: 15345896, Status: scheduled)...
    Error fetching lineups for 15345896: Failed to fetch /event/15345896/lineups: 404
  Processing Fixture 19581 (SS: 14288804, Status: scheduled)...
    Error fetching lineups for 14288804: Failed to fetch /event/14288804/lineups: 404
  Processing Fixture 21026 (SS: 15345894, Status: scheduled)...
    Error fetching lineups for 15345894: Failed to fetch /event/15345894/lineups: 404
  Processing Fixture 21027 (SS: 15342017, Status: scheduled)...
    Error fetching lineups for 15342017: Failed to fetch /event/15342017/lineups: 404
  Processing Fixture 21028 (SS: 15342016, Status: scheduled)...
    Error fetching lineups for 15342016: Failed to fetch /event/15342016/lineups: 404
  Processing Fixture 22184 (SS: 14167189, Status: scheduled)...
    Error fetching lineups for 14167189: Failed to fetch /event/14167189/lineups: 404
  Processing Fixture 21404 (SS: 15238956, Status: scheduled)...
    Error fetching lineups for 15238956: Failed to fetch /event/15238956/lineups: 404
  Processing Fixture 21405 (SS: 15238957, Status: scheduled)...
    Error fetching lineups for 15238957: Failed to fetch /event/15238957/lineups: 404
  Processing Fixture 19888 (SS: 14109827, Status: scheduled)...
    Error fetching lineups for 14109827: Failed to fetch /event/14109827/lineups: 404
  Processing Fixture 22185 (SS: 14038606, Status: scheduled)...
    Error fetching lineups for 14038606: Failed to fetch /event/14038606/lineups: 404
  Processing Fixture 21406 (SS: 15238959, Status: scheduled)...
    Error fetching lineups for 15238959: Failed to fetch /event/15238959/lineups: 404
  Processing Fixture 21407 (SS: 15238958, Status: scheduled)...
    Error fetching lineups for 15238958: Failed to fetch /event/15238958/lineups: 404
  Processing Fixture 19889 (SS: 14109822, Status: scheduled)...
    Error fetching lineups for 14109822: Failed to fetch /event/14109822/lineups: 404
  Processing Fixture 4154 (SS: 14065458, Status: scheduled)...
    Error fetching lineups for 14065458: Failed to fetch /event/14065458/lineups: 404
  Processing Fixture 4155 (SS: 14065455, Status: scheduled)...
    Error fetching lineups for 14065455: Failed to fetch /event/14065455/lineups: 404
  Processing Fixture 4156 (SS: 14065463, Status: scheduled)...
    Error fetching lineups for 14065463: Failed to fetch /event/14065463/lineups: 404
  Processing Fixture 22025 (SS: 14065045, Status: scheduled)...
    Error fetching lineups for 14065045: Failed to fetch /event/14065045/lineups: 404
  Processing Fixture 22186 (SS: 14038610, Status: scheduled)...
    Error fetching lineups for 14038610: Failed to fetch /event/14038610/lineups: 404
  Processing Fixture 5130 (SS: 14081790, Status: scheduled)...
    OK - committed availability for fixture 5130
  Processing Fixture 12134 (SS: 14064839, Status: scheduled)...
    Error fetching lineups for 14064839: Failed to fetch /event/14064839/lineups: 404
  Processing Fixture 12135 (SS: 14064847, Status: scheduled)...
    Error fetching lineups for 14064847: Failed to fetch /event/14064847/lineups: 404
  Processing Fixture 598 (SS: 14023970, Status: scheduled)...
    OK - committed availability for fixture 598
  Processing Fixture 1113 (SS: 14059871, Status: scheduled)...
    Error fetching lineups for 14059871: Failed to fetch /event/14059871/lineups: 404
  Processing Fixture 1114 (SS: 14059872, Status: scheduled)...
    Error fetching lineups for 14059872: Failed to fetch /event/14059872/lineups: 404
  Processing Fixture 1115 (SS: 14059874, Status: scheduled)...
    Error fetching lineups for 14059874: Failed to fetch /event/14059874/lineups: 404
  Processing Fixture 1649 (SS: 14061241, Status: scheduled)...
    Error fetching lineups for 14061241: Failed to fetch /event/14061241/lineups: 404
  Processing Fixture 1650 (SS: 14061278, Status: scheduled)...
    Error fetching lineups for 14061278: Failed to fetch /event/14061278/lineups: 404
  Processing Fixture 2203 (SS: 14060771, Status: scheduled)...
    Error fetching lineups for 14060771: Failed to fetch /event/14060771/lineups: 404
  Processing Fixture 2204 (SS: 14060805, Status: scheduled)...
    Error fetching lineups for 14060805: Failed to fetch /event/14060805/lineups: 404
  Processing Fixture 2205 (SS: 14060810, Status: scheduled)...
    Error fetching lineups for 14060810: Failed to fetch /event/14060810/lineups: 404
  Processing Fixture 21692 (SS: 13981947, Status: scheduled)...
    Error fetching lineups for 13981947: Failed to fetch /event/13981947/lineups: 404
  Processing Fixture 4512 (SS: 13981683, Status: scheduled)...
    OK - committed availability for fixture 4512
  Processing Fixture 4893 (SS: 14317729, Status: scheduled)...
    Error fetching lineups for 14317729: Failed to fetch /event/14317729/lineups: 404
  Processing Fixture 4894 (SS: 14317726, Status: scheduled)...
    Error fetching lineups for 14317726: Failed to fetch /event/14317726/lineups: 404
  Processing Fixture 4895 (SS: 14317725, Status: scheduled)...
    Error fetching lineups for 14317725: Failed to fetch /event/14317725/lineups: 404
  Processing Fixture 20137 (SS: 14159160, Status: scheduled)...
    Error fetching lineups for 14159160: Failed to fetch /event/14159160/lineups: 404
  Processing Fixture 3846 (SS: 14062226, Status: scheduled)...
    OK - committed availability for fixture 3846
  Processing Fixture 3847 (SS: 14062227, Status: scheduled)...
    OK - committed availability for fixture 3847
  Processing Fixture 3848 (SS: 14062231, Status: scheduled)...
    OK - committed availability for fixture 3848
  Processing Fixture 3849 (SS: 14062230, Status: scheduled)...
    OK - committed availability for fixture 3849
  Processing Fixture 22187 (SS: 14038607, Status: scheduled)...
    Error fetching lineups for 14038607: Failed to fetch /event/14038607/lineups: 404
  Processing Fixture 19342 (SS: 14032354, Status: scheduled)...
    Error fetching lineups for 14032354: Failed to fetch /event/14032354/lineups: 404
  Processing Fixture 19890 (SS: 14109823, Status: scheduled)...
    Error fetching lineups for 14109823: Failed to fetch /event/14109823/lineups: 404
  Processing Fixture 19891 (SS: 14109820, Status: scheduled)...
    Error fetching lineups for 14109820: Failed to fetch /event/14109820/lineups: 404
  Processing Fixture 5131 (SS: 14081789, Status: scheduled)...
    OK - committed availability for fixture 5131
  Processing Fixture 5528 (SS: 14083340, Status: scheduled)...
    Error fetching lineups for 14083340: Failed to fetch /event/14083340/lineups: 404
  Processing Fixture 19052 (SS: 14053659, Status: scheduled)...
    Error fetching lineups for 14053659: Failed to fetch /event/14053659/lineups: 404
  Processing Fixture 599 (SS: 14023975, Status: scheduled)...
    OK - committed availability for fixture 599
  Processing Fixture 600 (SS: 14023976, Status: scheduled)...
    OK - committed availability for fixture 600
  Processing Fixture 601 (SS: 14023977, Status: scheduled)...
    OK - committed availability for fixture 601
  Processing Fixture 1116 (SS: 14059869, Status: scheduled)...
    Error fetching lineups for 14059869: Failed to fetch /event/14059869/lineups: 404
  Processing Fixture 1117 (SS: 14059876, Status: scheduled)...
    Error fetching lineups for 14059876: Failed to fetch /event/14059876/lineups: 404
  Processing Fixture 1118 (SS: 14059870, Status: scheduled)...
    Error fetching lineups for 14059870: Failed to fetch /event/14059870/lineups: 404
  Processing Fixture 1119 (SS: 14059873, Status: scheduled)...
    Error fetching lineups for 14059873: Failed to fetch /event/14059873/lineups: 404
  Processing Fixture 1120 (SS: 14059877, Status: scheduled)...
    Error fetching lineups for 14059877: Failed to fetch /event/14059877/lineups: 404
  Processing Fixture 1121 (SS: 14059867, Status: scheduled)...
    Error fetching lineups for 14059867: Failed to fetch /event/14059867/lineups: 404
  Processing Fixture 1122 (SS: 14059875, Status: scheduled)...
    Error fetching lineups for 14059875: Failed to fetch /event/14059875/lineups: 404
  Processing Fixture 1651 (SS: 14061322, Status: scheduled)...
    Error fetching lineups for 14061322: Failed to fetch /event/14061322/lineups: 404
  Processing Fixture 1652 (SS: 14061290, Status: scheduled)...
    Error fetching lineups for 14061290: Failed to fetch /event/14061290/lineups: 404
  Processing Fixture 1653 (SS: 14061316, Status: scheduled)...
    Error fetching lineups for 14061316: Failed to fetch /event/14061316/lineups: 404
  Processing Fixture 1654 (SS: 14061253, Status: scheduled)...
    Error fetching lineups for 14061253: Failed to fetch /event/14061253/lineups: 404
  Processing Fixture 1655 (SS: 14061303, Status: scheduled)...
    Error fetching lineups for 14061303: Failed to fetch /event/14061303/lineups: 404
  Processing Fixture 1656 (SS: 14061265, Status: scheduled)...
    Error fetching lineups for 14061265: Failed to fetch /event/14061265/lineups: 404
  Processing Fixture 1657 (SS: 14061216, Status: scheduled)...
    Error fetching lineups for 14061216: Failed to fetch /event/14061216/lineups: 404
  Processing Fixture 1658 (SS: 14061328, Status: scheduled)...
    Error fetching lineups for 14061328: Failed to fetch /event/14061328/lineups: 404
  Processing Fixture 1659 (SS: 14061229, Status: scheduled)...
    Error fetching lineups for 14061229: Failed to fetch /event/14061229/lineups: 404
  Processing Fixture 1660 (SS: 14061334, Status: scheduled)...
    Error fetching lineups for 14061334: Failed to fetch /event/14061334/lineups: 404
  Processing Fixture 2206 (SS: 14060800, Status: scheduled)...
    Error fetching lineups for 14060800: Failed to fetch /event/14060800/lineups: 404
  Processing Fixture 2207 (SS: 14060786, Status: scheduled)...
    Error fetching lineups for 14060786: Failed to fetch /event/14060786/lineups: 404
  Processing Fixture 2208 (SS: 14060796, Status: scheduled)...
    Error fetching lineups for 14060796: Failed to fetch /event/14060796/lineups: 404
  Processing Fixture 2209 (SS: 14060766, Status: scheduled)...
    Error fetching lineups for 14060766: Failed to fetch /event/14060766/lineups: 404
  Processing Fixture 2210 (SS: 14060781, Status: scheduled)...
    Error fetching lineups for 14060781: Failed to fetch /event/14060781/lineups: 404
  Processing Fixture 2211 (SS: 14060761, Status: scheduled)...
    Error fetching lineups for 14060761: Failed to fetch /event/14060761/lineups: 404
  Processing Fixture 2212 (SS: 14060776, Status: scheduled)...
    Error fetching lineups for 14060776: Failed to fetch /event/14060776/lineups: 404
  Processing Fixture 2213 (SS: 14060757, Status: scheduled)...
    Error fetching lineups for 14060757: Failed to fetch /event/14060757/lineups: 404
  Processing Fixture 2759 (SS: 14391490, Status: scheduled)...
    Error fetching lineups for 14391490: Failed to fetch /event/14391490/lineups: 404
  Processing Fixture 2760 (SS: 14391500, Status: scheduled)...
    Error fetching lineups for 14391500: Failed to fetch /event/14391500/lineups: 404
  Processing Fixture 2761 (SS: 14391497, Status: scheduled)...
    Error fetching lineups for 14391497: Failed to fetch /event/14391497/lineups: 404
  Processing Fixture 2762 (SS: 14391499, Status: scheduled)...
    Error fetching lineups for 14391499: Failed to fetch /event/14391499/lineups: 404
  Processing Fixture 2763 (SS: 14391493, Status: scheduled)...
    Error fetching lineups for 14391493: Failed to fetch /event/14391493/lineups: 404
  Processing Fixture 2764 (SS: 14391495, Status: scheduled)...
    Error fetching lineups for 14391495: Failed to fetch /event/14391495/lineups: 404
  Processing Fixture 2765 (SS: 14391494, Status: scheduled)...
    Error fetching lineups for 14391494: Failed to fetch /event/14391494/lineups: 404
  Processing Fixture 2766 (SS: 14391492, Status: scheduled)...
    Error fetching lineups for 14391492: Failed to fetch /event/14391492/lineups: 404
  Processing Fixture 3071 (SS: 14035286, Status: scheduled)...
    Error fetching lineups for 14035286: Failed to fetch /event/14035286/lineups: 404
  Processing Fixture 3072 (SS: 14035288, Status: scheduled)...
    Error fetching lineups for 14035288: Failed to fetch /event/14035288/lineups: 404
  Processing Fixture 3073 (SS: 14035287, Status: scheduled)...
    Error fetching lineups for 14035287: Failed to fetch /event/14035287/lineups: 404
  Processing Fixture 3074 (SS: 14035290, Status: scheduled)...
    Error fetching lineups for 14035290: Failed to fetch /event/14035290/lineups: 404
  Processing Fixture 3075 (SS: 14035289, Status: scheduled)...
    Error fetching lineups for 14035289: Failed to fetch /event/14035289/lineups: 404
  Processing Fixture 3230 (SS: 14035446, Status: scheduled)...
    Error fetching lineups for 14035446: Failed to fetch /event/14035446/lineups: 404
  Processing Fixture 3231 (SS: 14035451, Status: scheduled)...
    Error fetching lineups for 14035451: Failed to fetch /event/14035451/lineups: 404
  Processing Fixture 3232 (SS: 14035448, Status: scheduled)...
    Error fetching lineups for 14035448: Failed to fetch /event/14035448/lineups: 404
  Processing Fixture 3233 (SS: 14035449, Status: scheduled)...
    Error fetching lineups for 14035449: Failed to fetch /event/14035449/lineups: 404
  Processing Fixture 3234 (SS: 14035450, Status: scheduled)...
    Error fetching lineups for 14035450: Failed to fetch /event/14035450/lineups: 404
  Processing Fixture 3409 (SS: 14035613, Status: scheduled)...
    Error fetching lineups for 14035613: Failed to fetch /event/14035613/lineups: 404
  Processing Fixture 3410 (SS: 14035615, Status: scheduled)...
    Error fetching lineups for 14035615: Failed to fetch /event/14035615/lineups: 404
  Processing Fixture 3411 (SS: 14035612, Status: scheduled)...
    Error fetching lineups for 14035612: Failed to fetch /event/14035612/lineups: 404
  Processing Fixture 3412 (SS: 14035616, Status: scheduled)...
    Error fetching lineups for 14035616: Failed to fetch /event/14035616/lineups: 404
  Processing Fixture 3413 (SS: 14035614, Status: scheduled)...
    Error fetching lineups for 14035614: Failed to fetch /event/14035614/lineups: 404
  Processing Fixture 3587 (SS: 14035793, Status: scheduled)...
    Error fetching lineups for 14035793: Failed to fetch /event/14035793/lineups: 404
  Processing Fixture 3588 (SS: 14035795, Status: scheduled)...
    Error fetching lineups for 14035795: Failed to fetch /event/14035795/lineups: 404
  Processing Fixture 3589 (SS: 14035796, Status: scheduled)...
    Error fetching lineups for 14035796: Failed to fetch /event/14035796/lineups: 404
  Processing Fixture 3590 (SS: 14035794, Status: scheduled)...
    Error fetching lineups for 14035794: Failed to fetch /event/14035794/lineups: 404
  Processing Fixture 3591 (SS: 14035791, Status: scheduled)...
    Error fetching lineups for 14035791: Failed to fetch /event/14035791/lineups: 404
  Processing Fixture 5900 (SS: 14167879, Status: scheduled)...
    OK - committed availability for fixture 5900
  Processing Fixture 4896 (SS: 14317730, Status: scheduled)...
    Error fetching lineups for 14317730: Failed to fetch /event/14317730/lineups: 404
  Processing Fixture 19582 (SS: 14288811, Status: scheduled)...
    Error fetching lineups for 14288811: Failed to fetch /event/14288811/lineups: 404
  Processing Fixture 20138 (SS: 14159154, Status: scheduled)...
    Error fetching lineups for 14159154: Failed to fetch /event/14159154/lineups: 404
  Processing Fixture 21693 (SS: 13981946, Status: scheduled)...
    Error fetching lineups for 13981946: Failed to fetch /event/13981946/lineups: 404
  Processing Fixture 4513 (SS: 13981694, Status: scheduled)...
    OK - committed availability for fixture 4513
  Processing Fixture 20139 (SS: 14159158, Status: scheduled)...
    Error fetching lineups for 14159158: Failed to fetch /event/14159158/lineups: 404
  Processing Fixture 22026 (SS: 14065042, Status: scheduled)...
    Error fetching lineups for 14065042: Failed to fetch /event/14065042/lineups: 404
  Processing Fixture 22435 (SS: 15362679, Status: scheduled)...
    Error fetching lineups for 15362679: Failed to fetch /event/15362679/lineups: 404
  Processing Fixture 22436 (SS: 15362684, Status: scheduled)...
    Error fetching lineups for 15362684: Failed to fetch /event/15362684/lineups: 404
  Processing Fixture 22594 (SS: 15204332, Status: scheduled)...
    Error fetching lineups for 15204332: Failed to fetch /event/15204332/lineups: 404
  Processing Fixture 19343 (SS: 14032350, Status: scheduled)...
    Error fetching lineups for 14032350: Failed to fetch /event/14032350/lineups: 404
  Processing Fixture 3850 (SS: 14062225, Status: scheduled)...
    OK - committed availability for fixture 3850
  Processing Fixture 5132 (SS: 14081818, Status: scheduled)...
    OK - committed availability for fixture 5132
  Processing Fixture 5529 (SS: 14083814, Status: scheduled)...
    Error fetching lineups for 14083814: Failed to fetch /event/14083814/lineups: 404
  Processing Fixture 5530 (SS: 14083353, Status: scheduled)...
    Error fetching lineups for 14083353: Failed to fetch /event/14083353/lineups: 404
  Processing Fixture 19053 (SS: 14053644, Status: scheduled)...
    Error fetching lineups for 14053644: Failed to fetch /event/14053644/lineups: 404
  Processing Fixture 5901 (SS: 14167881, Status: scheduled)...
    OK - committed availability for fixture 5901
  Processing Fixture 602 (SS: 14023974, Status: scheduled)...
    OK - committed availability for fixture 602
  Processing Fixture 2767 (SS: 14391496, Status: scheduled)...
    Error fetching lineups for 14391496: Failed to fetch /event/14391496/lineups: 404
  Processing Fixture 4897 (SS: 14317559, Status: scheduled)...
    Error fetching lineups for 14317559: Failed to fetch /event/14317559/lineups: 404
  Processing Fixture 12136 (SS: 14064850, Status: scheduled)...
    Error fetching lineups for 14064850: Failed to fetch /event/14064850/lineups: 404
  Processing Fixture 19583 (SS: 14288809, Status: scheduled)...
    Error fetching lineups for 14288809: Failed to fetch /event/14288809/lineups: 404
  Processing Fixture 21694 (SS: 13981949, Status: scheduled)...
    Error fetching lineups for 13981949: Failed to fetch /event/13981949/lineups: 404
  Processing Fixture 4157 (SS: 14065462, Status: scheduled)...
    Error fetching lineups for 14065462: Failed to fetch /event/14065462/lineups: 404
  Processing Fixture 22437 (SS: 15362683, Status: scheduled)...
    Error fetching lineups for 15362683: Failed to fetch /event/15362683/lineups: 404
  Processing Fixture 4514 (SS: 13981684, Status: scheduled)...
    OK - committed availability for fixture 4514
  Processing Fixture 19344 (SS: 14032425, Status: scheduled)...
    Error fetching lineups for 14032425: Failed to fetch /event/14032425/lineups: 404
  Processing Fixture 5133 (SS: 14081795, Status: scheduled)...
    OK - committed availability for fixture 5133
  Processing Fixture 5531 (SS: 14083813, Status: scheduled)...
    Error fetching lineups for 14083813: Failed to fetch /event/14083813/lineups: 404
  Processing Fixture 19054 (SS: 14053653, Status: scheduled)...
    Error fetching lineups for 14053653: Failed to fetch /event/14053653/lineups: 404
  Processing Fixture 5902 (SS: 14167877, Status: scheduled)...
    OK - committed availability for fixture 5902
  Processing Fixture 21029 (SS: 15342032, Status: scheduled)...
    Error fetching lineups for 15342032: Failed to fetch /event/15342032/lineups: 404
  Processing Fixture 19584 (SS: 14288805, Status: scheduled)...
    Error fetching lineups for 14288805: Failed to fetch /event/14288805/lineups: 404
  Processing Fixture 21030 (SS: 15345892, Status: scheduled)...
    Error fetching lineups for 15345892: Failed to fetch /event/15345892/lineups: 404
  Processing Fixture 21408 (SS: 15238960, Status: scheduled)...
    Error fetching lineups for 15238960: Failed to fetch /event/15238960/lineups: 404
  Processing Fixture 21409 (SS: 15238961, Status: scheduled)...
    Error fetching lineups for 15238961: Failed to fetch /event/15238961/lineups: 404
  Processing Fixture 21410 (SS: 15238962, Status: scheduled)...
    Error fetching lineups for 15238962: Failed to fetch /event/15238962/lineups: 404
  Processing Fixture 21411 (SS: 15238963, Status: scheduled)...
    Error fetching lineups for 15238963: Failed to fetch /event/15238963/lineups: 404
  Processing Fixture 22188 (SS: 14038608, Status: scheduled)...
    Error fetching lineups for 14038608: Failed to fetch /event/14038608/lineups: 404
  Processing Fixture 21412 (SS: 15238964, Status: scheduled)...
    Error fetching lineups for 15238964: Failed to fetch /event/15238964/lineups: 404
  Processing Fixture 19892 (SS: 14109828, Status: scheduled)...
    Error fetching lineups for 14109828: Failed to fetch /event/14109828/lineups: 404
  Processing Fixture 19055 (SS: 14053650, Status: scheduled)...
    Error fetching lineups for 14053650: Failed to fetch /event/14053650/lineups: 404
  Processing Fixture 21695 (SS: 13981945, Status: scheduled)...
    Error fetching lineups for 13981945: Failed to fetch /event/13981945/lineups: 404
  Processing Fixture 4515 (SS: 13981685, Status: scheduled)...
    OK - committed availability for fixture 4515
  Processing Fixture 22189 (SS: 14038612, Status: scheduled)...
    Error fetching lineups for 14038612: Failed to fetch /event/14038612/lineups: 404
  Processing Fixture 4158 (SS: 14065461, Status: scheduled)...
    Error fetching lineups for 14065461: Failed to fetch /event/14065461/lineups: 404
  Processing Fixture 4159 (SS: 14065460, Status: scheduled)...
    Error fetching lineups for 14065460: Failed to fetch /event/14065460/lineups: 404
  Processing Fixture 4160 (SS: 14065459, Status: scheduled)...
    Error fetching lineups for 14065459: Failed to fetch /event/14065459/lineups: 404
  Processing Fixture 19345 (SS: 14032349, Status: scheduled)...
    Error fetching lineups for 14032349: Failed to fetch /event/14032349/lineups: 404
  Processing Fixture 22027 (SS: 14065039, Status: scheduled)...
    Error fetching lineups for 14065039: Failed to fetch /event/14065039/lineups: 404
  Processing Fixture 3076 (SS: 14035291, Status: scheduled)...
    OK - committed availability for fixture 3076
  Processing Fixture 5134 (SS: 14081819, Status: scheduled)...
    OK - committed availability for fixture 5134
  Processing Fixture 5532 (SS: 14083349, Status: scheduled)...
    Error fetching lineups for 14083349: Failed to fetch /event/14083349/lineups: 404
  Processing Fixture 20140 (SS: 14159163, Status: scheduled)...
    Error fetching lineups for 14159163: Failed to fetch /event/14159163/lineups: 404
  Processing Fixture 22438 (SS: 15362686, Status: scheduled)...
    Error fetching lineups for 15362686: Failed to fetch /event/15362686/lineups: 404
  Processing Fixture 22595 (SS: 15204333, Status: scheduled)...
    Error fetching lineups for 15204333: Failed to fetch /event/15204333/lineups: 404
  Processing Fixture 22596 (SS: 15204334, Status: scheduled)...
    Error fetching lineups for 15204334: Failed to fetch /event/15204334/lineups: 404
  Processing Fixture 19056 (SS: 14053663, Status: scheduled)...
    Error fetching lineups for 14053663: Failed to fetch /event/14053663/lineups: 404
  Processing Fixture 19057 (SS: 14053666, Status: scheduled)...
    Error fetching lineups for 14053666: Failed to fetch /event/14053666/lineups: 404
  Processing Fixture 21696 (SS: 13981955, Status: scheduled)...
    Error fetching lineups for 13981955: Failed to fetch /event/13981955/lineups: 404
  Processing Fixture 4516 (SS: 13981689, Status: scheduled)...
    OK - committed availability for fixture 4516
  Processing Fixture 4898 (SS: 14317568, Status: scheduled)...
    Error fetching lineups for 14317568: Failed to fetch /event/14317568/lineups: 404
  Processing Fixture 4899 (SS: 14317732, Status: scheduled)...
    Error fetching lineups for 14317732: Failed to fetch /event/14317732/lineups: 404
  Processing Fixture 5903 (SS: 14167889, Status: scheduled)...
    OK - committed availability for fixture 5903
  Processing Fixture 22190 (SS: 14038604, Status: scheduled)...
    Error fetching lineups for 14038604: Failed to fetch /event/14038604/lineups: 404
  Processing Fixture 3851 (SS: 14062234, Status: scheduled)...
    OK - committed availability for fixture 3851
  Processing Fixture 20141 (SS: 14159159, Status: scheduled)...
    Error fetching lineups for 14159159: Failed to fetch /event/14159159/lineups: 404
  Processing Fixture 603 (SS: 14023973, Status: scheduled)...
    OK - committed availability for fixture 603
  Processing Fixture 604 (SS: 14023972, Status: scheduled)...
    OK - committed availability for fixture 604
  Processing Fixture 605 (SS: 14023978, Status: scheduled)...
    OK - committed availability for fixture 605
  Processing Fixture 19346 (SS: 14032358, Status: scheduled)...
    Error fetching lineups for 14032358: Failed to fetch /event/14032358/lineups: 404
  Processing Fixture 19893 (SS: 14109826, Status: scheduled)...
    Error fetching lineups for 14109826: Failed to fetch /event/14109826/lineups: 404
  Processing Fixture 19894 (SS: 14109825, Status: scheduled)...
    Error fetching lineups for 14109825: Failed to fetch /event/14109825/lineups: 404
  Processing Fixture 22028 (SS: 14065043, Status: scheduled)...
    Error fetching lineups for 14065043: Failed to fetch /event/14065043/lineups: 404
  Processing Fixture 5135 (SS: 14083591, Status: scheduled)...
    OK - committed availability for fixture 5135
  Processing Fixture 5533 (SS: 14083347, Status: scheduled)...
    Error fetching lineups for 14083347: Failed to fetch /event/14083347/lineups: 404
  Processing Fixture 5534 (SS: 14083356, Status: scheduled)...
    Error fetching lineups for 14083356: Failed to fetch /event/14083356/lineups: 404
  Processing Fixture 22439 (SS: 15362691, Status: scheduled)...
    Error fetching lineups for 15362691: Failed to fetch /event/15362691/lineups: 404
  Processing Fixture 22440 (SS: 15362692, Status: scheduled)...
    Error fetching lineups for 15362692: Failed to fetch /event/15362692/lineups: 404
  Processing Fixture 19058 (SS: 14053647, Status: scheduled)...
    Error fetching lineups for 14053647: Failed to fetch /event/14053647/lineups: 404
  Processing Fixture 20142 (SS: 14159170, Status: scheduled)...
    Error fetching lineups for 14159170: Failed to fetch /event/14159170/lineups: 404
  Processing Fixture 20287 (SS: 14065682, Status: scheduled)...
    Error fetching lineups for 14065682: Failed to fetch /event/14065682/lineups: 404
  Processing Fixture 20288 (SS: 14065680, Status: scheduled)...
    Error fetching lineups for 14065680: Failed to fetch /event/14065680/lineups: 404
  Processing Fixture 20289 (SS: 14065689, Status: scheduled)...
    Error fetching lineups for 14065689: Failed to fetch /event/14065689/lineups: 404
  Processing Fixture 20290 (SS: 14065683, Status: scheduled)...
    Error fetching lineups for 14065683: Failed to fetch /event/14065683/lineups: 404
  Processing Fixture 20291 (SS: 14065688, Status: scheduled)...
    Error fetching lineups for 14065688: Failed to fetch /event/14065688/lineups: 404
  Processing Fixture 20292 (SS: 14065685, Status: scheduled)...
    Error fetching lineups for 14065685: Failed to fetch /event/14065685/lineups: 404
  Processing Fixture 20805 (SS: 13984684, Status: scheduled)...
    Error fetching lineups for 13984684: Failed to fetch /event/13984684/lineups: 404
  Processing Fixture 20806 (SS: 13984688, Status: scheduled)...
    Error fetching lineups for 13984688: Failed to fetch /event/13984688/lineups: 404
  Processing Fixture 20807 (SS: 13984685, Status: scheduled)...
    Error fetching lineups for 13984685: Failed to fetch /event/13984685/lineups: 404
  Processing Fixture 20808 (SS: 13984687, Status: scheduled)...
    Error fetching lineups for 13984687: Failed to fetch /event/13984687/lineups: 404
  Processing Fixture 20809 (SS: 13984686, Status: scheduled)...
    Error fetching lineups for 13984686: Failed to fetch /event/13984686/lineups: 404
  Processing Fixture 20810 (SS: 13984683, Status: scheduled)...
    Error fetching lineups for 13984683: Failed to fetch /event/13984683/lineups: 404
  Processing Fixture 4900 (SS: 14317723, Status: scheduled)...
    Error fetching lineups for 14317723: Failed to fetch /event/14317723/lineups: 404
  Processing Fixture 5904 (SS: 14167883, Status: scheduled)...
    OK - committed availability for fixture 5904
  Processing Fixture 5905 (SS: 14167885, Status: scheduled)...
    OK - committed availability for fixture 5905
  Processing Fixture 5906 (SS: 14167887, Status: scheduled)...
    OK - committed availability for fixture 5906
  Processing Fixture 3852 (SS: 14062224, Status: scheduled)...
    OK - committed availability for fixture 3852
  Processing Fixture 19585 (SS: 14288808, Status: scheduled)...
    Error fetching lineups for 14288808: Failed to fetch /event/14288808/lineups: 404
  Processing Fixture 21697 (SS: 13981954, Status: scheduled)...
    Error fetching lineups for 13981954: Failed to fetch /event/13981954/lineups: 404
  Processing Fixture 4517 (SS: 13981690, Status: scheduled)...
    OK - committed availability for fixture 4517
  Processing Fixture 20143 (SS: 14159161, Status: scheduled)...
    Error fetching lineups for 14159161: Failed to fetch /event/14159161/lineups: 404
  Processing Fixture 606 (SS: 14023971, Status: scheduled)...
    OK - committed availability for fixture 606
  Processing Fixture 5136 (SS: 14081791, Status: scheduled)...
    OK - committed availability for fixture 5136
  Processing Fixture 5535 (SS: 14083336, Status: scheduled)...
    Error fetching lineups for 14083336: Failed to fetch /event/14083336/lineups: 404
  Processing Fixture 19347 (SS: 14032351, Status: scheduled)...
    Error fetching lineups for 14032351: Failed to fetch /event/14032351/lineups: 404
  Processing Fixture 22029 (SS: 14065034, Status: scheduled)...
    Error fetching lineups for 14065034: Failed to fetch /event/14065034/lineups: 404
Scheduled window [+0h, +72h], order=asc, skipped_on_404_cooldown=207
Found 9 fixtures to process.
  Processing Fixture 19348 (SS: 14032427, Status: scheduled)...
    Error fetching lineups for 14032427: Failed to fetch /event/14032427/lineups: 404
  Processing Fixture 3853 (SS: 14062229, Status: scheduled)...
    OK - committed availability for fixture 3853
  Processing Fixture 19059 (SS: 14053641, Status: scheduled)...
    Error fetching lineups for 14053641: Failed to fetch /event/14053641/lineups: 404
  Processing Fixture 19586 (SS: 14288812, Status: scheduled)...
    Error fetching lineups for 14288812: Failed to fetch /event/14288812/lineups: 404
  Processing Fixture 4518 (SS: 13981688, Status: scheduled)...
    OK - committed availability for fixture 4518
  Processing Fixture 5907 (SS: 14167894, Status: scheduled)...
    OK - committed availability for fixture 5907
  Processing Fixture 5137 (SS: 14081797, Status: scheduled)...
    OK - committed availability for fixture 5137
  Processing Fixture 5536 (SS: 14083344, Status: scheduled)...
    Error fetching lineups for 14083344: Failed to fetch /event/14083344/lineups: 404
  Processing Fixture 19587 (SS: 14288807, Status: scheduled)...
    Error fetching lineups for 14288807: Failed to fetch /event/14288807/lineups: 404
Scheduled window [+0h, +72h], order=asc, skipped_on_404_cooldown=212
No fixtures found needing availability (Status: scheduled).
Scheduled window [+0h, +72h], order=asc, skipped_on_404_cooldown=212
No fixtures found needing availability (Status: scheduled).
Scheduled window [+0h, +72h], order=asc, skipped_on_404_cooldown=212
No fixtures found needing availability (Status: scheduled).
Scheduled window [+0h, +72h], order=asc, skipped_on_404_cooldown=212
No fixtures found needing availability (Status: scheduled).
Scheduled window [+0h, +72h], order=asc, skipped_on_404_cooldown=209
No fixtures found needing availability (Status: scheduled).
Scheduled window [+0h, +72h], order=asc, skipped_on_404_cooldown=5
Found 204 fixtures to process.
  Processing Fixture 22023 (SS: 14065041, Status: scheduled)...
    Error fetching lineups for 14065041: Failed to fetch /event/14065041/lineups: 404
  Processing Fixture 22183 (SS: 14038603, Status: scheduled)...
    Error fetching lineups for 14038603: Failed to fetch /event/14038603/lineups: 404
  Processing Fixture 19886 (SS: 14109824, Status: scheduled)...
    Error fetching lineups for 14109824: Failed to fetch /event/14109824/lineups: 404
  Processing Fixture 19887 (SS: 14109821, Status: scheduled)...
    Error fetching lineups for 14109821: Failed to fetch /event/14109821/lineups: 404
  Processing Fixture 21690 (SS: 13981948, Status: scheduled)...
    Error fetching lineups for 13981948: Failed to fetch /event/13981948/lineups: 404
  Processing Fixture 22024 (SS: 14065038, Status: scheduled)...
    Error fetching lineups for 14065038: Failed to fetch /event/14065038/lineups: 404
  Processing Fixture 4152 (SS: 14065457, Status: scheduled)...
    Error fetching lineups for 14065457: Failed to fetch /event/14065457/lineups: 404
  Processing Fixture 4153 (SS: 14065465, Status: scheduled)...
    Error fetching lineups for 14065465: Failed to fetch /event/14065465/lineups: 404
  Processing Fixture 4891 (SS: 14317724, Status: scheduled)...
    Error fetching lineups for 14317724: Failed to fetch /event/14317724/lineups: 404
  Processing Fixture 22592 (SS: 15204315, Status: scheduled)...
    Error fetching lineups for 15204315: Failed to fetch /event/15204315/lineups: 404
  Processing Fixture 12129 (SS: 14383027, Status: scheduled)...
    Error fetching lineups for 14383027: Failed to fetch /event/14383027/lineups: 404
  Processing Fixture 12130 (SS: 14064848, Status: scheduled)...
    Error fetching lineups for 14064848: Failed to fetch /event/14064848/lineups: 404
  Processing Fixture 12131 (SS: 14064844, Status: scheduled)...
    Error fetching lineups for 14064844: Failed to fetch /event/14064844/lineups: 404
  Processing Fixture 12132 (SS: 14064843, Status: scheduled)...
    Error fetching lineups for 14064843: Failed to fetch /event/14064843/lineups: 404
  Processing Fixture 12133 (SS: 14064840, Status: scheduled)...
    Error fetching lineups for 14064840: Failed to fetch /event/14064840/lineups: 404
  Processing Fixture 19051 (SS: 14053656, Status: scheduled)...
    Error fetching lineups for 14053656: Failed to fetch /event/14053656/lineups: 404
  Processing Fixture 22593 (SS: 15204327, Status: scheduled)...
    Error fetching lineups for 15204327: Failed to fetch /event/15204327/lineups: 404
  Processing Fixture 5527 (SS: 14083812, Status: scheduled)...
    Error fetching lineups for 14083812: Failed to fetch /event/14083812/lineups: 404
  Processing Fixture 21691 (SS: 13981943, Status: scheduled)...
    Error fetching lineups for 13981943: Failed to fetch /event/13981943/lineups: 404
  Processing Fixture 19341 (SS: 14032353, Status: scheduled)...
    Error fetching lineups for 14032353: Failed to fetch /event/14032353/lineups: 404
  Processing Fixture 19580 (SS: 14288806, Status: scheduled)...
    Error fetching lineups for 14288806: Failed to fetch /event/14288806/lineups: 404
  Processing Fixture 4892 (SS: 14317735, Status: scheduled)...
    Error fetching lineups for 14317735: Failed to fetch /event/14317735/lineups: 404
  Processing Fixture 21024 (SS: 15345891, Status: scheduled)...
    Error fetching lineups for 15345891: Failed to fetch /event/15345891/lineups: 404
  Processing Fixture 2202 (SS: 14060790, Status: scheduled)...
    Error fetching lineups for 14060790: Failed to fetch /event/14060790/lineups: 404
  Processing Fixture 20824 (SS: 15238024, Status: scheduled)...
    Error fetching lineups for 15238024: Failed to fetch /event/15238024/lineups: 404
  Processing Fixture 20825 (SS: 15238026, Status: scheduled)...
    Error fetching lineups for 15238026: Failed to fetch /event/15238026/lineups: 404
  Processing Fixture 20826 (SS: 15238025, Status: scheduled)...
    Error fetching lineups for 15238025: Failed to fetch /event/15238025/lineups: 404
  Processing Fixture 20827 (SS: 15238023, Status: scheduled)...
    Error fetching lineups for 15238023: Failed to fetch /event/15238023/lineups: 404
  Processing Fixture 1112 (SS: 14059868, Status: scheduled)...
    Error fetching lineups for 14059868: Failed to fetch /event/14059868/lineups: 404
  Processing Fixture 20828 (SS: 15238022, Status: scheduled)...
    Error fetching lineups for 15238022: Failed to fetch /event/15238022/lineups: 404
  Processing Fixture 21025 (SS: 15345896, Status: scheduled)...
    Error fetching lineups for 15345896: Failed to fetch /event/15345896/lineups: 404
  Processing Fixture 19581 (SS: 14288804, Status: scheduled)...
    Error fetching lineups for 14288804: Failed to fetch /event/14288804/lineups: 404
  Processing Fixture 21026 (SS: 15345894, Status: scheduled)...
    Error fetching lineups for 15345894: Failed to fetch /event/15345894/lineups: 404
  Processing Fixture 21027 (SS: 15342017, Status: scheduled)...
    Error fetching lineups for 15342017: Failed to fetch /event/15342017/lineups: 404
  Processing Fixture 21028 (SS: 15342016, Status: scheduled)...
    Error fetching lineups for 15342016: Failed to fetch /event/15342016/lineups: 404
  Processing Fixture 22184 (SS: 14167189, Status: scheduled)...
    Error fetching lineups for 14167189: Failed to fetch /event/14167189/lineups: 404
  Processing Fixture 21404 (SS: 15238956, Status: scheduled)...
    Error fetching lineups for 15238956: Failed to fetch /event/15238956/lineups: 404
  Processing Fixture 21405 (SS: 15238957, Status: scheduled)...
    Error fetching lineups for 15238957: Failed to fetch /event/15238957/lineups: 404
  Processing Fixture 19888 (SS: 14109827, Status: scheduled)...
    Error fetching lineups for 14109827: Failed to fetch /event/14109827/lineups: 404
  Processing Fixture 22185 (SS: 14038606, Status: scheduled)...
    Error fetching lineups for 14038606: Failed to fetch /event/14038606/lineups: 404
  Processing Fixture 21406 (SS: 15238959, Status: scheduled)...
    Error fetching lineups for 15238959: Failed to fetch /event/15238959/lineups: 404
  Processing Fixture 21407 (SS: 15238958, Status: scheduled)...
    Error fetching lineups for 15238958: Failed to fetch /event/15238958/lineups: 404
  Processing Fixture 19889 (SS: 14109822, Status: scheduled)...
    Error fetching lineups for 14109822: Failed to fetch /event/14109822/lineups: 404
  Processing Fixture 4154 (SS: 14065458, Status: scheduled)...
    Error fetching lineups for 14065458: Failed to fetch /event/14065458/lineups: 404
  Processing Fixture 4155 (SS: 14065455, Status: scheduled)...
    Error fetching lineups for 14065455: Failed to fetch /event/14065455/lineups: 404
  Processing Fixture 4156 (SS: 14065463, Status: scheduled)...
    Error fetching lineups for 14065463: Failed to fetch /event/14065463/lineups: 404
  Processing Fixture 22025 (SS: 14065045, Status: scheduled)...
    Error fetching lineups for 14065045: Failed to fetch /event/14065045/lineups: 404
  Processing Fixture 22186 (SS: 14038610, Status: scheduled)...
    Error fetching lineups for 14038610: Failed to fetch /event/14038610/lineups: 404
  Processing Fixture 12134 (SS: 14064839, Status: scheduled)...
    Error fetching lineups for 14064839: Failed to fetch /event/14064839/lineups: 404
  Processing Fixture 12135 (SS: 14064847, Status: scheduled)...
    Error fetching lineups for 14064847: Failed to fetch /event/14064847/lineups: 404
  Processing Fixture 1113 (SS: 14059871, Status: scheduled)...
    Error fetching lineups for 14059871: Failed to fetch /event/14059871/lineups: 404
  Processing Fixture 1114 (SS: 14059872, Status: scheduled)...
    Error fetching lineups for 14059872: Failed to fetch /event/14059872/lineups: 404
  Processing Fixture 1115 (SS: 14059874, Status: scheduled)...
    Error fetching lineups for 14059874: Failed to fetch /event/14059874/lineups: 404
  Processing Fixture 1649 (SS: 14061241, Status: scheduled)...
    Error fetching lineups for 14061241: Failed to fetch /event/14061241/lineups: 404
  Processing Fixture 1650 (SS: 14061278, Status: scheduled)...
    Error fetching lineups for 14061278: Failed to fetch /event/14061278/lineups: 404
  Processing Fixture 2203 (SS: 14060771, Status: scheduled)...
    Error fetching lineups for 14060771: Failed to fetch /event/14060771/lineups: 404
  Processing Fixture 2204 (SS: 14060805, Status: scheduled)...
    Error fetching lineups for 14060805: Failed to fetch /event/14060805/lineups: 404
  Processing Fixture 2205 (SS: 14060810, Status: scheduled)...
    Error fetching lineups for 14060810: Failed to fetch /event/14060810/lineups: 404
  Processing Fixture 21692 (SS: 13981947, Status: scheduled)...
    Error fetching lineups for 13981947: Failed to fetch /event/13981947/lineups: 404
  Processing Fixture 4893 (SS: 14317729, Status: scheduled)...
    Error fetching lineups for 14317729: Failed to fetch /event/14317729/lineups: 404
  Processing Fixture 4894 (SS: 14317726, Status: scheduled)...
    Error fetching lineups for 14317726: Failed to fetch /event/14317726/lineups: 404
  Processing Fixture 4895 (SS: 14317725, Status: scheduled)...
    Error fetching lineups for 14317725: Failed to fetch /event/14317725/lineups: 404
  Processing Fixture 20137 (SS: 14159160, Status: scheduled)...
    Error fetching lineups for 14159160: Failed to fetch /event/14159160/lineups: 404
  Processing Fixture 22187 (SS: 14038607, Status: scheduled)...
    Error fetching lineups for 14038607: Failed to fetch /event/14038607/lineups: 404
  Processing Fixture 19342 (SS: 14032354, Status: scheduled)...
    Error fetching lineups for 14032354: Failed to fetch /event/14032354/lineups: 404
  Processing Fixture 19890 (SS: 14109823, Status: scheduled)...
    Error fetching lineups for 14109823: Failed to fetch /event/14109823/lineups: 404
  Processing Fixture 19891 (SS: 14109820, Status: scheduled)...
    Error fetching lineups for 14109820: Failed to fetch /event/14109820/lineups: 404
  Processing Fixture 5528 (SS: 14083340, Status: scheduled)...
    Error fetching lineups for 14083340: Failed to fetch /event/14083340/lineups: 404
  Processing Fixture 19052 (SS: 14053659, Status: scheduled)...
    Error fetching lineups for 14053659: Failed to fetch /event/14053659/lineups: 404
  Processing Fixture 1116 (SS: 14059869, Status: scheduled)...
    Error fetching lineups for 14059869: Failed to fetch /event/14059869/lineups: 404
  Processing Fixture 1117 (SS: 14059876, Status: scheduled)...
    Error fetching lineups for 14059876: Failed to fetch /event/14059876/lineups: 404
  Processing Fixture 1118 (SS: 14059870, Status: scheduled)...
    Error fetching lineups for 14059870: Failed to fetch /event/14059870/lineups: 404
  Processing Fixture 1119 (SS: 14059873, Status: scheduled)...
    Error fetching lineups for 14059873: Failed to fetch /event/14059873/lineups: 404
  Processing Fixture 1120 (SS: 14059877, Status: scheduled)...
    Error fetching lineups for 14059877: Failed to fetch /event/14059877/lineups: 404
  Processing Fixture 1121 (SS: 14059867, Status: scheduled)...
    Error fetching lineups for 14059867: Failed to fetch /event/14059867/lineups: 404
  Processing Fixture 1122 (SS: 14059875, Status: scheduled)...
    Error fetching lineups for 14059875: Failed to fetch /event/14059875/lineups: 404
  Processing Fixture 1651 (SS: 14061322, Status: scheduled)...
    Error fetching lineups for 14061322: Failed to fetch /event/14061322/lineups: 404
  Processing Fixture 1652 (SS: 14061290, Status: scheduled)...
    Error fetching lineups for 14061290: Failed to fetch /event/14061290/lineups: 404
  Processing Fixture 1653 (SS: 14061316, Status: scheduled)...
    Error fetching lineups for 14061316: Failed to fetch /event/14061316/lineups: 404
  Processing Fixture 1654 (SS: 14061253, Status: scheduled)...
    Error fetching lineups for 14061253: Failed to fetch /event/14061253/lineups: 404
  Processing Fixture 1655 (SS: 14061303, Status: scheduled)...
    Error fetching lineups for 14061303: Failed to fetch /event/14061303/lineups: 404
  Processing Fixture 1656 (SS: 14061265, Status: scheduled)...
    Error fetching lineups for 14061265: Failed to fetch /event/14061265/lineups: 404
  Processing Fixture 1657 (SS: 14061216, Status: scheduled)...
    Error fetching lineups for 14061216: Failed to fetch /event/14061216/lineups: 404
  Processing Fixture 1658 (SS: 14061328, Status: scheduled)...
    Error fetching lineups for 14061328: Failed to fetch /event/14061328/lineups: 404
  Processing Fixture 1659 (SS: 14061229, Status: scheduled)...
    Error fetching lineups for 14061229: Failed to fetch /event/14061229/lineups: 404
  Processing Fixture 1660 (SS: 14061334, Status: scheduled)...
    Error fetching lineups for 14061334: Failed to fetch /event/14061334/lineups: 404
  Processing Fixture 2206 (SS: 14060800, Status: scheduled)...
    Error fetching lineups for 14060800: Failed to fetch /event/14060800/lineups: 404
  Processing Fixture 2207 (SS: 14060786, Status: scheduled)...
    Error fetching lineups for 14060786: Failed to fetch /event/14060786/lineups: 404
  Processing Fixture 2208 (SS: 14060796, Status: scheduled)...
    Error fetching lineups for 14060796: Failed to fetch /event/14060796/lineups: 404
  Processing Fixture 2209 (SS: 14060766, Status: scheduled)...
    Error fetching lineups for 14060766: Failed to fetch /event/14060766/lineups: 404
  Processing Fixture 2210 (SS: 14060781, Status: scheduled)...
    Error fetching lineups for 14060781: Failed to fetch /event/14060781/lineups: 404
  Processing Fixture 2211 (SS: 14060761, Status: scheduled)...
    Error fetching lineups for 14060761: Failed to fetch /event/14060761/lineups: 404
  Processing Fixture 2212 (SS: 14060776, Status: scheduled)...
    Error fetching lineups for 14060776: Failed to fetch /event/14060776/lineups: 404
  Processing Fixture 2213 (SS: 14060757, Status: scheduled)...
    Error fetching lineups for 14060757: Failed to fetch /event/14060757/lineups: 404
  Processing Fixture 2759 (SS: 14391490, Status: scheduled)...
    Error fetching lineups for 14391490: Failed to fetch /event/14391490/lineups: 404
  Processing Fixture 2760 (SS: 14391500, Status: scheduled)...
    Error fetching lineups for 14391500: Failed to fetch /event/14391500/lineups: 404
  Processing Fixture 2761 (SS: 14391497, Status: scheduled)...
    Error fetching lineups for 14391497: Failed to fetch /event/14391497/lineups: 404
  Processing Fixture 2762 (SS: 14391499, Status: scheduled)...
    Error fetching lineups for 14391499: Failed to fetch /event/14391499/lineups: 404
  Processing Fixture 2763 (SS: 14391493, Status: scheduled)...
    Error fetching lineups for 14391493: Failed to fetch /event/14391493/lineups: 404
  Processing Fixture 2764 (SS: 14391495, Status: scheduled)...
    Error fetching lineups for 14391495: Failed to fetch /event/14391495/lineups: 404
  Processing Fixture 2765 (SS: 14391494, Status: scheduled)...
    Error fetching lineups for 14391494: Failed to fetch /event/14391494/lineups: 404
  Processing Fixture 2766 (SS: 14391492, Status: scheduled)...
    Error fetching lineups for 14391492: Failed to fetch /event/14391492/lineups: 404
  Processing Fixture 3071 (SS: 14035286, Status: scheduled)...
    Error fetching lineups for 14035286: Failed to fetch /event/14035286/lineups: 404
  Processing Fixture 3072 (SS: 14035288, Status: scheduled)...
    Error fetching lineups for 14035288: Failed to fetch /event/14035288/lineups: 404
  Processing Fixture 3073 (SS: 14035287, Status: scheduled)...
    Error fetching lineups for 14035287: Failed to fetch /event/14035287/lineups: 404
  Processing Fixture 3074 (SS: 14035290, Status: scheduled)...
    Error fetching lineups for 14035290: Failed to fetch /event/14035290/lineups: 404
  Processing Fixture 3075 (SS: 14035289, Status: scheduled)...
    Error fetching lineups for 14035289: Failed to fetch /event/14035289/lineups: 404
  Processing Fixture 3230 (SS: 14035446, Status: scheduled)...
    Error fetching lineups for 14035446: Failed to fetch /event/14035446/lineups: 404
  Processing Fixture 3231 (SS: 14035451, Status: scheduled)...
    Error fetching lineups for 14035451: Failed to fetch /event/14035451/lineups: 404
  Processing Fixture 3232 (SS: 14035448, Status: scheduled)...
    Error fetching lineups for 14035448: Failed to fetch /event/14035448/lineups: 404
  Processing Fixture 3233 (SS: 14035449, Status: scheduled)...
    Error fetching lineups for 14035449: Failed to fetch /event/14035449/lineups: 404
  Processing Fixture 3234 (SS: 14035450, Status: scheduled)...
    Error fetching lineups for 14035450: Failed to fetch /event/14035450/lineups: 404
  Processing Fixture 3409 (SS: 14035613, Status: scheduled)...
    Error fetching lineups for 14035613: Failed to fetch /event/14035613/lineups: 404
  Processing Fixture 3410 (SS: 14035615, Status: scheduled)...
    Error fetching lineups for 14035615: Failed to fetch /event/14035615/lineups: 404
  Processing Fixture 3411 (SS: 14035612, Status: scheduled)...
    Error fetching lineups for 14035612: Failed to fetch /event/14035612/lineups: 404
  Processing Fixture 3412 (SS: 14035616, Status: scheduled)...
    Error fetching lineups for 14035616: Failed to fetch /event/14035616/lineups: 404
  Processing Fixture 3413 (SS: 14035614, Status: scheduled)...
    Error fetching lineups for 14035614: Failed to fetch /event/14035614/lineups: 404
  Processing Fixture 3587 (SS: 14035793, Status: scheduled)...
    Error fetching lineups for 14035793: Failed to fetch /event/14035793/lineups: 404
  Processing Fixture 3588 (SS: 14035795, Status: scheduled)...
    Error fetching lineups for 14035795: Failed to fetch /event/14035795/lineups: 404
  Processing Fixture 3589 (SS: 14035796, Status: scheduled)...
    Error fetching lineups for 14035796: Failed to fetch /event/14035796/lineups: 404
  Processing Fixture 3590 (SS: 14035794, Status: scheduled)...
    Error fetching lineups for 14035794: Failed to fetch /event/14035794/lineups: 404
  Processing Fixture 3591 (SS: 14035791, Status: scheduled)...
    Error fetching lineups for 14035791: Failed to fetch /event/14035791/lineups: 404
  Processing Fixture 4896 (SS: 14317730, Status: scheduled)...
    Error fetching lineups for 14317730: Failed to fetch /event/14317730/lineups: 404
  Processing Fixture 19582 (SS: 14288811, Status: scheduled)...
    Error fetching lineups for 14288811: Failed to fetch /event/14288811/lineups: 404
  Processing Fixture 20138 (SS: 14159154, Status: scheduled)...
    Error fetching lineups for 14159154: Failed to fetch /event/14159154/lineups: 404
  Processing Fixture 21693 (SS: 13981946, Status: scheduled)...
    Error fetching lineups for 13981946: Failed to fetch /event/13981946/lineups: 404
  Processing Fixture 20139 (SS: 14159158, Status: scheduled)...
    Error fetching lineups for 14159158: Failed to fetch /event/14159158/lineups: 404
  Processing Fixture 22026 (SS: 14065042, Status: scheduled)...
    Error fetching lineups for 14065042: Failed to fetch /event/14065042/lineups: 404
  Processing Fixture 22435 (SS: 15362679, Status: scheduled)...
    Error fetching lineups for 15362679: Failed to fetch /event/15362679/lineups: 404
  Processing Fixture 22436 (SS: 15362684, Status: scheduled)...
    Error fetching lineups for 15362684: Failed to fetch /event/15362684/lineups: 404
  Processing Fixture 22594 (SS: 15204332, Status: scheduled)...
    Error fetching lineups for 15204332: Failed to fetch /event/15204332/lineups: 404
  Processing Fixture 19343 (SS: 14032350, Status: scheduled)...
    Error fetching lineups for 14032350: Failed to fetch /event/14032350/lineups: 404
  Processing Fixture 5529 (SS: 14083814, Status: scheduled)...
    Error fetching lineups for 14083814: Failed to fetch /event/14083814/lineups: 404
  Processing Fixture 5530 (SS: 14083353, Status: scheduled)...
    Error fetching lineups for 14083353: Failed to fetch /event/14083353/lineups: 404
  Processing Fixture 19053 (SS: 14053644, Status: scheduled)...
    Error fetching lineups for 14053644: Failed to fetch /event/14053644/lineups: 404
  Processing Fixture 2767 (SS: 14391496, Status: scheduled)...
    Error fetching lineups for 14391496: Failed to fetch /event/14391496/lineups: 404
  Processing Fixture 4897 (SS: 14317559, Status: scheduled)...
    Error fetching lineups for 14317559: Failed to fetch /event/14317559/lineups: 404
  Processing Fixture 12136 (SS: 14064850, Status: scheduled)...
    Error fetching lineups for 14064850: Failed to fetch /event/14064850/lineups: 404
  Processing Fixture 19583 (SS: 14288809, Status: scheduled)...
    Error fetching lineups for 14288809: Failed to fetch /event/14288809/lineups: 404
  Processing Fixture 21694 (SS: 13981949, Status: scheduled)...
    Error fetching lineups for 13981949: Failed to fetch /event/13981949/lineups: 404
  Processing Fixture 4157 (SS: 14065462, Status: scheduled)...
    Error fetching lineups for 14065462: Failed to fetch /event/14065462/lineups: 404
  Processing Fixture 22437 (SS: 15362683, Status: scheduled)...
    Error fetching lineups for 15362683: Failed to fetch /event/15362683/lineups: 404
  Processing Fixture 19344 (SS: 14032425, Status: scheduled)...
    Error fetching lineups for 14032425: Failed to fetch /event/14032425/lineups: 404
  Processing Fixture 5531 (SS: 14083813, Status: scheduled)...
    Error fetching lineups for 14083813: Failed to fetch /event/14083813/lineups: 404
  Processing Fixture 19054 (SS: 14053653, Status: scheduled)...
    Error fetching lineups for 14053653: Failed to fetch /event/14053653/lineups: 404
  Processing Fixture 21029 (SS: 15342032, Status: scheduled)...
    Error fetching lineups for 15342032: Failed to fetch /event/15342032/lineups: 404
  Processing Fixture 19584 (SS: 14288805, Status: scheduled)...
    Error fetching lineups for 14288805: Failed to fetch /event/14288805/lineups: 404
  Processing Fixture 21030 (SS: 15345892, Status: scheduled)...
    Error fetching lineups for 15345892: Failed to fetch /event/15345892/lineups: 404
  Processing Fixture 21408 (SS: 15238960, Status: scheduled)...
    Error fetching lineups for 15238960: Failed to fetch /event/15238960/lineups: 404
  Processing Fixture 21409 (SS: 15238961, Status: scheduled)...
    Error fetching lineups for 15238961: Failed to fetch /event/15238961/lineups: 404
  Processing Fixture 21410 (SS: 15238962, Status: scheduled)...
    Error fetching lineups for 15238962: Failed to fetch /event/15238962/lineups: 404
  Processing Fixture 21411 (SS: 15238963, Status: scheduled)...
    Error fetching lineups for 15238963: Failed to fetch /event/15238963/lineups: 404
  Processing Fixture 22188 (SS: 14038608, Status: scheduled)...
    Error fetching lineups for 14038608: Failed to fetch /event/14038608/lineups: 404
  Processing Fixture 21412 (SS: 15238964, Status: scheduled)...
    Error fetching lineups for 15238964: Failed to fetch /event/15238964/lineups: 404
  Processing Fixture 19892 (SS: 14109828, Status: scheduled)...
    Error fetching lineups for 14109828: Failed to fetch /event/14109828/lineups: 404
  Processing Fixture 19055 (SS: 14053650, Status: scheduled)...
    Error fetching lineups for 14053650: Failed to fetch /event/14053650/lineups: 404
  Processing Fixture 21695 (SS: 13981945, Status: scheduled)...
    Error fetching lineups for 13981945: Failed to fetch /event/13981945/lineups: 404
  Processing Fixture 22189 (SS: 14038612, Status: scheduled)...
    Error fetching lineups for 14038612: Failed to fetch /event/14038612/lineups: 404
  Processing Fixture 4158 (SS: 14065461, Status: scheduled)...
    Error fetching lineups for 14065461: Failed to fetch /event/14065461/lineups: 404
  Processing Fixture 4159 (SS: 14065460, Status: scheduled)...
    Error fetching lineups for 14065460: Failed to fetch /event/14065460/lineups: 404
  Processing Fixture 4160 (SS: 14065459, Status: scheduled)...
    Error fetching lineups for 14065459: Failed to fetch /event/14065459/lineups: 404
  Processing Fixture 19345 (SS: 14032349, Status: scheduled)...
    Error fetching lineups for 14032349: Failed to fetch /event/14032349/lineups: 404
  Processing Fixture 22027 (SS: 14065039, Status: scheduled)...
    Error fetching lineups for 14065039: Failed to fetch /event/14065039/lineups: 404
  Processing Fixture 5532 (SS: 14083349, Status: scheduled)...
    Error fetching lineups for 14083349: Failed to fetch /event/14083349/lineups: 404
  Processing Fixture 20140 (SS: 14159163, Status: scheduled)...
    Error fetching lineups for 14159163: Failed to fetch /event/14159163/lineups: 404
  Processing Fixture 22438 (SS: 15362686, Status: scheduled)...
    Error fetching lineups for 15362686: Failed to fetch /event/15362686/lineups: 404
  Processing Fixture 22595 (SS: 15204333, Status: scheduled)...
    Error fetching lineups for 15204333: Failed to fetch /event/15204333/lineups: 404
  Processing Fixture 22596 (SS: 15204334, Status: scheduled)...
    Error fetching lineups for 15204334: Failed to fetch /event/15204334/lineups: 404
  Processing Fixture 19056 (SS: 14053663, Status: scheduled)...
    Error fetching lineups for 14053663: Failed to fetch /event/14053663/lineups: 404
  Processing Fixture 19057 (SS: 14053666, Status: scheduled)...
    Error fetching lineups for 14053666: Failed to fetch /event/14053666/lineups: 404
  Processing Fixture 21696 (SS: 13981955, Status: scheduled)...
    Error fetching lineups for 13981955: Failed to fetch /event/13981955/lineups: 404
  Processing Fixture 4898 (SS: 14317568, Status: scheduled)...
    Error fetching lineups for 14317568: Failed to fetch /event/14317568/lineups: 404
  Processing Fixture 4899 (SS: 14317732, Status: scheduled)...
    Error fetching lineups for 14317732: Failed to fetch /event/14317732/lineups: 404
  Processing Fixture 22190 (SS: 14038604, Status: scheduled)...
    Error fetching lineups for 14038604: Failed to fetch /event/14038604/lineups: 404
  Processing Fixture 20141 (SS: 14159159, Status: scheduled)...
    Error fetching lineups for 14159159: Failed to fetch /event/14159159/lineups: 404
  Processing Fixture 19346 (SS: 14032358, Status: scheduled)...
    Error fetching lineups for 14032358: Failed to fetch /event/14032358/lineups: 404
  Processing Fixture 19893 (SS: 14109826, Status: scheduled)...
    Error fetching lineups for 14109826: Failed to fetch /event/14109826/lineups: 404
  Processing Fixture 19894 (SS: 14109825, Status: scheduled)...
    Error fetching lineups for 14109825: Failed to fetch /event/14109825/lineups: 404
  Processing Fixture 22028 (SS: 14065043, Status: scheduled)...
    Error fetching lineups for 14065043: Failed to fetch /event/14065043/lineups: 404
  Processing Fixture 5533 (SS: 14083347, Status: scheduled)...
    Error fetching lineups for 14083347: Failed to fetch /event/14083347/lineups: 404
  Processing Fixture 5534 (SS: 14083356, Status: scheduled)...
    Error fetching lineups for 14083356: Failed to fetch /event/14083356/lineups: 404
  Processing Fixture 22439 (SS: 15362691, Status: scheduled)...
    Error fetching lineups for 15362691: Failed to fetch /event/15362691/lineups: 404
  Processing Fixture 22440 (SS: 15362692, Status: scheduled)...
    Error fetching lineups for 15362692: Failed to fetch /event/15362692/lineups: 404
  Processing Fixture 19058 (SS: 14053647, Status: scheduled)...
    Error fetching lineups for 14053647: Failed to fetch /event/14053647/lineups: 404
  Processing Fixture 20142 (SS: 14159170, Status: scheduled)...
    Error fetching lineups for 14159170: Failed to fetch /event/14159170/lineups: 404
  Processing Fixture 20287 (SS: 14065682, Status: scheduled)...
    Error fetching lineups for 14065682: Failed to fetch /event/14065682/lineups: 404
  Processing Fixture 20288 (SS: 14065680, Status: scheduled)...
    Error fetching lineups for 14065680: Failed to fetch /event/14065680/lineups: 404
  Processing Fixture 20289 (SS: 14065689, Status: scheduled)...
    Error fetching lineups for 14065689: Failed to fetch /event/14065689/lineups: 404
  Processing Fixture 20290 (SS: 14065683, Status: scheduled)...
    Error fetching lineups for 14065683: Failed to fetch /event/14065683/lineups: 404
  Processing Fixture 20291 (SS: 14065688, Status: scheduled)...
    Error fetching lineups for 14065688: Failed to fetch /event/14065688/lineups: 404
  Processing Fixture 20292 (SS: 14065685, Status: scheduled)...
    Error fetching lineups for 14065685: Failed to fetch /event/14065685/lineups: 404
  Processing Fixture 20805 (SS: 13984684, Status: scheduled)...
    Error fetching lineups for 13984684: Failed to fetch /event/13984684/lineups: 404
  Processing Fixture 20806 (SS: 13984688, Status: scheduled)...
    Error fetching lineups for 13984688: Failed to fetch /event/13984688/lineups: 404
  Processing Fixture 20807 (SS: 13984685, Status: scheduled)...
    Error fetching lineups for 13984685: Failed to fetch /event/13984685/lineups: 404
  Processing Fixture 20808 (SS: 13984687, Status: scheduled)...
    Error fetching lineups for 13984687: Failed to fetch /event/13984687/lineups: 404
  Processing Fixture 20809 (SS: 13984686, Status: scheduled)...
    Error fetching lineups for 13984686: Failed to fetch /event/13984686/lineups: 404
  Processing Fixture 20810 (SS: 13984683, Status: scheduled)...
    Error fetching lineups for 13984683: Failed to fetch /event/13984683/lineups: 404
  Processing Fixture 4900 (SS: 14317723, Status: scheduled)...
    Error fetching lineups for 14317723: Failed to fetch /event/14317723/lineups: 404
  Processing Fixture 19585 (SS: 14288808, Status: scheduled)...
    Error fetching lineups for 14288808: Failed to fetch /event/14288808/lineups: 404
  Processing Fixture 21697 (SS: 13981954, Status: scheduled)...
    Error fetching lineups for 13981954: Failed to fetch /event/13981954/lineups: 404
  Processing Fixture 20143 (SS: 14159161, Status: scheduled)...
    Error fetching lineups for 14159161: Failed to fetch /event/14159161/lineups: 404
  Processing Fixture 5535 (SS: 14083336, Status: scheduled)...
    Error fetching lineups for 14083336: Failed to fetch /event/14083336/lineups: 404
  Processing Fixture 19347 (SS: 14032351, Status: scheduled)...
    Error fetching lineups for 14032351: Failed to fetch /event/14032351/lineups: 404
  Processing Fixture 22029 (SS: 14065034, Status: scheduled)...
    Error fetching lineups for 14065034: Failed to fetch /event/14065034/lineups: 404
Scheduled window [+0h, +72h], order=asc, skipped_on_404_cooldown=204
Found 5 fixtures to process.
  Processing Fixture 19348 (SS: 14032427, Status: scheduled)...
    Error fetching lineups for 14032427: Failed to fetch /event/14032427/lineups: 404
  Processing Fixture 19059 (SS: 14053641, Status: scheduled)...
    Error fetching lineups for 14053641: Failed to fetch /event/14053641/lineups: 404
  Processing Fixture 19586 (SS: 14288812, Status: scheduled)...
    Error fetching lineups for 14288812: Failed to fetch /event/14288812/lineups: 404
  Processing Fixture 5536 (SS: 14083344, Status: scheduled)...
    Error fetching lineups for 14083344: Failed to fetch /event/14083344/lineups: 404
  Processing Fixture 19587 (SS: 14288807, Status: scheduled)...
    Error fetching lineups for 14288807: Failed to fetch /event/14288807/lineups: 404
Scheduled window [+0h, +72h], order=asc, skipped_on_404_cooldown=209
No fixtures found needing availability (Status: scheduled).
Scheduled window [+0h, +72h], order=asc, skipped_on_404_cooldown=209
No fixtures found needing availability (Status: scheduled).
Scheduled window [+0h, +72h], order=asc, skipped_on_404_cooldown=209
No fixtures found needing availability (Status: scheduled).
Scheduled window [+0h, +72h], order=asc, skipped_on_404_cooldown=0
Found 209 fixtures to process.
  Processing Fixture 22023 (SS: 14065041, Status: scheduled)...
    Error fetching lineups for 14065041: Failed to fetch /event/14065041/lineups: 404
  Processing Fixture 22183 (SS: 14038603, Status: scheduled)...
    Error fetching lineups for 14038603: Failed to fetch /event/14038603/lineups: 404
  Processing Fixture 19886 (SS: 14109824, Status: scheduled)...
    Error fetching lineups for 14109824: Failed to fetch /event/14109824/lineups: 404
  Processing Fixture 19887 (SS: 14109821, Status: scheduled)...
    Error fetching lineups for 14109821: Failed to fetch /event/14109821/lineups: 404
  Processing Fixture 21690 (SS: 13981948, Status: scheduled)...
    Error fetching lineups for 13981948: Failed to fetch /event/13981948/lineups: 404
  Processing Fixture 22024 (SS: 14065038, Status: scheduled)...
    Error fetching lineups for 14065038: Failed to fetch /event/14065038/lineups: 404
  Processing Fixture 4152 (SS: 14065457, Status: scheduled)...
    Error fetching lineups for 14065457: Failed to fetch /event/14065457/lineups: 404
  Processing Fixture 4153 (SS: 14065465, Status: scheduled)...
    Error fetching lineups for 14065465: Failed to fetch /event/14065465/lineups: 404
  Processing Fixture 4891 (SS: 14317724, Status: scheduled)...
    Error fetching lineups for 14317724: Failed to fetch /event/14317724/lineups: 404
  Processing Fixture 22592 (SS: 15204315, Status: scheduled)...
    Error fetching lineups for 15204315: Failed to fetch /event/15204315/lineups: 404
  Processing Fixture 12129 (SS: 14383027, Status: scheduled)...
    Error fetching lineups for 14383027: Failed to fetch /event/14383027/lineups: 404
  Processing Fixture 12130 (SS: 14064848, Status: scheduled)...
    Error fetching lineups for 14064848: Failed to fetch /event/14064848/lineups: 404
  Processing Fixture 12131 (SS: 14064844, Status: scheduled)...
    Error fetching lineups for 14064844: Failed to fetch /event/14064844/lineups: 404
  Processing Fixture 12132 (SS: 14064843, Status: scheduled)...
    Error fetching lineups for 14064843: Failed to fetch /event/14064843/lineups: 404
  Processing Fixture 12133 (SS: 14064840, Status: scheduled)...
    Error fetching lineups for 14064840: Failed to fetch /event/14064840/lineups: 404
  Processing Fixture 19051 (SS: 14053656, Status: scheduled)...
    Error fetching lineups for 14053656: Failed to fetch /event/14053656/lineups: 404
  Processing Fixture 22593 (SS: 15204327, Status: scheduled)...
    Error fetching lineups for 15204327: Failed to fetch /event/15204327/lineups: 404
  Processing Fixture 5527 (SS: 14083812, Status: scheduled)...
    Error fetching lineups for 14083812: Failed to fetch /event/14083812/lineups: 404
  Processing Fixture 21691 (SS: 13981943, Status: scheduled)...
    Error fetching lineups for 13981943: Failed to fetch /event/13981943/lineups: 404
  Processing Fixture 19341 (SS: 14032353, Status: scheduled)...
    Error fetching lineups for 14032353: Failed to fetch /event/14032353/lineups: 404
  Processing Fixture 19580 (SS: 14288806, Status: scheduled)...
    Error fetching lineups for 14288806: Failed to fetch /event/14288806/lineups: 404
  Processing Fixture 4892 (SS: 14317735, Status: scheduled)...
    Error fetching lineups for 14317735: Failed to fetch /event/14317735/lineups: 404
  Processing Fixture 21024 (SS: 15345891, Status: scheduled)...
    Error fetching lineups for 15345891: Failed to fetch /event/15345891/lineups: 404
  Processing Fixture 2202 (SS: 14060790, Status: scheduled)...
    Error fetching lineups for 14060790: Failed to fetch /event/14060790/lineups: 404
  Processing Fixture 20824 (SS: 15238024, Status: scheduled)...
    Error fetching lineups for 15238024: Failed to fetch /event/15238024/lineups: 404
  Processing Fixture 20825 (SS: 15238026, Status: scheduled)...
    Error fetching lineups for 15238026: Failed to fetch /event/15238026/lineups: 404
  Processing Fixture 20826 (SS: 15238025, Status: scheduled)...
    Error fetching lineups for 15238025: Failed to fetch /event/15238025/lineups: 404
  Processing Fixture 20827 (SS: 15238023, Status: scheduled)...
    Error fetching lineups for 15238023: Failed to fetch /event/15238023/lineups: 404
  Processing Fixture 1112 (SS: 14059868, Status: scheduled)...
    Error fetching lineups for 14059868: Failed to fetch /event/14059868/lineups: 404
  Processing Fixture 20828 (SS: 15238022, Status: scheduled)...
    Error fetching lineups for 15238022: Failed to fetch /event/15238022/lineups: 404
  Processing Fixture 21025 (SS: 15345896, Status: scheduled)...
    Error fetching lineups for 15345896: Failed to fetch /event/15345896/lineups: 404
  Processing Fixture 19581 (SS: 14288804, Status: scheduled)...
    Error fetching lineups for 14288804: Failed to fetch /event/14288804/lineups: 404
  Processing Fixture 21026 (SS: 15345894, Status: scheduled)...
    Error fetching lineups for 15345894: Failed to fetch /event/15345894/lineups: 404
  Processing Fixture 21027 (SS: 15342017, Status: scheduled)...
    Error fetching lineups for 15342017: Failed to fetch /event/15342017/lineups: 404
  Processing Fixture 21028 (SS: 15342016, Status: scheduled)...
    Error fetching lineups for 15342016: Failed to fetch /event/15342016/lineups: 404
  Processing Fixture 22184 (SS: 14167189, Status: scheduled)...
    Error fetching lineups for 14167189: Failed to fetch /event/14167189/lineups: 404
  Processing Fixture 21404 (SS: 15238956, Status: scheduled)...
    Error fetching lineups for 15238956: Failed to fetch /event/15238956/lineups: 404
  Processing Fixture 21405 (SS: 15238957, Status: scheduled)...
    Error fetching lineups for 15238957: Failed to fetch /event/15238957/lineups: 404
  Processing Fixture 19888 (SS: 14109827, Status: scheduled)...
    Error fetching lineups for 14109827: Failed to fetch /event/14109827/lineups: 404
  Processing Fixture 22185 (SS: 14038606, Status: scheduled)...
    Error fetching lineups for 14038606: Failed to fetch /event/14038606/lineups: 404
  Processing Fixture 21406 (SS: 15238959, Status: scheduled)...
    Error fetching lineups for 15238959: Failed to fetch /event/15238959/lineups: 404
  Processing Fixture 21407 (SS: 15238958, Status: scheduled)...
    Error fetching lineups for 15238958: Failed to fetch /event/15238958/lineups: 404
  Processing Fixture 19889 (SS: 14109822, Status: scheduled)...
    Error fetching lineups for 14109822: Failed to fetch /event/14109822/lineups: 404
  Processing Fixture 4154 (SS: 14065458, Status: scheduled)...
    Error fetching lineups for 14065458: Failed to fetch /event/14065458/lineups: 404
  Processing Fixture 4155 (SS: 14065455, Status: scheduled)...
    Error fetching lineups for 14065455: Failed to fetch /event/14065455/lineups: 404
  Processing Fixture 4156 (SS: 14065463, Status: scheduled)...
    Error fetching lineups for 14065463: Failed to fetch /event/14065463/lineups: 404
  Processing Fixture 22025 (SS: 14065045, Status: scheduled)...
    Error fetching lineups for 14065045: Failed to fetch /event/14065045/lineups: 404
  Processing Fixture 22186 (SS: 14038610, Status: scheduled)...
    Error fetching lineups for 14038610: Failed to fetch /event/14038610/lineups: 404
  Processing Fixture 12134 (SS: 14064839, Status: scheduled)...
    Error fetching lineups for 14064839: Failed to fetch /event/14064839/lineups: 404
  Processing Fixture 12135 (SS: 14064847, Status: scheduled)...
    Error fetching lineups for 14064847: Failed to fetch /event/14064847/lineups: 404
  Processing Fixture 1113 (SS: 14059871, Status: scheduled)...
    Error fetching lineups for 14059871: Failed to fetch /event/14059871/lineups: 404
  Processing Fixture 1114 (SS: 14059872, Status: scheduled)...
    Error fetching lineups for 14059872: Failed to fetch /event/14059872/lineups: 404
  Processing Fixture 1115 (SS: 14059874, Status: scheduled)...
    Error fetching lineups for 14059874: Failed to fetch /event/14059874/lineups: 404
  Processing Fixture 1649 (SS: 14061241, Status: scheduled)...
    Error fetching lineups for 14061241: Failed to fetch /event/14061241/lineups: 404
  Processing Fixture 1650 (SS: 14061278, Status: scheduled)...
    Error fetching lineups for 14061278: Failed to fetch /event/14061278/lineups: 404
  Processing Fixture 2203 (SS: 14060771, Status: scheduled)...
    Error fetching lineups for 14060771: Failed to fetch /event/14060771/lineups: 404
  Processing Fixture 2204 (SS: 14060805, Status: scheduled)...
    Error fetching lineups for 14060805: Failed to fetch /event/14060805/lineups: 404
  Processing Fixture 2205 (SS: 14060810, Status: scheduled)...
    Error fetching lineups for 14060810: Failed to fetch /event/14060810/lineups: 404
  Processing Fixture 21692 (SS: 13981947, Status: scheduled)...
    Error fetching lineups for 13981947: Failed to fetch /event/13981947/lineups: 404
  Processing Fixture 4893 (SS: 14317729, Status: scheduled)...
    Error fetching lineups for 14317729: Failed to fetch /event/14317729/lineups: 404
  Processing Fixture 4894 (SS: 14317726, Status: scheduled)...
    Error fetching lineups for 14317726: Failed to fetch /event/14317726/lineups: 404
  Processing Fixture 4895 (SS: 14317725, Status: scheduled)...
    Error fetching lineups for 14317725: Failed to fetch /event/14317725/lineups: 404
  Processing Fixture 20137 (SS: 14159160, Status: scheduled)...
    Error fetching lineups for 14159160: Failed to fetch /event/14159160/lineups: 404
  Processing Fixture 22187 (SS: 14038607, Status: scheduled)...
    Error fetching lineups for 14038607: Failed to fetch /event/14038607/lineups: 404
  Processing Fixture 19342 (SS: 14032354, Status: scheduled)...
    Error fetching lineups for 14032354: Failed to fetch /event/14032354/lineups: 404
  Processing Fixture 19890 (SS: 14109823, Status: scheduled)...
    Error fetching lineups for 14109823: Failed to fetch /event/14109823/lineups: 404
  Processing Fixture 19891 (SS: 14109820, Status: scheduled)...
    Error fetching lineups for 14109820: Failed to fetch /event/14109820/lineups: 404
  Processing Fixture 5528 (SS: 14083340, Status: scheduled)...
    Error fetching lineups for 14083340: Failed to fetch /event/14083340/lineups: 404
  Processing Fixture 19052 (SS: 14053659, Status: scheduled)...
    Error fetching lineups for 14053659: Failed to fetch /event/14053659/lineups: 404
  Processing Fixture 1116 (SS: 14059869, Status: scheduled)...
    Error fetching lineups for 14059869: Failed to fetch /event/14059869/lineups: 404
  Processing Fixture 1117 (SS: 14059876, Status: scheduled)...
    Error fetching lineups for 14059876: Failed to fetch /event/14059876/lineups: 404
  Processing Fixture 1118 (SS: 14059870, Status: scheduled)...
    Error fetching lineups for 14059870: Failed to fetch /event/14059870/lineups: 404
  Processing Fixture 1119 (SS: 14059873, Status: scheduled)...
    Error fetching lineups for 14059873: Failed to fetch /event/14059873/lineups: 404
  Processing Fixture 1120 (SS: 14059877, Status: scheduled)...
    Error fetching lineups for 14059877: Failed to fetch /event/14059877/lineups: 404
  Processing Fixture 1121 (SS: 14059867, Status: scheduled)...
    Error fetching lineups for 14059867: Failed to fetch /event/14059867/lineups: 404
  Processing Fixture 1122 (SS: 14059875, Status: scheduled)...
    Error fetching lineups for 14059875: Failed to fetch /event/14059875/lineups: 404
  Processing Fixture 1651 (SS: 14061322, Status: scheduled)...
    Error fetching lineups for 14061322: Failed to fetch /event/14061322/lineups: 404
  Processing Fixture 1652 (SS: 14061290, Status: scheduled)...
    Error fetching lineups for 14061290: Failed to fetch /event/14061290/lineups: 404
  Processing Fixture 1653 (SS: 14061316, Status: scheduled)...
    Error fetching lineups for 14061316: Failed to fetch /event/14061316/lineups: 404
  Processing Fixture 1654 (SS: 14061253, Status: scheduled)...
    Error fetching lineups for 14061253: Failed to fetch /event/14061253/lineups: 404
  Processing Fixture 1655 (SS: 14061303, Status: scheduled)...
    Error fetching lineups for 14061303: Failed to fetch /event/14061303/lineups: 404
  Processing Fixture 1656 (SS: 14061265, Status: scheduled)...
    Error fetching lineups for 14061265: Failed to fetch /event/14061265/lineups: 404
  Processing Fixture 1657 (SS: 14061216, Status: scheduled)...
    Error fetching lineups for 14061216: Failed to fetch /event/14061216/lineups: 404
  Processing Fixture 1658 (SS: 14061328, Status: scheduled)...
    Error fetching lineups for 14061328: Failed to fetch /event/14061328/lineups: 404
  Processing Fixture 1659 (SS: 14061229, Status: scheduled)...
    Error fetching lineups for 14061229: Failed to fetch /event/14061229/lineups: 404
  Processing Fixture 1660 (SS: 14061334, Status: scheduled)...
    Error fetching lineups for 14061334: Failed to fetch /event/14061334/lineups: 404
  Processing Fixture 2206 (SS: 14060800, Status: scheduled)...
    Error fetching lineups for 14060800: Failed to fetch /event/14060800/lineups: 404
  Processing Fixture 2207 (SS: 14060786, Status: scheduled)...
    Error fetching lineups for 14060786: Failed to fetch /event/14060786/lineups: 404
  Processing Fixture 2208 (SS: 14060796, Status: scheduled)...
    Error fetching lineups for 14060796: Failed to fetch /event/14060796/lineups: 404
  Processing Fixture 2209 (SS: 14060766, Status: scheduled)...
    Error fetching lineups for 14060766: Failed to fetch /event/14060766/lineups: 404
  Processing Fixture 2210 (SS: 14060781, Status: scheduled)...
    Error fetching lineups for 14060781: Failed to fetch /event/14060781/lineups: 404
  Processing Fixture 2211 (SS: 14060761, Status: scheduled)...
    Error fetching lineups for 14060761: Failed to fetch /event/14060761/lineups: 404
  Processing Fixture 2212 (SS: 14060776, Status: scheduled)...
    Error fetching lineups for 14060776: Failed to fetch /event/14060776/lineups: 404
  Processing Fixture 2213 (SS: 14060757, Status: scheduled)...
    Error fetching lineups for 14060757: Failed to fetch /event/14060757/lineups: 404
  Processing Fixture 2759 (SS: 14391490, Status: scheduled)...
    Error fetching lineups for 14391490: Failed to fetch /event/14391490/lineups: 404
  Processing Fixture 2760 (SS: 14391500, Status: scheduled)...
    Error fetching lineups for 14391500: Failed to fetch /event/14391500/lineups: 404
  Processing Fixture 2761 (SS: 14391497, Status: scheduled)...
    Error fetching lineups for 14391497: Failed to fetch /event/14391497/lineups: 404
  Processing Fixture 2762 (SS: 14391499, Status: scheduled)...
    Error fetching lineups for 14391499: Failed to fetch /event/14391499/lineups: 404
  Processing Fixture 2763 (SS: 14391493, Status: scheduled)...
    Error fetching lineups for 14391493: Failed to fetch /event/14391493/lineups: 404
  Processing Fixture 2764 (SS: 14391495, Status: scheduled)...
    Error fetching lineups for 14391495: Failed to fetch /event/14391495/lineups: 404
  Processing Fixture 2765 (SS: 14391494, Status: scheduled)...
    Error fetching lineups for 14391494: Failed to fetch /event/14391494/lineups: 404
  Processing Fixture 2766 (SS: 14391492, Status: scheduled)...
    Error fetching lineups for 14391492: Failed to fetch /event/14391492/lineups: 404
  Processing Fixture 3071 (SS: 14035286, Status: scheduled)...
    Error fetching lineups for 14035286: Failed to fetch /event/14035286/lineups: 404
  Processing Fixture 3072 (SS: 14035288, Status: scheduled)...
    Error fetching lineups for 14035288: Failed to fetch /event/14035288/lineups: 404
  Processing Fixture 3073 (SS: 14035287, Status: scheduled)...
    Error fetching lineups for 14035287: Failed to fetch /event/14035287/lineups: 404
  Processing Fixture 3074 (SS: 14035290, Status: scheduled)...
    Error fetching lineups for 14035290: Failed to fetch /event/14035290/lineups: 404
  Processing Fixture 3075 (SS: 14035289, Status: scheduled)...
    Error fetching lineups for 14035289: Failed to fetch /event/14035289/lineups: 404
  Processing Fixture 3230 (SS: 14035446, Status: scheduled)...
    Error fetching lineups for 14035446: Failed to fetch /event/14035446/lineups: 404
  Processing Fixture 3231 (SS: 14035451, Status: scheduled)...
    Error fetching lineups for 14035451: Failed to fetch /event/14035451/lineups: 404
  Processing Fixture 3232 (SS: 14035448, Status: scheduled)...
    Error fetching lineups for 14035448: Failed to fetch /event/14035448/lineups: 404
  Processing Fixture 3233 (SS: 14035449, Status: scheduled)...
    Error fetching lineups for 14035449: Failed to fetch /event/14035449/lineups: 404
  Processing Fixture 3234 (SS: 14035450, Status: scheduled)...
    Error fetching lineups for 14035450: Failed to fetch /event/14035450/lineups: 404
  Processing Fixture 3409 (SS: 14035613, Status: scheduled)...
    Error fetching lineups for 14035613: Failed to fetch /event/14035613/lineups: 404
  Processing Fixture 3410 (SS: 14035615, Status: scheduled)...
    Error fetching lineups for 14035615: Failed to fetch /event/14035615/lineups: 404
  Processing Fixture 3411 (SS: 14035612, Status: scheduled)...
    Error fetching lineups for 14035612: Failed to fetch /event/14035612/lineups: 404
  Processing Fixture 3412 (SS: 14035616, Status: scheduled)...
    Error fetching lineups for 14035616: Failed to fetch /event/14035616/lineups: 404
  Processing Fixture 3413 (SS: 14035614, Status: scheduled)...
    Error fetching lineups for 14035614: Failed to fetch /event/14035614/lineups: 404
  Processing Fixture 3587 (SS: 14035793, Status: scheduled)...
    Error fetching lineups for 14035793: Failed to fetch /event/14035793/lineups: 404
  Processing Fixture 3588 (SS: 14035795, Status: scheduled)...
    Error fetching lineups for 14035795: Failed to fetch /event/14035795/lineups: 404
  Processing Fixture 3589 (SS: 14035796, Status: scheduled)...
    Error fetching lineups for 14035796: Failed to fetch /event/14035796/lineups: 404
  Processing Fixture 3590 (SS: 14035794, Status: scheduled)...
    Error fetching lineups for 14035794: Failed to fetch /event/14035794/lineups: 404
  Processing Fixture 3591 (SS: 14035791, Status: scheduled)...
    Error fetching lineups for 14035791: Failed to fetch /event/14035791/lineups: 404
  Processing Fixture 4896 (SS: 14317730, Status: scheduled)...
    Error fetching lineups for 14317730: Failed to fetch /event/14317730/lineups: 404
  Processing Fixture 19582 (SS: 14288811, Status: scheduled)...
    Error fetching lineups for 14288811: Failed to fetch /event/14288811/lineups: 404
  Processing Fixture 20138 (SS: 14159154, Status: scheduled)...
    Error fetching lineups for 14159154: Failed to fetch /event/14159154/lineups: 404
  Processing Fixture 21693 (SS: 13981946, Status: scheduled)...
    Error fetching lineups for 13981946: Failed to fetch /event/13981946/lineups: 404
  Processing Fixture 20139 (SS: 14159158, Status: scheduled)...
    Error fetching lineups for 14159158: Failed to fetch /event/14159158/lineups: 404
  Processing Fixture 22026 (SS: 14065042, Status: scheduled)...
    Error fetching lineups for 14065042: Failed to fetch /event/14065042/lineups: 404
  Processing Fixture 22435 (SS: 15362679, Status: scheduled)...
    Error fetching lineups for 15362679: Failed to fetch /event/15362679/lineups: 404
  Processing Fixture 22436 (SS: 15362684, Status: scheduled)...
    Error fetching lineups for 15362684: Failed to fetch /event/15362684/lineups: 404
  Processing Fixture 22594 (SS: 15204332, Status: scheduled)...
    Error fetching lineups for 15204332: Failed to fetch /event/15204332/lineups: 404
  Processing Fixture 19343 (SS: 14032350, Status: scheduled)...
    Error fetching lineups for 14032350: Failed to fetch /event/14032350/lineups: 404
  Processing Fixture 5529 (SS: 14083814, Status: scheduled)...
    Error fetching lineups for 14083814: Failed to fetch /event/14083814/lineups: 404
  Processing Fixture 5530 (SS: 14083353, Status: scheduled)...
    Error fetching lineups for 14083353: Failed to fetch /event/14083353/lineups: 404
  Processing Fixture 19053 (SS: 14053644, Status: scheduled)...
    Error fetching lineups for 14053644: Failed to fetch /event/14053644/lineups: 404
  Processing Fixture 2767 (SS: 14391496, Status: scheduled)...
    Error fetching lineups for 14391496: Failed to fetch /event/14391496/lineups: 404
  Processing Fixture 4897 (SS: 14317559, Status: scheduled)...
    Error fetching lineups for 14317559: Failed to fetch /event/14317559/lineups: 404
  Processing Fixture 12136 (SS: 14064850, Status: scheduled)...
    Error fetching lineups for 14064850: Failed to fetch /event/14064850/lineups: 404
  Processing Fixture 19583 (SS: 14288809, Status: scheduled)...
    Error fetching lineups for 14288809: Failed to fetch /event/14288809/lineups: 404
  Processing Fixture 21694 (SS: 13981949, Status: scheduled)...
    Error fetching lineups for 13981949: Failed to fetch /event/13981949/lineups: 404
  Processing Fixture 4157 (SS: 14065462, Status: scheduled)...
    Error fetching lineups for 14065462: Failed to fetch /event/14065462/lineups: 404
  Processing Fixture 22437 (SS: 15362683, Status: scheduled)...
    Error fetching lineups for 15362683: Failed to fetch /event/15362683/lineups: 404
  Processing Fixture 19344 (SS: 14032425, Status: scheduled)...
    Error fetching lineups for 14032425: Failed to fetch /event/14032425/lineups: 404
  Processing Fixture 5531 (SS: 14083813, Status: scheduled)...
    Error fetching lineups for 14083813: Failed to fetch /event/14083813/lineups: 404
  Processing Fixture 19054 (SS: 14053653, Status: scheduled)...
    Error fetching lineups for 14053653: Failed to fetch /event/14053653/lineups: 404
  Processing Fixture 21029 (SS: 15342032, Status: scheduled)...
    Error fetching lineups for 15342032: Failed to fetch /event/15342032/lineups: 404
  Processing Fixture 19584 (SS: 14288805, Status: scheduled)...
    Error fetching lineups for 14288805: Failed to fetch /event/14288805/lineups: 404
  Processing Fixture 21030 (SS: 15345892, Status: scheduled)...
    Error fetching lineups for 15345892: Failed to fetch /event/15345892/lineups: 404
  Processing Fixture 21408 (SS: 15238960, Status: scheduled)...
    Error fetching lineups for 15238960: Failed to fetch /event/15238960/lineups: 404
  Processing Fixture 21409 (SS: 15238961, Status: scheduled)...
    Error fetching lineups for 15238961: Failed to fetch /event/15238961/lineups: 404
  Processing Fixture 21410 (SS: 15238962, Status: scheduled)...
    Error fetching lineups for 15238962: Failed to fetch /event/15238962/lineups: 404
  Processing Fixture 21411 (SS: 15238963, Status: scheduled)...
    Error fetching lineups for 15238963: Failed to fetch /event/15238963/lineups: 404
  Processing Fixture 22188 (SS: 14038608, Status: scheduled)...
    Error fetching lineups for 14038608: Failed to fetch /event/14038608/lineups: 404
  Processing Fixture 21412 (SS: 15238964, Status: scheduled)...
    Error fetching lineups for 15238964: Failed to fetch /event/15238964/lineups: 404
  Processing Fixture 19892 (SS: 14109828, Status: scheduled)...
    Error fetching lineups for 14109828: Failed to fetch /event/14109828/lineups: 404
  Processing Fixture 19055 (SS: 14053650, Status: scheduled)...
    Error fetching lineups for 14053650: Failed to fetch /event/14053650/lineups: 404
  Processing Fixture 21695 (SS: 13981945, Status: scheduled)...
    Error fetching lineups for 13981945: Failed to fetch /event/13981945/lineups: 404
  Processing Fixture 22189 (SS: 14038612, Status: scheduled)...
    Error fetching lineups for 14038612: Failed to fetch /event/14038612/lineups: 404
  Processing Fixture 4158 (SS: 14065461, Status: scheduled)...
    Error fetching lineups for 14065461: Failed to fetch /event/14065461/lineups: 404
  Processing Fixture 4159 (SS: 14065460, Status: scheduled)...
    Error fetching lineups for 14065460: Failed to fetch /event/14065460/lineups: 404
  Processing Fixture 4160 (SS: 14065459, Status: scheduled)...
    Error fetching lineups for 14065459: Failed to fetch /event/14065459/lineups: 404
  Processing Fixture 19345 (SS: 14032349, Status: scheduled)...
    Error fetching lineups for 14032349: Failed to fetch /event/14032349/lineups: 404
  Processing Fixture 22027 (SS: 14065039, Status: scheduled)...
    Error fetching lineups for 14065039: Failed to fetch /event/14065039/lineups: 404
  Processing Fixture 5532 (SS: 14083349, Status: scheduled)...
    Error fetching lineups for 14083349: Failed to fetch /event/14083349/lineups: 404
  Processing Fixture 20140 (SS: 14159163, Status: scheduled)...
    Error fetching lineups for 14159163: Failed to fetch /event/14159163/lineups: 404
  Processing Fixture 22438 (SS: 15362686, Status: scheduled)...
    Error fetching lineups for 15362686: Failed to fetch /event/15362686/lineups: 404
  Processing Fixture 22595 (SS: 15204333, Status: scheduled)...
    Error fetching lineups for 15204333: Failed to fetch /event/15204333/lineups: 404
  Processing Fixture 22596 (SS: 15204334, Status: scheduled)...
    Error fetching lineups for 15204334: Failed to fetch /event/15204334/lineups: 404
  Processing Fixture 19056 (SS: 14053663, Status: scheduled)...
    Error fetching lineups for 14053663: Failed to fetch /event/14053663/lineups: 404
  Processing Fixture 19057 (SS: 14053666, Status: scheduled)...
    Error fetching lineups for 14053666: Failed to fetch /event/14053666/lineups: 404
  Processing Fixture 21696 (SS: 13981955, Status: scheduled)...
    Error fetching lineups for 13981955: Failed to fetch /event/13981955/lineups: 404
  Processing Fixture 4898 (SS: 14317568, Status: scheduled)...
    Error fetching lineups for 14317568: Failed to fetch /event/14317568/lineups: 404
  Processing Fixture 4899 (SS: 14317732, Status: scheduled)...
    Error fetching lineups for 14317732: Failed to fetch /event/14317732/lineups: 404
  Processing Fixture 22190 (SS: 14038604, Status: scheduled)...
    Error fetching lineups for 14038604: Failed to fetch /event/14038604/lineups: 404
  Processing Fixture 20141 (SS: 14159159, Status: scheduled)...
    Error fetching lineups for 14159159: Failed to fetch /event/14159159/lineups: 404
  Processing Fixture 19346 (SS: 14032358, Status: scheduled)...
    Error fetching lineups for 14032358: Failed to fetch /event/14032358/lineups: 404
  Processing Fixture 19893 (SS: 14109826, Status: scheduled)...
    Error fetching lineups for 14109826: Failed to fetch /event/14109826/lineups: 404
  Processing Fixture 19894 (SS: 14109825, Status: scheduled)...
    Error fetching lineups for 14109825: Failed to fetch /event/14109825/lineups: 404
  Processing Fixture 22028 (SS: 14065043, Status: scheduled)...
    Error fetching lineups for 14065043: Failed to fetch /event/14065043/lineups: 404
  Processing Fixture 5533 (SS: 14083347, Status: scheduled)...
    Error fetching lineups for 14083347: Failed to fetch /event/14083347/lineups: 404
  Processing Fixture 5534 (SS: 14083356, Status: scheduled)...
    Error fetching lineups for 14083356: Failed to fetch /event/14083356/lineups: 404
  Processing Fixture 22439 (SS: 15362691, Status: scheduled)...
    Error fetching lineups for 15362691: Failed to fetch /event/15362691/lineups: 404
  Processing Fixture 22440 (SS: 15362692, Status: scheduled)...
    Error fetching lineups for 15362692: Failed to fetch /event/15362692/lineups: 404
  Processing Fixture 19058 (SS: 14053647, Status: scheduled)...
    Error fetching lineups for 14053647: Failed to fetch /event/14053647/lineups: 404
  Processing Fixture 20142 (SS: 14159170, Status: scheduled)...
    Error fetching lineups for 14159170: Failed to fetch /event/14159170/lineups: 404
  Processing Fixture 20287 (SS: 14065682, Status: scheduled)...
    Error fetching lineups for 14065682: Failed to fetch /event/14065682/lineups: 404
  Processing Fixture 20288 (SS: 14065680, Status: scheduled)...
    Error fetching lineups for 14065680: Failed to fetch /event/14065680/lineups: 404
  Processing Fixture 20289 (SS: 14065689, Status: scheduled)...
    Error fetching lineups for 14065689: Failed to fetch /event/14065689/lineups: 404
  Processing Fixture 20290 (SS: 14065683, Status: scheduled)...
    Error fetching lineups for 14065683: Failed to fetch /event/14065683/lineups: 404
  Processing Fixture 20291 (SS: 14065688, Status: scheduled)...
    Error fetching lineups for 14065688: Failed to fetch /event/14065688/lineups: 404
  Processing Fixture 20292 (SS: 14065685, Status: scheduled)...
    Error fetching lineups for 14065685: Failed to fetch /event/14065685/lineups: 404
  Processing Fixture 20805 (SS: 13984684, Status: scheduled)...
    Error fetching lineups for 13984684: Failed to fetch /event/13984684/lineups: 404
  Processing Fixture 20806 (SS: 13984688, Status: scheduled)...
    Error fetching lineups for 13984688: Failed to fetch /event/13984688/lineups: 404
  Processing Fixture 20807 (SS: 13984685, Status: scheduled)...
    Error fetching lineups for 13984685: Failed to fetch /event/13984685/lineups: 404
  Processing Fixture 20808 (SS: 13984687, Status: scheduled)...
    Error fetching lineups for 13984687: Failed to fetch /event/13984687/lineups: 404
  Processing Fixture 20809 (SS: 13984686, Status: scheduled)...
    Error fetching lineups for 13984686: Failed to fetch /event/13984686/lineups: 404
  Processing Fixture 20810 (SS: 13984683, Status: scheduled)...
    Error fetching lineups for 13984683: Failed to fetch /event/13984683/lineups: 404
  Processing Fixture 4900 (SS: 14317723, Status: scheduled)...
    Error fetching lineups for 14317723: Failed to fetch /event/14317723/lineups: 404
  Processing Fixture 19585 (SS: 14288808, Status: scheduled)...
    Error fetching lineups for 14288808: Failed to fetch /event/14288808/lineups: 404
  Processing Fixture 21697 (SS: 13981954, Status: scheduled)...
    Error fetching lineups for 13981954: Failed to fetch /event/13981954/lineups: 404
  Processing Fixture 20143 (SS: 14159161, Status: scheduled)...
    Error fetching lineups for 14159161: Failed to fetch /event/14159161/lineups: 404
  Processing Fixture 5535 (SS: 14083336, Status: scheduled)...
    Error fetching lineups for 14083336: Failed to fetch /event/14083336/lineups: 404
  Processing Fixture 19347 (SS: 14032351, Status: scheduled)...
    Error fetching lineups for 14032351: Failed to fetch /event/14032351/lineups: 404
  Processing Fixture 22029 (SS: 14065034, Status: scheduled)...
    Error fetching lineups for 14065034: Failed to fetch /event/14065034/lineups: 404
  Processing Fixture 19348 (SS: 14032427, Status: scheduled)...
    Error fetching lineups for 14032427: Failed to fetch /event/14032427/lineups: 404
  Processing Fixture 19059 (SS: 14053641, Status: scheduled)...
    Error fetching lineups for 14053641: Failed to fetch /event/14053641/lineups: 404
  Processing Fixture 19586 (SS: 14288812, Status: scheduled)...
    Error fetching lineups for 14288812: Failed to fetch /event/14288812/lineups: 404
  Processing Fixture 5536 (SS: 14083344, Status: scheduled)...
    Error fetching lineups for 14083344: Failed to fetch /event/14083344/lineups: 404
  Processing Fixture 19587 (SS: 14288807, Status: scheduled)...
    Error fetching lineups for 14288807: Failed to fetch /event/14288807/lineups: 404
Scheduled window [+0h, +72h], order=asc, skipped_on_404_cooldown=209
No fixtures found needing availability (Status: scheduled).
Scheduled window [+0h, +72h], order=asc, skipped_on_404_cooldown=207
No fixtures found needing availability (Status: scheduled).
Scheduled window [+0h, +72h], order=asc, skipped_on_404_cooldown=205
No fixtures found needing availability (Status: scheduled).
Scheduled window [+0h, +72h], order=asc, skipped_on_404_cooldown=205
Found 1 fixtures to process.
  Processing Fixture 22030 (SS: 14065044, Status: scheduled)...
    Error fetching lineups for 14065044: Failed to fetch /event/14065044/lineups: 404
Scheduled window [+0h, +72h], order=asc, skipped_on_404_cooldown=202
No fixtures found needing availability (Status: scheduled).
Scheduled window [+0h, +72h], order=asc, skipped_on_404_cooldown=200
Found 1 fixtures to process.
  Processing Fixture 21698 (SS: 13981944, Status: scheduled)...
    Error fetching lineups for 13981944: Failed to fetch /event/13981944/lineups: 404
Scheduled window [+0h, +72h], order=asc, skipped_on_404_cooldown=2
Found 190 fixtures to process.
  Processing Fixture 4892 (SS: 14317735, Status: scheduled)...
    Error fetching lineups for 14317735: Failed to fetch /event/14317735/lineups: 404
  Processing Fixture 21024 (SS: 15345891, Status: scheduled)...
    Error fetching lineups for 15345891: Failed to fetch /event/15345891/lineups: 404
  Processing Fixture 2202 (SS: 14060790, Status: scheduled)...
    Error fetching lineups for 14060790: Failed to fetch /event/14060790/lineups: 404
  Processing Fixture 20824 (SS: 15238024, Status: scheduled)...
    Error fetching lineups for 15238024: Failed to fetch /event/15238024/lineups: 404
  Processing Fixture 20825 (SS: 15238026, Status: scheduled)...
    Error fetching lineups for 15238026: Failed to fetch /event/15238026/lineups: 404
  Processing Fixture 20826 (SS: 15238025, Status: scheduled)...
    Error fetching lineups for 15238025: Failed to fetch /event/15238025/lineups: 404
  Processing Fixture 20827 (SS: 15238023, Status: scheduled)...
    Error fetching lineups for 15238023: Failed to fetch /event/15238023/lineups: 404
  Processing Fixture 1112 (SS: 14059868, Status: scheduled)...
    Error fetching lineups for 14059868: Failed to fetch /event/14059868/lineups: 404
  Processing Fixture 20828 (SS: 15238022, Status: scheduled)...
    Error fetching lineups for 15238022: Failed to fetch /event/15238022/lineups: 404
  Processing Fixture 21025 (SS: 15345896, Status: scheduled)...
    Error fetching lineups for 15345896: Failed to fetch /event/15345896/lineups: 404
  Processing Fixture 19581 (SS: 14288804, Status: scheduled)...
    Error fetching lineups for 14288804: Failed to fetch /event/14288804/lineups: 404
  Processing Fixture 21026 (SS: 15345894, Status: scheduled)...
    Error fetching lineups for 15345894: Failed to fetch /event/15345894/lineups: 404
  Processing Fixture 21027 (SS: 15342017, Status: scheduled)...
    Error fetching lineups for 15342017: Failed to fetch /event/15342017/lineups: 404
  Processing Fixture 21028 (SS: 15342016, Status: scheduled)...
    Error fetching lineups for 15342016: Failed to fetch /event/15342016/lineups: 404
  Processing Fixture 22184 (SS: 14167189, Status: scheduled)...
    Error fetching lineups for 14167189: Failed to fetch /event/14167189/lineups: 404
  Processing Fixture 21404 (SS: 15238956, Status: scheduled)...
    Error fetching lineups for 15238956: Failed to fetch /event/15238956/lineups: 404
  Processing Fixture 21405 (SS: 15238957, Status: scheduled)...
    Error fetching lineups for 15238957: Failed to fetch /event/15238957/lineups: 404
  Processing Fixture 19888 (SS: 14109827, Status: scheduled)...
    Error fetching lineups for 14109827: Failed to fetch /event/14109827/lineups: 404
  Processing Fixture 22185 (SS: 14038606, Status: scheduled)...
    Error fetching lineups for 14038606: Failed to fetch /event/14038606/lineups: 404
  Processing Fixture 21406 (SS: 15238959, Status: scheduled)...
    Error fetching lineups for 15238959: Failed to fetch /event/15238959/lineups: 404
  Processing Fixture 21407 (SS: 15238958, Status: scheduled)...
    Error fetching lineups for 15238958: Failed to fetch /event/15238958/lineups: 404
  Processing Fixture 19889 (SS: 14109822, Status: scheduled)...
    Error fetching lineups for 14109822: Failed to fetch /event/14109822/lineups: 404
  Processing Fixture 4154 (SS: 14065458, Status: scheduled)...
    Error fetching lineups for 14065458: Failed to fetch /event/14065458/lineups: 404
  Processing Fixture 4155 (SS: 14065455, Status: scheduled)...
    Error fetching lineups for 14065455: Failed to fetch /event/14065455/lineups: 404
  Processing Fixture 4156 (SS: 14065463, Status: scheduled)...
    Error fetching lineups for 14065463: Failed to fetch /event/14065463/lineups: 404
  Processing Fixture 22025 (SS: 14065045, Status: scheduled)...
    Error fetching lineups for 14065045: Failed to fetch /event/14065045/lineups: 404
  Processing Fixture 22186 (SS: 14038610, Status: scheduled)...
    Error fetching lineups for 14038610: Failed to fetch /event/14038610/lineups: 404
  Processing Fixture 12134 (SS: 14064839, Status: scheduled)...
    Error fetching lineups for 14064839: Failed to fetch /event/14064839/lineups: 404
  Processing Fixture 12135 (SS: 14064847, Status: scheduled)...
    Error fetching lineups for 14064847: Failed to fetch /event/14064847/lineups: 404
  Processing Fixture 1113 (SS: 14059871, Status: scheduled)...
    Error fetching lineups for 14059871: Failed to fetch /event/14059871/lineups: 404
  Processing Fixture 1114 (SS: 14059872, Status: scheduled)...
    Error fetching lineups for 14059872: Failed to fetch /event/14059872/lineups: 404
  Processing Fixture 1115 (SS: 14059874, Status: scheduled)...
    Error fetching lineups for 14059874: Failed to fetch /event/14059874/lineups: 404
  Processing Fixture 1649 (SS: 14061241, Status: scheduled)...
    Error fetching lineups for 14061241: Failed to fetch /event/14061241/lineups: 404
  Processing Fixture 1650 (SS: 14061278, Status: scheduled)...
    Error fetching lineups for 14061278: Failed to fetch /event/14061278/lineups: 404
  Processing Fixture 2203 (SS: 14060771, Status: scheduled)...
    Error fetching lineups for 14060771: Failed to fetch /event/14060771/lineups: 404
  Processing Fixture 2204 (SS: 14060805, Status: scheduled)...
    Error fetching lineups for 14060805: Failed to fetch /event/14060805/lineups: 404
  Processing Fixture 2205 (SS: 14060810, Status: scheduled)...
    Error fetching lineups for 14060810: Failed to fetch /event/14060810/lineups: 404
  Processing Fixture 21692 (SS: 13981947, Status: scheduled)...
    Error fetching lineups for 13981947: Failed to fetch /event/13981947/lineups: 404
  Processing Fixture 4893 (SS: 14317729, Status: scheduled)...
    Error fetching lineups for 14317729: Failed to fetch /event/14317729/lineups: 404
  Processing Fixture 4894 (SS: 14317726, Status: scheduled)...
    Error fetching lineups for 14317726: Failed to fetch /event/14317726/lineups: 404
  Processing Fixture 4895 (SS: 14317725, Status: scheduled)...
    Error fetching lineups for 14317725: Failed to fetch /event/14317725/lineups: 404
  Processing Fixture 20137 (SS: 14159160, Status: scheduled)...
    Error fetching lineups for 14159160: Failed to fetch /event/14159160/lineups: 404
  Processing Fixture 22187 (SS: 14038607, Status: scheduled)...
    Error fetching lineups for 14038607: Failed to fetch /event/14038607/lineups: 404
  Processing Fixture 19342 (SS: 14032354, Status: scheduled)...
    Error fetching lineups for 14032354: Failed to fetch /event/14032354/lineups: 404
  Processing Fixture 19890 (SS: 14109823, Status: scheduled)...
    Error fetching lineups for 14109823: Failed to fetch /event/14109823/lineups: 404
  Processing Fixture 19891 (SS: 14109820, Status: scheduled)...
    Error fetching lineups for 14109820: Failed to fetch /event/14109820/lineups: 404
  Processing Fixture 5528 (SS: 14083340, Status: scheduled)...
    Error fetching lineups for 14083340: Failed to fetch /event/14083340/lineups: 404
  Processing Fixture 19052 (SS: 14053659, Status: scheduled)...
    Error fetching lineups for 14053659: Failed to fetch /event/14053659/lineups: 404
  Processing Fixture 1116 (SS: 14059869, Status: scheduled)...
    Error fetching lineups for 14059869: Failed to fetch /event/14059869/lineups: 404
  Processing Fixture 1117 (SS: 14059876, Status: scheduled)...
    Error fetching lineups for 14059876: Failed to fetch /event/14059876/lineups: 404
  Processing Fixture 1118 (SS: 14059870, Status: scheduled)...
    Error fetching lineups for 14059870: Failed to fetch /event/14059870/lineups: 404
  Processing Fixture 1119 (SS: 14059873, Status: scheduled)...
    Error fetching lineups for 14059873: Failed to fetch /event/14059873/lineups: 404
  Processing Fixture 1120 (SS: 14059877, Status: scheduled)...
    Error fetching lineups for 14059877: Failed to fetch /event/14059877/lineups: 404
  Processing Fixture 1121 (SS: 14059867, Status: scheduled)...
    Error fetching lineups for 14059867: Failed to fetch /event/14059867/lineups: 404
  Processing Fixture 1122 (SS: 14059875, Status: scheduled)...
    Error fetching lineups for 14059875: Failed to fetch /event/14059875/lineups: 404
  Processing Fixture 1651 (SS: 14061322, Status: scheduled)...
    Error fetching lineups for 14061322: Failed to fetch /event/14061322/lineups: 404
  Processing Fixture 1652 (SS: 14061290, Status: scheduled)...
    Error fetching lineups for 14061290: Failed to fetch /event/14061290/lineups: 404
  Processing Fixture 1653 (SS: 14061316, Status: scheduled)...
    Error fetching lineups for 14061316: Failed to fetch /event/14061316/lineups: 404
  Processing Fixture 1654 (SS: 14061253, Status: scheduled)...
    Error fetching lineups for 14061253: Failed to fetch /event/14061253/lineups: 404
  Processing Fixture 1655 (SS: 14061303, Status: scheduled)...
    Error fetching lineups for 14061303: Failed to fetch /event/14061303/lineups: 404
  Processing Fixture 1656 (SS: 14061265, Status: scheduled)...
    Error fetching lineups for 14061265: Failed to fetch /event/14061265/lineups: 404
  Processing Fixture 1657 (SS: 14061216, Status: scheduled)...
    Error fetching lineups for 14061216: Failed to fetch /event/14061216/lineups: 404
  Processing Fixture 1658 (SS: 14061328, Status: scheduled)...
    Error fetching lineups for 14061328: Failed to fetch /event/14061328/lineups: 404
  Processing Fixture 1659 (SS: 14061229, Status: scheduled)...
    Error fetching lineups for 14061229: Failed to fetch /event/14061229/lineups: 404
  Processing Fixture 1660 (SS: 14061334, Status: scheduled)...
    Error fetching lineups for 14061334: Failed to fetch /event/14061334/lineups: 404
  Processing Fixture 2206 (SS: 14060800, Status: scheduled)...
    Error fetching lineups for 14060800: Failed to fetch /event/14060800/lineups: 404
  Processing Fixture 2207 (SS: 14060786, Status: scheduled)...
    Error fetching lineups for 14060786: Failed to fetch /event/14060786/lineups: 404
  Processing Fixture 2208 (SS: 14060796, Status: scheduled)...
    Error fetching lineups for 14060796: Failed to fetch /event/14060796/lineups: 404
  Processing Fixture 2209 (SS: 14060766, Status: scheduled)...
    Error fetching lineups for 14060766: Failed to fetch /event/14060766/lineups: 404
  Processing Fixture 2210 (SS: 14060781, Status: scheduled)...
    Error fetching lineups for 14060781: Failed to fetch /event/14060781/lineups: 404
  Processing Fixture 2211 (SS: 14060761, Status: scheduled)...
    Error fetching lineups for 14060761: Failed to fetch /event/14060761/lineups: 404
  Processing Fixture 2212 (SS: 14060776, Status: scheduled)...
    Error fetching lineups for 14060776: Failed to fetch /event/14060776/lineups: 404
  Processing Fixture 2213 (SS: 14060757, Status: scheduled)...
    Error fetching lineups for 14060757: Failed to fetch /event/14060757/lineups: 404
  Processing Fixture 2759 (SS: 14391490, Status: scheduled)...
    Error fetching lineups for 14391490: Failed to fetch /event/14391490/lineups: 404
  Processing Fixture 2760 (SS: 14391500, Status: scheduled)...
    Error fetching lineups for 14391500: Failed to fetch /event/14391500/lineups: 404
  Processing Fixture 2761 (SS: 14391497, Status: scheduled)...
    Error fetching lineups for 14391497: Failed to fetch /event/14391497/lineups: 404
  Processing Fixture 2762 (SS: 14391499, Status: scheduled)...
    Error fetching lineups for 14391499: Failed to fetch /event/14391499/lineups: 404
  Processing Fixture 2763 (SS: 14391493, Status: scheduled)...
    Error fetching lineups for 14391493: Failed to fetch /event/14391493/lineups: 404
  Processing Fixture 2764 (SS: 14391495, Status: scheduled)...
    Error fetching lineups for 14391495: Failed to fetch /event/14391495/lineups: 404
  Processing Fixture 2765 (SS: 14391494, Status: scheduled)...
    Error fetching lineups for 14391494: Failed to fetch /event/14391494/lineups: 404
  Processing Fixture 2766 (SS: 14391492, Status: scheduled)...
    Error fetching lineups for 14391492: Failed to fetch /event/14391492/lineups: 404
  Processing Fixture 3071 (SS: 14035286, Status: scheduled)...
    Error fetching lineups for 14035286: Failed to fetch /event/14035286/lineups: 404
  Processing Fixture 3072 (SS: 14035288, Status: scheduled)...
    Error fetching lineups for 14035288: Failed to fetch /event/14035288/lineups: 404
  Processing Fixture 3073 (SS: 14035287, Status: scheduled)...
    Error fetching lineups for 14035287: Failed to fetch /event/14035287/lineups: 404
  Processing Fixture 3074 (SS: 14035290, Status: scheduled)...
    Error fetching lineups for 14035290: Failed to fetch /event/14035290/lineups: 404
  Processing Fixture 3075 (SS: 14035289, Status: scheduled)...
    Error fetching lineups for 14035289: Failed to fetch /event/14035289/lineups: 404
  Processing Fixture 3230 (SS: 14035446, Status: scheduled)...
    Error fetching lineups for 14035446: Failed to fetch /event/14035446/lineups: 404
  Processing Fixture 3231 (SS: 14035451, Status: scheduled)...
    Error fetching lineups for 14035451: Failed to fetch /event/14035451/lineups: 404
  Processing Fixture 3232 (SS: 14035448, Status: scheduled)...
    Error fetching lineups for 14035448: Failed to fetch /event/14035448/lineups: 404
  Processing Fixture 3233 (SS: 14035449, Status: scheduled)...
    Error fetching lineups for 14035449: Failed to fetch /event/14035449/lineups: 404
  Processing Fixture 3234 (SS: 14035450, Status: scheduled)...
    Error fetching lineups for 14035450: Failed to fetch /event/14035450/lineups: 404
  Processing Fixture 3409 (SS: 14035613, Status: scheduled)...
    Error fetching lineups for 14035613: Failed to fetch /event/14035613/lineups: 404
  Processing Fixture 3410 (SS: 14035615, Status: scheduled)...
    Error fetching lineups for 14035615: Failed to fetch /event/14035615/lineups: 404
  Processing Fixture 3411 (SS: 14035612, Status: scheduled)...
    Error fetching lineups for 14035612: Failed to fetch /event/14035612/lineups: 404
  Processing Fixture 3412 (SS: 14035616, Status: scheduled)...
    Error fetching lineups for 14035616: Failed to fetch /event/14035616/lineups: 404
  Processing Fixture 3413 (SS: 14035614, Status: scheduled)...
    Error fetching lineups for 14035614: Failed to fetch /event/14035614/lineups: 404
  Processing Fixture 3587 (SS: 14035793, Status: scheduled)...
    Error fetching lineups for 14035793: Failed to fetch /event/14035793/lineups: 404
  Processing Fixture 3588 (SS: 14035795, Status: scheduled)...
    Error fetching lineups for 14035795: Failed to fetch /event/14035795/lineups: 404
  Processing Fixture 3589 (SS: 14035796, Status: scheduled)...
    Error fetching lineups for 14035796: Failed to fetch /event/14035796/lineups: 404
  Processing Fixture 3590 (SS: 14035794, Status: scheduled)...
    Error fetching lineups for 14035794: Failed to fetch /event/14035794/lineups: 404
  Processing Fixture 3591 (SS: 14035791, Status: scheduled)...
    Error fetching lineups for 14035791: Failed to fetch /event/14035791/lineups: 404
  Processing Fixture 4896 (SS: 14317730, Status: scheduled)...
    Error fetching lineups for 14317730: Failed to fetch /event/14317730/lineups: 404
  Processing Fixture 19582 (SS: 14288811, Status: scheduled)...
    Error fetching lineups for 14288811: Failed to fetch /event/14288811/lineups: 404
  Processing Fixture 20138 (SS: 14159154, Status: scheduled)...
    Error fetching lineups for 14159154: Failed to fetch /event/14159154/lineups: 404
  Processing Fixture 21693 (SS: 13981946, Status: scheduled)...
    Error fetching lineups for 13981946: Failed to fetch /event/13981946/lineups: 404
  Processing Fixture 20139 (SS: 14159158, Status: scheduled)...
    Error fetching lineups for 14159158: Failed to fetch /event/14159158/lineups: 404
  Processing Fixture 22026 (SS: 14065042, Status: scheduled)...
    Error fetching lineups for 14065042: Failed to fetch /event/14065042/lineups: 404
  Processing Fixture 22435 (SS: 15362679, Status: scheduled)...
    Error fetching lineups for 15362679: Failed to fetch /event/15362679/lineups: 404
  Processing Fixture 22436 (SS: 15362684, Status: scheduled)...
    Error fetching lineups for 15362684: Failed to fetch /event/15362684/lineups: 404
  Processing Fixture 22594 (SS: 15204332, Status: scheduled)...
    Error fetching lineups for 15204332: Failed to fetch /event/15204332/lineups: 404
  Processing Fixture 19343 (SS: 14032350, Status: scheduled)...
    Error fetching lineups for 14032350: Failed to fetch /event/14032350/lineups: 404
  Processing Fixture 5529 (SS: 14083814, Status: scheduled)...
    Error fetching lineups for 14083814: Failed to fetch /event/14083814/lineups: 404
  Processing Fixture 5530 (SS: 14083353, Status: scheduled)...
    Error fetching lineups for 14083353: Failed to fetch /event/14083353/lineups: 404
  Processing Fixture 19053 (SS: 14053644, Status: scheduled)...
    Error fetching lineups for 14053644: Failed to fetch /event/14053644/lineups: 404
  Processing Fixture 2767 (SS: 14391496, Status: scheduled)...
    Error fetching lineups for 14391496: Failed to fetch /event/14391496/lineups: 404
  Processing Fixture 4897 (SS: 14317559, Status: scheduled)...
    Error fetching lineups for 14317559: Failed to fetch /event/14317559/lineups: 404
  Processing Fixture 12136 (SS: 14064850, Status: scheduled)...
    Error fetching lineups for 14064850: Failed to fetch /event/14064850/lineups: 404
  Processing Fixture 19583 (SS: 14288809, Status: scheduled)...
    Error fetching lineups for 14288809: Failed to fetch /event/14288809/lineups: 404
  Processing Fixture 21694 (SS: 13981949, Status: scheduled)...
    Error fetching lineups for 13981949: Failed to fetch /event/13981949/lineups: 404
  Processing Fixture 4157 (SS: 14065462, Status: scheduled)...
    Error fetching lineups for 14065462: Failed to fetch /event/14065462/lineups: 404
  Processing Fixture 22437 (SS: 15362683, Status: scheduled)...
    Error fetching lineups for 15362683: Failed to fetch /event/15362683/lineups: 404
  Processing Fixture 19344 (SS: 14032425, Status: scheduled)...
    Error fetching lineups for 14032425: Failed to fetch /event/14032425/lineups: 404
  Processing Fixture 5531 (SS: 14083813, Status: scheduled)...
    Error fetching lineups for 14083813: Failed to fetch /event/14083813/lineups: 404
  Processing Fixture 19054 (SS: 14053653, Status: scheduled)...
    Error fetching lineups for 14053653: Failed to fetch /event/14053653/lineups: 404
  Processing Fixture 21029 (SS: 15342032, Status: scheduled)...
    Error fetching lineups for 15342032: Failed to fetch /event/15342032/lineups: 404
  Processing Fixture 19584 (SS: 14288805, Status: scheduled)...
    Error fetching lineups for 14288805: Failed to fetch /event/14288805/lineups: 404
  Processing Fixture 21030 (SS: 15345892, Status: scheduled)...
    Error fetching lineups for 15345892: Failed to fetch /event/15345892/lineups: 404
  Processing Fixture 21408 (SS: 15238960, Status: scheduled)...
    Error fetching lineups for 15238960: Failed to fetch /event/15238960/lineups: 404
  Processing Fixture 21409 (SS: 15238961, Status: scheduled)...
    Error fetching lineups for 15238961: Failed to fetch /event/15238961/lineups: 404
  Processing Fixture 21410 (SS: 15238962, Status: scheduled)...
    Error fetching lineups for 15238962: Failed to fetch /event/15238962/lineups: 404
  Processing Fixture 21411 (SS: 15238963, Status: scheduled)...
    Error fetching lineups for 15238963: Failed to fetch /event/15238963/lineups: 404
  Processing Fixture 22188 (SS: 14038608, Status: scheduled)...
    Error fetching lineups for 14038608: Failed to fetch /event/14038608/lineups: 404
  Processing Fixture 21412 (SS: 15238964, Status: scheduled)...
    Error fetching lineups for 15238964: Failed to fetch /event/15238964/lineups: 404
  Processing Fixture 19892 (SS: 14109828, Status: scheduled)...
    Error fetching lineups for 14109828: Failed to fetch /event/14109828/lineups: 404
  Processing Fixture 19055 (SS: 14053650, Status: scheduled)...
    Error fetching lineups for 14053650: Failed to fetch /event/14053650/lineups: 404
  Processing Fixture 21695 (SS: 13981945, Status: scheduled)...
    Error fetching lineups for 13981945: Failed to fetch /event/13981945/lineups: 404
  Processing Fixture 22189 (SS: 14038612, Status: scheduled)...
    Error fetching lineups for 14038612: Failed to fetch /event/14038612/lineups: 404
  Processing Fixture 4158 (SS: 14065461, Status: scheduled)...
    Error fetching lineups for 14065461: Failed to fetch /event/14065461/lineups: 404
  Processing Fixture 4159 (SS: 14065460, Status: scheduled)...
    Error fetching lineups for 14065460: Failed to fetch /event/14065460/lineups: 404
  Processing Fixture 4160 (SS: 14065459, Status: scheduled)...
    Error fetching lineups for 14065459: Failed to fetch /event/14065459/lineups: 404
  Processing Fixture 19345 (SS: 14032349, Status: scheduled)...
    Error fetching lineups for 14032349: Failed to fetch /event/14032349/lineups: 404
  Processing Fixture 22027 (SS: 14065039, Status: scheduled)...
    Error fetching lineups for 14065039: Failed to fetch /event/14065039/lineups: 404
  Processing Fixture 5532 (SS: 14083349, Status: scheduled)...
    Error fetching lineups for 14083349: Failed to fetch /event/14083349/lineups: 404
  Processing Fixture 20140 (SS: 14159163, Status: scheduled)...
    Error fetching lineups for 14159163: Failed to fetch /event/14159163/lineups: 404
  Processing Fixture 22438 (SS: 15362686, Status: scheduled)...
    Error fetching lineups for 15362686: Failed to fetch /event/15362686/lineups: 404
  Processing Fixture 22595 (SS: 15204333, Status: scheduled)...
    Error fetching lineups for 15204333: Failed to fetch /event/15204333/lineups: 404
  Processing Fixture 22596 (SS: 15204334, Status: scheduled)...
    Error fetching lineups for 15204334: Failed to fetch /event/15204334/lineups: 404
  Processing Fixture 19056 (SS: 14053663, Status: scheduled)...
    Error fetching lineups for 14053663: Failed to fetch /event/14053663/lineups: 404
  Processing Fixture 19057 (SS: 14053666, Status: scheduled)...
    Error fetching lineups for 14053666: Failed to fetch /event/14053666/lineups: 404
  Processing Fixture 21696 (SS: 13981955, Status: scheduled)...
    Error fetching lineups for 13981955: Failed to fetch /event/13981955/lineups: 404
  Processing Fixture 4898 (SS: 14317568, Status: scheduled)...
    Error fetching lineups for 14317568: Failed to fetch /event/14317568/lineups: 404
  Processing Fixture 4899 (SS: 14317732, Status: scheduled)...
    Error fetching lineups for 14317732: Failed to fetch /event/14317732/lineups: 404
  Processing Fixture 22190 (SS: 14038604, Status: scheduled)...
    Error fetching lineups for 14038604: Failed to fetch /event/14038604/lineups: 404
  Processing Fixture 20141 (SS: 14159159, Status: scheduled)...
    Error fetching lineups for 14159159: Failed to fetch /event/14159159/lineups: 404
  Processing Fixture 19346 (SS: 14032358, Status: scheduled)...
    Error fetching lineups for 14032358: Failed to fetch /event/14032358/lineups: 404
  Processing Fixture 19893 (SS: 14109826, Status: scheduled)...
    Error fetching lineups for 14109826: Failed to fetch /event/14109826/lineups: 404
  Processing Fixture 19894 (SS: 14109825, Status: scheduled)...
    Error fetching lineups for 14109825: Failed to fetch /event/14109825/lineups: 404
  Processing Fixture 22028 (SS: 14065043, Status: scheduled)...
    Error fetching lineups for 14065043: Failed to fetch /event/14065043/lineups: 404
  Processing Fixture 5533 (SS: 14083347, Status: scheduled)...
    Error fetching lineups for 14083347: Failed to fetch /event/14083347/lineups: 404
  Processing Fixture 5534 (SS: 14083356, Status: scheduled)...
    Error fetching lineups for 14083356: Failed to fetch /event/14083356/lineups: 404
  Processing Fixture 22439 (SS: 15362691, Status: scheduled)...
    Error fetching lineups for 15362691: Failed to fetch /event/15362691/lineups: 404
  Processing Fixture 22440 (SS: 15362692, Status: scheduled)...
    Error fetching lineups for 15362692: Failed to fetch /event/15362692/lineups: 404
  Processing Fixture 19058 (SS: 14053647, Status: scheduled)...
    Error fetching lineups for 14053647: Failed to fetch /event/14053647/lineups: 404
  Processing Fixture 20142 (SS: 14159170, Status: scheduled)...
    Error fetching lineups for 14159170: Failed to fetch /event/14159170/lineups: 404
  Processing Fixture 20287 (SS: 14065682, Status: scheduled)...
    Error fetching lineups for 14065682: Failed to fetch /event/14065682/lineups: 404
  Processing Fixture 20288 (SS: 14065680, Status: scheduled)...
    Error fetching lineups for 14065680: Failed to fetch /event/14065680/lineups: 404
  Processing Fixture 20289 (SS: 14065689, Status: scheduled)...
    Error fetching lineups for 14065689: Failed to fetch /event/14065689/lineups: 404
  Processing Fixture 20290 (SS: 14065683, Status: scheduled)...
    Error fetching lineups for 14065683: Failed to fetch /event/14065683/lineups: 404
  Processing Fixture 20291 (SS: 14065688, Status: scheduled)...
    Error fetching lineups for 14065688: Failed to fetch /event/14065688/lineups: 404
  Processing Fixture 20292 (SS: 14065685, Status: scheduled)...
    Error fetching lineups for 14065685: Failed to fetch /event/14065685/lineups: 404
  Processing Fixture 20805 (SS: 13984684, Status: scheduled)...
    Error fetching lineups for 13984684: Failed to fetch /event/13984684/lineups: 404
  Processing Fixture 20806 (SS: 13984688, Status: scheduled)...
    Error fetching lineups for 13984688: Failed to fetch /event/13984688/lineups: 404
  Processing Fixture 20807 (SS: 13984685, Status: scheduled)...
    Error fetching lineups for 13984685: Failed to fetch /event/13984685/lineups: 404
  Processing Fixture 20808 (SS: 13984687, Status: scheduled)...
    Error fetching lineups for 13984687: Failed to fetch /event/13984687/lineups: 404
  Processing Fixture 20809 (SS: 13984686, Status: scheduled)...
    Error fetching lineups for 13984686: Failed to fetch /event/13984686/lineups: 404
  Processing Fixture 20810 (SS: 13984683, Status: scheduled)...
    Error fetching lineups for 13984683: Failed to fetch /event/13984683/lineups: 404
  Processing Fixture 4900 (SS: 14317723, Status: scheduled)...
    Error fetching lineups for 14317723: Failed to fetch /event/14317723/lineups: 404
  Processing Fixture 19585 (SS: 14288808, Status: scheduled)...
    Error fetching lineups for 14288808: Failed to fetch /event/14288808/lineups: 404
  Processing Fixture 21697 (SS: 13981954, Status: scheduled)...
    Error fetching lineups for 13981954: Failed to fetch /event/13981954/lineups: 404
  Processing Fixture 20143 (SS: 14159161, Status: scheduled)...
    Error fetching lineups for 14159161: Failed to fetch /event/14159161/lineups: 404
  Processing Fixture 5535 (SS: 14083336, Status: scheduled)...
    Error fetching lineups for 14083336: Failed to fetch /event/14083336/lineups: 404
  Processing Fixture 19347 (SS: 14032351, Status: scheduled)...
    Error fetching lineups for 14032351: Failed to fetch /event/14032351/lineups: 404
  Processing Fixture 22029 (SS: 14065034, Status: scheduled)...
    Error fetching lineups for 14065034: Failed to fetch /event/14065034/lineups: 404
  Processing Fixture 19348 (SS: 14032427, Status: scheduled)...
    Error fetching lineups for 14032427: Failed to fetch /event/14032427/lineups: 404
  Processing Fixture 19059 (SS: 14053641, Status: scheduled)...
    Error fetching lineups for 14053641: Failed to fetch /event/14053641/lineups: 404
  Processing Fixture 19586 (SS: 14288812, Status: scheduled)...
    Error fetching lineups for 14288812: Failed to fetch /event/14288812/lineups: 404
  Processing Fixture 5536 (SS: 14083344, Status: scheduled)...
    Error fetching lineups for 14083344: Failed to fetch /event/14083344/lineups: 404
  Processing Fixture 19587 (SS: 14288807, Status: scheduled)...
    Error fetching lineups for 14288807: Failed to fetch /event/14288807/lineups: 404
  Processing Fixture 5537 (SS: 14083358, Status: scheduled)...
    Error fetching lineups for 14083358: Failed to fetch /event/14083358/lineups: 404
  Processing Fixture 12137 (SS: 15503737, Status: scheduled)...
    Error fetching lineups for 15503737: Failed to fetch /event/15503737/lineups: 404
Scheduled window [+0h, +72h], order=asc, skipped_on_404_cooldown=185
Found 1 fixtures to process.
  Processing Fixture 20829 (SS: 15581703, Status: scheduled)...
    Error fetching lineups for 15581703: Failed to fetch /event/15581703/lineups: 404
Scheduled window [+0h, +72h], order=asc, skipped_on_404_cooldown=182
Found 2 fixtures to process.
  Processing Fixture 1123 (SS: 15184395, Status: scheduled)...
    Error fetching lineups for 15184395: Failed to fetch /event/15184395/lineups: 404
  Processing Fixture 19588 (SS: 14288810, Status: scheduled)...
    Error fetching lineups for 14288810: Failed to fetch /event/14288810/lineups: 404
Scheduled window [+0h, +72h], order=asc, skipped_on_404_cooldown=182
No fixtures found needing availability (Status: scheduled).
Scheduled window [+0h, +72h], order=asc, skipped_on_404_cooldown=181
Found 1 fixtures to process.
  Processing Fixture 22030 (SS: 14065044, Status: scheduled)...
    Error fetching lineups for 14065044: Failed to fetch /event/14065044/lineups: 404
Scheduled window [+0h, +72h], order=asc, skipped_on_404_cooldown=181
No fixtures found needing availability (Status: scheduled).
Scheduled window [+0h, +72h], order=asc, skipped_on_404_cooldown=180
Found 1 fixtures to process.
  Processing Fixture 21698 (SS: 13981944, Status: scheduled)...
    Error fetching lineups for 13981944: Failed to fetch /event/13981944/lineups: 404
Scheduled window [+0h, +72h], order=asc, skipped_on_404_cooldown=5
Found 176 fixtures to process.
  Processing Fixture 22184 (SS: 14167189, Status: scheduled)...
    Error fetching lineups for 14167189: Failed to fetch /event/14167189/lineups: 404
  Processing Fixture 21404 (SS: 15238956, Status: scheduled)...
    OK - committed availability for fixture 21404
  Processing Fixture 21405 (SS: 15238957, Status: scheduled)...
    OK - committed availability for fixture 21405
  Processing Fixture 19888 (SS: 14109827, Status: scheduled)...
    Error fetching lineups for 14109827: Failed to fetch /event/14109827/lineups: 404
  Processing Fixture 22185 (SS: 14038606, Status: scheduled)...
    Error fetching lineups for 14038606: Failed to fetch /event/14038606/lineups: 404
  Processing Fixture 21406 (SS: 15238959, Status: scheduled)...
    Error fetching lineups for 15238959: Failed to fetch /event/15238959/lineups: 404
  Processing Fixture 21407 (SS: 15238958, Status: scheduled)...
    Error fetching lineups for 15238958: Failed to fetch /event/15238958/lineups: 404
  Processing Fixture 19889 (SS: 14109822, Status: scheduled)...
    Error fetching lineups for 14109822: Failed to fetch /event/14109822/lineups: 404
  Processing Fixture 4154 (SS: 14065458, Status: scheduled)...
    Error fetching lineups for 14065458: Failed to fetch /event/14065458/lineups: 404
  Processing Fixture 4155 (SS: 14065455, Status: scheduled)...
    Error fetching lineups for 14065455: Failed to fetch /event/14065455/lineups: 404
  Processing Fixture 4156 (SS: 14065463, Status: scheduled)...
    Error fetching lineups for 14065463: Failed to fetch /event/14065463/lineups: 404
  Processing Fixture 22025 (SS: 14065045, Status: scheduled)...
    Error fetching lineups for 14065045: Failed to fetch /event/14065045/lineups: 404
  Processing Fixture 22186 (SS: 14038610, Status: scheduled)...
    Error fetching lineups for 14038610: Failed to fetch /event/14038610/lineups: 404
  Processing Fixture 12134 (SS: 14064839, Status: scheduled)...
    Error fetching lineups for 14064839: Failed to fetch /event/14064839/lineups: 404
  Processing Fixture 12135 (SS: 14064847, Status: scheduled)...
    Error fetching lineups for 14064847: Failed to fetch /event/14064847/lineups: 404
  Processing Fixture 1113 (SS: 14059871, Status: scheduled)...
    Error fetching lineups for 14059871: Failed to fetch /event/14059871/lineups: 404
  Processing Fixture 1114 (SS: 14059872, Status: scheduled)...
    Error fetching lineups for 14059872: Failed to fetch /event/14059872/lineups: 404
  Processing Fixture 1115 (SS: 14059874, Status: scheduled)...
    Error fetching lineups for 14059874: Failed to fetch /event/14059874/lineups: 404
  Processing Fixture 1649 (SS: 14061241, Status: scheduled)...
    Error fetching lineups for 14061241: Failed to fetch /event/14061241/lineups: 404
  Processing Fixture 1650 (SS: 14061278, Status: scheduled)...
    Error fetching lineups for 14061278: Failed to fetch /event/14061278/lineups: 404
  Processing Fixture 2203 (SS: 14060771, Status: scheduled)...
    Error fetching lineups for 14060771: Failed to fetch /event/14060771/lineups: 404
  Processing Fixture 2204 (SS: 14060805, Status: scheduled)...
    Error fetching lineups for 14060805: Failed to fetch /event/14060805/lineups: 404
  Processing Fixture 2205 (SS: 14060810, Status: scheduled)...
    Error fetching lineups for 14060810: Failed to fetch /event/14060810/lineups: 404
  Processing Fixture 21692 (SS: 13981947, Status: scheduled)...
    Error fetching lineups for 13981947: Failed to fetch /event/13981947/lineups: 404
  Processing Fixture 4893 (SS: 14317729, Status: scheduled)...
    Error fetching lineups for 14317729: Failed to fetch /event/14317729/lineups: 404
  Processing Fixture 4894 (SS: 14317726, Status: scheduled)...
    Error fetching lineups for 14317726: Failed to fetch /event/14317726/lineups: 404
  Processing Fixture 4895 (SS: 14317725, Status: scheduled)...
    Error fetching lineups for 14317725: Failed to fetch /event/14317725/lineups: 404
  Processing Fixture 20137 (SS: 14159160, Status: scheduled)...
    Error fetching lineups for 14159160: Failed to fetch /event/14159160/lineups: 404
  Processing Fixture 22187 (SS: 14038607, Status: scheduled)...
    Error fetching lineups for 14038607: Failed to fetch /event/14038607/lineups: 404
  Processing Fixture 19342 (SS: 14032354, Status: scheduled)...
    Error fetching lineups for 14032354: Failed to fetch /event/14032354/lineups: 404
  Processing Fixture 19890 (SS: 14109823, Status: scheduled)...
    Error fetching lineups for 14109823: Failed to fetch /event/14109823/lineups: 404
  Processing Fixture 19891 (SS: 14109820, Status: scheduled)...
    Error fetching lineups for 14109820: Failed to fetch /event/14109820/lineups: 404
  Processing Fixture 5528 (SS: 14083340, Status: scheduled)...
    Error fetching lineups for 14083340: Failed to fetch /event/14083340/lineups: 404
  Processing Fixture 19052 (SS: 14053659, Status: scheduled)...
    Error fetching lineups for 14053659: Failed to fetch /event/14053659/lineups: 404
  Processing Fixture 1116 (SS: 14059869, Status: scheduled)...
    Error fetching lineups for 14059869: Failed to fetch /event/14059869/lineups: 404
  Processing Fixture 1117 (SS: 14059876, Status: scheduled)...
    Error fetching lineups for 14059876: Failed to fetch /event/14059876/lineups: 404
  Processing Fixture 1118 (SS: 14059870, Status: scheduled)...
    Error fetching lineups for 14059870: Failed to fetch /event/14059870/lineups: 404
  Processing Fixture 1119 (SS: 14059873, Status: scheduled)...
    Error fetching lineups for 14059873: Failed to fetch /event/14059873/lineups: 404
  Processing Fixture 1120 (SS: 14059877, Status: scheduled)...
    Error fetching lineups for 14059877: Failed to fetch /event/14059877/lineups: 404
  Processing Fixture 1121 (SS: 14059867, Status: scheduled)...
    Error fetching lineups for 14059867: Failed to fetch /event/14059867/lineups: 404
  Processing Fixture 1122 (SS: 14059875, Status: scheduled)...
    Error fetching lineups for 14059875: Failed to fetch /event/14059875/lineups: 404
  Processing Fixture 1651 (SS: 14061322, Status: scheduled)...
    Error fetching lineups for 14061322: Failed to fetch /event/14061322/lineups: 404
  Processing Fixture 1652 (SS: 14061290, Status: scheduled)...
    Error fetching lineups for 14061290: Failed to fetch /event/14061290/lineups: 404
  Processing Fixture 1653 (SS: 14061316, Status: scheduled)...
    Error fetching lineups for 14061316: Failed to fetch /event/14061316/lineups: 404
  Processing Fixture 1654 (SS: 14061253, Status: scheduled)...
    Error fetching lineups for 14061253: Failed to fetch /event/14061253/lineups: 404
  Processing Fixture 1655 (SS: 14061303, Status: scheduled)...
    Error fetching lineups for 14061303: Failed to fetch /event/14061303/lineups: 404
  Processing Fixture 1656 (SS: 14061265, Status: scheduled)...
    Error fetching lineups for 14061265: Failed to fetch /event/14061265/lineups: 404
  Processing Fixture 1657 (SS: 14061216, Status: scheduled)...
    Error fetching lineups for 14061216: Failed to fetch /event/14061216/lineups: 404
  Processing Fixture 1658 (SS: 14061328, Status: scheduled)...
    Error fetching lineups for 14061328: Failed to fetch /event/14061328/lineups: 404
  Processing Fixture 1659 (SS: 14061229, Status: scheduled)...
    Error fetching lineups for 14061229: Failed to fetch /event/14061229/lineups: 404
  Processing Fixture 1660 (SS: 14061334, Status: scheduled)...
    Error fetching lineups for 14061334: Failed to fetch /event/14061334/lineups: 404
  Processing Fixture 2206 (SS: 14060800, Status: scheduled)...
    Error fetching lineups for 14060800: Failed to fetch /event/14060800/lineups: 404
  Processing Fixture 2207 (SS: 14060786, Status: scheduled)...
    Error fetching lineups for 14060786: Failed to fetch /event/14060786/lineups: 404
  Processing Fixture 2208 (SS: 14060796, Status: scheduled)...
    Error fetching lineups for 14060796: Failed to fetch /event/14060796/lineups: 404
  Processing Fixture 2209 (SS: 14060766, Status: scheduled)...
    Error fetching lineups for 14060766: Failed to fetch /event/14060766/lineups: 404
  Processing Fixture 2210 (SS: 14060781, Status: scheduled)...
    Error fetching lineups for 14060781: Failed to fetch /event/14060781/lineups: 404
  Processing Fixture 2211 (SS: 14060761, Status: scheduled)...
    Error fetching lineups for 14060761: Failed to fetch /event/14060761/lineups: 404
  Processing Fixture 2212 (SS: 14060776, Status: scheduled)...
    Error fetching lineups for 14060776: Failed to fetch /event/14060776/lineups: 404
  Processing Fixture 2213 (SS: 14060757, Status: scheduled)...
    Error fetching lineups for 14060757: Failed to fetch /event/14060757/lineups: 404
  Processing Fixture 2759 (SS: 14391490, Status: scheduled)...
    Error fetching lineups for 14391490: Failed to fetch /event/14391490/lineups: 404
  Processing Fixture 2760 (SS: 14391500, Status: scheduled)...
    Error fetching lineups for 14391500: Failed to fetch /event/14391500/lineups: 404
  Processing Fixture 2761 (SS: 14391497, Status: scheduled)...
    Error fetching lineups for 14391497: Failed to fetch /event/14391497/lineups: 404
  Processing Fixture 2762 (SS: 14391499, Status: scheduled)...
    Error fetching lineups for 14391499: Failed to fetch /event/14391499/lineups: 404
  Processing Fixture 2763 (SS: 14391493, Status: scheduled)...
    Error fetching lineups for 14391493: Failed to fetch /event/14391493/lineups: 404
  Processing Fixture 2764 (SS: 14391495, Status: scheduled)...
    Error fetching lineups for 14391495: Failed to fetch /event/14391495/lineups: 404
  Processing Fixture 2765 (SS: 14391494, Status: scheduled)...
    Error fetching lineups for 14391494: Failed to fetch /event/14391494/lineups: 404
  Processing Fixture 2766 (SS: 14391492, Status: scheduled)...
    Error fetching lineups for 14391492: Failed to fetch /event/14391492/lineups: 404
  Processing Fixture 3071 (SS: 14035286, Status: scheduled)...
    Error fetching lineups for 14035286: Failed to fetch /event/14035286/lineups: 404
  Processing Fixture 3072 (SS: 14035288, Status: scheduled)...
    Error fetching lineups for 14035288: Failed to fetch /event/14035288/lineups: 404
  Processing Fixture 3073 (SS: 14035287, Status: scheduled)...
    Error fetching lineups for 14035287: Failed to fetch /event/14035287/lineups: 404
  Processing Fixture 3074 (SS: 14035290, Status: scheduled)...
    Error fetching lineups for 14035290: Failed to fetch /event/14035290/lineups: 404
  Processing Fixture 3075 (SS: 14035289, Status: scheduled)...
    Error fetching lineups for 14035289: Failed to fetch /event/14035289/lineups: 404
  Processing Fixture 3230 (SS: 14035446, Status: scheduled)...
    Error fetching lineups for 14035446: Failed to fetch /event/14035446/lineups: 404
  Processing Fixture 3231 (SS: 14035451, Status: scheduled)...
    Error fetching lineups for 14035451: Failed to fetch /event/14035451/lineups: 404
  Processing Fixture 3232 (SS: 14035448, Status: scheduled)...
    Error fetching lineups for 14035448: Failed to fetch /event/14035448/lineups: 404
  Processing Fixture 3233 (SS: 14035449, Status: scheduled)...
    Error fetching lineups for 14035449: Failed to fetch /event/14035449/lineups: 404
  Processing Fixture 3234 (SS: 14035450, Status: scheduled)...
    Error fetching lineups for 14035450: Failed to fetch /event/14035450/lineups: 404
  Processing Fixture 3409 (SS: 14035613, Status: scheduled)...
    Error fetching lineups for 14035613: Failed to fetch /event/14035613/lineups: 404
  Processing Fixture 3410 (SS: 14035615, Status: scheduled)...
    Error fetching lineups for 14035615: Failed to fetch /event/14035615/lineups: 404
  Processing Fixture 3411 (SS: 14035612, Status: scheduled)...
    Error fetching lineups for 14035612: Failed to fetch /event/14035612/lineups: 404
  Processing Fixture 3412 (SS: 14035616, Status: scheduled)...
    Error fetching lineups for 14035616: Failed to fetch /event/14035616/lineups: 404
  Processing Fixture 3413 (SS: 14035614, Status: scheduled)...
    Error fetching lineups for 14035614: Failed to fetch /event/14035614/lineups: 404
  Processing Fixture 3587 (SS: 14035793, Status: scheduled)...
    Error fetching lineups for 14035793: Failed to fetch /event/14035793/lineups: 404
  Processing Fixture 3588 (SS: 14035795, Status: scheduled)...
    Error fetching lineups for 14035795: Failed to fetch /event/14035795/lineups: 404
  Processing Fixture 3589 (SS: 14035796, Status: scheduled)...
    Error fetching lineups for 14035796: Failed to fetch /event/14035796/lineups: 404
  Processing Fixture 3590 (SS: 14035794, Status: scheduled)...
    Error fetching lineups for 14035794: Failed to fetch /event/14035794/lineups: 404
  Processing Fixture 3591 (SS: 14035791, Status: scheduled)...
    Error fetching lineups for 14035791: Failed to fetch /event/14035791/lineups: 404
  Processing Fixture 4896 (SS: 14317730, Status: scheduled)...
    Error fetching lineups for 14317730: Failed to fetch /event/14317730/lineups: 404
  Processing Fixture 19582 (SS: 14288811, Status: scheduled)...
    Error fetching lineups for 14288811: Failed to fetch /event/14288811/lineups: 404
  Processing Fixture 20138 (SS: 14159154, Status: scheduled)...
    Error fetching lineups for 14159154: Failed to fetch /event/14159154/lineups: 404
  Processing Fixture 21693 (SS: 13981946, Status: scheduled)...
    Error fetching lineups for 13981946: Failed to fetch /event/13981946/lineups: 404
  Processing Fixture 20139 (SS: 14159158, Status: scheduled)...
    Error fetching lineups for 14159158: Failed to fetch /event/14159158/lineups: 404
  Processing Fixture 22026 (SS: 14065042, Status: scheduled)...
    Error fetching lineups for 14065042: Failed to fetch /event/14065042/lineups: 404
  Processing Fixture 22435 (SS: 15362679, Status: scheduled)...
    Error fetching lineups for 15362679: Failed to fetch /event/15362679/lineups: 404
  Processing Fixture 22436 (SS: 15362684, Status: scheduled)...
    Error fetching lineups for 15362684: Failed to fetch /event/15362684/lineups: 404
  Processing Fixture 22594 (SS: 15204332, Status: scheduled)...
    Error fetching lineups for 15204332: Failed to fetch /event/15204332/lineups: 404
  Processing Fixture 19343 (SS: 14032350, Status: scheduled)...
    Error fetching lineups for 14032350: Failed to fetch /event/14032350/lineups: 404
  Processing Fixture 5529 (SS: 14083814, Status: scheduled)...
    Error fetching lineups for 14083814: Failed to fetch /event/14083814/lineups: 404
  Processing Fixture 5530 (SS: 14083353, Status: scheduled)...
    Error fetching lineups for 14083353: Failed to fetch /event/14083353/lineups: 404
  Processing Fixture 19053 (SS: 14053644, Status: scheduled)...
    Error fetching lineups for 14053644: Failed to fetch /event/14053644/lineups: 404
  Processing Fixture 2767 (SS: 14391496, Status: scheduled)...
    Error fetching lineups for 14391496: Failed to fetch /event/14391496/lineups: 404
  Processing Fixture 4897 (SS: 14317559, Status: scheduled)...
    Error fetching lineups for 14317559: Failed to fetch /event/14317559/lineups: 404
  Processing Fixture 12136 (SS: 14064850, Status: scheduled)...
    Error fetching lineups for 14064850: Failed to fetch /event/14064850/lineups: 404
  Processing Fixture 19583 (SS: 14288809, Status: scheduled)...
    Error fetching lineups for 14288809: Failed to fetch /event/14288809/lineups: 404
  Processing Fixture 21694 (SS: 13981949, Status: scheduled)...
    Error fetching lineups for 13981949: Failed to fetch /event/13981949/lineups: 404
  Processing Fixture 4157 (SS: 14065462, Status: scheduled)...
    Error fetching lineups for 14065462: Failed to fetch /event/14065462/lineups: 404
  Processing Fixture 22437 (SS: 15362683, Status: scheduled)...
    Error fetching lineups for 15362683: Failed to fetch /event/15362683/lineups: 404
  Processing Fixture 19344 (SS: 14032425, Status: scheduled)...
    Error fetching lineups for 14032425: Failed to fetch /event/14032425/lineups: 404
  Processing Fixture 5531 (SS: 14083813, Status: scheduled)...
    Error fetching lineups for 14083813: Failed to fetch /event/14083813/lineups: 404
  Processing Fixture 19054 (SS: 14053653, Status: scheduled)...
    Error fetching lineups for 14053653: Failed to fetch /event/14053653/lineups: 404
  Processing Fixture 21029 (SS: 15342032, Status: scheduled)...
    Error fetching lineups for 15342032: Failed to fetch /event/15342032/lineups: 404
  Processing Fixture 19584 (SS: 14288805, Status: scheduled)...
    Error fetching lineups for 14288805: Failed to fetch /event/14288805/lineups: 404
  Processing Fixture 21030 (SS: 15345892, Status: scheduled)...
    Error fetching lineups for 15345892: Failed to fetch /event/15345892/lineups: 404
  Processing Fixture 21408 (SS: 15238960, Status: scheduled)...
    Error fetching lineups for 15238960: Failed to fetch /event/15238960/lineups: 404
  Processing Fixture 21409 (SS: 15238961, Status: scheduled)...
    Error fetching lineups for 15238961: Failed to fetch /event/15238961/lineups: 404
  Processing Fixture 21410 (SS: 15238962, Status: scheduled)...
    Error fetching lineups for 15238962: Failed to fetch /event/15238962/lineups: 404
  Processing Fixture 21411 (SS: 15238963, Status: scheduled)...
    Error fetching lineups for 15238963: Failed to fetch /event/15238963/lineups: 404
  Processing Fixture 22188 (SS: 14038608, Status: scheduled)...
    Error fetching lineups for 14038608: Failed to fetch /event/14038608/lineups: 404
  Processing Fixture 21412 (SS: 15238964, Status: scheduled)...
    Error fetching lineups for 15238964: Failed to fetch /event/15238964/lineups: 404
  Processing Fixture 19892 (SS: 14109828, Status: scheduled)...
    Error fetching lineups for 14109828: Failed to fetch /event/14109828/lineups: 404
  Processing Fixture 19055 (SS: 14053650, Status: scheduled)...
    Error fetching lineups for 14053650: Failed to fetch /event/14053650/lineups: 404
  Processing Fixture 21695 (SS: 13981945, Status: scheduled)...
    Error fetching lineups for 13981945: Failed to fetch /event/13981945/lineups: 404
  Processing Fixture 22189 (SS: 14038612, Status: scheduled)...
    Error fetching lineups for 14038612: Failed to fetch /event/14038612/lineups: 404
  Processing Fixture 4158 (SS: 14065461, Status: scheduled)...
    Error fetching lineups for 14065461: Failed to fetch /event/14065461/lineups: 404
  Processing Fixture 4159 (SS: 14065460, Status: scheduled)...
    Error fetching lineups for 14065460: Failed to fetch /event/14065460/lineups: 404
  Processing Fixture 4160 (SS: 14065459, Status: scheduled)...
    Error fetching lineups for 14065459: Failed to fetch /event/14065459/lineups: 404
  Processing Fixture 19345 (SS: 14032349, Status: scheduled)...
    Error fetching lineups for 14032349: Failed to fetch /event/14032349/lineups: 404
  Processing Fixture 22027 (SS: 14065039, Status: scheduled)...
    Error fetching lineups for 14065039: Failed to fetch /event/14065039/lineups: 404
  Processing Fixture 5532 (SS: 14083349, Status: scheduled)...
    Error fetching lineups for 14083349: Failed to fetch /event/14083349/lineups: 404
  Processing Fixture 20140 (SS: 14159163, Status: scheduled)...
    Error fetching lineups for 14159163: Failed to fetch /event/14159163/lineups: 404
  Processing Fixture 22438 (SS: 15362686, Status: scheduled)...
    Error fetching lineups for 15362686: Failed to fetch /event/15362686/lineups: 404
  Processing Fixture 22595 (SS: 15204333, Status: scheduled)...
    Error fetching lineups for 15204333: Failed to fetch /event/15204333/lineups: 404
  Processing Fixture 22596 (SS: 15204334, Status: scheduled)...
    Error fetching lineups for 15204334: Failed to fetch /event/15204334/lineups: 404
  Processing Fixture 19056 (SS: 14053663, Status: scheduled)...
    Error fetching lineups for 14053663: Failed to fetch /event/14053663/lineups: 404
  Processing Fixture 19057 (SS: 14053666, Status: scheduled)...
    Error fetching lineups for 14053666: Failed to fetch /event/14053666/lineups: 404
  Processing Fixture 21696 (SS: 13981955, Status: scheduled)...
    Error fetching lineups for 13981955: Failed to fetch /event/13981955/lineups: 404
  Processing Fixture 4898 (SS: 14317568, Status: scheduled)...
    Error fetching lineups for 14317568: Failed to fetch /event/14317568/lineups: 404
  Processing Fixture 4899 (SS: 14317732, Status: scheduled)...
    Error fetching lineups for 14317732: Failed to fetch /event/14317732/lineups: 404
  Processing Fixture 22190 (SS: 14038604, Status: scheduled)...
    Error fetching lineups for 14038604: Failed to fetch /event/14038604/lineups: 404
  Processing Fixture 20141 (SS: 14159159, Status: scheduled)...
    Error fetching lineups for 14159159: Failed to fetch /event/14159159/lineups: 404
  Processing Fixture 19346 (SS: 14032358, Status: scheduled)...
    Error fetching lineups for 14032358: Failed to fetch /event/14032358/lineups: 404
  Processing Fixture 19893 (SS: 14109826, Status: scheduled)...
    Error fetching lineups for 14109826: Failed to fetch /event/14109826/lineups: 404
  Processing Fixture 19894 (SS: 14109825, Status: scheduled)...
    Error fetching lineups for 14109825: Failed to fetch /event/14109825/lineups: 404
  Processing Fixture 22028 (SS: 14065043, Status: scheduled)...
    Error fetching lineups for 14065043: Failed to fetch /event/14065043/lineups: 404
  Processing Fixture 5533 (SS: 14083347, Status: scheduled)...
    Error fetching lineups for 14083347: Failed to fetch /event/14083347/lineups: 404
  Processing Fixture 5534 (SS: 14083356, Status: scheduled)...
    Error fetching lineups for 14083356: Failed to fetch /event/14083356/lineups: 404
  Processing Fixture 22439 (SS: 15362691, Status: scheduled)...
    Error fetching lineups for 15362691: Failed to fetch /event/15362691/lineups: 404
  Processing Fixture 22440 (SS: 15362692, Status: scheduled)...
    Error fetching lineups for 15362692: Failed to fetch /event/15362692/lineups: 404
  Processing Fixture 19058 (SS: 14053647, Status: scheduled)...
    Error fetching lineups for 14053647: Failed to fetch /event/14053647/lineups: 404
  Processing Fixture 20142 (SS: 14159170, Status: scheduled)...
    Error fetching lineups for 14159170: Failed to fetch /event/14159170/lineups: 404
  Processing Fixture 20287 (SS: 14065682, Status: scheduled)...
    Error fetching lineups for 14065682: Failed to fetch /event/14065682/lineups: 404
  Processing Fixture 20288 (SS: 14065680, Status: scheduled)...
    Error fetching lineups for 14065680: Failed to fetch /event/14065680/lineups: 404
  Processing Fixture 20289 (SS: 14065689, Status: scheduled)...
    Error fetching lineups for 14065689: Failed to fetch /event/14065689/lineups: 404
  Processing Fixture 20290 (SS: 14065683, Status: scheduled)...
    Error fetching lineups for 14065683: Failed to fetch /event/14065683/lineups: 404
  Processing Fixture 20291 (SS: 14065688, Status: scheduled)...
    Error fetching lineups for 14065688: Failed to fetch /event/14065688/lineups: 404
  Processing Fixture 20292 (SS: 14065685, Status: scheduled)...
    Error fetching lineups for 14065685: Failed to fetch /event/14065685/lineups: 404
  Processing Fixture 20805 (SS: 13984684, Status: scheduled)...
    Error fetching lineups for 13984684: Failed to fetch /event/13984684/lineups: 404
  Processing Fixture 20806 (SS: 13984688, Status: scheduled)...
    Error fetching lineups for 13984688: Failed to fetch /event/13984688/lineups: 404
  Processing Fixture 20807 (SS: 13984685, Status: scheduled)...
    Error fetching lineups for 13984685: Failed to fetch /event/13984685/lineups: 404
  Processing Fixture 20808 (SS: 13984687, Status: scheduled)...
    Error fetching lineups for 13984687: Failed to fetch /event/13984687/lineups: 404
  Processing Fixture 20809 (SS: 13984686, Status: scheduled)...
    Error fetching lineups for 13984686: Failed to fetch /event/13984686/lineups: 404
  Processing Fixture 20810 (SS: 13984683, Status: scheduled)...
    Error fetching lineups for 13984683: Failed to fetch /event/13984683/lineups: 404
  Processing Fixture 4900 (SS: 14317723, Status: scheduled)...
    Error fetching lineups for 14317723: Failed to fetch /event/14317723/lineups: 404
  Processing Fixture 19585 (SS: 14288808, Status: scheduled)...
    Error fetching lineups for 14288808: Failed to fetch /event/14288808/lineups: 404
  Processing Fixture 21697 (SS: 13981954, Status: scheduled)...
    Error fetching lineups for 13981954: Failed to fetch /event/13981954/lineups: 404
  Processing Fixture 20143 (SS: 14159161, Status: scheduled)...
    Error fetching lineups for 14159161: Failed to fetch /event/14159161/lineups: 404
  Processing Fixture 5535 (SS: 14083336, Status: scheduled)...
    Error fetching lineups for 14083336: Failed to fetch /event/14083336/lineups: 404
  Processing Fixture 19347 (SS: 14032351, Status: scheduled)...
    Error fetching lineups for 14032351: Failed to fetch /event/14032351/lineups: 404
  Processing Fixture 22029 (SS: 14065034, Status: scheduled)...
    Error fetching lineups for 14065034: Failed to fetch /event/14065034/lineups: 404
  Processing Fixture 19348 (SS: 14032427, Status: scheduled)...
    Error fetching lineups for 14032427: Failed to fetch /event/14032427/lineups: 404
  Processing Fixture 19059 (SS: 14053641, Status: scheduled)...
    Error fetching lineups for 14053641: Failed to fetch /event/14053641/lineups: 404
  Processing Fixture 19586 (SS: 14288812, Status: scheduled)...
    Error fetching lineups for 14288812: Failed to fetch /event/14288812/lineups: 404
  Processing Fixture 5536 (SS: 14083344, Status: scheduled)...
    Error fetching lineups for 14083344: Failed to fetch /event/14083344/lineups: 404
  Processing Fixture 19587 (SS: 14288807, Status: scheduled)...
    Error fetching lineups for 14288807: Failed to fetch /event/14288807/lineups: 404
  Processing Fixture 5537 (SS: 14083358, Status: scheduled)...
    Error fetching lineups for 14083358: Failed to fetch /event/14083358/lineups: 404
  Processing Fixture 12137 (SS: 15503737, Status: scheduled)...
    Error fetching lineups for 15503737: Failed to fetch /event/15503737/lineups: 404
Scheduled window [+0h, +72h], order=asc, skipped_on_404_cooldown=178
Found 1 fixtures to process.
  Processing Fixture 20829 (SS: 15581703, Status: scheduled)...
    Error fetching lineups for 15581703: Failed to fetch /event/15581703/lineups: 404
Scheduled window [+0h, +72h], order=asc, skipped_on_404_cooldown=177
Found 2 fixtures to process.
  Processing Fixture 1123 (SS: 15184395, Status: scheduled)...
    Error fetching lineups for 15184395: Failed to fetch /event/15184395/lineups: 404
  Processing Fixture 19588 (SS: 14288810, Status: scheduled)...
    Error fetching lineups for 14288810: Failed to fetch /event/14288810/lineups: 404
Scheduled window [+0h, +72h], order=asc, skipped_on_404_cooldown=179
No fixtures found needing availability (Status: scheduled).
Scheduled window [+0h, +72h], order=asc, skipped_on_404_cooldown=178
Found 1 fixtures to process.
  Processing Fixture 22030 (SS: 14065044, Status: scheduled)...
    Error fetching lineups for 14065044: Failed to fetch /event/14065044/lineups: 404
Scheduled window [+0h, +72h], order=asc, skipped_on_404_cooldown=178
No fixtures found needing availability (Status: scheduled).
Scheduled window [+0h, +72h], order=asc, skipped_on_404_cooldown=0
Found 149 fixtures to process.
  Processing Fixture 5528 (SS: 14083340, Status: scheduled)...
    Error fetching lineups for 14083340: Failed to fetch /event/14083340/lineups: 404
  Processing Fixture 19052 (SS: 14053659, Status: scheduled)...
    Error fetching lineups for 14053659: Failed to fetch /event/14053659/lineups: 404
  Processing Fixture 1116 (SS: 14059869, Status: scheduled)...
    Error fetching lineups for 14059869: Failed to fetch /event/14059869/lineups: 404
  Processing Fixture 1117 (SS: 14059876, Status: scheduled)...
    Error fetching lineups for 14059876: Failed to fetch /event/14059876/lineups: 404
  Processing Fixture 1118 (SS: 14059870, Status: scheduled)...
    Error fetching lineups for 14059870: Failed to fetch /event/14059870/lineups: 404
  Processing Fixture 1119 (SS: 14059873, Status: scheduled)...
    OK - committed availability for fixture 1119
  Processing Fixture 1120 (SS: 14059877, Status: scheduled)...
    Error fetching lineups for 14059877: Failed to fetch /event/14059877/lineups: 404
  Processing Fixture 1121 (SS: 14059867, Status: scheduled)...
    Error fetching lineups for 14059867: Failed to fetch /event/14059867/lineups: 404
  Processing Fixture 1122 (SS: 14059875, Status: scheduled)...
    OK - committed availability for fixture 1122
  Processing Fixture 1651 (SS: 14061322, Status: scheduled)...
    Error fetching lineups for 14061322: Failed to fetch /event/14061322/lineups: 404
  Processing Fixture 1652 (SS: 14061290, Status: scheduled)...
    Error fetching lineups for 14061290: Failed to fetch /event/14061290/lineups: 404
  Processing Fixture 1653 (SS: 14061316, Status: scheduled)...
    Error fetching lineups for 14061316: Failed to fetch /event/14061316/lineups: 404
  Processing Fixture 1654 (SS: 14061253, Status: scheduled)...
    Error fetching lineups for 14061253: Failed to fetch /event/14061253/lineups: 404
  Processing Fixture 1655 (SS: 14061303, Status: scheduled)...
    Error fetching lineups for 14061303: Failed to fetch /event/14061303/lineups: 404
  Processing Fixture 1656 (SS: 14061265, Status: scheduled)...
    Error fetching lineups for 14061265: Failed to fetch /event/14061265/lineups: 404
  Processing Fixture 1657 (SS: 14061216, Status: scheduled)...
    Error fetching lineups for 14061216: Failed to fetch /event/14061216/lineups: 404
  Processing Fixture 1658 (SS: 14061328, Status: scheduled)...
    Error fetching lineups for 14061328: Failed to fetch /event/14061328/lineups: 404
  Processing Fixture 1659 (SS: 14061229, Status: scheduled)...
    Error fetching lineups for 14061229: Failed to fetch /event/14061229/lineups: 404
  Processing Fixture 1660 (SS: 14061334, Status: scheduled)...
    Error fetching lineups for 14061334: Failed to fetch /event/14061334/lineups: 404
  Processing Fixture 2206 (SS: 14060800, Status: scheduled)...
    Error fetching lineups for 14060800: Failed to fetch /event/14060800/lineups: 404
  Processing Fixture 2207 (SS: 14060786, Status: scheduled)...
    Error fetching lineups for 14060786: Failed to fetch /event/14060786/lineups: 404
  Processing Fixture 2208 (SS: 14060796, Status: scheduled)...
    Error fetching lineups for 14060796: Failed to fetch /event/14060796/lineups: 404
  Processing Fixture 2209 (SS: 14060766, Status: scheduled)...
    Error fetching lineups for 14060766: Failed to fetch /event/14060766/lineups: 404
  Processing Fixture 2210 (SS: 14060781, Status: scheduled)...
    Error fetching lineups for 14060781: Failed to fetch /event/14060781/lineups: 404
  Processing Fixture 2211 (SS: 14060761, Status: scheduled)...
    Error fetching lineups for 14060761: Failed to fetch /event/14060761/lineups: 404
  Processing Fixture 2212 (SS: 14060776, Status: scheduled)...
    Error fetching lineups for 14060776: Failed to fetch /event/14060776/lineups: 404
  Processing Fixture 2213 (SS: 14060757, Status: scheduled)...
    Error fetching lineups for 14060757: Failed to fetch /event/14060757/lineups: 404
  Processing Fixture 2759 (SS: 14391490, Status: scheduled)...
    Error fetching lineups for 14391490: Failed to fetch /event/14391490/lineups: 404
  Processing Fixture 2760 (SS: 14391500, Status: scheduled)...
    Error fetching lineups for 14391500: Failed to fetch /event/14391500/lineups: 404
  Processing Fixture 2761 (SS: 14391497, Status: scheduled)...
    Error fetching lineups for 14391497: Failed to fetch /event/14391497/lineups: 404
  Processing Fixture 2762 (SS: 14391499, Status: scheduled)...
    Error fetching lineups for 14391499: Failed to fetch /event/14391499/lineups: 404
  Processing Fixture 2763 (SS: 14391493, Status: scheduled)...
    OK - committed availability for fixture 2763
  Processing Fixture 2764 (SS: 14391495, Status: scheduled)...
    Error fetching lineups for 14391495: Failed to fetch /event/14391495/lineups: 404
  Processing Fixture 2765 (SS: 14391494, Status: scheduled)...
    Error fetching lineups for 14391494: Failed to fetch /event/14391494/lineups: 404
  Processing Fixture 2766 (SS: 14391492, Status: scheduled)...
    Error fetching lineups for 14391492: Failed to fetch /event/14391492/lineups: 404
  Processing Fixture 3071 (SS: 14035286, Status: scheduled)...
    Error fetching lineups for 14035286: Failed to fetch /event/14035286/lineups: 404
  Processing Fixture 3072 (SS: 14035288, Status: scheduled)...
    Error fetching lineups for 14035288: Failed to fetch /event/14035288/lineups: 404
  Processing Fixture 3073 (SS: 14035287, Status: scheduled)...
    Error fetching lineups for 14035287: Failed to fetch /event/14035287/lineups: 404
  Processing Fixture 3074 (SS: 14035290, Status: scheduled)...
    Error fetching lineups for 14035290: Failed to fetch /event/14035290/lineups: 404
  Processing Fixture 3075 (SS: 14035289, Status: scheduled)...
    Error fetching lineups for 14035289: Failed to fetch /event/14035289/lineups: 404
  Processing Fixture 3230 (SS: 14035446, Status: scheduled)...
    OK - committed availability for fixture 3230
  Processing Fixture 3231 (SS: 14035451, Status: scheduled)...
    OK - committed availability for fixture 3231
  Processing Fixture 3232 (SS: 14035448, Status: scheduled)...
    Error fetching lineups for 14035448: Failed to fetch /event/14035448/lineups: 404
  Processing Fixture 3233 (SS: 14035449, Status: scheduled)...
    OK - committed availability for fixture 3233
  Processing Fixture 3234 (SS: 14035450, Status: scheduled)...
    Error fetching lineups for 14035450: Failed to fetch /event/14035450/lineups: 404
  Processing Fixture 3409 (SS: 14035613, Status: scheduled)...
    Error fetching lineups for 14035613: Failed to fetch /event/14035613/lineups: 404
  Processing Fixture 3410 (SS: 14035615, Status: scheduled)...
    Error fetching lineups for 14035615: Failed to fetch /event/14035615/lineups: 404
  Processing Fixture 3411 (SS: 14035612, Status: scheduled)...
    Error fetching lineups for 14035612: Failed to fetch /event/14035612/lineups: 404
  Processing Fixture 3412 (SS: 14035616, Status: scheduled)...
    OK - committed availability for fixture 3412
  Processing Fixture 3413 (SS: 14035614, Status: scheduled)...
    Error fetching lineups for 14035614: Failed to fetch /event/14035614/lineups: 404
  Processing Fixture 3587 (SS: 14035793, Status: scheduled)...
    Error fetching lineups for 14035793: Failed to fetch /event/14035793/lineups: 404
  Processing Fixture 3588 (SS: 14035795, Status: scheduled)...
    Error fetching lineups for 14035795: Failed to fetch /event/14035795/lineups: 404
  Processing Fixture 3589 (SS: 14035796, Status: scheduled)...
    Error fetching lineups for 14035796: Failed to fetch /event/14035796/lineups: 404
  Processing Fixture 3590 (SS: 14035794, Status: scheduled)...
    Error fetching lineups for 14035794: Failed to fetch /event/14035794/lineups: 404
  Processing Fixture 3591 (SS: 14035791, Status: scheduled)...
    Error fetching lineups for 14035791: Failed to fetch /event/14035791/lineups: 404
  Processing Fixture 4896 (SS: 14317730, Status: scheduled)...
    Error fetching lineups for 14317730: Failed to fetch /event/14317730/lineups: 404
  Processing Fixture 19582 (SS: 14288811, Status: scheduled)...
    Error fetching lineups for 14288811: Failed to fetch /event/14288811/lineups: 404
  Processing Fixture 20138 (SS: 14159154, Status: scheduled)...
    Error fetching lineups for 14159154: Failed to fetch /event/14159154/lineups: 404
  Processing Fixture 21693 (SS: 13981946, Status: scheduled)...
    Error fetching lineups for 13981946: Failed to fetch /event/13981946/lineups: 404
  Processing Fixture 20139 (SS: 14159158, Status: scheduled)...
    Error fetching lineups for 14159158: Failed to fetch /event/14159158/lineups: 404
  Processing Fixture 22026 (SS: 14065042, Status: scheduled)...
    Error fetching lineups for 14065042: Failed to fetch /event/14065042/lineups: 404
  Processing Fixture 22435 (SS: 15362679, Status: scheduled)...
    Error fetching lineups for 15362679: Failed to fetch /event/15362679/lineups: 404
  Processing Fixture 22436 (SS: 15362684, Status: scheduled)...
    Error fetching lineups for 15362684: Failed to fetch /event/15362684/lineups: 404
  Processing Fixture 22594 (SS: 15204332, Status: scheduled)...
    Error fetching lineups for 15204332: Failed to fetch /event/15204332/lineups: 404
  Processing Fixture 19343 (SS: 14032350, Status: scheduled)...
    Error fetching lineups for 14032350: Failed to fetch /event/14032350/lineups: 404
  Processing Fixture 5529 (SS: 14083814, Status: scheduled)...
    Error fetching lineups for 14083814: Failed to fetch /event/14083814/lineups: 404
  Processing Fixture 5530 (SS: 14083353, Status: scheduled)...
    Error fetching lineups for 14083353: Failed to fetch /event/14083353/lineups: 404
  Processing Fixture 19053 (SS: 14053644, Status: scheduled)...
    Error fetching lineups for 14053644: Failed to fetch /event/14053644/lineups: 404
  Processing Fixture 2767 (SS: 14391496, Status: scheduled)...
    Error fetching lineups for 14391496: Failed to fetch /event/14391496/lineups: 404
  Processing Fixture 4897 (SS: 14317559, Status: scheduled)...
    Error fetching lineups for 14317559: Failed to fetch /event/14317559/lineups: 404
  Processing Fixture 12136 (SS: 14064850, Status: scheduled)...
    Error fetching lineups for 14064850: Failed to fetch /event/14064850/lineups: 404
  Processing Fixture 19583 (SS: 14288809, Status: scheduled)...
    Error fetching lineups for 14288809: Failed to fetch /event/14288809/lineups: 404
  Processing Fixture 21694 (SS: 13981949, Status: scheduled)...
    Error fetching lineups for 13981949: Failed to fetch /event/13981949/lineups: 404
  Processing Fixture 4157 (SS: 14065462, Status: scheduled)...
    Error fetching lineups for 14065462: Failed to fetch /event/14065462/lineups: 404
  Processing Fixture 22437 (SS: 15362683, Status: scheduled)...
    Error fetching lineups for 15362683: Failed to fetch /event/15362683/lineups: 404
  Processing Fixture 19344 (SS: 14032425, Status: scheduled)...
    Error fetching lineups for 14032425: Failed to fetch /event/14032425/lineups: 404
  Processing Fixture 5531 (SS: 14083813, Status: scheduled)...
    Error fetching lineups for 14083813: Failed to fetch /event/14083813/lineups: 404
  Processing Fixture 19054 (SS: 14053653, Status: scheduled)...
    Error fetching lineups for 14053653: Failed to fetch /event/14053653/lineups: 404
  Processing Fixture 21029 (SS: 15342032, Status: scheduled)...
    Error fetching lineups for 15342032: Page.goto: net::ERR_NETWORK_ACCESS_DENIED at https://www.sofascore.com/api/v1/event/15342032/lineups
Call log:
  - navigating to "https://www.sofascore.com/api/v1/event/15342032/lineups", waiting until "load"

  Processing Fixture 19584 (SS: 14288805, Status: scheduled)...
    Error fetching lineups for 14288805: Page.goto: net::ERR_NETWORK_ACCESS_DENIED at https://www.sofascore.com/api/v1/event/14288805/lineups
Call log:
  - navigating to "https://www.sofascore.com/api/v1/event/14288805/lineups", waiting until "load"

  Processing Fixture 21030 (SS: 15345892, Status: scheduled)...
    Error fetching lineups for 15345892: Page.goto: net::ERR_NETWORK_ACCESS_DENIED at https://www.sofascore.com/api/v1/event/15345892/lineups
Call log:
  - navigating to "https://www.sofascore.com/api/v1/event/15345892/lineups", waiting until "load"

  Processing Fixture 21408 (SS: 15238960, Status: scheduled)...
    Error fetching lineups for 15238960: Page.goto: net::ERR_NETWORK_ACCESS_DENIED at https://www.sofascore.com/api/v1/event/15238960/lineups
Call log:
  - navigating to "https://www.sofascore.com/api/v1/event/15238960/lineups", waiting until "load"

  Processing Fixture 21409 (SS: 15238961, Status: scheduled)...
    Error fetching lineups for 15238961: Page.goto: net::ERR_NETWORK_ACCESS_DENIED at https://www.sofascore.com/api/v1/event/15238961/lineups
Call log:
  - navigating to "https://www.sofascore.com/api/v1/event/15238961/lineups", waiting until "load"

  Processing Fixture 21410 (SS: 15238962, Status: scheduled)...
    Error fetching lineups for 15238962: Page.goto: net::ERR_NETWORK_ACCESS_DENIED at https://www.sofascore.com/api/v1/event/15238962/lineups
Call log:
  - navigating to "https://www.sofascore.com/api/v1/event/15238962/lineups", waiting until "load"

  Processing Fixture 21411 (SS: 15238963, Status: scheduled)...
    Error fetching lineups for 15238963: Page.goto: net::ERR_NETWORK_ACCESS_DENIED at https://www.sofascore.com/api/v1/event/15238963/lineups
Call log:
  - navigating to "https://www.sofascore.com/api/v1/event/15238963/lineups", waiting until "load"

  Processing Fixture 22188 (SS: 14038608, Status: scheduled)...
    Error fetching lineups for 14038608: Page.goto: net::ERR_NETWORK_ACCESS_DENIED at https://www.sofascore.com/api/v1/event/14038608/lineups
Call log:
  - navigating to "https://www.sofascore.com/api/v1/event/14038608/lineups", waiting until "load"

  Processing Fixture 21412 (SS: 15238964, Status: scheduled)...
    Error fetching lineups for 15238964: Page.goto: net::ERR_NETWORK_ACCESS_DENIED at https://www.sofascore.com/api/v1/event/15238964/lineups
Call log:
  - navigating to "https://www.sofascore.com/api/v1/event/15238964/lineups", waiting until "load"

  Processing Fixture 19892 (SS: 14109828, Status: scheduled)...
    Error fetching lineups for 14109828: Failed to fetch /event/14109828/lineups: 404
  Processing Fixture 19055 (SS: 14053650, Status: scheduled)...
    Error fetching lineups for 14053650: Failed to fetch /event/14053650/lineups: 404
  Processing Fixture 21695 (SS: 13981945, Status: scheduled)...
    Error fetching lineups for 13981945: Failed to fetch /event/13981945/lineups: 404
  Processing Fixture 22189 (SS: 14038612, Status: scheduled)...
    Error fetching lineups for 14038612: Failed to fetch /event/14038612/lineups: 404
  Processing Fixture 4158 (SS: 14065461, Status: scheduled)...
    Error fetching lineups for 14065461: Failed to fetch /event/14065461/lineups: 404
  Processing Fixture 4159 (SS: 14065460, Status: scheduled)...
    Error fetching lineups for 14065460: Failed to fetch /event/14065460/lineups: 404
  Processing Fixture 4160 (SS: 14065459, Status: scheduled)...
    Error fetching lineups for 14065459: Failed to fetch /event/14065459/lineups: 404
  Processing Fixture 19345 (SS: 14032349, Status: scheduled)...
    Error fetching lineups for 14032349: Failed to fetch /event/14032349/lineups: 404
  Processing Fixture 22027 (SS: 14065039, Status: scheduled)...
    Error fetching lineups for 14065039: Failed to fetch /event/14065039/lineups: 404
  Processing Fixture 5532 (SS: 14083349, Status: scheduled)...
    Error fetching lineups for 14083349: Failed to fetch /event/14083349/lineups: 404
  Processing Fixture 20140 (SS: 14159163, Status: scheduled)...
    Error fetching lineups for 14159163: Failed to fetch /event/14159163/lineups: 404
  Processing Fixture 22438 (SS: 15362686, Status: scheduled)...
    Error fetching lineups for 15362686: Failed to fetch /event/15362686/lineups: 404
  Processing Fixture 22595 (SS: 15204333, Status: scheduled)...
    Error fetching lineups for 15204333: Failed to fetch /event/15204333/lineups: 404
  Processing Fixture 22596 (SS: 15204334, Status: scheduled)...
    Error fetching lineups for 15204334: Failed to fetch /event/15204334/lineups: 404
  Processing Fixture 19056 (SS: 14053663, Status: scheduled)...
    Error fetching lineups for 14053663: Failed to fetch /event/14053663/lineups: 404
  Processing Fixture 19057 (SS: 14053666, Status: scheduled)...
    Error fetching lineups for 14053666: Failed to fetch /event/14053666/lineups: 404
  Processing Fixture 21696 (SS: 13981955, Status: scheduled)...
    Error fetching lineups for 13981955: Failed to fetch /event/13981955/lineups: 404
  Processing Fixture 4898 (SS: 14317568, Status: scheduled)...
    Error fetching lineups for 14317568: Failed to fetch /event/14317568/lineups: 404
  Processing Fixture 4899 (SS: 14317732, Status: scheduled)...
    Error fetching lineups for 14317732: Failed to fetch /event/14317732/lineups: 404
  Processing Fixture 22190 (SS: 14038604, Status: scheduled)...
    Error fetching lineups for 14038604: Failed to fetch /event/14038604/lineups: 404
  Processing Fixture 20141 (SS: 14159159, Status: scheduled)...
    Error fetching lineups for 14159159: Failed to fetch /event/14159159/lineups: 404
  Processing Fixture 19346 (SS: 14032358, Status: scheduled)...
    Error fetching lineups for 14032358: Failed to fetch /event/14032358/lineups: 404
  Processing Fixture 19893 (SS: 14109826, Status: scheduled)...
    Error fetching lineups for 14109826: Failed to fetch /event/14109826/lineups: 404
  Processing Fixture 19894 (SS: 14109825, Status: scheduled)...
    Error fetching lineups for 14109825: Failed to fetch /event/14109825/lineups: 404
  Processing Fixture 22028 (SS: 14065043, Status: scheduled)...
    Error fetching lineups for 14065043: Failed to fetch /event/14065043/lineups: 404
  Processing Fixture 5533 (SS: 14083347, Status: scheduled)...
    Error fetching lineups for 14083347: Failed to fetch /event/14083347/lineups: 404
  Processing Fixture 5534 (SS: 14083356, Status: scheduled)...
    Error fetching lineups for 14083356: Failed to fetch /event/14083356/lineups: 404
  Processing Fixture 22439 (SS: 15362691, Status: scheduled)...
    Error fetching lineups for 15362691: Failed to fetch /event/15362691/lineups: 404
  Processing Fixture 22440 (SS: 15362692, Status: scheduled)...
    Error fetching lineups for 15362692: Failed to fetch /event/15362692/lineups: 404
  Processing Fixture 19058 (SS: 14053647, Status: scheduled)...
    Error fetching lineups for 14053647: Failed to fetch /event/14053647/lineups: 404
  Processing Fixture 20142 (SS: 14159170, Status: scheduled)...
    Error fetching lineups for 14159170: Failed to fetch /event/14159170/lineups: 404
  Processing Fixture 20287 (SS: 14065682, Status: scheduled)...
    Error fetching lineups for 14065682: Failed to fetch /event/14065682/lineups: 404
  Processing Fixture 20288 (SS: 14065680, Status: scheduled)...
    Error fetching lineups for 14065680: Failed to fetch /event/14065680/lineups: 404
  Processing Fixture 20289 (SS: 14065689, Status: scheduled)...
    Error fetching lineups for 14065689: Failed to fetch /event/14065689/lineups: 404
  Processing Fixture 20290 (SS: 14065683, Status: scheduled)...
    Error fetching lineups for 14065683: Failed to fetch /event/14065683/lineups: 404
  Processing Fixture 20291 (SS: 14065688, Status: scheduled)...
    Error fetching lineups for 14065688: Failed to fetch /event/14065688/lineups: 404
  Processing Fixture 20292 (SS: 14065685, Status: scheduled)...
    Error fetching lineups for 14065685: Failed to fetch /event/14065685/lineups: 404
  Processing Fixture 20805 (SS: 13984684, Status: scheduled)...
    Error fetching lineups for 13984684: Failed to fetch /event/13984684/lineups: 404
  Processing Fixture 20806 (SS: 13984688, Status: scheduled)...
    Error fetching lineups for 13984688: Failed to fetch /event/13984688/lineups: 404
  Processing Fixture 20807 (SS: 13984685, Status: scheduled)...
    Error fetching lineups for 13984685: Failed to fetch /event/13984685/lineups: 404
  Processing Fixture 20808 (SS: 13984687, Status: scheduled)...
    Error fetching lineups for 13984687: Failed to fetch /event/13984687/lineups: 404
  Processing Fixture 20809 (SS: 13984686, Status: scheduled)...
    Error fetching lineups for 13984686: Failed to fetch /event/13984686/lineups: 404
  Processing Fixture 20810 (SS: 13984683, Status: scheduled)...
    Error fetching lineups for 13984683: Failed to fetch /event/13984683/lineups: 404
  Processing Fixture 4900 (SS: 14317723, Status: scheduled)...
    Error fetching lineups for 14317723: Failed to fetch /event/14317723/lineups: 404
  Processing Fixture 19585 (SS: 14288808, Status: scheduled)...
    Error fetching lineups for 14288808: Failed to fetch /event/14288808/lineups: 404
  Processing Fixture 21697 (SS: 13981954, Status: scheduled)...
    Error fetching lineups for 13981954: Failed to fetch /event/13981954/lineups: 404
  Processing Fixture 20143 (SS: 14159161, Status: scheduled)...
    Error fetching lineups for 14159161: Failed to fetch /event/14159161/lineups: 404
  Processing Fixture 5535 (SS: 14083336, Status: scheduled)...
    Error fetching lineups for 14083336: Failed to fetch /event/14083336/lineups: 404
  Processing Fixture 19347 (SS: 14032351, Status: scheduled)...
    Error fetching lineups for 14032351: Failed to fetch /event/14032351/lineups: 404
  Processing Fixture 22029 (SS: 14065034, Status: scheduled)...
    Error fetching lineups for 14065034: Failed to fetch /event/14065034/lineups: 404
  Processing Fixture 19348 (SS: 14032427, Status: scheduled)...
    Error fetching lineups for 14032427: Failed to fetch /event/14032427/lineups: 404
  Processing Fixture 19059 (SS: 14053641, Status: scheduled)...
    Error fetching lineups for 14053641: Failed to fetch /event/14053641/lineups: 404
  Processing Fixture 19586 (SS: 14288812, Status: scheduled)...
    Error fetching lineups for 14288812: Failed to fetch /event/14288812/lineups: 404
  Processing Fixture 5536 (SS: 14083344, Status: scheduled)...
    Error fetching lineups for 14083344: Failed to fetch /event/14083344/lineups: 404
  Processing Fixture 19587 (SS: 14288807, Status: scheduled)...
    Error fetching lineups for 14288807: Failed to fetch /event/14288807/lineups: 404
  Processing Fixture 22030 (SS: 14065044, Status: scheduled)...
    Error fetching lineups for 14065044: Failed to fetch /event/14065044/lineups: 404
  Processing Fixture 21698 (SS: 13981944, Status: scheduled)...
    Error fetching lineups for 13981944: Failed to fetch /event/13981944/lineups: 404
  Processing Fixture 5537 (SS: 14083358, Status: scheduled)...
    Error fetching lineups for 14083358: Failed to fetch /event/14083358/lineups: 404
  Processing Fixture 12137 (SS: 15503737, Status: scheduled)...
    Error fetching lineups for 15503737: Failed to fetch /event/15503737/lineups: 404
  Processing Fixture 20829 (SS: 15581703, Status: scheduled)...
    Error fetching lineups for 15581703: Failed to fetch /event/15581703/lineups: 404
  Processing Fixture 1123 (SS: 15184395, Status: scheduled)...
    Error fetching lineups for 15184395: Failed to fetch /event/15184395/lineups: 404
  Processing Fixture 19588 (SS: 14288810, Status: scheduled)...
    Error fetching lineups for 14288810: Failed to fetch /event/14288810/lineups: 404
Scheduled window [+0h, +72h], order=asc, skipped_on_404_cooldown=131
Found 9 fixtures to process.
  Processing Fixture 21029 (SS: 15342032, Status: scheduled)...
    Error fetching lineups for 15342032: Failed to fetch /event/15342032/lineups: 404
  Processing Fixture 19584 (SS: 14288805, Status: scheduled)...
    Error fetching lineups for 14288805: Failed to fetch /event/14288805/lineups: 404
  Processing Fixture 21030 (SS: 15345892, Status: scheduled)...
    Error fetching lineups for 15345892: Failed to fetch /event/15345892/lineups: 404
  Processing Fixture 21408 (SS: 15238960, Status: scheduled)...
    Error fetching lineups for 15238960: Failed to fetch /event/15238960/lineups: 404
  Processing Fixture 21409 (SS: 15238961, Status: scheduled)...
    Error fetching lineups for 15238961: Failed to fetch /event/15238961/lineups: 404
  Processing Fixture 21410 (SS: 15238962, Status: scheduled)...
    Error fetching lineups for 15238962: Failed to fetch /event/15238962/lineups: 404
  Processing Fixture 21411 (SS: 15238963, Status: scheduled)...
    Error fetching lineups for 15238963: Failed to fetch /event/15238963/lineups: 404
  Processing Fixture 22188 (SS: 14038608, Status: scheduled)...
    Error fetching lineups for 14038608: Failed to fetch /event/14038608/lineups: 404
  Processing Fixture 21412 (SS: 15238964, Status: scheduled)...
    Error fetching lineups for 15238964: Failed to fetch /event/15238964/lineups: 404
Scheduled window [+0h, +72h], order=asc, skipped_on_404_cooldown=90
No fixtures found needing availability (Status: scheduled).
Scheduled window [+0h, +72h], order=asc, skipped_on_404_cooldown=81
No fixtures found needing availability (Status: scheduled).
Scheduled window [+0h, +72h], order=asc, skipped_on_404_cooldown=79
Found 1 fixtures to process.
  Processing Fixture 4901 (SS: 14317738, Status: scheduled)...
    Error fetching lineups for 14317738: Failed to fetch /event/14317738/lineups: 404
Scheduled window [+0h, +72h], order=asc, skipped_on_404_cooldown=74
Found 5 fixtures to process.
  Processing Fixture 4902 (SS: 14317731, Status: scheduled)...
    Error fetching lineups for 14317731: Failed to fetch /event/14317731/lineups: 404
  Processing Fixture 4903 (SS: 14317741, Status: scheduled)...
    Error fetching lineups for 14317741: Failed to fetch /event/14317741/lineups: 404
  Processing Fixture 4904 (SS: 14317740, Status: scheduled)...
    Error fetching lineups for 14317740: Failed to fetch /event/14317740/lineups: 404
  Processing Fixture 4905 (SS: 14317736, Status: scheduled)...
    Error fetching lineups for 14317736: Failed to fetch /event/14317736/lineups: 404
  Processing Fixture 22441 (SS: 15362695, Status: scheduled)...
    Error fetching lineups for 15362695: Failed to fetch /event/15362695/lineups: 404
Scheduled window [+0h, +72h], order=asc, skipped_on_404_cooldown=77
Found 23 fixtures to process.
  Processing Fixture 607 (SS: 14023980, Status: scheduled)...
    Error fetching lineups for 14023980: Failed to fetch /event/14023980/lineups: 404
  Processing Fixture 608 (SS: 14023982, Status: scheduled)...
    Error fetching lineups for 14023982: Failed to fetch /event/14023982/lineups: 404
  Processing Fixture 609 (SS: 14023941, Status: scheduled)...
    Error fetching lineups for 14023941: Failed to fetch /event/14023941/lineups: 404
  Processing Fixture 1124 (SS: 15441642, Status: scheduled)...
    Error fetching lineups for 15441642: Failed to fetch /event/15441642/lineups: 404
  Processing Fixture 1661 (SS: 15437893, Status: scheduled)...
    Error fetching lineups for 15437893: Failed to fetch /event/15437893/lineups: 404
  Processing Fixture 1662 (SS: 15285161, Status: scheduled)...
    Error fetching lineups for 15285161: Failed to fetch /event/15285161/lineups: 404
  Processing Fixture 1663 (SS: 15285166, Status: scheduled)...
    Error fetching lineups for 15285166: Failed to fetch /event/15285166/lineups: 404
  Processing Fixture 2214 (SS: 15340557, Status: scheduled)...
    Error fetching lineups for 15340557: Failed to fetch /event/15340557/lineups: 404
  Processing Fixture 2215 (SS: 15395628, Status: scheduled)...
    Error fetching lineups for 15395628: Failed to fetch /event/15395628/lineups: 404
  Processing Fixture 2216 (SS: 15456993, Status: scheduled)...
    Error fetching lineups for 15456993: Failed to fetch /event/15456993/lineups: 404
  Processing Fixture 2217 (SS: 15422413, Status: scheduled)...
    Error fetching lineups for 15422413: Failed to fetch /event/15422413/lineups: 404
  Processing Fixture 2768 (SS: 15395661, Status: scheduled)...
    Error fetching lineups for 15395661: Failed to fetch /event/15395661/lineups: 404
  Processing Fixture 2769 (SS: 15578580, Status: scheduled)...
    Error fetching lineups for 15578580: Failed to fetch /event/15578580/lineups: 404
  Processing Fixture 2770 (SS: 15489538, Status: scheduled)...
    Error fetching lineups for 15489538: Failed to fetch /event/15489538/lineups: 404
  Processing Fixture 2771 (SS: 15467073, Status: scheduled)...
    Error fetching lineups for 15467073: Failed to fetch /event/15467073/lineups: 404
  Processing Fixture 2772 (SS: 15379423, Status: scheduled)...
    Error fetching lineups for 15379423: Failed to fetch /event/15379423/lineups: 404
  Processing Fixture 2773 (SS: 15445407, Status: scheduled)...
    Error fetching lineups for 15445407: Failed to fetch /event/15445407/lineups: 404
  Processing Fixture 2774 (SS: 15338278, Status: scheduled)...
    Error fetching lineups for 15338278: Failed to fetch /event/15338278/lineups: 404
  Processing Fixture 3077 (SS: 15538757, Status: scheduled)...
    Error fetching lineups for 15538757: Failed to fetch /event/15538757/lineups: 404
  Processing Fixture 3235 (SS: 15573411, Status: scheduled)...
    Error fetching lineups for 15573411: Failed to fetch /event/15573411/lineups: 404
  Processing Fixture 3236 (SS: 15416459, Status: scheduled)...
    Error fetching lineups for 15416459: Failed to fetch /event/15416459/lineups: 404
  Processing Fixture 3414 (SS: 15490658, Status: scheduled)...
    Error fetching lineups for 15490658: Failed to fetch /event/15490658/lineups: 404
  Processing Fixture 3592 (SS: 15458714, Status: scheduled)...
    Error fetching lineups for 15458714: Failed to fetch /event/15458714/lineups: 404
Scheduled window [+0h, +72h], order=asc, skipped_on_404_cooldown=36
Found 64 fixtures to process.
  Processing Fixture 19892 (SS: 14109828, Status: scheduled)...
    Error fetching lineups for 14109828: Failed to fetch /event/14109828/lineups: 404
  Processing Fixture 19055 (SS: 14053650, Status: scheduled)...
    Error fetching lineups for 14053650: Failed to fetch /event/14053650/lineups: 404
  Processing Fixture 21695 (SS: 13981945, Status: scheduled)...
    Error fetching lineups for 13981945: Failed to fetch /event/13981945/lineups: 404
  Processing Fixture 22189 (SS: 14038612, Status: scheduled)...
    Error fetching lineups for 14038612: Failed to fetch /event/14038612/lineups: 404
  Processing Fixture 4158 (SS: 14065461, Status: scheduled)...
    Error fetching lineups for 14065461: Failed to fetch /event/14065461/lineups: 404
  Processing Fixture 4159 (SS: 14065460, Status: scheduled)...
    Error fetching lineups for 14065460: Failed to fetch /event/14065460/lineups: 404
  Processing Fixture 4160 (SS: 14065459, Status: scheduled)...
    Error fetching lineups for 14065459: Failed to fetch /event/14065459/lineups: 404
  Processing Fixture 19345 (SS: 14032349, Status: scheduled)...
    Error fetching lineups for 14032349: Failed to fetch /event/14032349/lineups: 404
  Processing Fixture 22027 (SS: 14065039, Status: scheduled)...
    Error fetching lineups for 14065039: Failed to fetch /event/14065039/lineups: 404
  Processing Fixture 5532 (SS: 14083349, Status: scheduled)...
    Error fetching lineups for 14083349: Failed to fetch /event/14083349/lineups: 404
  Processing Fixture 20140 (SS: 14159163, Status: scheduled)...
    Error fetching lineups for 14159163: Failed to fetch /event/14159163/lineups: 404
  Processing Fixture 22438 (SS: 15362686, Status: scheduled)...
    Error fetching lineups for 15362686: Failed to fetch /event/15362686/lineups: 404
  Processing Fixture 22595 (SS: 15204333, Status: scheduled)...
    Error fetching lineups for 15204333: Failed to fetch /event/15204333/lineups: 404
  Processing Fixture 22596 (SS: 15204334, Status: scheduled)...
    Error fetching lineups for 15204334: Failed to fetch /event/15204334/lineups: 404
  Processing Fixture 19056 (SS: 14053663, Status: scheduled)...
    Error fetching lineups for 14053663: Failed to fetch /event/14053663/lineups: 404
  Processing Fixture 19057 (SS: 14053666, Status: scheduled)...
    Error fetching lineups for 14053666: Failed to fetch /event/14053666/lineups: 404
  Processing Fixture 21696 (SS: 13981955, Status: scheduled)...
    Error fetching lineups for 13981955: Failed to fetch /event/13981955/lineups: 404
  Processing Fixture 4898 (SS: 14317568, Status: scheduled)...
    Error fetching lineups for 14317568: Failed to fetch /event/14317568/lineups: 404
  Processing Fixture 4899 (SS: 14317732, Status: scheduled)...
    Error fetching lineups for 14317732: Failed to fetch /event/14317732/lineups: 404
  Processing Fixture 22190 (SS: 14038604, Status: scheduled)...
    Error fetching lineups for 14038604: Failed to fetch /event/14038604/lineups: 404
  Processing Fixture 20141 (SS: 14159159, Status: scheduled)...
    Error fetching lineups for 14159159: Failed to fetch /event/14159159/lineups: 404
  Processing Fixture 19346 (SS: 14032358, Status: scheduled)...
    Error fetching lineups for 14032358: Failed to fetch /event/14032358/lineups: 404
  Processing Fixture 19893 (SS: 14109826, Status: scheduled)...
    Error fetching lineups for 14109826: Failed to fetch /event/14109826/lineups: 404
  Processing Fixture 19894 (SS: 14109825, Status: scheduled)...
    Error fetching lineups for 14109825: Failed to fetch /event/14109825/lineups: 404
  Processing Fixture 22028 (SS: 14065043, Status: scheduled)...
    Error fetching lineups for 14065043: Failed to fetch /event/14065043/lineups: 404
  Processing Fixture 5533 (SS: 14083347, Status: scheduled)...
    Error fetching lineups for 14083347: Failed to fetch /event/14083347/lineups: 404
  Processing Fixture 5534 (SS: 14083356, Status: scheduled)...
    Error fetching lineups for 14083356: Failed to fetch /event/14083356/lineups: 404
  Processing Fixture 22439 (SS: 15362691, Status: scheduled)...
    Error fetching lineups for 15362691: Failed to fetch /event/15362691/lineups: 404
  Processing Fixture 22440 (SS: 15362692, Status: scheduled)...
    Error fetching lineups for 15362692: Failed to fetch /event/15362692/lineups: 404
  Processing Fixture 19058 (SS: 14053647, Status: scheduled)...
    Error fetching lineups for 14053647: Failed to fetch /event/14053647/lineups: 404
  Processing Fixture 20142 (SS: 14159170, Status: scheduled)...
    Error fetching lineups for 14159170: Failed to fetch /event/14159170/lineups: 404
  Processing Fixture 20287 (SS: 14065682, Status: scheduled)...
    Error fetching lineups for 14065682: Failed to fetch /event/14065682/lineups: 404
  Processing Fixture 20288 (SS: 14065680, Status: scheduled)...
    Error fetching lineups for 14065680: Failed to fetch /event/14065680/lineups: 404
  Processing Fixture 20289 (SS: 14065689, Status: scheduled)...
    Error fetching lineups for 14065689: Failed to fetch /event/14065689/lineups: 404
  Processing Fixture 20290 (SS: 14065683, Status: scheduled)...
    Error fetching lineups for 14065683: Failed to fetch /event/14065683/lineups: 404
  Processing Fixture 20291 (SS: 14065688, Status: scheduled)...
    Error fetching lineups for 14065688: Failed to fetch /event/14065688/lineups: 404
  Processing Fixture 20292 (SS: 14065685, Status: scheduled)...
    Error fetching lineups for 14065685: Failed to fetch /event/14065685/lineups: 404
  Processing Fixture 20805 (SS: 13984684, Status: scheduled)...
    Error fetching lineups for 13984684: Failed to fetch /event/13984684/lineups: 404
  Processing Fixture 20806 (SS: 13984688, Status: scheduled)...
    Error fetching lineups for 13984688: Failed to fetch /event/13984688/lineups: 404
  Processing Fixture 20807 (SS: 13984685, Status: scheduled)...
    Error fetching lineups for 13984685: Failed to fetch /event/13984685/lineups: 404
  Processing Fixture 20808 (SS: 13984687, Status: scheduled)...
    Error fetching lineups for 13984687: Failed to fetch /event/13984687/lineups: 404
  Processing Fixture 20809 (SS: 13984686, Status: scheduled)...
    Error fetching lineups for 13984686: Failed to fetch /event/13984686/lineups: 404
  Processing Fixture 20810 (SS: 13984683, Status: scheduled)...
    Error fetching lineups for 13984683: Failed to fetch /event/13984683/lineups: 404
  Processing Fixture 4900 (SS: 14317723, Status: scheduled)...
    Error fetching lineups for 14317723: Failed to fetch /event/14317723/lineups: 404
  Processing Fixture 19585 (SS: 14288808, Status: scheduled)...
    Error fetching lineups for 14288808: Failed to fetch /event/14288808/lineups: 404
  Processing Fixture 21697 (SS: 13981954, Status: scheduled)...
    Error fetching lineups for 13981954: Failed to fetch /event/13981954/lineups: 404
  Processing Fixture 20143 (SS: 14159161, Status: scheduled)...
    Error fetching lineups for 14159161: Failed to fetch /event/14159161/lineups: 404
  Processing Fixture 5535 (SS: 14083336, Status: scheduled)...
    Error fetching lineups for 14083336: Failed to fetch /event/14083336/lineups: 404
  Processing Fixture 19347 (SS: 14032351, Status: scheduled)...
    Error fetching lineups for 14032351: Failed to fetch /event/14032351/lineups: 404
  Processing Fixture 22029 (SS: 14065034, Status: scheduled)...
    Error fetching lineups for 14065034: Failed to fetch /event/14065034/lineups: 404
  Processing Fixture 19348 (SS: 14032427, Status: scheduled)...
    Error fetching lineups for 14032427: Failed to fetch /event/14032427/lineups: 404
  Processing Fixture 19059 (SS: 14053641, Status: scheduled)...
    Error fetching lineups for 14053641: Failed to fetch /event/14053641/lineups: 404
  Processing Fixture 19586 (SS: 14288812, Status: scheduled)...
    Error fetching lineups for 14288812: Failed to fetch /event/14288812/lineups: 404
  Processing Fixture 5536 (SS: 14083344, Status: scheduled)...
    Error fetching lineups for 14083344: Failed to fetch /event/14083344/lineups: 404
  Processing Fixture 19587 (SS: 14288807, Status: scheduled)...
    Error fetching lineups for 14288807: Failed to fetch /event/14288807/lineups: 404
  Processing Fixture 22030 (SS: 14065044, Status: scheduled)...
    Error fetching lineups for 14065044: Failed to fetch /event/14065044/lineups: 404
  Processing Fixture 21698 (SS: 13981944, Status: scheduled)...
    Error fetching lineups for 13981944: Failed to fetch /event/13981944/lineups: 404
  Processing Fixture 5537 (SS: 14083358, Status: scheduled)...
    Error fetching lineups for 14083358: Failed to fetch /event/14083358/lineups: 404
  Processing Fixture 12137 (SS: 15503737, Status: scheduled)...
    Error fetching lineups for 15503737: Failed to fetch /event/15503737/lineups: 404
  Processing Fixture 20829 (SS: 15581703, Status: scheduled)...
    Error fetching lineups for 15581703: Failed to fetch /event/15581703/lineups: 404
  Processing Fixture 1123 (SS: 15184395, Status: scheduled)...
    Error fetching lineups for 15184395: Failed to fetch /event/15184395/lineups: 404
  Processing Fixture 19588 (SS: 14288810, Status: scheduled)...
    Error fetching lineups for 14288810: Failed to fetch /event/14288810/lineups: 404
  Processing Fixture 3415 (SS: 15490775, Status: scheduled)...
    Error fetching lineups for 15490775: Failed to fetch /event/15490775/lineups: 404
  Processing Fixture 610 (SS: 14023985, Status: scheduled)...
    Error fetching lineups for 14023985: Failed to fetch /event/14023985/lineups: 404
Scheduled window [+0h, +72h], order=asc, skipped_on_404_cooldown=93
Found 7 fixtures to process.
  Processing Fixture 21030 (SS: 15345892, Status: scheduled)...
    Error fetching lineups for 15345892: Failed to fetch /event/15345892/lineups: 404
  Processing Fixture 21408 (SS: 15238960, Status: scheduled)...
    Error fetching lineups for 15238960: Failed to fetch /event/15238960/lineups: 404
  Processing Fixture 21409 (SS: 15238961, Status: scheduled)...
    Error fetching lineups for 15238961: Failed to fetch /event/15238961/lineups: 404
  Processing Fixture 21410 (SS: 15238962, Status: scheduled)...
    Error fetching lineups for 15238962: Failed to fetch /event/15238962/lineups: 404
  Processing Fixture 21411 (SS: 15238963, Status: scheduled)...
    Error fetching lineups for 15238963: Failed to fetch /event/15238963/lineups: 404
  Processing Fixture 22188 (SS: 14038608, Status: scheduled)...
    Error fetching lineups for 14038608: Failed to fetch /event/14038608/lineups: 404
  Processing Fixture 21412 (SS: 15238964, Status: scheduled)...
    Error fetching lineups for 15238964: Failed to fetch /event/15238964/lineups: 404
Scheduled window [+0h, +72h], order=asc, skipped_on_404_cooldown=99
No fixtures found needing availability (Status: scheduled).
Scheduled window [+0h, +72h], order=asc, skipped_on_404_cooldown=98
Found 1 fixtures to process.
  Processing Fixture 4901 (SS: 14317738, Status: scheduled)...
    Error fetching lineups for 14317738: Failed to fetch /event/14317738/lineups: 404
Scheduled window [+0h, +72h], order=asc, skipped_on_404_cooldown=99
No fixtures found needing availability (Status: scheduled).
Scheduled window [+0h, +72h], order=asc, skipped_on_404_cooldown=94
Found 5 fixtures to process.
  Processing Fixture 4902 (SS: 14317731, Status: scheduled)...
    Error fetching lineups for 14317731: Failed to fetch /event/14317731/lineups: 404
  Processing Fixture 4903 (SS: 14317741, Status: scheduled)...
    Error fetching lineups for 14317741: Failed to fetch /event/14317741/lineups: 404
  Processing Fixture 4904 (SS: 14317740, Status: scheduled)...
    Error fetching lineups for 14317740: Failed to fetch /event/14317740/lineups: 404
  Processing Fixture 4905 (SS: 14317736, Status: scheduled)...
    Error fetching lineups for 14317736: Failed to fetch /event/14317736/lineups: 404
  Processing Fixture 22441 (SS: 15362695, Status: scheduled)...
    Error fetching lineups for 15362695: Failed to fetch /event/15362695/lineups: 404
