Odds polling failed: can't adapt type 'dict'
Log file: artifacts\logs\odds_polling_scheduler.log
Polling fixtures: 193
Odds polling failed: Failed to fetch /event/14038603/odds/1/all: 404
Log file: artifacts\logs\odds_polling_scheduler.log
Polling fixtures: 193
Skip fixture 22183 (Sofa=14038603): odds endpoint returned not found (Failed to fetch /event/14038603/odds/1/all: 404)
Skip fixture 22184 (Sofa=14167189): odds endpoint returned not found (Failed to fetch /event/14167189/odds/1/all: 404)
Skip fixture 22185 (Sofa=14038606): odds endpoint returned not found (Failed to fetch /event/14038606/odds/1/all: 404)
Skip fixture 22186 (Sofa=14038610): odds endpoint returned not found (Failed to fetch /event/14038610/odds/1/all: 404)
Skip fixture 22187 (Sofa=14038607): odds endpoint returned not found (Failed to fetch /event/14038607/odds/1/all: 404)
Log file: artifacts\logs\odds_polling_scheduler.log
Polling fixtures: 193
Inserted 2097 odds snapshot rows.
Skip fixture 22183 (Sofa=14038603): odds endpoint returned not found (Failed to fetch /event/14038603/odds/1/all: 404)
Skip fixture 22184 (Sofa=14167189): odds endpoint returned not found (Failed to fetch /event/14167189/odds/1/all: 404)
Skip fixture 22185 (Sofa=14038606): odds endpoint returned not found (Failed to fetch /event/14038606/odds/1/all: 404)
Skip fixture 22186 (Sofa=14038610): odds endpoint returned not found (Failed to fetch /event/14038610/odds/1/all: 404)
Skip fixture 22187 (Sofa=14038607): odds endpoint returned not found (Failed to fetch /event/14038607/odds/1/all: 404)
Log file: artifacts\logs\odds_polling_scheduler.log
Polling fixtures: 195
Inserted 26 odds snapshot rows.
[26/02/2026  5:07:52.31] Skip: odds polling scheduler already running.
Skip fixture 22183 (Sofa=14038603): odds endpoint returned not found (Failed to fetch /event/14038603/odds/1/all: 404)
Skip fixture 22184 (Sofa=14167189): odds endpoint returned not found (Failed to fetch /event/14167189/odds/1/all: 404)
Skip fixture 22185 (Sofa=14038606): odds endpoint returned not found (Failed to fetch /event/14038606/odds/1/all: 404)
Skip fixture 22186 (Sofa=14038610): odds endpoint returned not found (Failed to fetch /event/14038610/odds/1/all: 404)
Skip fixture 22187 (Sofa=14038607): odds endpoint returned not found (Failed to fetch /event/14038607/odds/1/all: 404)
Log file: artifacts\logs\odds_polling_scheduler.log
Polling fixtures: 195
Inserted 0 odds snapshot rows.
Skip fixture 22183 (Sofa=14038603): odds endpoint returned not found (Failed to fetch /event/14038603/odds/1/all: 404)
Skip fixture 22184 (Sofa=14167189): odds endpoint returned not found (Failed to fetch /event/14167189/odds/1/all: 404)
Skip fixture 22185 (Sofa=14038606): odds endpoint returned not found (Failed to fetch /event/14038606/odds/1/all: 404)
Skip fixture 22186 (Sofa=14038610): odds endpoint returned not found (Failed to fetch /event/14038610/odds/1/all: 404)
Skip fixture 22187 (Sofa=14038607): odds endpoint returned not found (Failed to fetch /event/14038607/odds/1/all: 404)
Log file: artifacts\logs\odds_polling_scheduler.log
Polling fixtures: 195
Inserted 0 odds snapshot rows.
Skip fixture 22183 (Sofa=14038603): odds endpoint returned not found (Failed to fetch /event/14038603/odds/1/all: 404)
Skip fixture 22184 (Sofa=14167189): odds endpoint returned not found (Failed to fetch /event/14167189/odds/1/all: 404)
Skip fixture 22185 (Sofa=14038606): odds endpoint returned not found (Failed to fetch /event/14038606/odds/1/all: 404)
Skip fixture 22186 (Sofa=14038610): odds endpoint returned not found (Failed to fetch /event/14038610/odds/1/all: 404)
Skip fixture 22187 (Sofa=14038607): odds endpoint returned not found (Failed to fetch /event/14038607/odds/1/all: 404)
Log file: artifacts\logs\odds_polling_scheduler.log
Polling fixtures: 195
Inserted 0 odds snapshot rows.
Skip fixture 22183 (Sofa=14038603): odds endpoint returned not found (Failed to fetch /event/14038603/odds/1/all: 404)
Skip fixture 22184 (Sofa=14167189): odds endpoint returned not found (Failed to fetch /event/14167189/odds/1/all: 404)
Skip fixture 22185 (Sofa=14038606): odds endpoint returned not found (Failed to fetch /event/14038606/odds/1/all: 404)
Skip fixture 22186 (Sofa=14038610): odds endpoint returned not found (Failed to fetch /event/14038610/odds/1/all: 404)
Skip fixture 22187 (Sofa=14038607): odds endpoint returned not found (Failed to fetch /event/14038607/odds/1/all: 404)
Log file: artifacts\logs\odds_polling_scheduler.log
Polling fixtures: 195
Inserted 0 odds snapshot rows.
Skip fixture 22183 (Sofa=14038603): odds endpoint returned not found (Failed to fetch /event/14038603/odds/1/all: 404)
Skip fixture 22184 (Sofa=14167189): odds endpoint returned not found (Failed to fetch /event/14167189/odds/1/all: 404)
Skip fixture 22185 (Sofa=14038606): odds endpoint returned not found (Failed to fetch /event/14038606/odds/1/all: 404)
Skip fixture 22186 (Sofa=14038610): odds endpoint returned not found (Failed to fetch /event/14038610/odds/1/all: 404)
Skip fixture 22187 (Sofa=14038607): odds endpoint returned not found (Failed to fetch /event/14038607/odds/1/all: 404)
Log file: artifacts\logs\odds_polling_scheduler.log
Polling fixtures: 195
Inserted 0 odds snapshot rows.
Skip fixture 22183 (Sofa=14038603): odds endpoint returned not found (Failed to fetch /event/14038603/odds/1/all: 404)
Skip fixture 22184 (Sofa=14167189): odds endpoint returned not found (Failed to fetch /event/14167189/odds/1/all: 404)
Skip fixture 22185 (Sofa=14038606): odds endpoint returned not found (Failed to fetch /event/14038606/odds/1/all: 404)
Skip fixture 22186 (Sofa=14038610): odds endpoint returned not found (Failed to fetch /event/14038610/odds/1/all: 404)
Skip fixture 22187 (Sofa=14038607): odds endpoint returned not found (Failed to fetch /event/14038607/odds/1/all: 404)
Skip fixture 22188 (Sofa=14038608): odds endpoint returned not found (Failed to fetch /event/14038608/odds/1/all: 404)
Log file: artifacts\logs\odds_polling_scheduler.log
Polling fixtures: 198
Inserted 2428 odds snapshot rows.
Skip fixture 22183 (Sofa=14038603): odds endpoint returned not found (Failed to fetch /event/14038603/odds/1/all: 404)
Skip fixture 22184 (Sofa=14167189): odds endpoint returned not found (Failed to fetch /event/14167189/odds/1/all: 404)
Skip fixture 22185 (Sofa=14038606): odds endpoint returned not found (Failed to fetch /event/14038606/odds/1/all: 404)
Skip fixture 22186 (Sofa=14038610): odds endpoint returned not found (Failed to fetch /event/14038610/odds/1/all: 404)
Skip fixture 22187 (Sofa=14038607): odds endpoint returned not found (Failed to fetch /event/14038607/odds/1/all: 404)
Skip fixture 22188 (Sofa=14038608): odds endpoint returned not found (Failed to fetch /event/14038608/odds/1/all: 404)
Log file: artifacts\logs\odds_polling_scheduler.log
Polling fixtures: 198
Inserted 0 odds snapshot rows.
Skip fixture 22183 (Sofa=14038603): odds endpoint returned not found (Failed to fetch /event/14038603/odds/1/all: 404)
Skip fixture 22184 (Sofa=14167189): odds endpoint returned not found (Failed to fetch /event/14167189/odds/1/all: 404)
Skip fixture 22185 (Sofa=14038606): odds endpoint returned not found (Failed to fetch /event/14038606/odds/1/all: 404)
Skip fixture 22186 (Sofa=14038610): odds endpoint returned not found (Failed to fetch /event/14038610/odds/1/all: 404)
Skip fixture 22187 (Sofa=14038607): odds endpoint returned not found (Failed to fetch /event/14038607/odds/1/all: 404)
Skip fixture 22188 (Sofa=14038608): odds endpoint returned not found (Failed to fetch /event/14038608/odds/1/all: 404)
Log file: artifacts\logs\odds_polling_scheduler.log
Polling fixtures: 198
Inserted 0 odds snapshot rows.
Skip fixture 22183 (Sofa=14038603): odds endpoint returned not found (Failed to fetch /event/14038603/odds/1/all: 404)
Skip fixture 22184 (Sofa=14167189): odds endpoint returned not found (Failed to fetch /event/14167189/odds/1/all: 404)
Skip fixture 22185 (Sofa=14038606): odds endpoint returned not found (Failed to fetch /event/14038606/odds/1/all: 404)
Skip fixture 22186 (Sofa=14038610): odds endpoint returned not found (Failed to fetch /event/14038610/odds/1/all: 404)
Skip fixture 22187 (Sofa=14038607): odds endpoint returned not found (Failed to fetch /event/14038607/odds/1/all: 404)
Skip fixture 22188 (Sofa=14038608): odds endpoint returned not found (Failed to fetch /event/14038608/odds/1/all: 404)
Log file: artifacts\logs\odds_polling_scheduler.log
Polling fixtures: 198
Inserted 0 odds snapshot rows.
Skip fixture 22183 (Sofa=14038603): odds endpoint returned not found (Failed to fetch /event/14038603/odds/1/all: 404)
Skip fixture 22184 (Sofa=14167189): odds endpoint returned not found (Failed to fetch /event/14167189/odds/1/all: 404)
Skip fixture 22185 (Sofa=14038606): odds endpoint returned not found (Failed to fetch /event/14038606/odds/1/all: 404)
Skip fixture 22186 (Sofa=14038610): odds endpoint returned not found (Failed to fetch /event/14038610/odds/1/all: 404)
Skip fixture 22187 (Sofa=14038607): odds endpoint returned not found (Failed to fetch /event/14038607/odds/1/all: 404)
Skip fixture 22188 (Sofa=14038608): odds endpoint returned not found (Failed to fetch /event/14038608/odds/1/all: 404)
Log file: artifacts\logs\odds_polling_scheduler.log
Polling fixtures: 198
Inserted 0 odds snapshot rows.
Skip fixture 22183 (Sofa=14038603): odds endpoint returned not found (Failed to fetch /event/14038603/odds/1/all: 404)
Skip fixture 22184 (Sofa=14167189): odds endpoint returned not found (Failed to fetch /event/14167189/odds/1/all: 404)
Skip fixture 22185 (Sofa=14038606): odds endpoint returned not found (Failed to fetch /event/14038606/odds/1/all: 404)
Skip fixture 22186 (Sofa=14038610): odds endpoint returned not found (Failed to fetch /event/14038610/odds/1/all: 404)
Skip fixture 22187 (Sofa=14038607): odds endpoint returned not found (Failed to fetch /event/14038607/odds/1/all: 404)
Skip fixture 22188 (Sofa=14038608): odds endpoint returned not found (Failed to fetch /event/14038608/odds/1/all: 404)
Log file: artifacts\logs\odds_polling_scheduler.log
Polling fixtures: 198
Inserted 0 odds snapshot rows.
Skip fixture 22183 (Sofa=14038603): odds endpoint returned not found (Failed to fetch /event/14038603/odds/1/all: 404)
Skip fixture 22184 (Sofa=14167189): odds endpoint returned not found (Failed to fetch /event/14167189/odds/1/all: 404)
Skip fixture 22185 (Sofa=14038606): odds endpoint returned not found (Failed to fetch /event/14038606/odds/1/all: 404)
Skip fixture 22186 (Sofa=14038610): odds endpoint returned not found (Failed to fetch /event/14038610/odds/1/all: 404)
Skip fixture 22187 (Sofa=14038607): odds endpoint returned not found (Failed to fetch /event/14038607/odds/1/all: 404)
Skip fixture 22188 (Sofa=14038608): odds endpoint returned not found (Failed to fetch /event/14038608/odds/1/all: 404)
Log file: artifacts\logs\odds_polling_scheduler.log
Polling fixtures: 199
Inserted 2440 odds snapshot rows.
Skip fixture 22183 (Sofa=14038603): odds endpoint returned not found (Failed to fetch /event/14038603/odds/1/all: 404)
Skip fixture 22184 (Sofa=14167189): odds endpoint returned not found (Failed to fetch /event/14167189/odds/1/all: 404)
Skip fixture 22185 (Sofa=14038606): odds endpoint returned not found (Failed to fetch /event/14038606/odds/1/all: 404)
Skip fixture 22186 (Sofa=14038610): odds endpoint returned not found (Failed to fetch /event/14038610/odds/1/all: 404)
Skip fixture 22187 (Sofa=14038607): odds endpoint returned not found (Failed to fetch /event/14038607/odds/1/all: 404)
Skip fixture 22188 (Sofa=14038608): odds endpoint returned not found (Failed to fetch /event/14038608/odds/1/all: 404)
Log file: artifacts\logs\odds_polling_scheduler.log
Polling fixtures: 199
Inserted 0 odds snapshot rows.
Skip fixture 22183 (Sofa=14038603): odds endpoint returned not found (Failed to fetch /event/14038603/odds/1/all: 404)
Skip fixture 22184 (Sofa=14167189): odds endpoint returned not found (Failed to fetch /event/14167189/odds/1/all: 404)
Skip fixture 22185 (Sofa=14038606): odds endpoint returned not found (Failed to fetch /event/14038606/odds/1/all: 404)
Skip fixture 22186 (Sofa=14038610): odds endpoint returned not found (Failed to fetch /event/14038610/odds/1/all: 404)
Skip fixture 22187 (Sofa=14038607): odds endpoint returned not found (Failed to fetch /event/14038607/odds/1/all: 404)
Skip fixture 22188 (Sofa=14038608): odds endpoint returned not found (Failed to fetch /event/14038608/odds/1/all: 404)
Log file: artifacts\logs\odds_polling_scheduler.log
Polling fixtures: 199
Inserted 0 odds snapshot rows.
Skip fixture 22183 (Sofa=14038603): odds endpoint returned not found (Failed to fetch /event/14038603/odds/1/all: 404)
Skip fixture 22184 (Sofa=14167189): odds endpoint returned not found (Failed to fetch /event/14167189/odds/1/all: 404)
Skip fixture 22185 (Sofa=14038606): odds endpoint returned not found (Failed to fetch /event/14038606/odds/1/all: 404)
Skip fixture 22186 (Sofa=14038610): odds endpoint returned not found (Failed to fetch /event/14038610/odds/1/all: 404)
Skip fixture 22187 (Sofa=14038607): odds endpoint returned not found (Failed to fetch /event/14038607/odds/1/all: 404)
Skip fixture 22188 (Sofa=14038608): odds endpoint returned not found (Failed to fetch /event/14038608/odds/1/all: 404)
Log file: artifacts\logs\odds_polling_scheduler.log
Polling fixtures: 200
Inserted 12 odds snapshot rows.
Skip fixture 22183 (Sofa=14038603): odds endpoint returned not found (Failed to fetch /event/14038603/odds/1/all: 404)
Skip fixture 22184 (Sofa=14167189): odds endpoint returned not found (Failed to fetch /event/14167189/odds/1/all: 404)
Skip fixture 22185 (Sofa=14038606): odds endpoint returned not found (Failed to fetch /event/14038606/odds/1/all: 404)
Skip fixture 22186 (Sofa=14038610): odds endpoint returned not found (Failed to fetch /event/14038610/odds/1/all: 404)
Skip fixture 22187 (Sofa=14038607): odds endpoint returned not found (Failed to fetch /event/14038607/odds/1/all: 404)
Skip fixture 22188 (Sofa=14038608): odds endpoint returned not found (Failed to fetch /event/14038608/odds/1/all: 404)
Log file: artifacts\logs\odds_polling_scheduler.log
Polling fixtures: 202
Inserted 26 odds snapshot rows.
Skip fixture 22183 (Sofa=14038603): odds endpoint returned not found (Failed to fetch /event/14038603/odds/1/all: 404)
Skip fixture 22184 (Sofa=14167189): odds endpoint returned not found (Failed to fetch /event/14167189/odds/1/all: 404)
Skip fixture 22185 (Sofa=14038606): odds endpoint returned not found (Failed to fetch /event/14038606/odds/1/all: 404)
Skip fixture 22186 (Sofa=14038610): odds endpoint returned not found (Failed to fetch /event/14038610/odds/1/all: 404)
Skip fixture 22187 (Sofa=14038607): odds endpoint returned not found (Failed to fetch /event/14038607/odds/1/all: 404)
Skip fixture 22188 (Sofa=14038608): odds endpoint returned not found (Failed to fetch /event/14038608/odds/1/all: 404)
Skip fixture 22189 (Sofa=14038612): odds endpoint returned not found (Failed to fetch /event/14038612/odds/1/all: 404)
Log file: artifacts\logs\odds_polling_scheduler.log
Polling fixtures: 204
Inserted 13 odds snapshot rows.
Skip fixture 22183 (Sofa=14038603): odds endpoint returned not found (Failed to fetch /event/14038603/odds/1/all: 404)
Skip fixture 22184 (Sofa=14167189): odds endpoint returned not found (Failed to fetch /event/14167189/odds/1/all: 404)
Skip fixture 22185 (Sofa=14038606): odds endpoint returned not found (Failed to fetch /event/14038606/odds/1/all: 404)
Skip fixture 22186 (Sofa=14038610): odds endpoint returned not found (Failed to fetch /event/14038610/odds/1/all: 404)
Skip fixture 22187 (Sofa=14038607): odds endpoint returned not found (Failed to fetch /event/14038607/odds/1/all: 404)
Skip fixture 22188 (Sofa=14038608): odds endpoint returned not found (Failed to fetch /event/14038608/odds/1/all: 404)
Skip fixture 22189 (Sofa=14038612): odds endpoint returned not found (Failed to fetch /event/14038612/odds/1/all: 404)
Log file: artifacts\logs\odds_polling_scheduler.log
Polling fixtures: 204
Inserted 0 odds snapshot rows.
Log file: artifacts\logs\odds_polling_scheduler.log
Traceback (most recent call last):
  File "C:\Developer\soccer\footy-model\src\jobs\sofascore_odds_polling.py", line 300, in <module>
    raise SystemExit(main())
                     ~~~~^^
  File "C:\Developer\soccer\footy-model\src\jobs\sofascore_odds_polling.py", line 283, in main
    run_id = _start_run(details, bool(args.dry_run))
  File "C:\Developer\soccer\footy-model\src\jobs\sofascore_odds_polling.py", line 80, in _start_run
    return create_pipeline_run(
        job_name=JOB_NAME,
        message="odds polling started",
        details_json=payload,
    )
  File "C:\Developer\soccer\footy-model\src\common\pipeline_logging.py", line 30, in create_pipeline_run
    conn = connect_db()
  File "C:\Developer\soccer\footy-model\src\db\db_utils.py", line 28, in connect_db
    return psycopg2.connect(get_database_url())
           ~~~~~~~~~~~~~~~~^^^^^^^^^^^^^^^^^^^^
  File "C:\Users\louis\AppData\Roaming\Python\Python313\site-packages\psycopg2\__init__.py", line 135, in connect
    conn = _connect(dsn, connection_factory=connection_factory, **kwasync)
psycopg2.OperationalError: could not translate host name "ep-young-tree-ab8emfpl-pooler.eu-west-2.aws.neon.tech" to address: Name or service not known

Log file: artifacts\logs\odds_polling_scheduler.log
Traceback (most recent call last):
  File "C:\Developer\soccer\footy-model\src\jobs\sofascore_odds_polling.py", line 300, in <module>
    raise SystemExit(main())
                     ~~~~^^
  File "C:\Developer\soccer\footy-model\src\jobs\sofascore_odds_polling.py", line 283, in main
    run_id = _start_run(details, bool(args.dry_run))
  File "C:\Developer\soccer\footy-model\src\jobs\sofascore_odds_polling.py", line 80, in _start_run
    return create_pipeline_run(
        job_name=JOB_NAME,
        message="odds polling started",
        details_json=payload,
    )
  File "C:\Developer\soccer\footy-model\src\common\pipeline_logging.py", line 30, in create_pipeline_run
    conn = connect_db()
  File "C:\Developer\soccer\footy-model\src\db\db_utils.py", line 28, in connect_db
    return psycopg2.connect(get_database_url())
           ~~~~~~~~~~~~~~~~^^^^^^^^^^^^^^^^^^^^
  File "C:\Users\louis\AppData\Roaming\Python\Python313\site-packages\psycopg2\__init__.py", line 135, in connect
    conn = _connect(dsn, connection_factory=connection_factory, **kwasync)
psycopg2.OperationalError: could not translate host name "ep-young-tree-ab8emfpl-pooler.eu-west-2.aws.neon.tech" to address: Name or service not known

Skip fixture 22183 (Sofa=14038603): odds endpoint returned not found (Failed to fetch /event/14038603/odds/1/all: 404)
Skip fixture 22184 (Sofa=14167189): odds endpoint returned not found (Failed to fetch /event/14167189/odds/1/all: 404)
Skip fixture 22185 (Sofa=14038606): odds endpoint returned not found (Failed to fetch /event/14038606/odds/1/all: 404)
Skip fixture 22186 (Sofa=14038610): odds endpoint returned not found (Failed to fetch /event/14038610/odds/1/all: 404)
Skip fixture 22187 (Sofa=14038607): odds endpoint returned not found (Failed to fetch /event/14038607/odds/1/all: 404)
Skip fixture 22188 (Sofa=14038608): odds endpoint returned not found (Failed to fetch /event/14038608/odds/1/all: 404)
Skip fixture 22189 (Sofa=14038612): odds endpoint returned not found (Failed to fetch /event/14038612/odds/1/all: 404)
Skip fixture 22595 (Sofa=15204333): odds endpoint returned not found (Failed to fetch /event/15204333/odds/1/all: 404)
Skip fixture 22596 (Sofa=15204334): odds endpoint returned not found (Failed to fetch /event/15204334/odds/1/all: 404)
Log file: artifacts\logs\odds_polling_scheduler.log
Polling fixtures: 216
Inserted 2616 odds snapshot rows.
Skip fixture 22183 (Sofa=14038603): odds endpoint returned not found (Failed to fetch /event/14038603/odds/1/all: 404)
Skip fixture 22184 (Sofa=14167189): odds endpoint returned not found (Failed to fetch /event/14167189/odds/1/all: 404)
Skip fixture 22185 (Sofa=14038606): odds endpoint returned not found (Failed to fetch /event/14038606/odds/1/all: 404)
Skip fixture 22186 (Sofa=14038610): odds endpoint returned not found (Failed to fetch /event/14038610/odds/1/all: 404)
Skip fixture 22187 (Sofa=14038607): odds endpoint returned not found (Failed to fetch /event/14038607/odds/1/all: 404)
Skip fixture 22188 (Sofa=14038608): odds endpoint returned not found (Failed to fetch /event/14038608/odds/1/all: 404)
Skip fixture 22189 (Sofa=14038612): odds endpoint returned not found (Failed to fetch /event/14038612/odds/1/all: 404)
Skip fixture 22596 (Sofa=15204334): odds endpoint returned not found (Failed to fetch /event/15204334/odds/1/all: 404)
Skip fixture 22595 (Sofa=15204333): odds endpoint returned not found (Failed to fetch /event/15204333/odds/1/all: 404)
Log file: artifacts\logs\odds_polling_scheduler.log
Polling fixtures: 219
Inserted 41 odds snapshot rows.
Skip fixture 22183 (Sofa=14038603): odds endpoint returned not found (Failed to fetch /event/14038603/odds/1/all: 404)
Skip fixture 22184 (Sofa=14167189): odds endpoint returned not found (Failed to fetch /event/14167189/odds/1/all: 404)
Skip fixture 22185 (Sofa=14038606): odds endpoint returned not found (Failed to fetch /event/14038606/odds/1/all: 404)
Skip fixture 22186 (Sofa=14038610): odds endpoint returned not found (Failed to fetch /event/14038610/odds/1/all: 404)
Skip fixture 22187 (Sofa=14038607): odds endpoint returned not found (Failed to fetch /event/14038607/odds/1/all: 404)
Skip fixture 22188 (Sofa=14038608): odds endpoint returned not found (Failed to fetch /event/14038608/odds/1/all: 404)
Skip fixture 22189 (Sofa=14038612): odds endpoint returned not found (Failed to fetch /event/14038612/odds/1/all: 404)
Skip fixture 22596 (Sofa=15204334): odds endpoint returned not found (Failed to fetch /event/15204334/odds/1/all: 404)
Skip fixture 22595 (Sofa=15204333): odds endpoint returned not found (Failed to fetch /event/15204333/odds/1/all: 404)
Skip fixture 22190 (Sofa=14038604): odds endpoint returned not found (Failed to fetch /event/14038604/odds/1/all: 404)
Log file: artifacts\logs\odds_polling_scheduler.log
Polling fixtures: 224
Inserted 66 odds snapshot rows.
Skip fixture 22183 (Sofa=14038603): odds endpoint returned not found (Failed to fetch /event/14038603/odds/1/all: 404)
Skip fixture 22184 (Sofa=14167189): odds endpoint returned not found (Failed to fetch /event/14167189/odds/1/all: 404)
Skip fixture 22185 (Sofa=14038606): odds endpoint returned not found (Failed to fetch /event/14038606/odds/1/all: 404)
Skip fixture 22186 (Sofa=14038610): odds endpoint returned not found (Failed to fetch /event/14038610/odds/1/all: 404)
Skip fixture 22187 (Sofa=14038607): odds endpoint returned not found (Failed to fetch /event/14038607/odds/1/all: 404)
Skip fixture 22188 (Sofa=14038608): odds endpoint returned not found (Failed to fetch /event/14038608/odds/1/all: 404)
Skip fixture 22189 (Sofa=14038612): odds endpoint returned not found (Failed to fetch /event/14038612/odds/1/all: 404)
Skip fixture 22596 (Sofa=15204334): odds endpoint returned not found (Failed to fetch /event/15204334/odds/1/all: 404)
Skip fixture 22595 (Sofa=15204333): odds endpoint returned not found (Failed to fetch /event/15204333/odds/1/all: 404)
Skip fixture 22190 (Sofa=14038604): odds endpoint returned not found (Failed to fetch /event/14038604/odds/1/all: 404)
Log file: artifacts\logs\odds_polling_scheduler.log
Polling fixtures: 224
Inserted 0 odds snapshot rows.
Skip fixture 22183 (Sofa=14038603): odds endpoint returned not found (Failed to fetch /event/14038603/odds/1/all: 404)
Skip fixture 22184 (Sofa=14167189): odds endpoint returned not found (Failed to fetch /event/14167189/odds/1/all: 404)
Skip fixture 22185 (Sofa=14038606): odds endpoint returned not found (Failed to fetch /event/14038606/odds/1/all: 404)
Skip fixture 22186 (Sofa=14038610): odds endpoint returned not found (Failed to fetch /event/14038610/odds/1/all: 404)
Skip fixture 22187 (Sofa=14038607): odds endpoint returned not found (Failed to fetch /event/14038607/odds/1/all: 404)
Skip fixture 22188 (Sofa=14038608): odds endpoint returned not found (Failed to fetch /event/14038608/odds/1/all: 404)
Skip fixture 22189 (Sofa=14038612): odds endpoint returned not found (Failed to fetch /event/14038612/odds/1/all: 404)
Skip fixture 22595 (Sofa=15204333): odds endpoint returned not found (Failed to fetch /event/15204333/odds/1/all: 404)
Skip fixture 22596 (Sofa=15204334): odds endpoint returned not found (Failed to fetch /event/15204334/odds/1/all: 404)
Skip fixture 22190 (Sofa=14038604): odds endpoint returned not found (Failed to fetch /event/14038604/odds/1/all: 404)
Log file: artifacts\logs\odds_polling_scheduler.log
Polling fixtures: 226
Inserted 28 odds snapshot rows.
Skip fixture 22183 (Sofa=14038603): odds endpoint returned not found (Failed to fetch /event/14038603/odds/1/all: 404)
Skip fixture 22184 (Sofa=14167189): odds endpoint returned not found (Failed to fetch /event/14167189/odds/1/all: 404)
Skip fixture 22185 (Sofa=14038606): odds endpoint returned not found (Failed to fetch /event/14038606/odds/1/all: 404)
Skip fixture 22186 (Sofa=14038610): odds endpoint returned not found (Failed to fetch /event/14038610/odds/1/all: 404)
Skip fixture 22187 (Sofa=14038607): odds endpoint returned not found (Failed to fetch /event/14038607/odds/1/all: 404)
Skip fixture 22188 (Sofa=14038608): odds endpoint returned not found (Failed to fetch /event/14038608/odds/1/all: 404)
Skip fixture 22189 (Sofa=14038612): odds endpoint returned not found (Failed to fetch /event/14038612/odds/1/all: 404)
Skip fixture 22596 (Sofa=15204334): odds endpoint returned not found (Failed to fetch /event/15204334/odds/1/all: 404)
Skip fixture 22595 (Sofa=15204333): odds endpoint returned not found (Failed to fetch /event/15204333/odds/1/all: 404)
Skip fixture 22190 (Sofa=14038604): odds endpoint returned not found (Failed to fetch /event/14038604/odds/1/all: 404)
Log file: artifacts\logs\odds_polling_scheduler.log
Polling fixtures: 233
Inserted 92 odds snapshot rows.
Skip fixture 22183 (Sofa=14038603): odds endpoint returned not found (Failed to fetch /event/14038603/odds/1/all: 404)
Skip fixture 22184 (Sofa=14167189): odds endpoint returned not found (Failed to fetch /event/14167189/odds/1/all: 404)
Skip fixture 22185 (Sofa=14038606): odds endpoint returned not found (Failed to fetch /event/14038606/odds/1/all: 404)
Skip fixture 22186 (Sofa=14038610): odds endpoint returned not found (Failed to fetch /event/14038610/odds/1/all: 404)
Skip fixture 22187 (Sofa=14038607): odds endpoint returned not found (Failed to fetch /event/14038607/odds/1/all: 404)
Skip fixture 22188 (Sofa=14038608): odds endpoint returned not found (Failed to fetch /event/14038608/odds/1/all: 404)
Skip fixture 22189 (Sofa=14038612): odds endpoint returned not found (Failed to fetch /event/14038612/odds/1/all: 404)
Skip fixture 22595 (Sofa=15204333): odds endpoint returned not found (Failed to fetch /event/15204333/odds/1/all: 404)
Skip fixture 22596 (Sofa=15204334): odds endpoint returned not found (Failed to fetch /event/15204334/odds/1/all: 404)
Skip fixture 22190 (Sofa=14038604): odds endpoint returned not found (Failed to fetch /event/14038604/odds/1/all: 404)
Log file: artifacts\logs\odds_polling_scheduler.log
Polling fixtures: 236
Inserted 36 odds snapshot rows.
Skip fixture 22183 (Sofa=14038603): odds endpoint returned not found (Failed to fetch /event/14038603/odds/1/all: 404)
Skip fixture 22184 (Sofa=14167189): odds endpoint returned not found (Failed to fetch /event/14167189/odds/1/all: 404)
Skip fixture 22185 (Sofa=14038606): odds endpoint returned not found (Failed to fetch /event/14038606/odds/1/all: 404)
Skip fixture 22186 (Sofa=14038610): odds endpoint returned not found (Failed to fetch /event/14038610/odds/1/all: 404)
Skip fixture 22187 (Sofa=14038607): odds endpoint returned not found (Failed to fetch /event/14038607/odds/1/all: 404)
Skip fixture 22188 (Sofa=14038608): odds endpoint returned not found (Failed to fetch /event/14038608/odds/1/all: 404)
Skip fixture 22189 (Sofa=14038612): odds endpoint returned not found (Failed to fetch /event/14038612/odds/1/all: 404)
Skip fixture 22595 (Sofa=15204333): odds endpoint returned not found (Failed to fetch /event/15204333/odds/1/all: 404)
Skip fixture 22596 (Sofa=15204334): odds endpoint returned not found (Failed to fetch /event/15204334/odds/1/all: 404)
Skip fixture 22190 (Sofa=14038604): odds endpoint returned not found (Failed to fetch /event/14038604/odds/1/all: 404)
Log file: artifacts\logs\odds_polling_scheduler.log
Polling fixtures: 239
Inserted 2698 odds snapshot rows.
Skip fixture 22183 (Sofa=14038603): odds endpoint returned not found (Failed to fetch /event/14038603/odds/1/all: 404)
Skip fixture 22184 (Sofa=14167189): odds endpoint returned not found (Failed to fetch /event/14167189/odds/1/all: 404)
Skip fixture 22185 (Sofa=14038606): odds endpoint returned not found (Failed to fetch /event/14038606/odds/1/all: 404)
Skip fixture 22186 (Sofa=14038610): odds endpoint returned not found (Failed to fetch /event/14038610/odds/1/all: 404)
Skip fixture 22187 (Sofa=14038607): odds endpoint returned not found (Failed to fetch /event/14038607/odds/1/all: 404)
Skip fixture 22188 (Sofa=14038608): odds endpoint returned not found (Failed to fetch /event/14038608/odds/1/all: 404)
Skip fixture 22189 (Sofa=14038612): odds endpoint returned not found (Failed to fetch /event/14038612/odds/1/all: 404)
Skip fixture 22596 (Sofa=15204334): odds endpoint returned not found (Failed to fetch /event/15204334/odds/1/all: 404)
Skip fixture 22595 (Sofa=15204333): odds endpoint returned not found (Failed to fetch /event/15204333/odds/1/all: 404)
Skip fixture 22190 (Sofa=14038604): odds endpoint returned not found (Failed to fetch /event/14038604/odds/1/all: 404)
Log file: artifacts\logs\odds_polling_scheduler.log
Polling fixtures: 252
Inserted 166 odds snapshot rows.
Skip fixture 22183 (Sofa=14038603): odds endpoint returned not found (Failed to fetch /event/14038603/odds/1/all: 404)
Skip fixture 22184 (Sofa=14167189): odds endpoint returned not found (Failed to fetch /event/14167189/odds/1/all: 404)
Skip fixture 22185 (Sofa=14038606): odds endpoint returned not found (Failed to fetch /event/14038606/odds/1/all: 404)
Skip fixture 22186 (Sofa=14038610): odds endpoint returned not found (Failed to fetch /event/14038610/odds/1/all: 404)
Skip fixture 22187 (Sofa=14038607): odds endpoint returned not found (Failed to fetch /event/14038607/odds/1/all: 404)
Skip fixture 22188 (Sofa=14038608): odds endpoint returned not found (Failed to fetch /event/14038608/odds/1/all: 404)
Skip fixture 22189 (Sofa=14038612): odds endpoint returned not found (Failed to fetch /event/14038612/odds/1/all: 404)
Skip fixture 22595 (Sofa=15204333): odds endpoint returned not found (Failed to fetch /event/15204333/odds/1/all: 404)
Skip fixture 22596 (Sofa=15204334): odds endpoint returned not found (Failed to fetch /event/15204334/odds/1/all: 404)
Skip fixture 22190 (Sofa=14038604): odds endpoint returned not found (Failed to fetch /event/14038604/odds/1/all: 404)
Log file: artifacts\logs\odds_polling_scheduler.log
Polling fixtures: 256
Inserted 225 odds snapshot rows.
Skip fixture 22183 (Sofa=14038603): odds endpoint returned not found (Failed to fetch /event/14038603/odds/1/all: 404)
Skip fixture 22184 (Sofa=14167189): odds endpoint returned not found (Failed to fetch /event/14167189/odds/1/all: 404)
Skip fixture 22185 (Sofa=14038606): odds endpoint returned not found (Failed to fetch /event/14038606/odds/1/all: 404)
Skip fixture 22186 (Sofa=14038610): odds endpoint returned not found (Failed to fetch /event/14038610/odds/1/all: 404)
Skip fixture 22187 (Sofa=14038607): odds endpoint returned not found (Failed to fetch /event/14038607/odds/1/all: 404)
Skip fixture 22188 (Sofa=14038608): odds endpoint returned not found (Failed to fetch /event/14038608/odds/1/all: 404)
Skip fixture 22189 (Sofa=14038612): odds endpoint returned not found (Failed to fetch /event/14038612/odds/1/all: 404)
Skip fixture 22596 (Sofa=15204334): odds endpoint returned not found (Failed to fetch /event/15204334/odds/1/all: 404)
Skip fixture 22595 (Sofa=15204333): odds endpoint returned not found (Failed to fetch /event/15204333/odds/1/all: 404)
Skip fixture 22190 (Sofa=14038604): odds endpoint returned not found (Failed to fetch /event/14038604/odds/1/all: 404)
Log file: artifacts\logs\odds_polling_scheduler.log
Polling fixtures: 259
Inserted 37 odds snapshot rows.
Skip fixture 22183 (Sofa=14038603): odds endpoint returned not found (Failed to fetch /event/14038603/odds/1/all: 404)
Skip fixture 22184 (Sofa=14167189): odds endpoint returned not found (Failed to fetch /event/14167189/odds/1/all: 404)
Skip fixture 22185 (Sofa=14038606): odds endpoint returned not found (Failed to fetch /event/14038606/odds/1/all: 404)
Skip fixture 22186 (Sofa=14038610): odds endpoint returned not found (Failed to fetch /event/14038610/odds/1/all: 404)
Skip fixture 22187 (Sofa=14038607): odds endpoint returned not found (Failed to fetch /event/14038607/odds/1/all: 404)
Skip fixture 22188 (Sofa=14038608): odds endpoint returned not found (Failed to fetch /event/14038608/odds/1/all: 404)
Skip fixture 22189 (Sofa=14038612): odds endpoint returned not found (Failed to fetch /event/14038612/odds/1/all: 404)
Skip fixture 22595 (Sofa=15204333): odds endpoint returned not found (Failed to fetch /event/15204333/odds/1/all: 404)
Skip fixture 22596 (Sofa=15204334): odds endpoint returned not found (Failed to fetch /event/15204334/odds/1/all: 404)
Skip fixture 22190 (Sofa=14038604): odds endpoint returned not found (Failed to fetch /event/14038604/odds/1/all: 404)
Log file: artifacts\logs\odds_polling_scheduler.log
Polling fixtures: 261
Inserted 251 odds snapshot rows.
Skip fixture 22183 (Sofa=14038603): odds endpoint returned not found (Failed to fetch /event/14038603/odds/1/all: 404)
Skip fixture 22184 (Sofa=14167189): odds endpoint returned not found (Failed to fetch /event/14167189/odds/1/all: 404)
Skip fixture 22185 (Sofa=14038606): odds endpoint returned not found (Failed to fetch /event/14038606/odds/1/all: 404)
Skip fixture 22186 (Sofa=14038610): odds endpoint returned not found (Failed to fetch /event/14038610/odds/1/all: 404)
Skip fixture 22187 (Sofa=14038607): odds endpoint returned not found (Failed to fetch /event/14038607/odds/1/all: 404)
Skip fixture 22188 (Sofa=14038608): odds endpoint returned not found (Failed to fetch /event/14038608/odds/1/all: 404)
Skip fixture 22189 (Sofa=14038612): odds endpoint returned not found (Failed to fetch /event/14038612/odds/1/all: 404)
Skip fixture 22190 (Sofa=14038604): odds endpoint returned not found (Failed to fetch /event/14038604/odds/1/all: 404)
Log file: artifacts\logs\odds_polling_scheduler.log
Polling fixtures: 261
Inserted 2 odds snapshot rows.
Skip fixture 22183 (Sofa=14038603): odds endpoint returned not found (Failed to fetch /event/14038603/odds/1/all: 404)
Skip fixture 22184 (Sofa=14167189): odds endpoint returned not found (Failed to fetch /event/14167189/odds/1/all: 404)
Skip fixture 22185 (Sofa=14038606): odds endpoint returned not found (Failed to fetch /event/14038606/odds/1/all: 404)
Skip fixture 22186 (Sofa=14038610): odds endpoint returned not found (Failed to fetch /event/14038610/odds/1/all: 404)
Skip fixture 22187 (Sofa=14038607): odds endpoint returned not found (Failed to fetch /event/14038607/odds/1/all: 404)
Skip fixture 22188 (Sofa=14038608): odds endpoint returned not found (Failed to fetch /event/14038608/odds/1/all: 404)
Skip fixture 22189 (Sofa=14038612): odds endpoint returned not found (Failed to fetch /event/14038612/odds/1/all: 404)
Skip fixture 22190 (Sofa=14038604): odds endpoint returned not found (Failed to fetch /event/14038604/odds/1/all: 404)
Log file: artifacts\logs\odds_polling_scheduler.log
Polling fixtures: 265
Inserted 236 odds snapshot rows.
Skip fixture 22183 (Sofa=14038603): odds endpoint returned not found (Failed to fetch /event/14038603/odds/1/all: 404)
Skip fixture 22184 (Sofa=14167189): odds endpoint returned not found (Failed to fetch /event/14167189/odds/1/all: 404)
Skip fixture 22185 (Sofa=14038606): odds endpoint returned not found (Failed to fetch /event/14038606/odds/1/all: 404)
Skip fixture 22186 (Sofa=14038610): odds endpoint returned not found (Failed to fetch /event/14038610/odds/1/all: 404)
Skip fixture 22187 (Sofa=14038607): odds endpoint returned not found (Failed to fetch /event/14038607/odds/1/all: 404)
Skip fixture 22188 (Sofa=14038608): odds endpoint returned not found (Failed to fetch /event/14038608/odds/1/all: 404)
Skip fixture 22189 (Sofa=14038612): odds endpoint returned not found (Failed to fetch /event/14038612/odds/1/all: 404)
Skip fixture 22190 (Sofa=14038604): odds endpoint returned not found (Failed to fetch /event/14038604/odds/1/all: 404)
Log file: artifacts\logs\odds_polling_scheduler.log
Polling fixtures: 266
Inserted 2735 odds snapshot rows.
Skip fixture 22183 (Sofa=14038603): odds endpoint returned not found (Failed to fetch /event/14038603/odds/1/all: 404)
Skip fixture 22184 (Sofa=14167189): odds endpoint returned not found (Failed to fetch /event/14167189/odds/1/all: 404)
Skip fixture 22185 (Sofa=14038606): odds endpoint returned not found (Failed to fetch /event/14038606/odds/1/all: 404)
Skip fixture 22186 (Sofa=14038610): odds endpoint returned not found (Failed to fetch /event/14038610/odds/1/all: 404)
Skip fixture 22187 (Sofa=14038607): odds endpoint returned not found (Failed to fetch /event/14038607/odds/1/all: 404)
Skip fixture 22188 (Sofa=14038608): odds endpoint returned not found (Failed to fetch /event/14038608/odds/1/all: 404)
Skip fixture 22189 (Sofa=14038612): odds endpoint returned not found (Failed to fetch /event/14038612/odds/1/all: 404)
Skip fixture 22190 (Sofa=14038604): odds endpoint returned not found (Failed to fetch /event/14038604/odds/1/all: 404)
Log file: artifacts\logs\odds_polling_scheduler.log
Polling fixtures: 267
Inserted 162 odds snapshot rows.
Skip fixture 22183 (Sofa=14038603): odds endpoint returned not found (Failed to fetch /event/14038603/odds/1/all: 404)
Skip fixture 22184 (Sofa=14167189): odds endpoint returned not found (Failed to fetch /event/14167189/odds/1/all: 404)
Skip fixture 22185 (Sofa=14038606): odds endpoint returned not found (Failed to fetch /event/14038606/odds/1/all: 404)
Skip fixture 22186 (Sofa=14038610): odds endpoint returned not found (Failed to fetch /event/14038610/odds/1/all: 404)
Skip fixture 22187 (Sofa=14038607): odds endpoint returned not found (Failed to fetch /event/14038607/odds/1/all: 404)
Skip fixture 22188 (Sofa=14038608): odds endpoint returned not found (Failed to fetch /event/14038608/odds/1/all: 404)
Skip fixture 22189 (Sofa=14038612): odds endpoint returned not found (Failed to fetch /event/14038612/odds/1/all: 404)
Skip fixture 22190 (Sofa=14038604): odds endpoint returned not found (Failed to fetch /event/14038604/odds/1/all: 404)
Log file: artifacts\logs\odds_polling_scheduler.log
Polling fixtures: 260
Inserted 243 odds snapshot rows.
Skip fixture 22183 (Sofa=14038603): odds endpoint returned not found (Failed to fetch /event/14038603/odds/1/all: 404)
Skip fixture 22184 (Sofa=14167189): odds endpoint returned not found (Failed to fetch /event/14167189/odds/1/all: 404)
Skip fixture 22185 (Sofa=14038606): odds endpoint returned not found (Failed to fetch /event/14038606/odds/1/all: 404)
Skip fixture 22186 (Sofa=14038610): odds endpoint returned not found (Failed to fetch /event/14038610/odds/1/all: 404)
Skip fixture 22187 (Sofa=14038607): odds endpoint returned not found (Failed to fetch /event/14038607/odds/1/all: 404)
Skip fixture 22188 (Sofa=14038608): odds endpoint returned not found (Failed to fetch /event/14038608/odds/1/all: 404)
Skip fixture 22189 (Sofa=14038612): odds endpoint returned not found (Failed to fetch /event/14038612/odds/1/all: 404)
Skip fixture 22190 (Sofa=14038604): odds endpoint returned not found (Failed to fetch /event/14038604/odds/1/all: 404)
Log file: artifacts\logs\odds_polling_scheduler.log
Polling fixtures: 262
Inserted 67 odds snapshot rows.
Skip fixture 22183 (Sofa=14038603): odds endpoint returned not found (Failed to fetch /event/14038603/odds/1/all: 404)
Skip fixture 22184 (Sofa=14167189): odds endpoint returned not found (Failed to fetch /event/14167189/odds/1/all: 404)
Skip fixture 22185 (Sofa=14038606): odds endpoint returned not found (Failed to fetch /event/14038606/odds/1/all: 404)
Skip fixture 22186 (Sofa=14038610): odds endpoint returned not found (Failed to fetch /event/14038610/odds/1/all: 404)
Skip fixture 22187 (Sofa=14038607): odds endpoint returned not found (Failed to fetch /event/14038607/odds/1/all: 404)
Skip fixture 22188 (Sofa=14038608): odds endpoint returned not found (Failed to fetch /event/14038608/odds/1/all: 404)
Skip fixture 22189 (Sofa=14038612): odds endpoint returned not found (Failed to fetch /event/14038612/odds/1/all: 404)
Skip fixture 22190 (Sofa=14038604): odds endpoint returned not found (Failed to fetch /event/14038604/odds/1/all: 404)
Log file: artifacts\logs\odds_polling_scheduler.log
Polling fixtures: 262
Inserted 216 odds snapshot rows.
Skip fixture 22183 (Sofa=14038603): odds endpoint returned not found (Failed to fetch /event/14038603/odds/1/all: 404)
Skip fixture 22184 (Sofa=14167189): odds endpoint returned not found (Failed to fetch /event/14167189/odds/1/all: 404)
Skip fixture 22185 (Sofa=14038606): odds endpoint returned not found (Failed to fetch /event/14038606/odds/1/all: 404)
Skip fixture 22186 (Sofa=14038610): odds endpoint returned not found (Failed to fetch /event/14038610/odds/1/all: 404)
Skip fixture 22187 (Sofa=14038607): odds endpoint returned not found (Failed to fetch /event/14038607/odds/1/all: 404)
Skip fixture 22188 (Sofa=14038608): odds endpoint returned not found (Failed to fetch /event/14038608/odds/1/all: 404)
Skip fixture 22189 (Sofa=14038612): odds endpoint returned not found (Failed to fetch /event/14038612/odds/1/all: 404)
Skip fixture 22190 (Sofa=14038604): odds endpoint returned not found (Failed to fetch /event/14038604/odds/1/all: 404)
Log file: artifacts\logs\odds_polling_scheduler.log
Polling fixtures: 264
Inserted 68 odds snapshot rows.
Skip fixture 22183 (Sofa=14038603): odds endpoint returned not found (Failed to fetch /event/14038603/odds/1/all: 404)
Skip fixture 22184 (Sofa=14167189): odds endpoint returned not found (Failed to fetch /event/14167189/odds/1/all: 404)
Skip fixture 22185 (Sofa=14038606): odds endpoint returned not found (Failed to fetch /event/14038606/odds/1/all: 404)
Skip fixture 22186 (Sofa=14038610): odds endpoint returned not found (Failed to fetch /event/14038610/odds/1/all: 404)
Skip fixture 22187 (Sofa=14038607): odds endpoint returned not found (Failed to fetch /event/14038607/odds/1/all: 404)
Skip fixture 22188 (Sofa=14038608): odds endpoint returned not found (Failed to fetch /event/14038608/odds/1/all: 404)
Skip fixture 22189 (Sofa=14038612): odds endpoint returned not found (Failed to fetch /event/14038612/odds/1/all: 404)
Skip fixture 22190 (Sofa=14038604): odds endpoint returned not found (Failed to fetch /event/14038604/odds/1/all: 404)
Log file: artifacts\logs\odds_polling_scheduler.log
Polling fixtures: 266
Inserted 179 odds snapshot rows.
Skip fixture 22183 (Sofa=14038603): odds endpoint returned not found (Failed to fetch /event/14038603/odds/1/all: 404)
Skip fixture 22184 (Sofa=14167189): odds endpoint returned not found (Failed to fetch /event/14167189/odds/1/all: 404)
Skip fixture 22185 (Sofa=14038606): odds endpoint returned not found (Failed to fetch /event/14038606/odds/1/all: 404)
Skip fixture 22186 (Sofa=14038610): odds endpoint returned not found (Failed to fetch /event/14038610/odds/1/all: 404)
Skip fixture 22187 (Sofa=14038607): odds endpoint returned not found (Failed to fetch /event/14038607/odds/1/all: 404)
Skip fixture 22188 (Sofa=14038608): odds endpoint returned not found (Failed to fetch /event/14038608/odds/1/all: 404)
Skip fixture 22189 (Sofa=14038612): odds endpoint returned not found (Failed to fetch /event/14038612/odds/1/all: 404)
Skip fixture 22190 (Sofa=14038604): odds endpoint returned not found (Failed to fetch /event/14038604/odds/1/all: 404)
Log file: artifacts\logs\odds_polling_scheduler.log
Polling fixtures: 266
Inserted 2729 odds snapshot rows.
Skip fixture 22183 (Sofa=14038603): odds endpoint returned not found (Failed to fetch /event/14038603/odds/1/all: 404)
Skip fixture 22184 (Sofa=14167189): odds endpoint returned not found (Failed to fetch /event/14167189/odds/1/all: 404)
Skip fixture 22185 (Sofa=14038606): odds endpoint returned not found (Failed to fetch /event/14038606/odds/1/all: 404)
Skip fixture 22186 (Sofa=14038610): odds endpoint returned not found (Failed to fetch /event/14038610/odds/1/all: 404)
Skip fixture 22187 (Sofa=14038607): odds endpoint returned not found (Failed to fetch /event/14038607/odds/1/all: 404)
Skip fixture 22188 (Sofa=14038608): odds endpoint returned not found (Failed to fetch /event/14038608/odds/1/all: 404)
Skip fixture 22189 (Sofa=14038612): odds endpoint returned not found (Failed to fetch /event/14038612/odds/1/all: 404)
Skip fixture 22190 (Sofa=14038604): odds endpoint returned not found (Failed to fetch /event/14038604/odds/1/all: 404)
Log file: artifacts\logs\odds_polling_scheduler.log
Polling fixtures: 266
Inserted 67 odds snapshot rows.
Skip fixture 22183 (Sofa=14038603): odds endpoint returned not found (Failed to fetch /event/14038603/odds/1/all: 404)
Skip fixture 22184 (Sofa=14167189): odds endpoint returned not found (Failed to fetch /event/14167189/odds/1/all: 404)
Skip fixture 22185 (Sofa=14038606): odds endpoint returned not found (Failed to fetch /event/14038606/odds/1/all: 404)
Skip fixture 22186 (Sofa=14038610): odds endpoint returned not found (Failed to fetch /event/14038610/odds/1/all: 404)
Skip fixture 22187 (Sofa=14038607): odds endpoint returned not found (Failed to fetch /event/14038607/odds/1/all: 404)
Skip fixture 22188 (Sofa=14038608): odds endpoint returned not found (Failed to fetch /event/14038608/odds/1/all: 404)
Skip fixture 22189 (Sofa=14038612): odds endpoint returned not found (Failed to fetch /event/14038612/odds/1/all: 404)
Skip fixture 22190 (Sofa=14038604): odds endpoint returned not found (Failed to fetch /event/14038604/odds/1/all: 404)
Log file: artifacts\logs\odds_polling_scheduler.log
Polling fixtures: 258
Inserted 201 odds snapshot rows.
Skip fixture 22183 (Sofa=14038603): odds endpoint returned not found (Failed to fetch /event/14038603/odds/1/all: 404)
Skip fixture 22184 (Sofa=14167189): odds endpoint returned not found (Failed to fetch /event/14167189/odds/1/all: 404)
Skip fixture 22185 (Sofa=14038606): odds endpoint returned not found (Failed to fetch /event/14038606/odds/1/all: 404)
Skip fixture 22186 (Sofa=14038610): odds endpoint returned not found (Failed to fetch /event/14038610/odds/1/all: 404)
Skip fixture 22187 (Sofa=14038607): odds endpoint returned not found (Failed to fetch /event/14038607/odds/1/all: 404)
Skip fixture 22188 (Sofa=14038608): odds endpoint returned not found (Failed to fetch /event/14038608/odds/1/all: 404)
Skip fixture 22189 (Sofa=14038612): odds endpoint returned not found (Failed to fetch /event/14038612/odds/1/all: 404)
Skip fixture 22190 (Sofa=14038604): odds endpoint returned not found (Failed to fetch /event/14038604/odds/1/all: 404)
Log file: artifacts\logs\odds_polling_scheduler.log
Polling fixtures: 258
Inserted 0 odds snapshot rows.
Skip fixture 22183 (Sofa=14038603): odds endpoint returned not found (Failed to fetch /event/14038603/odds/1/all: 404)
Skip fixture 22184 (Sofa=14167189): odds endpoint returned not found (Failed to fetch /event/14167189/odds/1/all: 404)
Skip fixture 22185 (Sofa=14038606): odds endpoint returned not found (Failed to fetch /event/14038606/odds/1/all: 404)
Skip fixture 22186 (Sofa=14038610): odds endpoint returned not found (Failed to fetch /event/14038610/odds/1/all: 404)
Skip fixture 22187 (Sofa=14038607): odds endpoint returned not found (Failed to fetch /event/14038607/odds/1/all: 404)
Skip fixture 22188 (Sofa=14038608): odds endpoint returned not found (Failed to fetch /event/14038608/odds/1/all: 404)
Skip fixture 22189 (Sofa=14038612): odds endpoint returned not found (Failed to fetch /event/14038612/odds/1/all: 404)
Skip fixture 22190 (Sofa=14038604): odds endpoint returned not found (Failed to fetch /event/14038604/odds/1/all: 404)
Log file: artifacts\logs\odds_polling_scheduler.log
Polling fixtures: 259
Inserted 188 odds snapshot rows.
Skip fixture 22183 (Sofa=14038603): odds endpoint returned not found (Failed to fetch /event/14038603/odds/1/all: 404)
Skip fixture 22184 (Sofa=14167189): odds endpoint returned not found (Failed to fetch /event/14167189/odds/1/all: 404)
Skip fixture 22185 (Sofa=14038606): odds endpoint returned not found (Failed to fetch /event/14038606/odds/1/all: 404)
Skip fixture 22186 (Sofa=14038610): odds endpoint returned not found (Failed to fetch /event/14038610/odds/1/all: 404)
Skip fixture 22187 (Sofa=14038607): odds endpoint returned not found (Failed to fetch /event/14038607/odds/1/all: 404)
Skip fixture 22188 (Sofa=14038608): odds endpoint returned not found (Failed to fetch /event/14038608/odds/1/all: 404)
Skip fixture 22189 (Sofa=14038612): odds endpoint returned not found (Failed to fetch /event/14038612/odds/1/all: 404)
Skip fixture 22190 (Sofa=14038604): odds endpoint returned not found (Failed to fetch /event/14038604/odds/1/all: 404)
Log file: artifacts\logs\odds_polling_scheduler.log
Polling fixtures: 259
Inserted 0 odds snapshot rows.
Skip fixture 22183 (Sofa=14038603): odds endpoint returned not found (Failed to fetch /event/14038603/odds/1/all: 404)
Skip fixture 22184 (Sofa=14167189): odds endpoint returned not found (Failed to fetch /event/14167189/odds/1/all: 404)
Skip fixture 22185 (Sofa=14038606): odds endpoint returned not found (Failed to fetch /event/14038606/odds/1/all: 404)
Skip fixture 22186 (Sofa=14038610): odds endpoint returned not found (Failed to fetch /event/14038610/odds/1/all: 404)
Skip fixture 22187 (Sofa=14038607): odds endpoint returned not found (Failed to fetch /event/14038607/odds/1/all: 404)
Skip fixture 22188 (Sofa=14038608): odds endpoint returned not found (Failed to fetch /event/14038608/odds/1/all: 404)
Skip fixture 22189 (Sofa=14038612): odds endpoint returned not found (Failed to fetch /event/14038612/odds/1/all: 404)
Skip fixture 22190 (Sofa=14038604): odds endpoint returned not found (Failed to fetch /event/14038604/odds/1/all: 404)
Log file: artifacts\logs\odds_polling_scheduler.log
Polling fixtures: 259
Inserted 111 odds snapshot rows.
Skip fixture 22183 (Sofa=14038603): odds endpoint returned not found (Failed to fetch /event/14038603/odds/1/all: 404)
Skip fixture 22184 (Sofa=14167189): odds endpoint returned not found (Failed to fetch /event/14167189/odds/1/all: 404)
Skip fixture 22185 (Sofa=14038606): odds endpoint returned not found (Failed to fetch /event/14038606/odds/1/all: 404)
Skip fixture 22186 (Sofa=14038610): odds endpoint returned not found (Failed to fetch /event/14038610/odds/1/all: 404)
Skip fixture 22187 (Sofa=14038607): odds endpoint returned not found (Failed to fetch /event/14038607/odds/1/all: 404)
Skip fixture 22188 (Sofa=14038608): odds endpoint returned not found (Failed to fetch /event/14038608/odds/1/all: 404)
Skip fixture 22189 (Sofa=14038612): odds endpoint returned not found (Failed to fetch /event/14038612/odds/1/all: 404)
Skip fixture 22190 (Sofa=14038604): odds endpoint returned not found (Failed to fetch /event/14038604/odds/1/all: 404)
Log file: artifacts\logs\odds_polling_scheduler.log
Polling fixtures: 259
Inserted 2686 odds snapshot rows.
Skip fixture 22183 (Sofa=14038603): odds endpoint returned not found (Failed to fetch /event/14038603/odds/1/all: 404)
Skip fixture 22184 (Sofa=14167189): odds endpoint returned not found (Failed to fetch /event/14167189/odds/1/all: 404)
Skip fixture 22185 (Sofa=14038606): odds endpoint returned not found (Failed to fetch /event/14038606/odds/1/all: 404)
Skip fixture 22186 (Sofa=14038610): odds endpoint returned not found (Failed to fetch /event/14038610/odds/1/all: 404)
Skip fixture 22187 (Sofa=14038607): odds endpoint returned not found (Failed to fetch /event/14038607/odds/1/all: 404)
Skip fixture 22188 (Sofa=14038608): odds endpoint returned not found (Failed to fetch /event/14038608/odds/1/all: 404)
Skip fixture 22189 (Sofa=14038612): odds endpoint returned not found (Failed to fetch /event/14038612/odds/1/all: 404)
Skip fixture 22190 (Sofa=14038604): odds endpoint returned not found (Failed to fetch /event/14038604/odds/1/all: 404)
Log file: artifacts\logs\odds_polling_scheduler.log
Polling fixtures: 259
Inserted 0 odds snapshot rows.
Skip fixture 22183 (Sofa=14038603): odds endpoint returned not found (Failed to fetch /event/14038603/odds/1/all: 404)
Skip fixture 22184 (Sofa=14167189): odds endpoint returned not found (Failed to fetch /event/14167189/odds/1/all: 404)
Skip fixture 22185 (Sofa=14038606): odds endpoint returned not found (Failed to fetch /event/14038606/odds/1/all: 404)
Skip fixture 22186 (Sofa=14038610): odds endpoint returned not found (Failed to fetch /event/14038610/odds/1/all: 404)
Skip fixture 22187 (Sofa=14038607): odds endpoint returned not found (Failed to fetch /event/14038607/odds/1/all: 404)
Skip fixture 22188 (Sofa=14038608): odds endpoint returned not found (Failed to fetch /event/14038608/odds/1/all: 404)
Skip fixture 22189 (Sofa=14038612): odds endpoint returned not found (Failed to fetch /event/14038612/odds/1/all: 404)
Skip fixture 22190 (Sofa=14038604): odds endpoint returned not found (Failed to fetch /event/14038604/odds/1/all: 404)
Log file: artifacts\logs\odds_polling_scheduler.log
Polling fixtures: 259
Inserted 247 odds snapshot rows.
Skip fixture 22183 (Sofa=14038603): odds endpoint returned not found (Failed to fetch /event/14038603/odds/1/all: 404)
Skip fixture 22184 (Sofa=14167189): odds endpoint returned not found (Failed to fetch /event/14167189/odds/1/all: 404)
Skip fixture 22185 (Sofa=14038606): odds endpoint returned not found (Failed to fetch /event/14038606/odds/1/all: 404)
Skip fixture 22186 (Sofa=14038610): odds endpoint returned not found (Failed to fetch /event/14038610/odds/1/all: 404)
Skip fixture 22187 (Sofa=14038607): odds endpoint returned not found (Failed to fetch /event/14038607/odds/1/all: 404)
Skip fixture 22188 (Sofa=14038608): odds endpoint returned not found (Failed to fetch /event/14038608/odds/1/all: 404)
Skip fixture 22189 (Sofa=14038612): odds endpoint returned not found (Failed to fetch /event/14038612/odds/1/all: 404)
Skip fixture 22190 (Sofa=14038604): odds endpoint returned not found (Failed to fetch /event/14038604/odds/1/all: 404)
Log file: artifacts\logs\odds_polling_scheduler.log
Polling fixtures: 259
Inserted 0 odds snapshot rows.
Skip fixture 22183 (Sofa=14038603): odds endpoint returned not found (Failed to fetch /event/14038603/odds/1/all: 404)
Skip fixture 22184 (Sofa=14167189): odds endpoint returned not found (Failed to fetch /event/14167189/odds/1/all: 404)
Skip fixture 22185 (Sofa=14038606): odds endpoint returned not found (Failed to fetch /event/14038606/odds/1/all: 404)
Skip fixture 22186 (Sofa=14038610): odds endpoint returned not found (Failed to fetch /event/14038610/odds/1/all: 404)
Skip fixture 22187 (Sofa=14038607): odds endpoint returned not found (Failed to fetch /event/14038607/odds/1/all: 404)
Skip fixture 22188 (Sofa=14038608): odds endpoint returned not found (Failed to fetch /event/14038608/odds/1/all: 404)
Skip fixture 22189 (Sofa=14038612): odds endpoint returned not found (Failed to fetch /event/14038612/odds/1/all: 404)
Skip fixture 22190 (Sofa=14038604): odds endpoint returned not found (Failed to fetch /event/14038604/odds/1/all: 404)
Log file: artifacts\logs\odds_polling_scheduler.log
Polling fixtures: 259
Inserted 233 odds snapshot rows.
Skip fixture 22183 (Sofa=14038603): odds endpoint returned not found (Failed to fetch /event/14038603/odds/1/all: 404)
Skip fixture 22184 (Sofa=14167189): odds endpoint returned not found (Failed to fetch /event/14167189/odds/1/all: 404)
Skip fixture 22185 (Sofa=14038606): odds endpoint returned not found (Failed to fetch /event/14038606/odds/1/all: 404)
Skip fixture 22186 (Sofa=14038610): odds endpoint returned not found (Failed to fetch /event/14038610/odds/1/all: 404)
Skip fixture 22187 (Sofa=14038607): odds endpoint returned not found (Failed to fetch /event/14038607/odds/1/all: 404)
Skip fixture 22188 (Sofa=14038608): odds endpoint returned not found (Failed to fetch /event/14038608/odds/1/all: 404)
Skip fixture 22189 (Sofa=14038612): odds endpoint returned not found (Failed to fetch /event/14038612/odds/1/all: 404)
Skip fixture 22190 (Sofa=14038604): odds endpoint returned not found (Failed to fetch /event/14038604/odds/1/all: 404)
Log file: artifacts\logs\odds_polling_scheduler.log
Polling fixtures: 259
Inserted 0 odds snapshot rows.
Skip fixture 22183 (Sofa=14038603): odds endpoint returned not found (Failed to fetch /event/14038603/odds/1/all: 404)
Skip fixture 22184 (Sofa=14167189): odds endpoint returned not found (Failed to fetch /event/14167189/odds/1/all: 404)
Skip fixture 22185 (Sofa=14038606): odds endpoint returned not found (Failed to fetch /event/14038606/odds/1/all: 404)
Skip fixture 22186 (Sofa=14038610): odds endpoint returned not found (Failed to fetch /event/14038610/odds/1/all: 404)
Skip fixture 22187 (Sofa=14038607): odds endpoint returned not found (Failed to fetch /event/14038607/odds/1/all: 404)
Skip fixture 22188 (Sofa=14038608): odds endpoint returned not found (Failed to fetch /event/14038608/odds/1/all: 404)
Skip fixture 22189 (Sofa=14038612): odds endpoint returned not found (Failed to fetch /event/14038612/odds/1/all: 404)
Skip fixture 22190 (Sofa=14038604): odds endpoint returned not found (Failed to fetch /event/14038604/odds/1/all: 404)
Log file: artifacts\logs\odds_polling_scheduler.log
Polling fixtures: 259
Inserted 156 odds snapshot rows.
Skip fixture 22183 (Sofa=14038603): odds endpoint returned not found (Failed to fetch /event/14038603/odds/1/all: 404)
Skip fixture 22184 (Sofa=14167189): odds endpoint returned not found (Failed to fetch /event/14167189/odds/1/all: 404)
Skip fixture 22185 (Sofa=14038606): odds endpoint returned not found (Failed to fetch /event/14038606/odds/1/all: 404)
Skip fixture 22186 (Sofa=14038610): odds endpoint returned not found (Failed to fetch /event/14038610/odds/1/all: 404)
Skip fixture 22187 (Sofa=14038607): odds endpoint returned not found (Failed to fetch /event/14038607/odds/1/all: 404)
Skip fixture 22188 (Sofa=14038608): odds endpoint returned not found (Failed to fetch /event/14038608/odds/1/all: 404)
Skip fixture 22189 (Sofa=14038612): odds endpoint returned not found (Failed to fetch /event/14038612/odds/1/all: 404)
Skip fixture 22190 (Sofa=14038604): odds endpoint returned not found (Failed to fetch /event/14038604/odds/1/all: 404)
Log file: artifacts\logs\odds_polling_scheduler.log
Polling fixtures: 259
Inserted 2635 odds snapshot rows.
Skip fixture 22183 (Sofa=14038603): odds endpoint returned not found (Failed to fetch /event/14038603/odds/1/all: 404)
Skip fixture 22184 (Sofa=14167189): odds endpoint returned not found (Failed to fetch /event/14167189/odds/1/all: 404)
Skip fixture 22185 (Sofa=14038606): odds endpoint returned not found (Failed to fetch /event/14038606/odds/1/all: 404)
Skip fixture 22186 (Sofa=14038610): odds endpoint returned not found (Failed to fetch /event/14038610/odds/1/all: 404)
Skip fixture 22187 (Sofa=14038607): odds endpoint returned not found (Failed to fetch /event/14038607/odds/1/all: 404)
Skip fixture 22188 (Sofa=14038608): odds endpoint returned not found (Failed to fetch /event/14038608/odds/1/all: 404)
Skip fixture 22189 (Sofa=14038612): odds endpoint returned not found (Failed to fetch /event/14038612/odds/1/all: 404)
Skip fixture 22190 (Sofa=14038604): odds endpoint returned not found (Failed to fetch /event/14038604/odds/1/all: 404)
Log file: artifacts\logs\odds_polling_scheduler.log
Polling fixtures: 259
Inserted 51 odds snapshot rows.
Skip fixture 22183 (Sofa=14038603): odds endpoint returned not found (Failed to fetch /event/14038603/odds/1/all: 404)
Skip fixture 22184 (Sofa=14167189): odds endpoint returned not found (Failed to fetch /event/14167189/odds/1/all: 404)
Skip fixture 22185 (Sofa=14038606): odds endpoint returned not found (Failed to fetch /event/14038606/odds/1/all: 404)
Skip fixture 22186 (Sofa=14038610): odds endpoint returned not found (Failed to fetch /event/14038610/odds/1/all: 404)
Skip fixture 22187 (Sofa=14038607): odds endpoint returned not found (Failed to fetch /event/14038607/odds/1/all: 404)
Skip fixture 22188 (Sofa=14038608): odds endpoint returned not found (Failed to fetch /event/14038608/odds/1/all: 404)
Skip fixture 22189 (Sofa=14038612): odds endpoint returned not found (Failed to fetch /event/14038612/odds/1/all: 404)
Skip fixture 22190 (Sofa=14038604): odds endpoint returned not found (Failed to fetch /event/14038604/odds/1/all: 404)
Log file: artifacts\logs\odds_polling_scheduler.log
Polling fixtures: 259
Inserted 201 odds snapshot rows.
Skip fixture 22183 (Sofa=14038603): odds endpoint returned not found (Failed to fetch /event/14038603/odds/1/all: 404)
Skip fixture 22184 (Sofa=14167189): odds endpoint returned not found (Failed to fetch /event/14167189/odds/1/all: 404)
Skip fixture 22185 (Sofa=14038606): odds endpoint returned not found (Failed to fetch /event/14038606/odds/1/all: 404)
Skip fixture 22186 (Sofa=14038610): odds endpoint returned not found (Failed to fetch /event/14038610/odds/1/all: 404)
Skip fixture 22187 (Sofa=14038607): odds endpoint returned not found (Failed to fetch /event/14038607/odds/1/all: 404)
Skip fixture 22188 (Sofa=14038608): odds endpoint returned not found (Failed to fetch /event/14038608/odds/1/all: 404)
Skip fixture 22189 (Sofa=14038612): odds endpoint returned not found (Failed to fetch /event/14038612/odds/1/all: 404)
Skip fixture 22190 (Sofa=14038604): odds endpoint returned not found (Failed to fetch /event/14038604/odds/1/all: 404)
Log file: artifacts\logs\odds_polling_scheduler.log
Polling fixtures: 255
Inserted 0 odds snapshot rows.
Skip fixture 22183 (Sofa=14038603): odds endpoint returned not found (Failed to fetch /event/14038603/odds/1/all: 404)
Skip fixture 22184 (Sofa=14167189): odds endpoint returned not found (Failed to fetch /event/14167189/odds/1/all: 404)
Skip fixture 22185 (Sofa=14038606): odds endpoint returned not found (Failed to fetch /event/14038606/odds/1/all: 404)
Skip fixture 22186 (Sofa=14038610): odds endpoint returned not found (Failed to fetch /event/14038610/odds/1/all: 404)
Skip fixture 22187 (Sofa=14038607): odds endpoint returned not found (Failed to fetch /event/14038607/odds/1/all: 404)
Skip fixture 22188 (Sofa=14038608): odds endpoint returned not found (Failed to fetch /event/14038608/odds/1/all: 404)
Skip fixture 22189 (Sofa=14038612): odds endpoint returned not found (Failed to fetch /event/14038612/odds/1/all: 404)
Skip fixture 22190 (Sofa=14038604): odds endpoint returned not found (Failed to fetch /event/14038604/odds/1/all: 404)
Odds polling failed: could not extend file because project size limit (512 MB) has been exceeded
HINT:  This limit is defined by neon.max_cluster_size GUC

Log file: artifacts\logs\odds_polling_scheduler.log
Polling fixtures: 255
Skip fixture 22183 (Sofa=14038603): odds endpoint returned not found (Failed to fetch /event/14038603/odds/1/all: 404)
Skip fixture 22184 (Sofa=14167189): odds endpoint returned not found (Failed to fetch /event/14167189/odds/1/all: 404)
Skip fixture 22185 (Sofa=14038606): odds endpoint returned not found (Failed to fetch /event/14038606/odds/1/all: 404)
Skip fixture 22186 (Sofa=14038610): odds endpoint returned not found (Failed to fetch /event/14038610/odds/1/all: 404)
Skip fixture 22187 (Sofa=14038607): odds endpoint returned not found (Failed to fetch /event/14038607/odds/1/all: 404)
Skip fixture 22188 (Sofa=14038608): odds endpoint returned not found (Failed to fetch /event/14038608/odds/1/all: 404)
Skip fixture 22189 (Sofa=14038612): odds endpoint returned not found (Failed to fetch /event/14038612/odds/1/all: 404)
Skip fixture 22190 (Sofa=14038604): odds endpoint returned not found (Failed to fetch /event/14038604/odds/1/all: 404)
Log file: artifacts\logs\odds_polling_scheduler.log
Polling fixtures: 255
Inserted 186 odds snapshot rows.
Skip fixture 22183 (Sofa=14038603): odds endpoint returned not found (Failed to fetch /event/14038603/odds/1/all: 404)
Skip fixture 22184 (Sofa=14167189): odds endpoint returned not found (Failed to fetch /event/14167189/odds/1/all: 404)
Skip fixture 22185 (Sofa=14038606): odds endpoint returned not found (Failed to fetch /event/14038606/odds/1/all: 404)
Skip fixture 22186 (Sofa=14038610): odds endpoint returned not found (Failed to fetch /event/14038610/odds/1/all: 404)
Skip fixture 22187 (Sofa=14038607): odds endpoint returned not found (Failed to fetch /event/14038607/odds/1/all: 404)
Skip fixture 22188 (Sofa=14038608): odds endpoint returned not found (Failed to fetch /event/14038608/odds/1/all: 404)
Skip fixture 22189 (Sofa=14038612): odds endpoint returned not found (Failed to fetch /event/14038612/odds/1/all: 404)
Skip fixture 22190 (Sofa=14038604): odds endpoint returned not found (Failed to fetch /event/14038604/odds/1/all: 404)
Log file: artifacts\logs\odds_polling_scheduler.log
Polling fixtures: 255
Inserted 111 odds snapshot rows.
Skip fixture 22183 (Sofa=14038603): odds endpoint returned not found (Failed to fetch /event/14038603/odds/1/all: 404)
Skip fixture 22184 (Sofa=14167189): odds endpoint returned not found (Failed to fetch /event/14167189/odds/1/all: 404)
Skip fixture 22185 (Sofa=14038606): odds endpoint returned not found (Failed to fetch /event/14038606/odds/1/all: 404)
Skip fixture 22186 (Sofa=14038610): odds endpoint returned not found (Failed to fetch /event/14038610/odds/1/all: 404)
Skip fixture 22187 (Sofa=14038607): odds endpoint returned not found (Failed to fetch /event/14038607/odds/1/all: 404)
Skip fixture 22188 (Sofa=14038608): odds endpoint returned not found (Failed to fetch /event/14038608/odds/1/all: 404)
Skip fixture 22189 (Sofa=14038612): odds endpoint returned not found (Failed to fetch /event/14038612/odds/1/all: 404)
Skip fixture 22190 (Sofa=14038604): odds endpoint returned not found (Failed to fetch /event/14038604/odds/1/all: 404)
Log file: artifacts\logs\odds_polling_scheduler.log
Polling fixtures: 255
Inserted 2635 odds snapshot rows.
Skip fixture 22183 (Sofa=14038603): odds endpoint returned not found (Failed to fetch /event/14038603/odds/1/all: 404)
Skip fixture 22184 (Sofa=14167189): odds endpoint returned not found (Failed to fetch /event/14167189/odds/1/all: 404)
Skip fixture 22185 (Sofa=14038606): odds endpoint returned not found (Failed to fetch /event/14038606/odds/1/all: 404)
Skip fixture 22186 (Sofa=14038610): odds endpoint returned not found (Failed to fetch /event/14038610/odds/1/all: 404)
Skip fixture 22187 (Sofa=14038607): odds endpoint returned not found (Failed to fetch /event/14038607/odds/1/all: 404)
Skip fixture 22188 (Sofa=14038608): odds endpoint returned not found (Failed to fetch /event/14038608/odds/1/all: 404)
Skip fixture 22189 (Sofa=14038612): odds endpoint returned not found (Failed to fetch /event/14038612/odds/1/all: 404)
Skip fixture 22190 (Sofa=14038604): odds endpoint returned not found (Failed to fetch /event/14038604/odds/1/all: 404)
Log file: artifacts\logs\odds_polling_scheduler.log
Polling fixtures: 255
Inserted 28 odds snapshot rows.
Skip fixture 22183 (Sofa=14038603): odds endpoint returned not found (Failed to fetch /event/14038603/odds/1/all: 404)
Skip fixture 22184 (Sofa=14167189): odds endpoint returned not found (Failed to fetch /event/14167189/odds/1/all: 404)
Skip fixture 22185 (Sofa=14038606): odds endpoint returned not found (Failed to fetch /event/14038606/odds/1/all: 404)
Skip fixture 22186 (Sofa=14038610): odds endpoint returned not found (Failed to fetch /event/14038610/odds/1/all: 404)
Skip fixture 22187 (Sofa=14038607): odds endpoint returned not found (Failed to fetch /event/14038607/odds/1/all: 404)
Skip fixture 22188 (Sofa=14038608): odds endpoint returned not found (Failed to fetch /event/14038608/odds/1/all: 404)
Skip fixture 22189 (Sofa=14038612): odds endpoint returned not found (Failed to fetch /event/14038612/odds/1/all: 404)
Skip fixture 22190 (Sofa=14038604): odds endpoint returned not found (Failed to fetch /event/14038604/odds/1/all: 404)
Log file: artifacts\logs\odds_polling_scheduler.log
Polling fixtures: 255
Inserted 173 odds snapshot rows.
Skip fixture 22183 (Sofa=14038603): odds endpoint returned not found (Failed to fetch /event/14038603/odds/1/all: 404)
Skip fixture 22184 (Sofa=14167189): odds endpoint returned not found (Failed to fetch /event/14167189/odds/1/all: 404)
Skip fixture 22185 (Sofa=14038606): odds endpoint returned not found (Failed to fetch /event/14038606/odds/1/all: 404)
Skip fixture 22186 (Sofa=14038610): odds endpoint returned not found (Failed to fetch /event/14038610/odds/1/all: 404)
Skip fixture 22187 (Sofa=14038607): odds endpoint returned not found (Failed to fetch /event/14038607/odds/1/all: 404)
Skip fixture 22188 (Sofa=14038608): odds endpoint returned not found (Failed to fetch /event/14038608/odds/1/all: 404)
Skip fixture 22189 (Sofa=14038612): odds endpoint returned not found (Failed to fetch /event/14038612/odds/1/all: 404)
Skip fixture 22190 (Sofa=14038604): odds endpoint returned not found (Failed to fetch /event/14038604/odds/1/all: 404)
Log file: artifacts\logs\odds_polling_scheduler.log
Polling fixtures: 255
Inserted 1 odds snapshot rows.
Skip fixture 22183 (Sofa=14038603): odds endpoint returned not found (Failed to fetch /event/14038603/odds/1/all: 404)
Skip fixture 22184 (Sofa=14167189): odds endpoint returned not found (Failed to fetch /event/14167189/odds/1/all: 404)
Skip fixture 22185 (Sofa=14038606): odds endpoint returned not found (Failed to fetch /event/14038606/odds/1/all: 404)
Skip fixture 22186 (Sofa=14038610): odds endpoint returned not found (Failed to fetch /event/14038610/odds/1/all: 404)
Skip fixture 22187 (Sofa=14038607): odds endpoint returned not found (Failed to fetch /event/14038607/odds/1/all: 404)
Skip fixture 22188 (Sofa=14038608): odds endpoint returned not found (Failed to fetch /event/14038608/odds/1/all: 404)
Skip fixture 22189 (Sofa=14038612): odds endpoint returned not found (Failed to fetch /event/14038612/odds/1/all: 404)
Skip fixture 22190 (Sofa=14038604): odds endpoint returned not found (Failed to fetch /event/14038604/odds/1/all: 404)
Log file: artifacts\logs\odds_polling_scheduler.log
Polling fixtures: 255
Inserted 1 odds snapshot rows.
Skip fixture 22183 (Sofa=14038603): odds endpoint returned not found (Failed to fetch /event/14038603/odds/1/all: 404)
Skip fixture 22184 (Sofa=14167189): odds endpoint returned not found (Failed to fetch /event/14167189/odds/1/all: 404)
Skip fixture 22185 (Sofa=14038606): odds endpoint returned not found (Failed to fetch /event/14038606/odds/1/all: 404)
Skip fixture 22186 (Sofa=14038610): odds endpoint returned not found (Failed to fetch /event/14038610/odds/1/all: 404)
Skip fixture 22187 (Sofa=14038607): odds endpoint returned not found (Failed to fetch /event/14038607/odds/1/all: 404)
Skip fixture 22188 (Sofa=14038608): odds endpoint returned not found (Failed to fetch /event/14038608/odds/1/all: 404)
Skip fixture 22189 (Sofa=14038612): odds endpoint returned not found (Failed to fetch /event/14038612/odds/1/all: 404)
Skip fixture 22190 (Sofa=14038604): odds endpoint returned not found (Failed to fetch /event/14038604/odds/1/all: 404)
Log file: artifacts\logs\odds_polling_scheduler.log
Polling fixtures: 255
Inserted 261 odds snapshot rows.
Skip fixture 22183 (Sofa=14038603): odds endpoint returned not found (Failed to fetch /event/14038603/odds/1/all: 404)
Skip fixture 22184 (Sofa=14167189): odds endpoint returned not found (Failed to fetch /event/14167189/odds/1/all: 404)
Skip fixture 22185 (Sofa=14038606): odds endpoint returned not found (Failed to fetch /event/14038606/odds/1/all: 404)
Skip fixture 22186 (Sofa=14038610): odds endpoint returned not found (Failed to fetch /event/14038610/odds/1/all: 404)
Skip fixture 22187 (Sofa=14038607): odds endpoint returned not found (Failed to fetch /event/14038607/odds/1/all: 404)
Skip fixture 22188 (Sofa=14038608): odds endpoint returned not found (Failed to fetch /event/14038608/odds/1/all: 404)
Skip fixture 22189 (Sofa=14038612): odds endpoint returned not found (Failed to fetch /event/14038612/odds/1/all: 404)
Skip fixture 22190 (Sofa=14038604): odds endpoint returned not found (Failed to fetch /event/14038604/odds/1/all: 404)
Log file: artifacts\logs\odds_polling_scheduler.log
Polling fixtures: 255
Inserted 36 odds snapshot rows.
Skip fixture 22183 (Sofa=14038603): odds endpoint returned not found (Failed to fetch /event/14038603/odds/1/all: 404)
Skip fixture 22184 (Sofa=14167189): odds endpoint returned not found (Failed to fetch /event/14167189/odds/1/all: 404)
Skip fixture 22185 (Sofa=14038606): odds endpoint returned not found (Failed to fetch /event/14038606/odds/1/all: 404)
Skip fixture 22186 (Sofa=14038610): odds endpoint returned not found (Failed to fetch /event/14038610/odds/1/all: 404)
Skip fixture 22187 (Sofa=14038607): odds endpoint returned not found (Failed to fetch /event/14038607/odds/1/all: 404)
Skip fixture 22188 (Sofa=14038608): odds endpoint returned not found (Failed to fetch /event/14038608/odds/1/all: 404)
Skip fixture 22189 (Sofa=14038612): odds endpoint returned not found (Failed to fetch /event/14038612/odds/1/all: 404)
Skip fixture 22190 (Sofa=14038604): odds endpoint returned not found (Failed to fetch /event/14038604/odds/1/all: 404)
Log file: artifacts\logs\odds_polling_scheduler.log
Polling fixtures: 255
Inserted 2666 odds snapshot rows.
Skip fixture 22183 (Sofa=14038603): odds endpoint returned not found (Failed to fetch /event/14038603/odds/1/all: 404)
Skip fixture 22184 (Sofa=14167189): odds endpoint returned not found (Failed to fetch /event/14167189/odds/1/all: 404)
Skip fixture 22185 (Sofa=14038606): odds endpoint returned not found (Failed to fetch /event/14038606/odds/1/all: 404)
Skip fixture 22186 (Sofa=14038610): odds endpoint returned not found (Failed to fetch /event/14038610/odds/1/all: 404)
Skip fixture 22187 (Sofa=14038607): odds endpoint returned not found (Failed to fetch /event/14038607/odds/1/all: 404)
Skip fixture 22188 (Sofa=14038608): odds endpoint returned not found (Failed to fetch /event/14038608/odds/1/all: 404)
Skip fixture 22189 (Sofa=14038612): odds endpoint returned not found (Failed to fetch /event/14038612/odds/1/all: 404)
Skip fixture 22190 (Sofa=14038604): odds endpoint returned not found (Failed to fetch /event/14038604/odds/1/all: 404)
Log file: artifacts\logs\odds_polling_scheduler.log
Polling fixtures: 255
Inserted 173 odds snapshot rows.
Skip fixture 22183 (Sofa=14038603): odds endpoint returned not found (Failed to fetch /event/14038603/odds/1/all: 404)
Skip fixture 22184 (Sofa=14167189): odds endpoint returned not found (Failed to fetch /event/14167189/odds/1/all: 404)
Skip fixture 22185 (Sofa=14038606): odds endpoint returned not found (Failed to fetch /event/14038606/odds/1/all: 404)
Skip fixture 22186 (Sofa=14038610): odds endpoint returned not found (Failed to fetch /event/14038610/odds/1/all: 404)
Skip fixture 22187 (Sofa=14038607): odds endpoint returned not found (Failed to fetch /event/14038607/odds/1/all: 404)
Skip fixture 22188 (Sofa=14038608): odds endpoint returned not found (Failed to fetch /event/14038608/odds/1/all: 404)
Skip fixture 22189 (Sofa=14038612): odds endpoint returned not found (Failed to fetch /event/14038612/odds/1/all: 404)
Skip fixture 22190 (Sofa=14038604): odds endpoint returned not found (Failed to fetch /event/14038604/odds/1/all: 404)
Log file: artifacts\logs\odds_polling_scheduler.log
Polling fixtures: 255
Inserted 0 odds snapshot rows.
Skip fixture 22183 (Sofa=14038603): odds endpoint returned not found (Failed to fetch /event/14038603/odds/1/all: 404)
Skip fixture 22184 (Sofa=14167189): odds endpoint returned not found (Failed to fetch /event/14167189/odds/1/all: 404)
Skip fixture 22185 (Sofa=14038606): odds endpoint returned not found (Failed to fetch /event/14038606/odds/1/all: 404)
Skip fixture 22186 (Sofa=14038610): odds endpoint returned not found (Failed to fetch /event/14038610/odds/1/all: 404)
Skip fixture 22187 (Sofa=14038607): odds endpoint returned not found (Failed to fetch /event/14038607/odds/1/all: 404)
Skip fixture 22188 (Sofa=14038608): odds endpoint returned not found (Failed to fetch /event/14038608/odds/1/all: 404)
Skip fixture 22189 (Sofa=14038612): odds endpoint returned not found (Failed to fetch /event/14038612/odds/1/all: 404)
Skip fixture 22190 (Sofa=14038604): odds endpoint returned not found (Failed to fetch /event/14038604/odds/1/all: 404)
Log file: artifacts\logs\odds_polling_scheduler.log
Polling fixtures: 255
Inserted 2 odds snapshot rows.
Skip fixture 22183 (Sofa=14038603): odds endpoint returned not found (Failed to fetch /event/14038603/odds/1/all: 404)
Skip fixture 22184 (Sofa=14167189): odds endpoint returned not found (Failed to fetch /event/14167189/odds/1/all: 404)
Skip fixture 22185 (Sofa=14038606): odds endpoint returned not found (Failed to fetch /event/14038606/odds/1/all: 404)
Skip fixture 22186 (Sofa=14038610): odds endpoint returned not found (Failed to fetch /event/14038610/odds/1/all: 404)
Skip fixture 22187 (Sofa=14038607): odds endpoint returned not found (Failed to fetch /event/14038607/odds/1/all: 404)
Skip fixture 22188 (Sofa=14038608): odds endpoint returned not found (Failed to fetch /event/14038608/odds/1/all: 404)
Skip fixture 22189 (Sofa=14038612): odds endpoint returned not found (Failed to fetch /event/14038612/odds/1/all: 404)
Skip fixture 22190 (Sofa=14038604): odds endpoint returned not found (Failed to fetch /event/14038604/odds/1/all: 404)
Log file: artifacts\logs\odds_polling_scheduler.log
Polling fixtures: 255
Inserted 0 odds snapshot rows.
Skip fixture 22183 (Sofa=14038603): odds endpoint returned not found (Failed to fetch /event/14038603/odds/1/all: 404)
Skip fixture 22184 (Sofa=14167189): odds endpoint returned not found (Failed to fetch /event/14167189/odds/1/all: 404)
Skip fixture 22185 (Sofa=14038606): odds endpoint returned not found (Failed to fetch /event/14038606/odds/1/all: 404)
Skip fixture 22186 (Sofa=14038610): odds endpoint returned not found (Failed to fetch /event/14038610/odds/1/all: 404)
Skip fixture 22187 (Sofa=14038607): odds endpoint returned not found (Failed to fetch /event/14038607/odds/1/all: 404)
Skip fixture 22188 (Sofa=14038608): odds endpoint returned not found (Failed to fetch /event/14038608/odds/1/all: 404)
Skip fixture 22189 (Sofa=14038612): odds endpoint returned not found (Failed to fetch /event/14038612/odds/1/all: 404)
Skip fixture 22190 (Sofa=14038604): odds endpoint returned not found (Failed to fetch /event/14038604/odds/1/all: 404)
Log file: artifacts\logs\odds_polling_scheduler.log
Polling fixtures: 255
Inserted 297 odds snapshot rows.
Skip fixture 22183 (Sofa=14038603): odds endpoint returned not found (Failed to fetch /event/14038603/odds/1/all: 404)
Skip fixture 22184 (Sofa=14167189): odds endpoint returned not found (Failed to fetch /event/14167189/odds/1/all: 404)
Skip fixture 22185 (Sofa=14038606): odds endpoint returned not found (Failed to fetch /event/14038606/odds/1/all: 404)
Skip fixture 22186 (Sofa=14038610): odds endpoint returned not found (Failed to fetch /event/14038610/odds/1/all: 404)
Skip fixture 22187 (Sofa=14038607): odds endpoint returned not found (Failed to fetch /event/14038607/odds/1/all: 404)
Skip fixture 22188 (Sofa=14038608): odds endpoint returned not found (Failed to fetch /event/14038608/odds/1/all: 404)
Skip fixture 22189 (Sofa=14038612): odds endpoint returned not found (Failed to fetch /event/14038612/odds/1/all: 404)
Skip fixture 22190 (Sofa=14038604): odds endpoint returned not found (Failed to fetch /event/14038604/odds/1/all: 404)
Log file: artifacts\logs\odds_polling_scheduler.log
Polling fixtures: 255
Inserted 984 odds snapshot rows.
[27/02/2026 12:06:39.64] Skip: odds polling scheduler already running.
[27/02/2026 12:26:02.01] Skip: odds polling scheduler already running.
[27/02/2026 12:46:02.00] Skip: odds polling scheduler already running.
[27/02/2026 13:06:01.88] Removed stale odds lock older than 360 minutes.
Skip fixture 22183 (Sofa=14038603): odds endpoint returned not found (Failed to fetch /event/14038603/odds/1/all: 404)
Skip fixture 22184 (Sofa=14167189): odds endpoint returned not found (Failed to fetch /event/14167189/odds/1/all: 404)
Skip fixture 22185 (Sofa=14038606): odds endpoint returned not found (Failed to fetch /event/14038606/odds/1/all: 404)
Skip fixture 22186 (Sofa=14038610): odds endpoint returned not found (Failed to fetch /event/14038610/odds/1/all: 404)
Skip fixture 22187 (Sofa=14038607): odds endpoint returned not found (Failed to fetch /event/14038607/odds/1/all: 404)
Skip fixture 22188 (Sofa=14038608): odds endpoint returned not found (Failed to fetch /event/14038608/odds/1/all: 404)
Skip fixture 22189 (Sofa=14038612): odds endpoint returned not found (Failed to fetch /event/14038612/odds/1/all: 404)
Skip fixture 22190 (Sofa=14038604): odds endpoint returned not found (Failed to fetch /event/14038604/odds/1/all: 404)
Log file: artifacts\logs\odds_polling_scheduler.log
Polling fixtures: 254
Inserted 3133 odds snapshot rows.
Skip fixture 22183 (Sofa=14038603): odds endpoint returned not found (Failed to fetch /event/14038603/odds/1/all: 404)
Skip fixture 22184 (Sofa=14167189): odds endpoint returned not found (Failed to fetch /event/14167189/odds/1/all: 404)
Skip fixture 22185 (Sofa=14038606): odds endpoint returned not found (Failed to fetch /event/14038606/odds/1/all: 404)
Skip fixture 22186 (Sofa=14038610): odds endpoint returned not found (Failed to fetch /event/14038610/odds/1/all: 404)
Skip fixture 22187 (Sofa=14038607): odds endpoint returned not found (Failed to fetch /event/14038607/odds/1/all: 404)
Skip fixture 22188 (Sofa=14038608): odds endpoint returned not found (Failed to fetch /event/14038608/odds/1/all: 404)
Skip fixture 22189 (Sofa=14038612): odds endpoint returned not found (Failed to fetch /event/14038612/odds/1/all: 404)
Skip fixture 22190 (Sofa=14038604): odds endpoint returned not found (Failed to fetch /event/14038604/odds/1/all: 404)
Log file: artifacts\logs\odds_polling_scheduler.log
Polling fixtures: 254
Inserted 0 odds snapshot rows.
Skip fixture 22184 (Sofa=14167189): odds endpoint returned not found (Failed to fetch /event/14167189/odds/1/all: 404)
Skip fixture 22185 (Sofa=14038606): odds endpoint returned not found (Failed to fetch /event/14038606/odds/1/all: 404)
Skip fixture 22186 (Sofa=14038610): odds endpoint returned not found (Failed to fetch /event/14038610/odds/1/all: 404)
Skip fixture 22187 (Sofa=14038607): odds endpoint returned not found (Failed to fetch /event/14038607/odds/1/all: 404)
Skip fixture 22188 (Sofa=14038608): odds endpoint returned not found (Failed to fetch /event/14038608/odds/1/all: 404)
Skip fixture 22189 (Sofa=14038612): odds endpoint returned not found (Failed to fetch /event/14038612/odds/1/all: 404)
Skip fixture 22190 (Sofa=14038604): odds endpoint returned not found (Failed to fetch /event/14038604/odds/1/all: 404)
Log file: artifacts\logs\odds_polling_scheduler.log
Polling fixtures: 253
Inserted 76 odds snapshot rows.
Skip fixture 22184 (Sofa=14167189): odds endpoint returned not found (Failed to fetch /event/14167189/odds/1/all: 404)
Skip fixture 22185 (Sofa=14038606): odds endpoint returned not found (Failed to fetch /event/14038606/odds/1/all: 404)
Skip fixture 22186 (Sofa=14038610): odds endpoint returned not found (Failed to fetch /event/14038610/odds/1/all: 404)
Skip fixture 22187 (Sofa=14038607): odds endpoint returned not found (Failed to fetch /event/14038607/odds/1/all: 404)
Skip fixture 22188 (Sofa=14038608): odds endpoint returned not found (Failed to fetch /event/14038608/odds/1/all: 404)
Skip fixture 22189 (Sofa=14038612): odds endpoint returned not found (Failed to fetch /event/14038612/odds/1/all: 404)
Skip fixture 22190 (Sofa=14038604): odds endpoint returned not found (Failed to fetch /event/14038604/odds/1/all: 404)
Log file: artifacts\logs\odds_polling_scheduler.log
Polling fixtures: 251
Inserted 13 odds snapshot rows.
Skip fixture 22184 (Sofa=14167189): odds endpoint returned not found (Failed to fetch /event/14167189/odds/1/all: 404)
Skip fixture 22185 (Sofa=14038606): odds endpoint returned not found (Failed to fetch /event/14038606/odds/1/all: 404)
Skip fixture 22186 (Sofa=14038610): odds endpoint returned not found (Failed to fetch /event/14038610/odds/1/all: 404)
Skip fixture 22187 (Sofa=14038607): odds endpoint returned not found (Failed to fetch /event/14038607/odds/1/all: 404)
Skip fixture 22188 (Sofa=14038608): odds endpoint returned not found (Failed to fetch /event/14038608/odds/1/all: 404)
Skip fixture 22189 (Sofa=14038612): odds endpoint returned not found (Failed to fetch /event/14038612/odds/1/all: 404)
Skip fixture 22190 (Sofa=14038604): odds endpoint returned not found (Failed to fetch /event/14038604/odds/1/all: 404)
Log file: artifacts\logs\odds_polling_scheduler.log
Polling fixtures: 251
Inserted 50 odds snapshot rows.
Skip fixture 22184 (Sofa=14167189): odds endpoint returned not found (Failed to fetch /event/14167189/odds/1/all: 404)
Skip fixture 22185 (Sofa=14038606): odds endpoint returned not found (Failed to fetch /event/14038606/odds/1/all: 404)
Skip fixture 22186 (Sofa=14038610): odds endpoint returned not found (Failed to fetch /event/14038610/odds/1/all: 404)
Skip fixture 22187 (Sofa=14038607): odds endpoint returned not found (Failed to fetch /event/14038607/odds/1/all: 404)
Skip fixture 22188 (Sofa=14038608): odds endpoint returned not found (Failed to fetch /event/14038608/odds/1/all: 404)
Skip fixture 22189 (Sofa=14038612): odds endpoint returned not found (Failed to fetch /event/14038612/odds/1/all: 404)
Skip fixture 22190 (Sofa=14038604): odds endpoint returned not found (Failed to fetch /event/14038604/odds/1/all: 404)
Log file: artifacts\logs\odds_polling_scheduler.log
Polling fixtures: 251
Inserted 14 odds snapshot rows.
Skip fixture 22184 (Sofa=14167189): odds endpoint returned not found (Failed to fetch /event/14167189/odds/1/all: 404)
Skip fixture 22185 (Sofa=14038606): odds endpoint returned not found (Failed to fetch /event/14038606/odds/1/all: 404)
Skip fixture 22186 (Sofa=14038610): odds endpoint returned not found (Failed to fetch /event/14038610/odds/1/all: 404)
Skip fixture 22187 (Sofa=14038607): odds endpoint returned not found (Failed to fetch /event/14038607/odds/1/all: 404)
Skip fixture 22188 (Sofa=14038608): odds endpoint returned not found (Failed to fetch /event/14038608/odds/1/all: 404)
Skip fixture 22189 (Sofa=14038612): odds endpoint returned not found (Failed to fetch /event/14038612/odds/1/all: 404)
Skip fixture 22190 (Sofa=14038604): odds endpoint returned not found (Failed to fetch /event/14038604/odds/1/all: 404)
Log file: artifacts\logs\odds_polling_scheduler.log
Polling fixtures: 251
Inserted 188 odds snapshot rows.
Skip fixture 22184 (Sofa=14167189): odds endpoint returned not found (Failed to fetch /event/14167189/odds/1/all: 404)
Skip fixture 22185 (Sofa=14038606): odds endpoint returned not found (Failed to fetch /event/14038606/odds/1/all: 404)
Skip fixture 22186 (Sofa=14038610): odds endpoint returned not found (Failed to fetch /event/14038610/odds/1/all: 404)
Skip fixture 22187 (Sofa=14038607): odds endpoint returned not found (Failed to fetch /event/14038607/odds/1/all: 404)
Skip fixture 22188 (Sofa=14038608): odds endpoint returned not found (Failed to fetch /event/14038608/odds/1/all: 404)
Skip fixture 22189 (Sofa=14038612): odds endpoint returned not found (Failed to fetch /event/14038612/odds/1/all: 404)
Skip fixture 22190 (Sofa=14038604): odds endpoint returned not found (Failed to fetch /event/14038604/odds/1/all: 404)
Log file: artifacts\logs\odds_polling_scheduler.log
Polling fixtures: 251
Inserted 2933 odds snapshot rows.
Skip fixture 22184 (Sofa=14167189): odds endpoint returned not found (Failed to fetch /event/14167189/odds/1/all: 404)
Skip fixture 22185 (Sofa=14038606): odds endpoint returned not found (Failed to fetch /event/14038606/odds/1/all: 404)
Skip fixture 22186 (Sofa=14038610): odds endpoint returned not found (Failed to fetch /event/14038610/odds/1/all: 404)
Skip fixture 22187 (Sofa=14038607): odds endpoint returned not found (Failed to fetch /event/14038607/odds/1/all: 404)
Skip fixture 22188 (Sofa=14038608): odds endpoint returned not found (Failed to fetch /event/14038608/odds/1/all: 404)
Skip fixture 22189 (Sofa=14038612): odds endpoint returned not found (Failed to fetch /event/14038612/odds/1/all: 404)
Skip fixture 22190 (Sofa=14038604): odds endpoint returned not found (Failed to fetch /event/14038604/odds/1/all: 404)
Log file: artifacts\logs\odds_polling_scheduler.log
Polling fixtures: 252
Inserted 135 odds snapshot rows.
Skip fixture 22184 (Sofa=14167189): odds endpoint returned not found (Failed to fetch /event/14167189/odds/1/all: 404)
Skip fixture 22185 (Sofa=14038606): odds endpoint returned not found (Failed to fetch /event/14038606/odds/1/all: 404)
Skip fixture 22186 (Sofa=14038610): odds endpoint returned not found (Failed to fetch /event/14038610/odds/1/all: 404)
Skip fixture 22187 (Sofa=14038607): odds endpoint returned not found (Failed to fetch /event/14038607/odds/1/all: 404)
Skip fixture 22188 (Sofa=14038608): odds endpoint returned not found (Failed to fetch /event/14038608/odds/1/all: 404)
Skip fixture 22189 (Sofa=14038612): odds endpoint returned not found (Failed to fetch /event/14038612/odds/1/all: 404)
Skip fixture 22190 (Sofa=14038604): odds endpoint returned not found (Failed to fetch /event/14038604/odds/1/all: 404)
Log file: artifacts\logs\odds_polling_scheduler.log
Polling fixtures: 250
Inserted 145 odds snapshot rows.
Skip fixture 22184 (Sofa=14167189): odds endpoint returned not found (Failed to fetch /event/14167189/odds/1/all: 404)
Skip fixture 22185 (Sofa=14038606): odds endpoint returned not found (Failed to fetch /event/14038606/odds/1/all: 404)
Skip fixture 22186 (Sofa=14038610): odds endpoint returned not found (Failed to fetch /event/14038610/odds/1/all: 404)
Skip fixture 22187 (Sofa=14038607): odds endpoint returned not found (Failed to fetch /event/14038607/odds/1/all: 404)
Skip fixture 22188 (Sofa=14038608): odds endpoint returned not found (Failed to fetch /event/14038608/odds/1/all: 404)
Skip fixture 22189 (Sofa=14038612): odds endpoint returned not found (Failed to fetch /event/14038612/odds/1/all: 404)
Skip fixture 22190 (Sofa=14038604): odds endpoint returned not found (Failed to fetch /event/14038604/odds/1/all: 404)
Log file: artifacts\logs\odds_polling_scheduler.log
Polling fixtures: 250
Inserted 98 odds snapshot rows.
Skip fixture 22184 (Sofa=14167189): odds endpoint returned not found (Failed to fetch /event/14167189/odds/1/all: 404)
Skip fixture 22185 (Sofa=14038606): odds endpoint returned not found (Failed to fetch /event/14038606/odds/1/all: 404)
Skip fixture 22186 (Sofa=14038610): odds endpoint returned not found (Failed to fetch /event/14038610/odds/1/all: 404)
Skip fixture 22187 (Sofa=14038607): odds endpoint returned not found (Failed to fetch /event/14038607/odds/1/all: 404)
Skip fixture 22188 (Sofa=14038608): odds endpoint returned not found (Failed to fetch /event/14038608/odds/1/all: 404)
Skip fixture 22189 (Sofa=14038612): odds endpoint returned not found (Failed to fetch /event/14038612/odds/1/all: 404)
Skip fixture 22190 (Sofa=14038604): odds endpoint returned not found (Failed to fetch /event/14038604/odds/1/all: 404)
Log file: artifacts\logs\odds_polling_scheduler.log
Polling fixtures: 249
Inserted 219 odds snapshot rows.
Skip fixture 22184 (Sofa=14167189): odds endpoint returned not found (Failed to fetch /event/14167189/odds/1/all: 404)
Skip fixture 22185 (Sofa=14038606): odds endpoint returned not found (Failed to fetch /event/14038606/odds/1/all: 404)
Skip fixture 22186 (Sofa=14038610): odds endpoint returned not found (Failed to fetch /event/14038610/odds/1/all: 404)
Skip fixture 22187 (Sofa=14038607): odds endpoint returned not found (Failed to fetch /event/14038607/odds/1/all: 404)
Skip fixture 22188 (Sofa=14038608): odds endpoint returned not found (Failed to fetch /event/14038608/odds/1/all: 404)
Skip fixture 22189 (Sofa=14038612): odds endpoint returned not found (Failed to fetch /event/14038612/odds/1/all: 404)
Skip fixture 22190 (Sofa=14038604): odds endpoint returned not found (Failed to fetch /event/14038604/odds/1/all: 404)
Log file: artifacts\logs\odds_polling_scheduler.log
Polling fixtures: 249
Inserted 149 odds snapshot rows.
Skip fixture 22184 (Sofa=14167189): odds endpoint returned not found (Failed to fetch /event/14167189/odds/1/all: 404)
Skip fixture 22185 (Sofa=14038606): odds endpoint returned not found (Failed to fetch /event/14038606/odds/1/all: 404)
Skip fixture 22186 (Sofa=14038610): odds endpoint returned not found (Failed to fetch /event/14038610/odds/1/all: 404)
Skip fixture 22187 (Sofa=14038607): odds endpoint returned not found (Failed to fetch /event/14038607/odds/1/all: 404)
Skip fixture 22188 (Sofa=14038608): odds endpoint returned not found (Failed to fetch /event/14038608/odds/1/all: 404)
Skip fixture 22189 (Sofa=14038612): odds endpoint returned not found (Failed to fetch /event/14038612/odds/1/all: 404)
Skip fixture 22190 (Sofa=14038604): odds endpoint returned not found (Failed to fetch /event/14038604/odds/1/all: 404)
Log file: artifacts\logs\odds_polling_scheduler.log
Polling fixtures: 249
Inserted 421 odds snapshot rows.
Skip fixture 22184 (Sofa=14167189): odds endpoint returned not found (Failed to fetch /event/14167189/odds/1/all: 404)
Skip fixture 22185 (Sofa=14038606): odds endpoint returned not found (Failed to fetch /event/14038606/odds/1/all: 404)
Skip fixture 22186 (Sofa=14038610): odds endpoint returned not found (Failed to fetch /event/14038610/odds/1/all: 404)
Skip fixture 22187 (Sofa=14038607): odds endpoint returned not found (Failed to fetch /event/14038607/odds/1/all: 404)
Skip fixture 22188 (Sofa=14038608): odds endpoint returned not found (Failed to fetch /event/14038608/odds/1/all: 404)
Skip fixture 22189 (Sofa=14038612): odds endpoint returned not found (Failed to fetch /event/14038612/odds/1/all: 404)
Skip fixture 22190 (Sofa=14038604): odds endpoint returned not found (Failed to fetch /event/14038604/odds/1/all: 404)
Log file: artifacts\logs\odds_polling_scheduler.log
Polling fixtures: 248
Inserted 2642 odds snapshot rows.
Skip fixture 22184 (Sofa=14167189): odds endpoint returned not found (Failed to fetch /event/14167189/odds/1/all: 404)
Skip fixture 22185 (Sofa=14038606): odds endpoint returned not found (Failed to fetch /event/14038606/odds/1/all: 404)
Skip fixture 22186 (Sofa=14038610): odds endpoint returned not found (Failed to fetch /event/14038610/odds/1/all: 404)
Skip fixture 22187 (Sofa=14038607): odds endpoint returned not found (Failed to fetch /event/14038607/odds/1/all: 404)
Skip fixture 22188 (Sofa=14038608): odds endpoint returned not found (Failed to fetch /event/14038608/odds/1/all: 404)
Skip fixture 22189 (Sofa=14038612): odds endpoint returned not found (Failed to fetch /event/14038612/odds/1/all: 404)
Skip fixture 22190 (Sofa=14038604): odds endpoint returned not found (Failed to fetch /event/14038604/odds/1/all: 404)
Log file: artifacts\logs\odds_polling_scheduler.log
Polling fixtures: 242
Inserted 192 odds snapshot rows.
Skip fixture 22184 (Sofa=14167189): odds endpoint returned not found (Failed to fetch /event/14167189/odds/1/all: 404)
Skip fixture 22185 (Sofa=14038606): odds endpoint returned not found (Failed to fetch /event/14038606/odds/1/all: 404)
Skip fixture 22186 (Sofa=14038610): odds endpoint returned not found (Failed to fetch /event/14038610/odds/1/all: 404)
Skip fixture 22187 (Sofa=14038607): odds endpoint returned not found (Failed to fetch /event/14038607/odds/1/all: 404)
Skip fixture 22188 (Sofa=14038608): odds endpoint returned not found (Failed to fetch /event/14038608/odds/1/all: 404)
Skip fixture 22189 (Sofa=14038612): odds endpoint returned not found (Failed to fetch /event/14038612/odds/1/all: 404)
Skip fixture 22190 (Sofa=14038604): odds endpoint returned not found (Failed to fetch /event/14038604/odds/1/all: 404)
Log file: artifacts\logs\odds_polling_scheduler.log
Polling fixtures: 241
Inserted 92 odds snapshot rows.
Skip fixture 22184 (Sofa=14167189): odds endpoint returned not found (Failed to fetch /event/14167189/odds/1/all: 404)
Skip fixture 22185 (Sofa=14038606): odds endpoint returned not found (Failed to fetch /event/14038606/odds/1/all: 404)
Skip fixture 22186 (Sofa=14038610): odds endpoint returned not found (Failed to fetch /event/14038610/odds/1/all: 404)
Skip fixture 22187 (Sofa=14038607): odds endpoint returned not found (Failed to fetch /event/14038607/odds/1/all: 404)
Skip fixture 22188 (Sofa=14038608): odds endpoint returned not found (Failed to fetch /event/14038608/odds/1/all: 404)
Skip fixture 22189 (Sofa=14038612): odds endpoint returned not found (Failed to fetch /event/14038612/odds/1/all: 404)
Skip fixture 22190 (Sofa=14038604): odds endpoint returned not found (Failed to fetch /event/14038604/odds/1/all: 404)
Log file: artifacts\logs\odds_polling_scheduler.log
Polling fixtures: 237
Inserted 137 odds snapshot rows.
Skip fixture 22184 (Sofa=14167189): odds endpoint returned not found (Failed to fetch /event/14167189/odds/1/all: 404)
Skip fixture 22185 (Sofa=14038606): odds endpoint returned not found (Failed to fetch /event/14038606/odds/1/all: 404)
Skip fixture 22186 (Sofa=14038610): odds endpoint returned not found (Failed to fetch /event/14038610/odds/1/all: 404)
Skip fixture 22187 (Sofa=14038607): odds endpoint returned not found (Failed to fetch /event/14038607/odds/1/all: 404)
Skip fixture 22188 (Sofa=14038608): odds endpoint returned not found (Failed to fetch /event/14038608/odds/1/all: 404)
Skip fixture 22189 (Sofa=14038612): odds endpoint returned not found (Failed to fetch /event/14038612/odds/1/all: 404)
Skip fixture 22190 (Sofa=14038604): odds endpoint returned not found (Failed to fetch /event/14038604/odds/1/all: 404)
Log file: artifacts\logs\odds_polling_scheduler.log
Polling fixtures: 235
Inserted 118 odds snapshot rows.
Skip fixture 22184 (Sofa=14167189): odds endpoint returned not found (Failed to fetch /event/14167189/odds/1/all: 404)
Skip fixture 22185 (Sofa=14038606): odds endpoint returned not found (Failed to fetch /event/14038606/odds/1/all: 404)
Skip fixture 22186 (Sofa=14038610): odds endpoint returned not found (Failed to fetch /event/14038610/odds/1/all: 404)
Skip fixture 22187 (Sofa=14038607): odds endpoint returned not found (Failed to fetch /event/14038607/odds/1/all: 404)
Skip fixture 22188 (Sofa=14038608): odds endpoint returned not found (Failed to fetch /event/14038608/odds/1/all: 404)
Skip fixture 22189 (Sofa=14038612): odds endpoint returned not found (Failed to fetch /event/14038612/odds/1/all: 404)
Skip fixture 22190 (Sofa=14038604): odds endpoint returned not found (Failed to fetch /event/14038604/odds/1/all: 404)
Log file: artifacts\logs\odds_polling_scheduler.log
Polling fixtures: 235
Inserted 139 odds snapshot rows.
Skip fixture 22184 (Sofa=14167189): odds endpoint returned not found (Failed to fetch /event/14167189/odds/1/all: 404)
Skip fixture 22185 (Sofa=14038606): odds endpoint returned not found (Failed to fetch /event/14038606/odds/1/all: 404)
Skip fixture 22186 (Sofa=14038610): odds endpoint returned not found (Failed to fetch /event/14038610/odds/1/all: 404)
Skip fixture 22187 (Sofa=14038607): odds endpoint returned not found (Failed to fetch /event/14038607/odds/1/all: 404)
Skip fixture 22188 (Sofa=14038608): odds endpoint returned not found (Failed to fetch /event/14038608/odds/1/all: 404)
Skip fixture 22189 (Sofa=14038612): odds endpoint returned not found (Failed to fetch /event/14038612/odds/1/all: 404)
Skip fixture 22190 (Sofa=14038604): odds endpoint returned not found (Failed to fetch /event/14038604/odds/1/all: 404)
Skip fixture 20829 (Sofa=15581703): odds endpoint returned not found (Failed to fetch /event/15581703/odds/1/all: 404)
Log file: artifacts\logs\odds_polling_scheduler.log
Polling fixtures: 231
Inserted 281 odds snapshot rows.
Skip fixture 22184 (Sofa=14167189): odds endpoint returned not found (Failed to fetch /event/14167189/odds/1/all: 404)
Skip fixture 22185 (Sofa=14038606): odds endpoint returned not found (Failed to fetch /event/14038606/odds/1/all: 404)
Skip fixture 22186 (Sofa=14038610): odds endpoint returned not found (Failed to fetch /event/14038610/odds/1/all: 404)
Skip fixture 22187 (Sofa=14038607): odds endpoint returned not found (Failed to fetch /event/14038607/odds/1/all: 404)
Skip fixture 22188 (Sofa=14038608): odds endpoint returned not found (Failed to fetch /event/14038608/odds/1/all: 404)
Skip fixture 22189 (Sofa=14038612): odds endpoint returned not found (Failed to fetch /event/14038612/odds/1/all: 404)
Skip fixture 22190 (Sofa=14038604): odds endpoint returned not found (Failed to fetch /event/14038604/odds/1/all: 404)
Skip fixture 20829 (Sofa=15581703): odds endpoint returned not found (Failed to fetch /event/15581703/odds/1/all: 404)
Log file: artifacts\logs\odds_polling_scheduler.log
Polling fixtures: 228
Inserted 2477 odds snapshot rows.
Skip fixture 22184 (Sofa=14167189): odds endpoint returned not found (Failed to fetch /event/14167189/odds/1/all: 404)
Skip fixture 22185 (Sofa=14038606): odds endpoint returned not found (Failed to fetch /event/14038606/odds/1/all: 404)
Skip fixture 22186 (Sofa=14038610): odds endpoint returned not found (Failed to fetch /event/14038610/odds/1/all: 404)
Skip fixture 22187 (Sofa=14038607): odds endpoint returned not found (Failed to fetch /event/14038607/odds/1/all: 404)
Skip fixture 22188 (Sofa=14038608): odds endpoint returned not found (Failed to fetch /event/14038608/odds/1/all: 404)
Skip fixture 22189 (Sofa=14038612): odds endpoint returned not found (Failed to fetch /event/14038612/odds/1/all: 404)
Skip fixture 22190 (Sofa=14038604): odds endpoint returned not found (Failed to fetch /event/14038604/odds/1/all: 404)
Skip fixture 20829 (Sofa=15581703): odds endpoint returned not found (Failed to fetch /event/15581703/odds/1/all: 404)
Log file: artifacts\logs\odds_polling_scheduler.log
Polling fixtures: 229
Inserted 52 odds snapshot rows.
Skip fixture 22184 (Sofa=14167189): odds endpoint returned not found (Failed to fetch /event/14167189/odds/1/all: 404)
Skip fixture 22185 (Sofa=14038606): odds endpoint returned not found (Failed to fetch /event/14038606/odds/1/all: 404)
Skip fixture 22186 (Sofa=14038610): odds endpoint returned not found (Failed to fetch /event/14038610/odds/1/all: 404)
Skip fixture 22187 (Sofa=14038607): odds endpoint returned not found (Failed to fetch /event/14038607/odds/1/all: 404)
Skip fixture 22188 (Sofa=14038608): odds endpoint returned not found (Failed to fetch /event/14038608/odds/1/all: 404)
Skip fixture 22189 (Sofa=14038612): odds endpoint returned not found (Failed to fetch /event/14038612/odds/1/all: 404)
Skip fixture 22190 (Sofa=14038604): odds endpoint returned not found (Failed to fetch /event/14038604/odds/1/all: 404)
Skip fixture 20829 (Sofa=15581703): odds endpoint returned not found (Failed to fetch /event/15581703/odds/1/all: 404)
Log file: artifacts\logs\odds_polling_scheduler.log
Polling fixtures: 228
Inserted 13 odds snapshot rows.
Skip fixture 22184 (Sofa=14167189): odds endpoint returned not found (Failed to fetch /event/14167189/odds/1/all: 404)
Skip fixture 22185 (Sofa=14038606): odds endpoint returned not found (Failed to fetch /event/14038606/odds/1/all: 404)
Skip fixture 22186 (Sofa=14038610): odds endpoint returned not found (Failed to fetch /event/14038610/odds/1/all: 404)
Skip fixture 22187 (Sofa=14038607): odds endpoint returned not found (Failed to fetch /event/14038607/odds/1/all: 404)
Skip fixture 22188 (Sofa=14038608): odds endpoint returned not found (Failed to fetch /event/14038608/odds/1/all: 404)
Skip fixture 22189 (Sofa=14038612): odds endpoint returned not found (Failed to fetch /event/14038612/odds/1/all: 404)
Skip fixture 22190 (Sofa=14038604): odds endpoint returned not found (Failed to fetch /event/14038604/odds/1/all: 404)
Skip fixture 20829 (Sofa=15581703): odds endpoint returned not found (Failed to fetch /event/15581703/odds/1/all: 404)
Log file: artifacts\logs\odds_polling_scheduler.log
Polling fixtures: 226
Inserted 38 odds snapshot rows.
Skip fixture 22184 (Sofa=14167189): odds endpoint returned not found (Failed to fetch /event/14167189/odds/1/all: 404)
Skip fixture 22185 (Sofa=14038606): odds endpoint returned not found (Failed to fetch /event/14038606/odds/1/all: 404)
Skip fixture 22186 (Sofa=14038610): odds endpoint returned not found (Failed to fetch /event/14038610/odds/1/all: 404)
Skip fixture 22187 (Sofa=14038607): odds endpoint returned not found (Failed to fetch /event/14038607/odds/1/all: 404)
Skip fixture 22188 (Sofa=14038608): odds endpoint returned not found (Failed to fetch /event/14038608/odds/1/all: 404)
Skip fixture 22189 (Sofa=14038612): odds endpoint returned not found (Failed to fetch /event/14038612/odds/1/all: 404)
Skip fixture 22190 (Sofa=14038604): odds endpoint returned not found (Failed to fetch /event/14038604/odds/1/all: 404)
Skip fixture 20829 (Sofa=15581703): odds endpoint returned not found (Failed to fetch /event/15581703/odds/1/all: 404)
Log file: artifacts\logs\odds_polling_scheduler.log
Polling fixtures: 226
Inserted 53 odds snapshot rows.
Skip fixture 22184 (Sofa=14167189): odds endpoint returned not found (Failed to fetch /event/14167189/odds/1/all: 404)
Skip fixture 22185 (Sofa=14038606): odds endpoint returned not found (Failed to fetch /event/14038606/odds/1/all: 404)
Skip fixture 22186 (Sofa=14038610): odds endpoint returned not found (Failed to fetch /event/14038610/odds/1/all: 404)
Skip fixture 22187 (Sofa=14038607): odds endpoint returned not found (Failed to fetch /event/14038607/odds/1/all: 404)
Skip fixture 22188 (Sofa=14038608): odds endpoint returned not found (Failed to fetch /event/14038608/odds/1/all: 404)
Skip fixture 22189 (Sofa=14038612): odds endpoint returned not found (Failed to fetch /event/14038612/odds/1/all: 404)
Skip fixture 22190 (Sofa=14038604): odds endpoint returned not found (Failed to fetch /event/14038604/odds/1/all: 404)
Skip fixture 20829 (Sofa=15581703): odds endpoint returned not found (Failed to fetch /event/15581703/odds/1/all: 404)
Log file: artifacts\logs\odds_polling_scheduler.log
Polling fixtures: 226
Inserted 78 odds snapshot rows.
Skip fixture 22184 (Sofa=14167189): odds endpoint returned not found (Failed to fetch /event/14167189/odds/1/all: 404)
Skip fixture 22185 (Sofa=14038606): odds endpoint returned not found (Failed to fetch /event/14038606/odds/1/all: 404)
Skip fixture 22186 (Sofa=14038610): odds endpoint returned not found (Failed to fetch /event/14038610/odds/1/all: 404)
Skip fixture 22187 (Sofa=14038607): odds endpoint returned not found (Failed to fetch /event/14038607/odds/1/all: 404)
Skip fixture 22188 (Sofa=14038608): odds endpoint returned not found (Failed to fetch /event/14038608/odds/1/all: 404)
Skip fixture 22189 (Sofa=14038612): odds endpoint returned not found (Failed to fetch /event/14038612/odds/1/all: 404)
Skip fixture 22190 (Sofa=14038604): odds endpoint returned not found (Failed to fetch /event/14038604/odds/1/all: 404)
Skip fixture 20829 (Sofa=15581703): odds endpoint returned not found (Failed to fetch /event/15581703/odds/1/all: 404)
Log file: artifacts\logs\odds_polling_scheduler.log
Polling fixtures: 226
Inserted 188 odds snapshot rows.
Skip fixture 22184 (Sofa=14167189): odds endpoint returned not found (Failed to fetch /event/14167189/odds/1/all: 404)
Skip fixture 22185 (Sofa=14038606): odds endpoint returned not found (Failed to fetch /event/14038606/odds/1/all: 404)
Skip fixture 22186 (Sofa=14038610): odds endpoint returned not found (Failed to fetch /event/14038610/odds/1/all: 404)
Skip fixture 22187 (Sofa=14038607): odds endpoint returned not found (Failed to fetch /event/14038607/odds/1/all: 404)
Skip fixture 22188 (Sofa=14038608): odds endpoint returned not found (Failed to fetch /event/14038608/odds/1/all: 404)
Skip fixture 22189 (Sofa=14038612): odds endpoint returned not found (Failed to fetch /event/14038612/odds/1/all: 404)
Skip fixture 22190 (Sofa=14038604): odds endpoint returned not found (Failed to fetch /event/14038604/odds/1/all: 404)
Skip fixture 20829 (Sofa=15581703): odds endpoint returned not found (Failed to fetch /event/15581703/odds/1/all: 404)
Log file: artifacts\logs\odds_polling_scheduler.log
Polling fixtures: 226
Inserted 2476 odds snapshot rows.
Skip fixture 22184 (Sofa=14167189): odds endpoint returned not found (Failed to fetch /event/14167189/odds/1/all: 404)
Skip fixture 22185 (Sofa=14038606): odds endpoint returned not found (Failed to fetch /event/14038606/odds/1/all: 404)
Skip fixture 22186 (Sofa=14038610): odds endpoint returned not found (Failed to fetch /event/14038610/odds/1/all: 404)
Skip fixture 22187 (Sofa=14038607): odds endpoint returned not found (Failed to fetch /event/14038607/odds/1/all: 404)
Skip fixture 22188 (Sofa=14038608): odds endpoint returned not found (Failed to fetch /event/14038608/odds/1/all: 404)
Skip fixture 22189 (Sofa=14038612): odds endpoint returned not found (Failed to fetch /event/14038612/odds/1/all: 404)
Skip fixture 22190 (Sofa=14038604): odds endpoint returned not found (Failed to fetch /event/14038604/odds/1/all: 404)
Skip fixture 20829 (Sofa=15581703): odds endpoint returned not found (Failed to fetch /event/15581703/odds/1/all: 404)
Log file: artifacts\logs\odds_polling_scheduler.log
Polling fixtures: 226
Inserted 13 odds snapshot rows.
Skip fixture 22184 (Sofa=14167189): odds endpoint returned not found (Failed to fetch /event/14167189/odds/1/all: 404)
Skip fixture 22185 (Sofa=14038606): odds endpoint returned not found (Failed to fetch /event/14038606/odds/1/all: 404)
Skip fixture 22186 (Sofa=14038610): odds endpoint returned not found (Failed to fetch /event/14038610/odds/1/all: 404)
Skip fixture 22187 (Sofa=14038607): odds endpoint returned not found (Failed to fetch /event/14038607/odds/1/all: 404)
Skip fixture 22188 (Sofa=14038608): odds endpoint returned not found (Failed to fetch /event/14038608/odds/1/all: 404)
Skip fixture 22189 (Sofa=14038612): odds endpoint returned not found (Failed to fetch /event/14038612/odds/1/all: 404)
Skip fixture 22190 (Sofa=14038604): odds endpoint returned not found (Failed to fetch /event/14038604/odds/1/all: 404)
Skip fixture 20829 (Sofa=15581703): odds endpoint returned not found (Failed to fetch /event/15581703/odds/1/all: 404)
Log file: artifacts\logs\odds_polling_scheduler.log
Polling fixtures: 225
Inserted 0 odds snapshot rows.
Skip fixture 22184 (Sofa=14167189): odds endpoint returned not found (Failed to fetch /event/14167189/odds/1/all: 404)
Skip fixture 22185 (Sofa=14038606): odds endpoint returned not found (Failed to fetch /event/14038606/odds/1/all: 404)
Skip fixture 22186 (Sofa=14038610): odds endpoint returned not found (Failed to fetch /event/14038610/odds/1/all: 404)
Skip fixture 22187 (Sofa=14038607): odds endpoint returned not found (Failed to fetch /event/14038607/odds/1/all: 404)
Skip fixture 22188 (Sofa=14038608): odds endpoint returned not found (Failed to fetch /event/14038608/odds/1/all: 404)
Skip fixture 22189 (Sofa=14038612): odds endpoint returned not found (Failed to fetch /event/14038612/odds/1/all: 404)
Skip fixture 22190 (Sofa=14038604): odds endpoint returned not found (Failed to fetch /event/14038604/odds/1/all: 404)
Skip fixture 20829 (Sofa=15581703): odds endpoint returned not found (Failed to fetch /event/15581703/odds/1/all: 404)
Log file: artifacts\logs\odds_polling_scheduler.log
Polling fixtures: 225
Inserted 38 odds snapshot rows.
Skip fixture 22184 (Sofa=14167189): odds endpoint returned not found (Failed to fetch /event/14167189/odds/1/all: 404)
Skip fixture 22185 (Sofa=14038606): odds endpoint returned not found (Failed to fetch /event/14038606/odds/1/all: 404)
Skip fixture 22186 (Sofa=14038610): odds endpoint returned not found (Failed to fetch /event/14038610/odds/1/all: 404)
Skip fixture 22187 (Sofa=14038607): odds endpoint returned not found (Failed to fetch /event/14038607/odds/1/all: 404)
Skip fixture 22188 (Sofa=14038608): odds endpoint returned not found (Failed to fetch /event/14038608/odds/1/all: 404)
Skip fixture 22189 (Sofa=14038612): odds endpoint returned not found (Failed to fetch /event/14038612/odds/1/all: 404)
Skip fixture 22190 (Sofa=14038604): odds endpoint returned not found (Failed to fetch /event/14038604/odds/1/all: 404)
Skip fixture 20829 (Sofa=15581703): odds endpoint returned not found (Failed to fetch /event/15581703/odds/1/all: 404)
Log file: artifacts\logs\odds_polling_scheduler.log
Polling fixtures: 225
Inserted 40 odds snapshot rows.
Skip fixture 22184 (Sofa=14167189): odds endpoint returned not found (Failed to fetch /event/14167189/odds/1/all: 404)
Skip fixture 22185 (Sofa=14038606): odds endpoint returned not found (Failed to fetch /event/14038606/odds/1/all: 404)
Skip fixture 22186 (Sofa=14038610): odds endpoint returned not found (Failed to fetch /event/14038610/odds/1/all: 404)
Skip fixture 22187 (Sofa=14038607): odds endpoint returned not found (Failed to fetch /event/14038607/odds/1/all: 404)
Skip fixture 22188 (Sofa=14038608): odds endpoint returned not found (Failed to fetch /event/14038608/odds/1/all: 404)
Skip fixture 22189 (Sofa=14038612): odds endpoint returned not found (Failed to fetch /event/14038612/odds/1/all: 404)
Skip fixture 22190 (Sofa=14038604): odds endpoint returned not found (Failed to fetch /event/14038604/odds/1/all: 404)
Skip fixture 20829 (Sofa=15581703): odds endpoint returned not found (Failed to fetch /event/15581703/odds/1/all: 404)
Log file: artifacts\logs\odds_polling_scheduler.log
Polling fixtures: 225
Inserted 78 odds snapshot rows.
Skip fixture 22184 (Sofa=14167189): odds endpoint returned not found (Failed to fetch /event/14167189/odds/1/all: 404)
Skip fixture 22185 (Sofa=14038606): odds endpoint returned not found (Failed to fetch /event/14038606/odds/1/all: 404)
Skip fixture 22186 (Sofa=14038610): odds endpoint returned not found (Failed to fetch /event/14038610/odds/1/all: 404)
Skip fixture 22187 (Sofa=14038607): odds endpoint returned not found (Failed to fetch /event/14038607/odds/1/all: 404)
Skip fixture 22188 (Sofa=14038608): odds endpoint returned not found (Failed to fetch /event/14038608/odds/1/all: 404)
Skip fixture 22189 (Sofa=14038612): odds endpoint returned not found (Failed to fetch /event/14038612/odds/1/all: 404)
Skip fixture 22190 (Sofa=14038604): odds endpoint returned not found (Failed to fetch /event/14038604/odds/1/all: 404)
Skip fixture 20829 (Sofa=15581703): odds endpoint returned not found (Failed to fetch /event/15581703/odds/1/all: 404)
Log file: artifacts\logs\odds_polling_scheduler.log
Polling fixtures: 225
Inserted 2587 odds snapshot rows.
Skip fixture 22184 (Sofa=14167189): odds endpoint returned not found (Failed to fetch /event/14167189/odds/1/all: 404)
Skip fixture 22185 (Sofa=14038606): odds endpoint returned not found (Failed to fetch /event/14038606/odds/1/all: 404)
Skip fixture 22186 (Sofa=14038610): odds endpoint returned not found (Failed to fetch /event/14038610/odds/1/all: 404)
Skip fixture 22187 (Sofa=14038607): odds endpoint returned not found (Failed to fetch /event/14038607/odds/1/all: 404)
Skip fixture 22188 (Sofa=14038608): odds endpoint returned not found (Failed to fetch /event/14038608/odds/1/all: 404)
Skip fixture 22189 (Sofa=14038612): odds endpoint returned not found (Failed to fetch /event/14038612/odds/1/all: 404)
Skip fixture 22190 (Sofa=14038604): odds endpoint returned not found (Failed to fetch /event/14038604/odds/1/all: 404)
Skip fixture 20829 (Sofa=15581703): odds endpoint returned not found (Failed to fetch /event/15581703/odds/1/all: 404)
Log file: artifacts\logs\odds_polling_scheduler.log
Polling fixtures: 225
Inserted 66 odds snapshot rows.
Skip fixture 22184 (Sofa=14167189): odds endpoint returned not found (Failed to fetch /event/14167189/odds/1/all: 404)
Skip fixture 22185 (Sofa=14038606): odds endpoint returned not found (Failed to fetch /event/14038606/odds/1/all: 404)
Skip fixture 22186 (Sofa=14038610): odds endpoint returned not found (Failed to fetch /event/14038610/odds/1/all: 404)
Skip fixture 22187 (Sofa=14038607): odds endpoint returned not found (Failed to fetch /event/14038607/odds/1/all: 404)
Skip fixture 22188 (Sofa=14038608): odds endpoint returned not found (Failed to fetch /event/14038608/odds/1/all: 404)
Skip fixture 22189 (Sofa=14038612): odds endpoint returned not found (Failed to fetch /event/14038612/odds/1/all: 404)
Skip fixture 22190 (Sofa=14038604): odds endpoint returned not found (Failed to fetch /event/14038604/odds/1/all: 404)
Skip fixture 20829 (Sofa=15581703): odds endpoint returned not found (Failed to fetch /event/15581703/odds/1/all: 404)
Log file: artifacts\logs\odds_polling_scheduler.log
Polling fixtures: 225
Inserted 0 odds snapshot rows.
Skip fixture 22184 (Sofa=14167189): odds endpoint returned not found (Failed to fetch /event/14167189/odds/1/all: 404)
Skip fixture 22185 (Sofa=14038606): odds endpoint returned not found (Failed to fetch /event/14038606/odds/1/all: 404)
Skip fixture 22186 (Sofa=14038610): odds endpoint returned not found (Failed to fetch /event/14038610/odds/1/all: 404)
Skip fixture 22187 (Sofa=14038607): odds endpoint returned not found (Failed to fetch /event/14038607/odds/1/all: 404)
Skip fixture 22188 (Sofa=14038608): odds endpoint returned not found (Failed to fetch /event/14038608/odds/1/all: 404)
Skip fixture 22189 (Sofa=14038612): odds endpoint returned not found (Failed to fetch /event/14038612/odds/1/all: 404)
Skip fixture 22190 (Sofa=14038604): odds endpoint returned not found (Failed to fetch /event/14038604/odds/1/all: 404)
Skip fixture 20829 (Sofa=15581703): odds endpoint returned not found (Failed to fetch /event/15581703/odds/1/all: 404)
Log file: artifacts\logs\odds_polling_scheduler.log
Polling fixtures: 225
Inserted 0 odds snapshot rows.
Skip fixture 22184 (Sofa=14167189): odds endpoint returned not found (Failed to fetch /event/14167189/odds/1/all: 404)
Skip fixture 22185 (Sofa=14038606): odds endpoint returned not found (Failed to fetch /event/14038606/odds/1/all: 404)
Skip fixture 22186 (Sofa=14038610): odds endpoint returned not found (Failed to fetch /event/14038610/odds/1/all: 404)
Skip fixture 22187 (Sofa=14038607): odds endpoint returned not found (Failed to fetch /event/14038607/odds/1/all: 404)
Skip fixture 22188 (Sofa=14038608): odds endpoint returned not found (Failed to fetch /event/14038608/odds/1/all: 404)
Skip fixture 22189 (Sofa=14038612): odds endpoint returned not found (Failed to fetch /event/14038612/odds/1/all: 404)
Skip fixture 22190 (Sofa=14038604): odds endpoint returned not found (Failed to fetch /event/14038604/odds/1/all: 404)
Skip fixture 20829 (Sofa=15581703): odds endpoint returned not found (Failed to fetch /event/15581703/odds/1/all: 404)
Log file: artifacts\logs\odds_polling_scheduler.log
Polling fixtures: 225
Inserted 78 odds snapshot rows.
Skip fixture 22184 (Sofa=14167189): odds endpoint returned not found (Failed to fetch /event/14167189/odds/1/all: 404)
Skip fixture 22185 (Sofa=14038606): odds endpoint returned not found (Failed to fetch /event/14038606/odds/1/all: 404)
Skip fixture 22186 (Sofa=14038610): odds endpoint returned not found (Failed to fetch /event/14038610/odds/1/all: 404)
Skip fixture 22187 (Sofa=14038607): odds endpoint returned not found (Failed to fetch /event/14038607/odds/1/all: 404)
Skip fixture 22188 (Sofa=14038608): odds endpoint returned not found (Failed to fetch /event/14038608/odds/1/all: 404)
Skip fixture 22189 (Sofa=14038612): odds endpoint returned not found (Failed to fetch /event/14038612/odds/1/all: 404)
Skip fixture 22190 (Sofa=14038604): odds endpoint returned not found (Failed to fetch /event/14038604/odds/1/all: 404)
Skip fixture 20829 (Sofa=15581703): odds endpoint returned not found (Failed to fetch /event/15581703/odds/1/all: 404)
Log file: artifacts\logs\odds_polling_scheduler.log
Polling fixtures: 225
Inserted 0 odds snapshot rows.
Skip fixture 22184 (Sofa=14167189): odds endpoint returned not found (Failed to fetch /event/14167189/odds/1/all: 404)
Skip fixture 22185 (Sofa=14038606): odds endpoint returned not found (Failed to fetch /event/14038606/odds/1/all: 404)
Skip fixture 22186 (Sofa=14038610): odds endpoint returned not found (Failed to fetch /event/14038610/odds/1/all: 404)
Skip fixture 22187 (Sofa=14038607): odds endpoint returned not found (Failed to fetch /event/14038607/odds/1/all: 404)
Skip fixture 22188 (Sofa=14038608): odds endpoint returned not found (Failed to fetch /event/14038608/odds/1/all: 404)
Skip fixture 22189 (Sofa=14038612): odds endpoint returned not found (Failed to fetch /event/14038612/odds/1/all: 404)
Skip fixture 22190 (Sofa=14038604): odds endpoint returned not found (Failed to fetch /event/14038604/odds/1/all: 404)
Skip fixture 20829 (Sofa=15581703): odds endpoint returned not found (Failed to fetch /event/15581703/odds/1/all: 404)
Log file: artifacts\logs\odds_polling_scheduler.log
Polling fixtures: 225
Inserted 78 odds snapshot rows.
Skip fixture 22184 (Sofa=14167189): odds endpoint returned not found (Failed to fetch /event/14167189/odds/1/all: 404)
Skip fixture 22185 (Sofa=14038606): odds endpoint returned not found (Failed to fetch /event/14038606/odds/1/all: 404)
Skip fixture 22186 (Sofa=14038610): odds endpoint returned not found (Failed to fetch /event/14038610/odds/1/all: 404)
Skip fixture 22187 (Sofa=14038607): odds endpoint returned not found (Failed to fetch /event/14038607/odds/1/all: 404)
Skip fixture 22188 (Sofa=14038608): odds endpoint returned not found (Failed to fetch /event/14038608/odds/1/all: 404)
Skip fixture 22189 (Sofa=14038612): odds endpoint returned not found (Failed to fetch /event/14038612/odds/1/all: 404)
Skip fixture 22190 (Sofa=14038604): odds endpoint returned not found (Failed to fetch /event/14038604/odds/1/all: 404)
Skip fixture 20829 (Sofa=15581703): odds endpoint returned not found (Failed to fetch /event/15581703/odds/1/all: 404)
Log file: artifacts\logs\odds_polling_scheduler.log
Polling fixtures: 225
Inserted 2594 odds snapshot rows.
Skip fixture 22184 (Sofa=14167189): odds endpoint returned not found (Failed to fetch /event/14167189/odds/1/all: 404)
Skip fixture 22185 (Sofa=14038606): odds endpoint returned not found (Failed to fetch /event/14038606/odds/1/all: 404)
Skip fixture 22186 (Sofa=14038610): odds endpoint returned not found (Failed to fetch /event/14038610/odds/1/all: 404)
Skip fixture 22187 (Sofa=14038607): odds endpoint returned not found (Failed to fetch /event/14038607/odds/1/all: 404)
Skip fixture 22188 (Sofa=14038608): odds endpoint returned not found (Failed to fetch /event/14038608/odds/1/all: 404)
Skip fixture 22189 (Sofa=14038612): odds endpoint returned not found (Failed to fetch /event/14038612/odds/1/all: 404)
Skip fixture 22190 (Sofa=14038604): odds endpoint returned not found (Failed to fetch /event/14038604/odds/1/all: 404)
Skip fixture 20829 (Sofa=15581703): odds endpoint returned not found (Failed to fetch /event/15581703/odds/1/all: 404)
Log file: artifacts\logs\odds_polling_scheduler.log
Polling fixtures: 225
Inserted 54 odds snapshot rows.
Skip fixture 22184 (Sofa=14167189): odds endpoint returned not found (Failed to fetch /event/14167189/odds/1/all: 404)
Skip fixture 22185 (Sofa=14038606): odds endpoint returned not found (Failed to fetch /event/14038606/odds/1/all: 404)
Skip fixture 22186 (Sofa=14038610): odds endpoint returned not found (Failed to fetch /event/14038610/odds/1/all: 404)
Skip fixture 22187 (Sofa=14038607): odds endpoint returned not found (Failed to fetch /event/14038607/odds/1/all: 404)
Skip fixture 22188 (Sofa=14038608): odds endpoint returned not found (Failed to fetch /event/14038608/odds/1/all: 404)
Skip fixture 22189 (Sofa=14038612): odds endpoint returned not found (Failed to fetch /event/14038612/odds/1/all: 404)
Skip fixture 22190 (Sofa=14038604): odds endpoint returned not found (Failed to fetch /event/14038604/odds/1/all: 404)
Skip fixture 20829 (Sofa=15581703): odds endpoint returned not found (Failed to fetch /event/15581703/odds/1/all: 404)
Log file: artifacts\logs\odds_polling_scheduler.log
Polling fixtures: 225
Inserted 106 odds snapshot rows.
Skip fixture 22184 (Sofa=14167189): odds endpoint returned not found (Failed to fetch /event/14167189/odds/1/all: 404)
Skip fixture 22185 (Sofa=14038606): odds endpoint returned not found (Failed to fetch /event/14038606/odds/1/all: 404)
Skip fixture 22186 (Sofa=14038610): odds endpoint returned not found (Failed to fetch /event/14038610/odds/1/all: 404)
Skip fixture 22187 (Sofa=14038607): odds endpoint returned not found (Failed to fetch /event/14038607/odds/1/all: 404)
Skip fixture 22188 (Sofa=14038608): odds endpoint returned not found (Failed to fetch /event/14038608/odds/1/all: 404)
Skip fixture 22189 (Sofa=14038612): odds endpoint returned not found (Failed to fetch /event/14038612/odds/1/all: 404)
Skip fixture 22190 (Sofa=14038604): odds endpoint returned not found (Failed to fetch /event/14038604/odds/1/all: 404)
Skip fixture 20829 (Sofa=15581703): odds endpoint returned not found (Failed to fetch /event/15581703/odds/1/all: 404)
Log file: artifacts\logs\odds_polling_scheduler.log
Polling fixtures: 225
Inserted 0 odds snapshot rows.
Skip fixture 22184 (Sofa=14167189): odds endpoint returned not found (Failed to fetch /event/14167189/odds/1/all: 404)
Skip fixture 22185 (Sofa=14038606): odds endpoint returned not found (Failed to fetch /event/14038606/odds/1/all: 404)
Skip fixture 22186 (Sofa=14038610): odds endpoint returned not found (Failed to fetch /event/14038610/odds/1/all: 404)
Skip fixture 22187 (Sofa=14038607): odds endpoint returned not found (Failed to fetch /event/14038607/odds/1/all: 404)
Skip fixture 22188 (Sofa=14038608): odds endpoint returned not found (Failed to fetch /event/14038608/odds/1/all: 404)
Skip fixture 22189 (Sofa=14038612): odds endpoint returned not found (Failed to fetch /event/14038612/odds/1/all: 404)
Skip fixture 22190 (Sofa=14038604): odds endpoint returned not found (Failed to fetch /event/14038604/odds/1/all: 404)
Skip fixture 20829 (Sofa=15581703): odds endpoint returned not found (Failed to fetch /event/15581703/odds/1/all: 404)
Log file: artifacts\logs\odds_polling_scheduler.log
Polling fixtures: 225
Inserted 952 odds snapshot rows.
Skip fixture 22184 (Sofa=14167189): odds endpoint returned not found (Failed to fetch /event/14167189/odds/1/all: 404)
Skip fixture 22185 (Sofa=14038606): odds endpoint returned not found (Failed to fetch /event/14038606/odds/1/all: 404)
Skip fixture 22186 (Sofa=14038610): odds endpoint returned not found (Failed to fetch /event/14038610/odds/1/all: 404)
Skip fixture 22187 (Sofa=14038607): odds endpoint returned not found (Failed to fetch /event/14038607/odds/1/all: 404)
Skip fixture 22188 (Sofa=14038608): odds endpoint returned not found (Failed to fetch /event/14038608/odds/1/all: 404)
Skip fixture 22189 (Sofa=14038612): odds endpoint returned not found (Failed to fetch /event/14038612/odds/1/all: 404)
Skip fixture 22190 (Sofa=14038604): odds endpoint returned not found (Failed to fetch /event/14038604/odds/1/all: 404)
Skip fixture 20829 (Sofa=15581703): odds endpoint returned not found (Failed to fetch /event/15581703/odds/1/all: 404)
Log file: artifacts\logs\odds_polling_scheduler.log
Polling fixtures: 225
Inserted 1726 odds snapshot rows.
Skip fixture 22184 (Sofa=14167189): odds endpoint returned not found (Failed to fetch /event/14167189/odds/1/all: 404)
Skip fixture 22185 (Sofa=14038606): odds endpoint returned not found (Failed to fetch /event/14038606/odds/1/all: 404)
Skip fixture 22186 (Sofa=14038610): odds endpoint returned not found (Failed to fetch /event/14038610/odds/1/all: 404)
Skip fixture 22187 (Sofa=14038607): odds endpoint returned not found (Failed to fetch /event/14038607/odds/1/all: 404)
Skip fixture 22188 (Sofa=14038608): odds endpoint returned not found (Failed to fetch /event/14038608/odds/1/all: 404)
Skip fixture 22189 (Sofa=14038612): odds endpoint returned not found (Failed to fetch /event/14038612/odds/1/all: 404)
Skip fixture 22190 (Sofa=14038604): odds endpoint returned not found (Failed to fetch /event/14038604/odds/1/all: 404)
Skip fixture 20829 (Sofa=15581703): odds endpoint returned not found (Failed to fetch /event/15581703/odds/1/all: 404)
Log file: artifacts\logs\odds_polling_scheduler.log
Polling fixtures: 225
Inserted 81 odds snapshot rows.
Skip fixture 22184 (Sofa=14167189): odds endpoint returned not found (Failed to fetch /event/14167189/odds/1/all: 404)
Skip fixture 22185 (Sofa=14038606): odds endpoint returned not found (Failed to fetch /event/14038606/odds/1/all: 404)
Skip fixture 22186 (Sofa=14038610): odds endpoint returned not found (Failed to fetch /event/14038610/odds/1/all: 404)
Skip fixture 22187 (Sofa=14038607): odds endpoint returned not found (Failed to fetch /event/14038607/odds/1/all: 404)
Skip fixture 22188 (Sofa=14038608): odds endpoint returned not found (Failed to fetch /event/14038608/odds/1/all: 404)
Skip fixture 22189 (Sofa=14038612): odds endpoint returned not found (Failed to fetch /event/14038612/odds/1/all: 404)
Skip fixture 22190 (Sofa=14038604): odds endpoint returned not found (Failed to fetch /event/14038604/odds/1/all: 404)
Skip fixture 20829 (Sofa=15581703): odds endpoint returned not found (Failed to fetch /event/15581703/odds/1/all: 404)
Log file: artifacts\logs\odds_polling_scheduler.log
Polling fixtures: 225
Inserted 0 odds snapshot rows.
Skip fixture 22185 (Sofa=14038606): odds endpoint returned not found (Failed to fetch /event/14038606/odds/1/all: 404)
Skip fixture 22186 (Sofa=14038610): odds endpoint returned not found (Failed to fetch /event/14038610/odds/1/all: 404)
Skip fixture 22187 (Sofa=14038607): odds endpoint returned not found (Failed to fetch /event/14038607/odds/1/all: 404)
Skip fixture 22188 (Sofa=14038608): odds endpoint returned not found (Failed to fetch /event/14038608/odds/1/all: 404)
Skip fixture 22189 (Sofa=14038612): odds endpoint returned not found (Failed to fetch /event/14038612/odds/1/all: 404)
Skip fixture 22190 (Sofa=14038604): odds endpoint returned not found (Failed to fetch /event/14038604/odds/1/all: 404)
Skip fixture 20829 (Sofa=15581703): odds endpoint returned not found (Failed to fetch /event/15581703/odds/1/all: 404)
Log file: artifacts\logs\odds_polling_scheduler.log
Polling fixtures: 224
Inserted 68 odds snapshot rows.
Skip fixture 22185 (Sofa=14038606): odds endpoint returned not found (Failed to fetch /event/14038606/odds/1/all: 404)
Skip fixture 22186 (Sofa=14038610): odds endpoint returned not found (Failed to fetch /event/14038610/odds/1/all: 404)
Skip fixture 22187 (Sofa=14038607): odds endpoint returned not found (Failed to fetch /event/14038607/odds/1/all: 404)
Skip fixture 22188 (Sofa=14038608): odds endpoint returned not found (Failed to fetch /event/14038608/odds/1/all: 404)
Skip fixture 22189 (Sofa=14038612): odds endpoint returned not found (Failed to fetch /event/14038612/odds/1/all: 404)
Skip fixture 22190 (Sofa=14038604): odds endpoint returned not found (Failed to fetch /event/14038604/odds/1/all: 404)
Skip fixture 20829 (Sofa=15581703): odds endpoint returned not found (Failed to fetch /event/15581703/odds/1/all: 404)
Log file: artifacts\logs\odds_polling_scheduler.log
Polling fixtures: 224
Inserted 78 odds snapshot rows.
Skip fixture 22185 (Sofa=14038606): odds endpoint returned not found (Failed to fetch /event/14038606/odds/1/all: 404)
Skip fixture 22186 (Sofa=14038610): odds endpoint returned not found (Failed to fetch /event/14038610/odds/1/all: 404)
Skip fixture 22187 (Sofa=14038607): odds endpoint returned not found (Failed to fetch /event/14038607/odds/1/all: 404)
Skip fixture 22188 (Sofa=14038608): odds endpoint returned not found (Failed to fetch /event/14038608/odds/1/all: 404)
Skip fixture 22189 (Sofa=14038612): odds endpoint returned not found (Failed to fetch /event/14038612/odds/1/all: 404)
Skip fixture 22190 (Sofa=14038604): odds endpoint returned not found (Failed to fetch /event/14038604/odds/1/all: 404)
Skip fixture 20829 (Sofa=15581703): odds endpoint returned not found (Failed to fetch /event/15581703/odds/1/all: 404)
Log file: artifacts\logs\odds_polling_scheduler.log
Polling fixtures: 224
Inserted 68 odds snapshot rows.
Skip fixture 22188 (Sofa=14038608): odds endpoint returned not found (Failed to fetch /event/14038608/odds/1/all: 404)
Skip fixture 22189 (Sofa=14038612): odds endpoint returned not found (Failed to fetch /event/14038612/odds/1/all: 404)
Skip fixture 22190 (Sofa=14038604): odds endpoint returned not found (Failed to fetch /event/14038604/odds/1/all: 404)
Odds polling failed: Page.goto: net::ERR_NETWORK_ACCESS_DENIED at https://www.sofascore.com/api/v1/event/14083591/odds/1/all
Call log:
  - navigating to "https://www.sofascore.com/api/v1/event/14083591/odds/1/all", waiting until "load"

Log file: artifacts\logs\odds_polling_scheduler.log
Polling fixtures: 186
Skip fixture 22188 (Sofa=14038608): odds endpoint returned not found (Failed to fetch /event/14038608/odds/1/all: 404)
Skip fixture 22189 (Sofa=14038612): odds endpoint returned not found (Failed to fetch /event/14038612/odds/1/all: 404)
Skip fixture 22190 (Sofa=14038604): odds endpoint returned not found (Failed to fetch /event/14038604/odds/1/all: 404)
Skip fixture 20829 (Sofa=15581703): odds endpoint returned not found (Failed to fetch /event/15581703/odds/1/all: 404)
Log file: artifacts\logs\odds_polling_scheduler.log
Polling fixtures: 184
Inserted 654 odds snapshot rows.
Skip fixture 22188 (Sofa=14038608): odds endpoint returned not found (Failed to fetch /event/14038608/odds/1/all: 404)
Skip fixture 22189 (Sofa=14038612): odds endpoint returned not found (Failed to fetch /event/14038612/odds/1/all: 404)
Skip fixture 22190 (Sofa=14038604): odds endpoint returned not found (Failed to fetch /event/14038604/odds/1/all: 404)
Skip fixture 20829 (Sofa=15581703): odds endpoint returned not found (Failed to fetch /event/15581703/odds/1/all: 404)
Log file: artifacts\logs\odds_polling_scheduler.log
Polling fixtures: 183
Inserted 1000 odds snapshot rows.
Skip fixture 22188 (Sofa=14038608): odds endpoint returned not found (Failed to fetch /event/14038608/odds/1/all: 404)
Skip fixture 22189 (Sofa=14038612): odds endpoint returned not found (Failed to fetch /event/14038612/odds/1/all: 404)
Skip fixture 22190 (Sofa=14038604): odds endpoint returned not found (Failed to fetch /event/14038604/odds/1/all: 404)
Skip fixture 20829 (Sofa=15581703): odds endpoint returned not found (Failed to fetch /event/15581703/odds/1/all: 404)
Log file: artifacts\logs\odds_polling_scheduler.log
Polling fixtures: 126
Inserted 26 odds snapshot rows.
Skip fixture 22188 (Sofa=14038608): odds endpoint returned not found (Failed to fetch /event/14038608/odds/1/all: 404)
Skip fixture 22189 (Sofa=14038612): odds endpoint returned not found (Failed to fetch /event/14038612/odds/1/all: 404)
Skip fixture 22190 (Sofa=14038604): odds endpoint returned not found (Failed to fetch /event/14038604/odds/1/all: 404)
Skip fixture 20829 (Sofa=15581703): odds endpoint returned not found (Failed to fetch /event/15581703/odds/1/all: 404)
Log file: artifacts\logs\odds_polling_scheduler.log
Polling fixtures: 125
Inserted 255 odds snapshot rows.
Skip fixture 22188 (Sofa=14038608): odds endpoint returned not found (Failed to fetch /event/14038608/odds/1/all: 404)
Skip fixture 22189 (Sofa=14038612): odds endpoint returned not found (Failed to fetch /event/14038612/odds/1/all: 404)
Skip fixture 22190 (Sofa=14038604): odds endpoint returned not found (Failed to fetch /event/14038604/odds/1/all: 404)
Skip fixture 20829 (Sofa=15581703): odds endpoint returned not found (Failed to fetch /event/15581703/odds/1/all: 404)
Log file: artifacts\logs\odds_polling_scheduler.log
Polling fixtures: 122
Inserted 79 odds snapshot rows.
Skip fixture 22188 (Sofa=14038608): odds endpoint returned not found (Failed to fetch /event/14038608/odds/1/all: 404)
Skip fixture 22189 (Sofa=14038612): odds endpoint returned not found (Failed to fetch /event/14038612/odds/1/all: 404)
Skip fixture 22190 (Sofa=14038604): odds endpoint returned not found (Failed to fetch /event/14038604/odds/1/all: 404)
Skip fixture 20829 (Sofa=15581703): odds endpoint returned not found (Failed to fetch /event/15581703/odds/1/all: 404)
Log file: artifacts\logs\odds_polling_scheduler.log
Polling fixtures: 116
Inserted 205 odds snapshot rows.
Skip fixture 22188 (Sofa=14038608): odds endpoint returned not found (Failed to fetch /event/14038608/odds/1/all: 404)
Skip fixture 22189 (Sofa=14038612): odds endpoint returned not found (Failed to fetch /event/14038612/odds/1/all: 404)
Skip fixture 22190 (Sofa=14038604): odds endpoint returned not found (Failed to fetch /event/14038604/odds/1/all: 404)
Skip fixture 20829 (Sofa=15581703): odds endpoint returned not found (Failed to fetch /event/15581703/odds/1/all: 404)
Log file: artifacts\logs\odds_polling_scheduler.log
Polling fixtures: 115
Inserted 589 odds snapshot rows.
Skip fixture 22188 (Sofa=14038608): odds endpoint returned not found (Failed to fetch /event/14038608/odds/1/all: 404)
Skip fixture 22189 (Sofa=14038612): odds endpoint returned not found (Failed to fetch /event/14038612/odds/1/all: 404)
Skip fixture 22190 (Sofa=14038604): odds endpoint returned not found (Failed to fetch /event/14038604/odds/1/all: 404)
Skip fixture 20829 (Sofa=15581703): odds endpoint returned not found (Failed to fetch /event/15581703/odds/1/all: 404)
Log file: artifacts\logs\odds_polling_scheduler.log
Polling fixtures: 110
Inserted 782 odds snapshot rows.
Skip fixture 22188 (Sofa=14038608): odds endpoint returned not found (Failed to fetch /event/14038608/odds/1/all: 404)
Skip fixture 22189 (Sofa=14038612): odds endpoint returned not found (Failed to fetch /event/14038612/odds/1/all: 404)
Skip fixture 22190 (Sofa=14038604): odds endpoint returned not found (Failed to fetch /event/14038604/odds/1/all: 404)
Skip fixture 20829 (Sofa=15581703): odds endpoint returned not found (Failed to fetch /event/15581703/odds/1/all: 404)
Skip fixture 4901 (Sofa=14317738): odds endpoint returned not found (Failed to fetch /event/14317738/odds/1/all: 404)
Log file: artifacts\logs\odds_polling_scheduler.log
Polling fixtures: 110
Inserted 91 odds snapshot rows.
Skip fixture 22188 (Sofa=14038608): odds endpoint returned not found (Failed to fetch /event/14038608/odds/1/all: 404)
Skip fixture 22189 (Sofa=14038612): odds endpoint returned not found (Failed to fetch /event/14038612/odds/1/all: 404)
Skip fixture 22190 (Sofa=14038604): odds endpoint returned not found (Failed to fetch /event/14038604/odds/1/all: 404)
Skip fixture 20829 (Sofa=15581703): odds endpoint returned not found (Failed to fetch /event/15581703/odds/1/all: 404)
Skip fixture 4901 (Sofa=14317738): odds endpoint returned not found (Failed to fetch /event/14317738/odds/1/all: 404)
Log file: artifacts\logs\odds_polling_scheduler.log
Polling fixtures: 110
Inserted 109 odds snapshot rows.
Skip fixture 22188 (Sofa=14038608): odds endpoint returned not found (Failed to fetch /event/14038608/odds/1/all: 404)
Skip fixture 22189 (Sofa=14038612): odds endpoint returned not found (Failed to fetch /event/14038612/odds/1/all: 404)
Skip fixture 22190 (Sofa=14038604): odds endpoint returned not found (Failed to fetch /event/14038604/odds/1/all: 404)
Skip fixture 20829 (Sofa=15581703): odds endpoint returned not found (Failed to fetch /event/15581703/odds/1/all: 404)
Skip fixture 4901 (Sofa=14317738): odds endpoint returned not found (Failed to fetch /event/14317738/odds/1/all: 404)
Log file: artifacts\logs\odds_polling_scheduler.log
Polling fixtures: 107
Inserted 103 odds snapshot rows.
Skip fixture 22188 (Sofa=14038608): odds endpoint returned not found (Failed to fetch /event/14038608/odds/1/all: 404)
Skip fixture 22189 (Sofa=14038612): odds endpoint returned not found (Failed to fetch /event/14038612/odds/1/all: 404)
Skip fixture 22190 (Sofa=14038604): odds endpoint returned not found (Failed to fetch /event/14038604/odds/1/all: 404)
Skip fixture 20829 (Sofa=15581703): odds endpoint returned not found (Failed to fetch /event/15581703/odds/1/all: 404)
Skip fixture 4901 (Sofa=14317738): odds endpoint returned not found (Failed to fetch /event/14317738/odds/1/all: 404)
Skip fixture 4904 (Sofa=14317740): odds endpoint returned not found (Failed to fetch /event/14317740/odds/1/all: 404)
Skip fixture 4902 (Sofa=14317731): odds endpoint returned not found (Failed to fetch /event/14317731/odds/1/all: 404)
Skip fixture 4905 (Sofa=14317736): odds endpoint returned not found (Failed to fetch /event/14317736/odds/1/all: 404)
Skip fixture 4903 (Sofa=14317741): odds endpoint returned not found (Failed to fetch /event/14317741/odds/1/all: 404)
Log file: artifacts\logs\odds_polling_scheduler.log
Polling fixtures: 109
Inserted 68 odds snapshot rows.
Skip fixture 22188 (Sofa=14038608): odds endpoint returned not found (Failed to fetch /event/14038608/odds/1/all: 404)
Skip fixture 22189 (Sofa=14038612): odds endpoint returned not found (Failed to fetch /event/14038612/odds/1/all: 404)
Skip fixture 22190 (Sofa=14038604): odds endpoint returned not found (Failed to fetch /event/14038604/odds/1/all: 404)
Skip fixture 20829 (Sofa=15581703): odds endpoint returned not found (Failed to fetch /event/15581703/odds/1/all: 404)
Skip fixture 4901 (Sofa=14317738): odds endpoint returned not found (Failed to fetch /event/14317738/odds/1/all: 404)
Skip fixture 4904 (Sofa=14317740): odds endpoint returned not found (Failed to fetch /event/14317740/odds/1/all: 404)
Skip fixture 4902 (Sofa=14317731): odds endpoint returned not found (Failed to fetch /event/14317731/odds/1/all: 404)
Skip fixture 4905 (Sofa=14317736): odds endpoint returned not found (Failed to fetch /event/14317736/odds/1/all: 404)
Skip fixture 4903 (Sofa=14317741): odds endpoint returned not found (Failed to fetch /event/14317741/odds/1/all: 404)
Log file: artifacts\logs\odds_polling_scheduler.log
Polling fixtures: 108
Inserted 77 odds snapshot rows.
Skip fixture 22188 (Sofa=14038608): odds endpoint returned not found (Failed to fetch /event/14038608/odds/1/all: 404)
Skip fixture 22189 (Sofa=14038612): odds endpoint returned not found (Failed to fetch /event/14038612/odds/1/all: 404)
Skip fixture 22190 (Sofa=14038604): odds endpoint returned not found (Failed to fetch /event/14038604/odds/1/all: 404)
Skip fixture 20829 (Sofa=15581703): odds endpoint returned not found (Failed to fetch /event/15581703/odds/1/all: 404)
Skip fixture 4901 (Sofa=14317738): odds endpoint returned not found (Failed to fetch /event/14317738/odds/1/all: 404)
Skip fixture 4905 (Sofa=14317736): odds endpoint returned not found (Failed to fetch /event/14317736/odds/1/all: 404)
Skip fixture 4903 (Sofa=14317741): odds endpoint returned not found (Failed to fetch /event/14317741/odds/1/all: 404)
Skip fixture 4904 (Sofa=14317740): odds endpoint returned not found (Failed to fetch /event/14317740/odds/1/all: 404)
Skip fixture 4902 (Sofa=14317731): odds endpoint returned not found (Failed to fetch /event/14317731/odds/1/all: 404)
Skip fixture 22441 (Sofa=15362695): odds endpoint returned not found (Failed to fetch /event/15362695/odds/1/all: 404)
Log file: artifacts\logs\odds_polling_scheduler.log
Polling fixtures: 105
Inserted 593 odds snapshot rows.
Skip fixture 22188 (Sofa=14038608): odds endpoint returned not found (Failed to fetch /event/14038608/odds/1/all: 404)
Skip fixture 22189 (Sofa=14038612): odds endpoint returned not found (Failed to fetch /event/14038612/odds/1/all: 404)
Skip fixture 22190 (Sofa=14038604): odds endpoint returned not found (Failed to fetch /event/14038604/odds/1/all: 404)
Skip fixture 20829 (Sofa=15581703): odds endpoint returned not found (Failed to fetch /event/15581703/odds/1/all: 404)
Skip fixture 4901 (Sofa=14317738): odds endpoint returned not found (Failed to fetch /event/14317738/odds/1/all: 404)
Skip fixture 4903 (Sofa=14317741): odds endpoint returned not found (Failed to fetch /event/14317741/odds/1/all: 404)
Skip fixture 4902 (Sofa=14317731): odds endpoint returned not found (Failed to fetch /event/14317731/odds/1/all: 404)
Skip fixture 4904 (Sofa=14317740): odds endpoint returned not found (Failed to fetch /event/14317740/odds/1/all: 404)
Skip fixture 4905 (Sofa=14317736): odds endpoint returned not found (Failed to fetch /event/14317736/odds/1/all: 404)
Skip fixture 22441 (Sofa=15362695): odds endpoint returned not found (Failed to fetch /event/15362695/odds/1/all: 404)
Log file: artifacts\logs\odds_polling_scheduler.log
Polling fixtures: 101
Inserted 634 odds snapshot rows.
Skip fixture 22188 (Sofa=14038608): odds endpoint returned not found (Failed to fetch /event/14038608/odds/1/all: 404)
Skip fixture 22189 (Sofa=14038612): odds endpoint returned not found (Failed to fetch /event/14038612/odds/1/all: 404)
Skip fixture 22190 (Sofa=14038604): odds endpoint returned not found (Failed to fetch /event/14038604/odds/1/all: 404)
Skip fixture 20829 (Sofa=15581703): odds endpoint returned not found (Failed to fetch /event/15581703/odds/1/all: 404)
Skip fixture 4901 (Sofa=14317738): odds endpoint returned not found (Failed to fetch /event/14317738/odds/1/all: 404)
Skip fixture 4903 (Sofa=14317741): odds endpoint returned not found (Failed to fetch /event/14317741/odds/1/all: 404)
Skip fixture 4902 (Sofa=14317731): odds endpoint returned not found (Failed to fetch /event/14317731/odds/1/all: 404)
Skip fixture 4904 (Sofa=14317740): odds endpoint returned not found (Failed to fetch /event/14317740/odds/1/all: 404)
Skip fixture 4905 (Sofa=14317736): odds endpoint returned not found (Failed to fetch /event/14317736/odds/1/all: 404)
Skip fixture 22441 (Sofa=15362695): odds endpoint returned not found (Failed to fetch /event/15362695/odds/1/all: 404)
Log file: artifacts\logs\odds_polling_scheduler.log
Polling fixtures: 101
Inserted 13 odds snapshot rows.
Skip fixture 22188 (Sofa=14038608): odds endpoint returned not found (Failed to fetch /event/14038608/odds/1/all: 404)
Skip fixture 22189 (Sofa=14038612): odds endpoint returned not found (Failed to fetch /event/14038612/odds/1/all: 404)
Skip fixture 22190 (Sofa=14038604): odds endpoint returned not found (Failed to fetch /event/14038604/odds/1/all: 404)
Skip fixture 20829 (Sofa=15581703): odds endpoint returned not found (Failed to fetch /event/15581703/odds/1/all: 404)
Skip fixture 4901 (Sofa=14317738): odds endpoint returned not found (Failed to fetch /event/14317738/odds/1/all: 404)
Skip fixture 4904 (Sofa=14317740): odds endpoint returned not found (Failed to fetch /event/14317740/odds/1/all: 404)
Skip fixture 4905 (Sofa=14317736): odds endpoint returned not found (Failed to fetch /event/14317736/odds/1/all: 404)
Skip fixture 4903 (Sofa=14317741): odds endpoint returned not found (Failed to fetch /event/14317741/odds/1/all: 404)
Skip fixture 4902 (Sofa=14317731): odds endpoint returned not found (Failed to fetch /event/14317731/odds/1/all: 404)
Skip fixture 22441 (Sofa=15362695): odds endpoint returned not found (Failed to fetch /event/15362695/odds/1/all: 404)
Skip fixture 3077 (Sofa=15538757): odds endpoint returned not found (Failed to fetch /event/15538757/odds/1/all: 404)
Skip fixture 3235 (Sofa=15573411): odds endpoint returned not found (Failed to fetch /event/15573411/odds/1/all: 404)
Skip fixture 2770 (Sofa=15489538): odds endpoint returned not found (Failed to fetch /event/15489538/odds/1/all: 404)
Log file: artifacts\logs\odds_polling_scheduler.log
Polling fixtures: 124
Inserted 248 odds snapshot rows.
Skip fixture 22188 (Sofa=14038608): odds endpoint returned not found (Failed to fetch /event/14038608/odds/1/all: 404)
Skip fixture 22189 (Sofa=14038612): odds endpoint returned not found (Failed to fetch /event/14038612/odds/1/all: 404)
Skip fixture 22190 (Sofa=14038604): odds endpoint returned not found (Failed to fetch /event/14038604/odds/1/all: 404)
Odds polling failed: Page.goto: net::ERR_NETWORK_ACCESS_DENIED at https://www.sofascore.com/api/v1/event/15581703/odds/1/all
Call log:
  - navigating to "https://www.sofascore.com/api/v1/event/15581703/odds/1/all", waiting until "load"

Log file: artifacts\logs\odds_polling_scheduler.log
Polling fixtures: 124
Skip fixture 22188 (Sofa=14038608): odds endpoint returned not found (Failed to fetch /event/14038608/odds/1/all: 404)
Skip fixture 22189 (Sofa=14038612): odds endpoint returned not found (Failed to fetch /event/14038612/odds/1/all: 404)
Skip fixture 22190 (Sofa=14038604): odds endpoint returned not found (Failed to fetch /event/14038604/odds/1/all: 404)
Skip fixture 20829 (Sofa=15581703): odds endpoint returned not found (Failed to fetch /event/15581703/odds/1/all: 404)
Skip fixture 4901 (Sofa=14317738): odds endpoint returned not found (Failed to fetch /event/14317738/odds/1/all: 404)
Skip fixture 4904 (Sofa=14317740): odds endpoint returned not found (Failed to fetch /event/14317740/odds/1/all: 404)
Skip fixture 4903 (Sofa=14317741): odds endpoint returned not found (Failed to fetch /event/14317741/odds/1/all: 404)
Skip fixture 4905 (Sofa=14317736): odds endpoint returned not found (Failed to fetch /event/14317736/odds/1/all: 404)
Skip fixture 4902 (Sofa=14317731): odds endpoint returned not found (Failed to fetch /event/14317731/odds/1/all: 404)
Skip fixture 22441 (Sofa=15362695): odds endpoint returned not found (Failed to fetch /event/15362695/odds/1/all: 404)
Skip fixture 3077 (Sofa=15538757): odds endpoint returned not found (Failed to fetch /event/15538757/odds/1/all: 404)
Skip fixture 2770 (Sofa=15489538): odds endpoint returned not found (Failed to fetch /event/15489538/odds/1/all: 404)
Skip fixture 3235 (Sofa=15573411): odds endpoint returned not found (Failed to fetch /event/15573411/odds/1/all: 404)
Log file: artifacts\logs\odds_polling_scheduler.log
Polling fixtures: 125
Inserted 36 odds snapshot rows.
Skip fixture 22188 (Sofa=14038608): odds endpoint returned not found (Failed to fetch /event/14038608/odds/1/all: 404)
Skip fixture 22189 (Sofa=14038612): odds endpoint returned not found (Failed to fetch /event/14038612/odds/1/all: 404)
Skip fixture 22190 (Sofa=14038604): odds endpoint returned not found (Failed to fetch /event/14038604/odds/1/all: 404)
Skip fixture 20829 (Sofa=15581703): odds endpoint returned not found (Failed to fetch /event/15581703/odds/1/all: 404)
Skip fixture 4901 (Sofa=14317738): odds endpoint returned not found (Failed to fetch /event/14317738/odds/1/all: 404)
Skip fixture 4903 (Sofa=14317741): odds endpoint returned not found (Failed to fetch /event/14317741/odds/1/all: 404)
Skip fixture 4905 (Sofa=14317736): odds endpoint returned not found (Failed to fetch /event/14317736/odds/1/all: 404)
Skip fixture 4902 (Sofa=14317731): odds endpoint returned not found (Failed to fetch /event/14317731/odds/1/all: 404)
Skip fixture 4904 (Sofa=14317740): odds endpoint returned not found (Failed to fetch /event/14317740/odds/1/all: 404)
Skip fixture 22441 (Sofa=15362695): odds endpoint returned not found (Failed to fetch /event/15362695/odds/1/all: 404)
Skip fixture 2770 (Sofa=15489538): odds endpoint returned not found (Failed to fetch /event/15489538/odds/1/all: 404)
Skip fixture 3235 (Sofa=15573411): odds endpoint returned not found (Failed to fetch /event/15573411/odds/1/all: 404)
Skip fixture 3077 (Sofa=15538757): odds endpoint returned not found (Failed to fetch /event/15538757/odds/1/all: 404)
Log file: artifacts\logs\odds_polling_scheduler.log
Polling fixtures: 124
Inserted 13 odds snapshot rows.
Skip fixture 22188 (Sofa=14038608): odds endpoint returned not found (Failed to fetch /event/14038608/odds/1/all: 404)
Skip fixture 22189 (Sofa=14038612): odds endpoint returned not found (Failed to fetch /event/14038612/odds/1/all: 404)
Skip fixture 22190 (Sofa=14038604): odds endpoint returned not found (Failed to fetch /event/14038604/odds/1/all: 404)
Skip fixture 20829 (Sofa=15581703): odds endpoint returned not found (Failed to fetch /event/15581703/odds/1/all: 404)
Skip fixture 4901 (Sofa=14317738): odds endpoint returned not found (Failed to fetch /event/14317738/odds/1/all: 404)
Skip fixture 4903 (Sofa=14317741): odds endpoint returned not found (Failed to fetch /event/14317741/odds/1/all: 404)
Skip fixture 4905 (Sofa=14317736): odds endpoint returned not found (Failed to fetch /event/14317736/odds/1/all: 404)
Skip fixture 4902 (Sofa=14317731): odds endpoint returned not found (Failed to fetch /event/14317731/odds/1/all: 404)
Skip fixture 4904 (Sofa=14317740): odds endpoint returned not found (Failed to fetch /event/14317740/odds/1/all: 404)
Skip fixture 22441 (Sofa=15362695): odds endpoint returned not found (Failed to fetch /event/15362695/odds/1/all: 404)
Skip fixture 2770 (Sofa=15489538): odds endpoint returned not found (Failed to fetch /event/15489538/odds/1/all: 404)
Skip fixture 3235 (Sofa=15573411): odds endpoint returned not found (Failed to fetch /event/15573411/odds/1/all: 404)
Skip fixture 3077 (Sofa=15538757): odds endpoint returned not found (Failed to fetch /event/15538757/odds/1/all: 404)
Log file: artifacts\logs\odds_polling_scheduler.log
Polling fixtures: 124
Inserted 1134 odds snapshot rows.
Skip fixture 22188 (Sofa=14038608): odds endpoint returned not found (Failed to fetch /event/14038608/odds/1/all: 404)
Skip fixture 22189 (Sofa=14038612): odds endpoint returned not found (Failed to fetch /event/14038612/odds/1/all: 404)
Skip fixture 22190 (Sofa=14038604): odds endpoint returned not found (Failed to fetch /event/14038604/odds/1/all: 404)
Skip fixture 20829 (Sofa=15581703): odds endpoint returned not found (Failed to fetch /event/15581703/odds/1/all: 404)
Skip fixture 4901 (Sofa=14317738): odds endpoint returned not found (Failed to fetch /event/14317738/odds/1/all: 404)
Skip fixture 4903 (Sofa=14317741): odds endpoint returned not found (Failed to fetch /event/14317741/odds/1/all: 404)
Skip fixture 4905 (Sofa=14317736): odds endpoint returned not found (Failed to fetch /event/14317736/odds/1/all: 404)
Skip fixture 4902 (Sofa=14317731): odds endpoint returned not found (Failed to fetch /event/14317731/odds/1/all: 404)
Skip fixture 4904 (Sofa=14317740): odds endpoint returned not found (Failed to fetch /event/14317740/odds/1/all: 404)
Skip fixture 22441 (Sofa=15362695): odds endpoint returned not found (Failed to fetch /event/15362695/odds/1/all: 404)
Skip fixture 3235 (Sofa=15573411): odds endpoint returned not found (Failed to fetch /event/15573411/odds/1/all: 404)
Skip fixture 3077 (Sofa=15538757): odds endpoint returned not found (Failed to fetch /event/15538757/odds/1/all: 404)
Log file: artifacts\logs\odds_polling_scheduler.log
Polling fixtures: 124
Inserted 14 odds snapshot rows.
Skip fixture 22188 (Sofa=14038608): odds endpoint returned not found (Failed to fetch /event/14038608/odds/1/all: 404)
Skip fixture 22189 (Sofa=14038612): odds endpoint returned not found (Failed to fetch /event/14038612/odds/1/all: 404)
Skip fixture 22190 (Sofa=14038604): odds endpoint returned not found (Failed to fetch /event/14038604/odds/1/all: 404)
Skip fixture 20829 (Sofa=15581703): odds endpoint returned not found (Failed to fetch /event/15581703/odds/1/all: 404)
Skip fixture 4901 (Sofa=14317738): odds endpoint returned not found (Failed to fetch /event/14317738/odds/1/all: 404)
Skip fixture 4903 (Sofa=14317741): odds endpoint returned not found (Failed to fetch /event/14317741/odds/1/all: 404)
Skip fixture 4905 (Sofa=14317736): odds endpoint returned not found (Failed to fetch /event/14317736/odds/1/all: 404)
Skip fixture 4902 (Sofa=14317731): odds endpoint returned not found (Failed to fetch /event/14317731/odds/1/all: 404)
Skip fixture 4904 (Sofa=14317740): odds endpoint returned not found (Failed to fetch /event/14317740/odds/1/all: 404)
Skip fixture 22441 (Sofa=15362695): odds endpoint returned not found (Failed to fetch /event/15362695/odds/1/all: 404)
Skip fixture 3235 (Sofa=15573411): odds endpoint returned not found (Failed to fetch /event/15573411/odds/1/all: 404)
Skip fixture 3077 (Sofa=15538757): odds endpoint returned not found (Failed to fetch /event/15538757/odds/1/all: 404)
Log file: artifacts\logs\odds_polling_scheduler.log
Polling fixtures: 124
Inserted 0 odds snapshot rows.
Odds polling failed: Page.goto: net::ERR_NAME_NOT_RESOLVED at https://www.sofascore.com/api/v1/event/14038608/odds/1/all
Call log:
  - navigating to "https://www.sofascore.com/api/v1/event/14038608/odds/1/all", waiting until "load"

Log file: artifacts\logs\odds_polling_scheduler.log
Polling fixtures: 123
Odds polling failed: Page.goto: net::ERR_NAME_NOT_RESOLVED at https://www.sofascore.com/api/v1/event/14038608/odds/1/all
Call log:
  - navigating to "https://www.sofascore.com/api/v1/event/14038608/odds/1/all", waiting until "load"

Log file: artifacts\logs\odds_polling_scheduler.log
Polling fixtures: 123
Skip fixture 22188 (Sofa=14038608): odds endpoint returned not found (Failed to fetch /event/14038608/odds/1/all: 404)
Skip fixture 22189 (Sofa=14038612): odds endpoint returned not found (Failed to fetch /event/14038612/odds/1/all: 404)
Skip fixture 22190 (Sofa=14038604): odds endpoint returned not found (Failed to fetch /event/14038604/odds/1/all: 404)
Skip fixture 20829 (Sofa=15581703): odds endpoint returned not found (Failed to fetch /event/15581703/odds/1/all: 404)
Skip fixture 4901 (Sofa=14317738): odds endpoint returned not found (Failed to fetch /event/14317738/odds/1/all: 404)
Skip fixture 4902 (Sofa=14317731): odds endpoint returned not found (Failed to fetch /event/14317731/odds/1/all: 404)
Skip fixture 4904 (Sofa=14317740): odds endpoint returned not found (Failed to fetch /event/14317740/odds/1/all: 404)
Skip fixture 4905 (Sofa=14317736): odds endpoint returned not found (Failed to fetch /event/14317736/odds/1/all: 404)
Skip fixture 4903 (Sofa=14317741): odds endpoint returned not found (Failed to fetch /event/14317741/odds/1/all: 404)
Skip fixture 22441 (Sofa=15362695): odds endpoint returned not found (Failed to fetch /event/15362695/odds/1/all: 404)
Skip fixture 3235 (Sofa=15573411): odds endpoint returned not found (Failed to fetch /event/15573411/odds/1/all: 404)
Skip fixture 3077 (Sofa=15538757): odds endpoint returned not found (Failed to fetch /event/15538757/odds/1/all: 404)
Log file: artifacts\logs\odds_polling_scheduler.log
Polling fixtures: 123
Inserted 259 odds snapshot rows.
Skip fixture 22188 (Sofa=14038608): odds endpoint returned not found (Failed to fetch /event/14038608/odds/1/all: 404)
Skip fixture 22189 (Sofa=14038612): odds endpoint returned not found (Failed to fetch /event/14038612/odds/1/all: 404)
Skip fixture 22190 (Sofa=14038604): odds endpoint returned not found (Failed to fetch /event/14038604/odds/1/all: 404)
Skip fixture 20829 (Sofa=15581703): odds endpoint returned not found (Failed to fetch /event/15581703/odds/1/all: 404)
Skip fixture 4901 (Sofa=14317738): odds endpoint returned not found (Failed to fetch /event/14317738/odds/1/all: 404)
Skip fixture 4902 (Sofa=14317731): odds endpoint returned not found (Failed to fetch /event/14317731/odds/1/all: 404)
Skip fixture 4904 (Sofa=14317740): odds endpoint returned not found (Failed to fetch /event/14317740/odds/1/all: 404)
Skip fixture 4905 (Sofa=14317736): odds endpoint returned not found (Failed to fetch /event/14317736/odds/1/all: 404)
Skip fixture 4903 (Sofa=14317741): odds endpoint returned not found (Failed to fetch /event/14317741/odds/1/all: 404)
Skip fixture 22441 (Sofa=15362695): odds endpoint returned not found (Failed to fetch /event/15362695/odds/1/all: 404)
Skip fixture 3235 (Sofa=15573411): odds endpoint returned not found (Failed to fetch /event/15573411/odds/1/all: 404)
Skip fixture 3077 (Sofa=15538757): odds endpoint returned not found (Failed to fetch /event/15538757/odds/1/all: 404)
Log file: artifacts\logs\odds_polling_scheduler.log
Polling fixtures: 123
Inserted 876 odds snapshot rows.
Skip fixture 22188 (Sofa=14038608): odds endpoint returned not found (Failed to fetch /event/14038608/odds/1/all: 404)
Skip fixture 22189 (Sofa=14038612): odds endpoint returned not found (Failed to fetch /event/14038612/odds/1/all: 404)
Skip fixture 22190 (Sofa=14038604): odds endpoint returned not found (Failed to fetch /event/14038604/odds/1/all: 404)
Skip fixture 20829 (Sofa=15581703): odds endpoint returned not found (Failed to fetch /event/15581703/odds/1/all: 404)
Skip fixture 4901 (Sofa=14317738): odds endpoint returned not found (Failed to fetch /event/14317738/odds/1/all: 404)
Skip fixture 4902 (Sofa=14317731): odds endpoint returned not found (Failed to fetch /event/14317731/odds/1/all: 404)
Skip fixture 4904 (Sofa=14317740): odds endpoint returned not found (Failed to fetch /event/14317740/odds/1/all: 404)
Skip fixture 4905 (Sofa=14317736): odds endpoint returned not found (Failed to fetch /event/14317736/odds/1/all: 404)
Skip fixture 4903 (Sofa=14317741): odds endpoint returned not found (Failed to fetch /event/14317741/odds/1/all: 404)
Skip fixture 22441 (Sofa=15362695): odds endpoint returned not found (Failed to fetch /event/15362695/odds/1/all: 404)
Skip fixture 3235 (Sofa=15573411): odds endpoint returned not found (Failed to fetch /event/15573411/odds/1/all: 404)
Skip fixture 3077 (Sofa=15538757): odds endpoint returned not found (Failed to fetch /event/15538757/odds/1/all: 404)
Log file: artifacts\logs\odds_polling_scheduler.log
Polling fixtures: 123
Inserted 0 odds snapshot rows.
Skip fixture 22188 (Sofa=14038608): odds endpoint returned not found (Failed to fetch /event/14038608/odds/1/all: 404)
Skip fixture 22189 (Sofa=14038612): odds endpoint returned not found (Failed to fetch /event/14038612/odds/1/all: 404)
Skip fixture 22190 (Sofa=14038604): odds endpoint returned not found (Failed to fetch /event/14038604/odds/1/all: 404)
Skip fixture 20829 (Sofa=15581703): odds endpoint returned not found (Failed to fetch /event/15581703/odds/1/all: 404)
Skip fixture 4901 (Sofa=14317738): odds endpoint returned not found (Failed to fetch /event/14317738/odds/1/all: 404)
Skip fixture 4902 (Sofa=14317731): odds endpoint returned not found (Failed to fetch /event/14317731/odds/1/all: 404)
Skip fixture 4904 (Sofa=14317740): odds endpoint returned not found (Failed to fetch /event/14317740/odds/1/all: 404)
Skip fixture 4905 (Sofa=14317736): odds endpoint returned not found (Failed to fetch /event/14317736/odds/1/all: 404)
Skip fixture 4903 (Sofa=14317741): odds endpoint returned not found (Failed to fetch /event/14317741/odds/1/all: 404)
Skip fixture 22441 (Sofa=15362695): odds endpoint returned not found (Failed to fetch /event/15362695/odds/1/all: 404)
Skip fixture 3235 (Sofa=15573411): odds endpoint returned not found (Failed to fetch /event/15573411/odds/1/all: 404)
Skip fixture 3077 (Sofa=15538757): odds endpoint returned not found (Failed to fetch /event/15538757/odds/1/all: 404)
Log file: artifacts\logs\odds_polling_scheduler.log
Polling fixtures: 123
Inserted 0 odds snapshot rows.
Skip fixture 22188 (Sofa=14038608): odds endpoint returned not found (Failed to fetch /event/14038608/odds/1/all: 404)
Skip fixture 22189 (Sofa=14038612): odds endpoint returned not found (Failed to fetch /event/14038612/odds/1/all: 404)
Skip fixture 22190 (Sofa=14038604): odds endpoint returned not found (Failed to fetch /event/14038604/odds/1/all: 404)
Skip fixture 20829 (Sofa=15581703): odds endpoint returned not found (Failed to fetch /event/15581703/odds/1/all: 404)
Skip fixture 4901 (Sofa=14317738): odds endpoint returned not found (Failed to fetch /event/14317738/odds/1/all: 404)
Skip fixture 4902 (Sofa=14317731): odds endpoint returned not found (Failed to fetch /event/14317731/odds/1/all: 404)
Skip fixture 4904 (Sofa=14317740): odds endpoint returned not found (Failed to fetch /event/14317740/odds/1/all: 404)
Skip fixture 4905 (Sofa=14317736): odds endpoint returned not found (Failed to fetch /event/14317736/odds/1/all: 404)
Skip fixture 4903 (Sofa=14317741): odds endpoint returned not found (Failed to fetch /event/14317741/odds/1/all: 404)
Skip fixture 22441 (Sofa=15362695): odds endpoint returned not found (Failed to fetch /event/15362695/odds/1/all: 404)
Skip fixture 3235 (Sofa=15573411): odds endpoint returned not found (Failed to fetch /event/15573411/odds/1/all: 404)
Skip fixture 3077 (Sofa=15538757): odds endpoint returned not found (Failed to fetch /event/15538757/odds/1/all: 404)
Log file: artifacts\logs\odds_polling_scheduler.log
Polling fixtures: 123
Inserted 0 odds snapshot rows.
Skip fixture 22188 (Sofa=14038608): odds endpoint returned not found (Failed to fetch /event/14038608/odds/1/all: 404)
Skip fixture 22189 (Sofa=14038612): odds endpoint returned not found (Failed to fetch /event/14038612/odds/1/all: 404)
Skip fixture 22190 (Sofa=14038604): odds endpoint returned not found (Failed to fetch /event/14038604/odds/1/all: 404)
Skip fixture 20829 (Sofa=15581703): odds endpoint returned not found (Failed to fetch /event/15581703/odds/1/all: 404)
Skip fixture 4901 (Sofa=14317738): odds endpoint returned not found (Failed to fetch /event/14317738/odds/1/all: 404)
Skip fixture 4902 (Sofa=14317731): odds endpoint returned not found (Failed to fetch /event/14317731/odds/1/all: 404)
Skip fixture 4904 (Sofa=14317740): odds endpoint returned not found (Failed to fetch /event/14317740/odds/1/all: 404)
Skip fixture 4905 (Sofa=14317736): odds endpoint returned not found (Failed to fetch /event/14317736/odds/1/all: 404)
Skip fixture 4903 (Sofa=14317741): odds endpoint returned not found (Failed to fetch /event/14317741/odds/1/all: 404)
Skip fixture 22441 (Sofa=15362695): odds endpoint returned not found (Failed to fetch /event/15362695/odds/1/all: 404)
Skip fixture 3235 (Sofa=15573411): odds endpoint returned not found (Failed to fetch /event/15573411/odds/1/all: 404)
Skip fixture 3077 (Sofa=15538757): odds endpoint returned not found (Failed to fetch /event/15538757/odds/1/all: 404)
Log file: artifacts\logs\odds_polling_scheduler.log
Polling fixtures: 123
Inserted 259 odds snapshot rows.
Skip fixture 22188 (Sofa=14038608): odds endpoint returned not found (Failed to fetch /event/14038608/odds/1/all: 404)
Skip fixture 22189 (Sofa=14038612): odds endpoint returned not found (Failed to fetch /event/14038612/odds/1/all: 404)
Skip fixture 22190 (Sofa=14038604): odds endpoint returned not found (Failed to fetch /event/14038604/odds/1/all: 404)
Skip fixture 20829 (Sofa=15581703): odds endpoint returned not found (Failed to fetch /event/15581703/odds/1/all: 404)
Skip fixture 4901 (Sofa=14317738): odds endpoint returned not found (Failed to fetch /event/14317738/odds/1/all: 404)
Skip fixture 4902 (Sofa=14317731): odds endpoint returned not found (Failed to fetch /event/14317731/odds/1/all: 404)
Skip fixture 4904 (Sofa=14317740): odds endpoint returned not found (Failed to fetch /event/14317740/odds/1/all: 404)
Skip fixture 4905 (Sofa=14317736): odds endpoint returned not found (Failed to fetch /event/14317736/odds/1/all: 404)
Skip fixture 4903 (Sofa=14317741): odds endpoint returned not found (Failed to fetch /event/14317741/odds/1/all: 404)
Skip fixture 22441 (Sofa=15362695): odds endpoint returned not found (Failed to fetch /event/15362695/odds/1/all: 404)
Skip fixture 3235 (Sofa=15573411): odds endpoint returned not found (Failed to fetch /event/15573411/odds/1/all: 404)
Skip fixture 3077 (Sofa=15538757): odds endpoint returned not found (Failed to fetch /event/15538757/odds/1/all: 404)
Log file: artifacts\logs\odds_polling_scheduler.log
Polling fixtures: 123
Inserted 258 odds snapshot rows.
Skip fixture 22188 (Sofa=14038608): odds endpoint returned not found (Failed to fetch /event/14038608/odds/1/all: 404)
Skip fixture 22189 (Sofa=14038612): odds endpoint returned not found (Failed to fetch /event/14038612/odds/1/all: 404)
Skip fixture 22190 (Sofa=14038604): odds endpoint returned not found (Failed to fetch /event/14038604/odds/1/all: 404)
Skip fixture 20829 (Sofa=15581703): odds endpoint returned not found (Failed to fetch /event/15581703/odds/1/all: 404)
Skip fixture 4901 (Sofa=14317738): odds endpoint returned not found (Failed to fetch /event/14317738/odds/1/all: 404)
Skip fixture 4902 (Sofa=14317731): odds endpoint returned not found (Failed to fetch /event/14317731/odds/1/all: 404)
Skip fixture 4904 (Sofa=14317740): odds endpoint returned not found (Failed to fetch /event/14317740/odds/1/all: 404)
Skip fixture 4905 (Sofa=14317736): odds endpoint returned not found (Failed to fetch /event/14317736/odds/1/all: 404)
Skip fixture 4903 (Sofa=14317741): odds endpoint returned not found (Failed to fetch /event/14317741/odds/1/all: 404)
Skip fixture 22441 (Sofa=15362695): odds endpoint returned not found (Failed to fetch /event/15362695/odds/1/all: 404)
Skip fixture 3235 (Sofa=15573411): odds endpoint returned not found (Failed to fetch /event/15573411/odds/1/all: 404)
Skip fixture 3077 (Sofa=15538757): odds endpoint returned not found (Failed to fetch /event/15538757/odds/1/all: 404)
Log file: artifacts\logs\odds_polling_scheduler.log
Polling fixtures: 123
Inserted 0 odds snapshot rows.
Skip fixture 22188 (Sofa=14038608): odds endpoint returned not found (Failed to fetch /event/14038608/odds/1/all: 404)
Skip fixture 22189 (Sofa=14038612): odds endpoint returned not found (Failed to fetch /event/14038612/odds/1/all: 404)
Skip fixture 22190 (Sofa=14038604): odds endpoint returned not found (Failed to fetch /event/14038604/odds/1/all: 404)
Skip fixture 20829 (Sofa=15581703): odds endpoint returned not found (Failed to fetch /event/15581703/odds/1/all: 404)
Skip fixture 4901 (Sofa=14317738): odds endpoint returned not found (Failed to fetch /event/14317738/odds/1/all: 404)
Skip fixture 4902 (Sofa=14317731): odds endpoint returned not found (Failed to fetch /event/14317731/odds/1/all: 404)
Skip fixture 4904 (Sofa=14317740): odds endpoint returned not found (Failed to fetch /event/14317740/odds/1/all: 404)
Skip fixture 4905 (Sofa=14317736): odds endpoint returned not found (Failed to fetch /event/14317736/odds/1/all: 404)
Skip fixture 4903 (Sofa=14317741): odds endpoint returned not found (Failed to fetch /event/14317741/odds/1/all: 404)
Skip fixture 22441 (Sofa=15362695): odds endpoint returned not found (Failed to fetch /event/15362695/odds/1/all: 404)
Skip fixture 3235 (Sofa=15573411): odds endpoint returned not found (Failed to fetch /event/15573411/odds/1/all: 404)
Skip fixture 3077 (Sofa=15538757): odds endpoint returned not found (Failed to fetch /event/15538757/odds/1/all: 404)
Log file: artifacts\logs\odds_polling_scheduler.log
Polling fixtures: 123
Inserted 904 odds snapshot rows.
Skip fixture 22188 (Sofa=14038608): odds endpoint returned not found (Failed to fetch /event/14038608/odds/1/all: 404)
Skip fixture 22189 (Sofa=14038612): odds endpoint returned not found (Failed to fetch /event/14038612/odds/1/all: 404)
Skip fixture 22190 (Sofa=14038604): odds endpoint returned not found (Failed to fetch /event/14038604/odds/1/all: 404)
Odds polling failed: Page.goto: net::ERR_CONNECTION_RESET at https://www.sofascore.com/api/v1/event/15581703/odds/1/all
Call log:
  - navigating to "https://www.sofascore.com/api/v1/event/15581703/odds/1/all", waiting until "load"

Log file: artifacts\logs\odds_polling_scheduler.log
Polling fixtures: 123
[2026-03-06T02:20:06+00:00] Odds polling scheduler start.
Skip fixture 22191 (Sofa=14038615): odds endpoint returned not found (Failed to fetch /event/14038615/odds/1/all: 404)
Skip fixture 22192 (Sofa=14038619): odds endpoint returned not found (Failed to fetch /event/14038619/odds/1/all: 404)
Skip fixture 3238 (Sofa=14035452): odds endpoint returned not found (Failed to fetch /event/14035452/odds/1/all: 404)
Skip fixture 22193 (Sofa=14167184): odds endpoint returned not found (Failed to fetch /event/14167184/odds/1/all: 404)
Skip fixture 22194 (Sofa=14038611): odds endpoint returned not found (Failed to fetch /event/14038611/odds/1/all: 404)
Skip fixture 22195 (Sofa=14038617): odds endpoint returned not found (Failed to fetch /event/14038617/odds/1/all: 404)
Skip fixture 21705 (Sofa=13981953): odds endpoint returned not found (Failed to fetch /event/13981953/odds/1/all: 404)
Skip fixture 22196 (Sofa=14038609): odds endpoint returned not found (Failed to fetch /event/14038609/odds/1/all: 404)
Log file: artifacts/logs/odds_polling_scheduler.log
Polling fixtures: 231
Inserted 0 odds snapshot rows.
[2026-03-06T02:22:17+00:00] Odds polling scheduler end rc=0.
[2026-03-06T02:40:07+00:00] Odds polling scheduler start.
Skip fixture 22191 (Sofa=14038615): odds endpoint returned not found (Failed to fetch /event/14038615/odds/1/all: 404)
Skip fixture 22192 (Sofa=14038619): odds endpoint returned not found (Failed to fetch /event/14038619/odds/1/all: 404)
Skip fixture 3238 (Sofa=14035452): odds endpoint returned not found (Failed to fetch /event/14035452/odds/1/all: 404)
Skip fixture 22193 (Sofa=14167184): odds endpoint returned not found (Failed to fetch /event/14167184/odds/1/all: 404)
Skip fixture 22194 (Sofa=14038611): odds endpoint returned not found (Failed to fetch /event/14038611/odds/1/all: 404)
Skip fixture 22195 (Sofa=14038617): odds endpoint returned not found (Failed to fetch /event/14038617/odds/1/all: 404)
Skip fixture 21705 (Sofa=13981953): odds endpoint returned not found (Failed to fetch /event/13981953/odds/1/all: 404)
Skip fixture 22196 (Sofa=14038609): odds endpoint returned not found (Failed to fetch /event/14038609/odds/1/all: 404)
Log file: artifacts/logs/odds_polling_scheduler.log
Polling fixtures: 231
Inserted 0 odds snapshot rows.
[2026-03-06T02:42:20+00:00] Odds polling scheduler end rc=0.
[2026-03-06T03:00:07+00:00] Odds polling scheduler start.
Skip fixture 22191 (Sofa=14038615): odds endpoint returned not found (Failed to fetch /event/14038615/odds/1/all: 404)
Skip fixture 22192 (Sofa=14038619): odds endpoint returned not found (Failed to fetch /event/14038619/odds/1/all: 404)
Skip fixture 3238 (Sofa=14035452): odds endpoint returned not found (Failed to fetch /event/14035452/odds/1/all: 404)
Skip fixture 22193 (Sofa=14167184): odds endpoint returned not found (Failed to fetch /event/14167184/odds/1/all: 404)
Skip fixture 22194 (Sofa=14038611): odds endpoint returned not found (Failed to fetch /event/14038611/odds/1/all: 404)
Skip fixture 22195 (Sofa=14038617): odds endpoint returned not found (Failed to fetch /event/14038617/odds/1/all: 404)
Skip fixture 21705 (Sofa=13981953): odds endpoint returned not found (Failed to fetch /event/13981953/odds/1/all: 404)
Skip fixture 22196 (Sofa=14038609): odds endpoint returned not found (Failed to fetch /event/14038609/odds/1/all: 404)
Log file: artifacts/logs/odds_polling_scheduler.log
Polling fixtures: 231
Inserted 0 odds snapshot rows.
[2026-03-06T03:02:17+00:00] Odds polling scheduler end rc=0.
[2026-03-06T03:20:07+00:00] Odds polling scheduler start.
Skip fixture 22191 (Sofa=14038615): odds endpoint returned not found (Failed to fetch /event/14038615/odds/1/all: 404)
Skip fixture 22192 (Sofa=14038619): odds endpoint returned not found (Failed to fetch /event/14038619/odds/1/all: 404)
Skip fixture 3238 (Sofa=14035452): odds endpoint returned not found (Failed to fetch /event/14035452/odds/1/all: 404)
Skip fixture 22193 (Sofa=14167184): odds endpoint returned not found (Failed to fetch /event/14167184/odds/1/all: 404)
Skip fixture 22194 (Sofa=14038611): odds endpoint returned not found (Failed to fetch /event/14038611/odds/1/all: 404)
Skip fixture 22195 (Sofa=14038617): odds endpoint returned not found (Failed to fetch /event/14038617/odds/1/all: 404)
Skip fixture 21705 (Sofa=13981953): odds endpoint returned not found (Failed to fetch /event/13981953/odds/1/all: 404)
Skip fixture 22196 (Sofa=14038609): odds endpoint returned not found (Failed to fetch /event/14038609/odds/1/all: 404)
Log file: artifacts/logs/odds_polling_scheduler.log
Polling fixtures: 231
Inserted 0 odds snapshot rows.
[2026-03-06T03:22:17+00:00] Odds polling scheduler end rc=0.
[2026-03-06T03:40:06+00:00] Odds polling scheduler start.
Skip fixture 22191 (Sofa=14038615): odds endpoint returned not found (Failed to fetch /event/14038615/odds/1/all: 404)
Skip fixture 22192 (Sofa=14038619): odds endpoint returned not found (Failed to fetch /event/14038619/odds/1/all: 404)
Skip fixture 3238 (Sofa=14035452): odds endpoint returned not found (Failed to fetch /event/14035452/odds/1/all: 404)
Skip fixture 22193 (Sofa=14167184): odds endpoint returned not found (Failed to fetch /event/14167184/odds/1/all: 404)
Skip fixture 22194 (Sofa=14038611): odds endpoint returned not found (Failed to fetch /event/14038611/odds/1/all: 404)
Skip fixture 22195 (Sofa=14038617): odds endpoint returned not found (Failed to fetch /event/14038617/odds/1/all: 404)
Skip fixture 21705 (Sofa=13981953): odds endpoint returned not found (Failed to fetch /event/13981953/odds/1/all: 404)
Skip fixture 22196 (Sofa=14038609): odds endpoint returned not found (Failed to fetch /event/14038609/odds/1/all: 404)
Log file: artifacts/logs/odds_polling_scheduler.log
Polling fixtures: 231
Inserted 0 odds snapshot rows.
[2026-03-06T03:42:17+00:00] Odds polling scheduler end rc=0.
[2026-03-06T04:00:06+00:00] Odds polling scheduler start.
Skip fixture 22191 (Sofa=14038615): odds endpoint returned not found (Failed to fetch /event/14038615/odds/1/all: 404)
Skip fixture 22192 (Sofa=14038619): odds endpoint returned not found (Failed to fetch /event/14038619/odds/1/all: 404)
Skip fixture 3238 (Sofa=14035452): odds endpoint returned not found (Failed to fetch /event/14035452/odds/1/all: 404)
Skip fixture 22193 (Sofa=14167184): odds endpoint returned not found (Failed to fetch /event/14167184/odds/1/all: 404)
Skip fixture 22194 (Sofa=14038611): odds endpoint returned not found (Failed to fetch /event/14038611/odds/1/all: 404)
Skip fixture 22195 (Sofa=14038617): odds endpoint returned not found (Failed to fetch /event/14038617/odds/1/all: 404)
Skip fixture 21705 (Sofa=13981953): odds endpoint returned not found (Failed to fetch /event/13981953/odds/1/all: 404)
Skip fixture 22196 (Sofa=14038609): odds endpoint returned not found (Failed to fetch /event/14038609/odds/1/all: 404)
Log file: artifacts/logs/odds_polling_scheduler.log
Polling fixtures: 231
Inserted 0 odds snapshot rows.
[2026-03-06T04:02:16+00:00] Odds polling scheduler end rc=0.
[2026-03-06T04:20:07+00:00] Odds polling scheduler start.
Skip fixture 22191 (Sofa=14038615): odds endpoint returned not found (Failed to fetch /event/14038615/odds/1/all: 404)
Skip fixture 22192 (Sofa=14038619): odds endpoint returned not found (Failed to fetch /event/14038619/odds/1/all: 404)
Skip fixture 3238 (Sofa=14035452): odds endpoint returned not found (Failed to fetch /event/14035452/odds/1/all: 404)
Skip fixture 22193 (Sofa=14167184): odds endpoint returned not found (Failed to fetch /event/14167184/odds/1/all: 404)
Skip fixture 22194 (Sofa=14038611): odds endpoint returned not found (Failed to fetch /event/14038611/odds/1/all: 404)
Skip fixture 22195 (Sofa=14038617): odds endpoint returned not found (Failed to fetch /event/14038617/odds/1/all: 404)
Skip fixture 21705 (Sofa=13981953): odds endpoint returned not found (Failed to fetch /event/13981953/odds/1/all: 404)
Skip fixture 22196 (Sofa=14038609): odds endpoint returned not found (Failed to fetch /event/14038609/odds/1/all: 404)
Log file: artifacts/logs/odds_polling_scheduler.log
Polling fixtures: 231
Inserted 2983 odds snapshot rows.
[2026-03-06T04:23:16+00:00] Odds polling scheduler end rc=0.
[2026-03-06T04:40:06+00:00] Odds polling scheduler start.
Skip fixture 22191 (Sofa=14038615): odds endpoint returned not found (Failed to fetch /event/14038615/odds/1/all: 404)
Skip fixture 22192 (Sofa=14038619): odds endpoint returned not found (Failed to fetch /event/14038619/odds/1/all: 404)
Skip fixture 3238 (Sofa=14035452): odds endpoint returned not found (Failed to fetch /event/14035452/odds/1/all: 404)
Skip fixture 22193 (Sofa=14167184): odds endpoint returned not found (Failed to fetch /event/14167184/odds/1/all: 404)
Skip fixture 22194 (Sofa=14038611): odds endpoint returned not found (Failed to fetch /event/14038611/odds/1/all: 404)
Skip fixture 22195 (Sofa=14038617): odds endpoint returned not found (Failed to fetch /event/14038617/odds/1/all: 404)
Skip fixture 21705 (Sofa=13981953): odds endpoint returned not found (Failed to fetch /event/13981953/odds/1/all: 404)
Skip fixture 22196 (Sofa=14038609): odds endpoint returned not found (Failed to fetch /event/14038609/odds/1/all: 404)
Log file: artifacts/logs/odds_polling_scheduler.log
Polling fixtures: 231
Inserted 0 odds snapshot rows.
[2026-03-06T04:42:16+00:00] Odds polling scheduler end rc=0.
[2026-03-06T05:00:06+00:00] Odds polling scheduler start.
Skip fixture 22191 (Sofa=14038615): odds endpoint returned not found (Failed to fetch /event/14038615/odds/1/all: 404)
Skip fixture 22192 (Sofa=14038619): odds endpoint returned not found (Failed to fetch /event/14038619/odds/1/all: 404)
Skip fixture 3238 (Sofa=14035452): odds endpoint returned not found (Failed to fetch /event/14035452/odds/1/all: 404)
Skip fixture 22193 (Sofa=14167184): odds endpoint returned not found (Failed to fetch /event/14167184/odds/1/all: 404)
Skip fixture 22194 (Sofa=14038611): odds endpoint returned not found (Failed to fetch /event/14038611/odds/1/all: 404)
Skip fixture 22195 (Sofa=14038617): odds endpoint returned not found (Failed to fetch /event/14038617/odds/1/all: 404)
Skip fixture 21705 (Sofa=13981953): odds endpoint returned not found (Failed to fetch /event/13981953/odds/1/all: 404)
Skip fixture 22196 (Sofa=14038609): odds endpoint returned not found (Failed to fetch /event/14038609/odds/1/all: 404)
Log file: artifacts/logs/odds_polling_scheduler.log
Polling fixtures: 232
Inserted 13 odds snapshot rows.
[2026-03-06T05:02:17+00:00] Odds polling scheduler end rc=0.
[2026-03-06T05:20:07+00:00] Odds polling scheduler start.
Skip fixture 22191 (Sofa=14038615): odds endpoint returned not found (Failed to fetch /event/14038615/odds/1/all: 404)
Skip fixture 22192 (Sofa=14038619): odds endpoint returned not found (Failed to fetch /event/14038619/odds/1/all: 404)
Skip fixture 3238 (Sofa=14035452): odds endpoint returned not found (Failed to fetch /event/14035452/odds/1/all: 404)
Skip fixture 22193 (Sofa=14167184): odds endpoint returned not found (Failed to fetch /event/14167184/odds/1/all: 404)
Skip fixture 22194 (Sofa=14038611): odds endpoint returned not found (Failed to fetch /event/14038611/odds/1/all: 404)
Skip fixture 22195 (Sofa=14038617): odds endpoint returned not found (Failed to fetch /event/14038617/odds/1/all: 404)
Skip fixture 21705 (Sofa=13981953): odds endpoint returned not found (Failed to fetch /event/13981953/odds/1/all: 404)
Skip fixture 22196 (Sofa=14038609): odds endpoint returned not found (Failed to fetch /event/14038609/odds/1/all: 404)
Log file: artifacts/logs/odds_polling_scheduler.log
Polling fixtures: 232
Inserted 0 odds snapshot rows.
[2026-03-06T05:22:18+00:00] Odds polling scheduler end rc=0.
[2026-03-06T05:40:07+00:00] Odds polling scheduler start.
Skip fixture 22191 (Sofa=14038615): odds endpoint returned not found (Failed to fetch /event/14038615/odds/1/all: 404)
Skip fixture 22192 (Sofa=14038619): odds endpoint returned not found (Failed to fetch /event/14038619/odds/1/all: 404)
Skip fixture 3238 (Sofa=14035452): odds endpoint returned not found (Failed to fetch /event/14035452/odds/1/all: 404)
Skip fixture 22193 (Sofa=14167184): odds endpoint returned not found (Failed to fetch /event/14167184/odds/1/all: 404)
Skip fixture 22194 (Sofa=14038611): odds endpoint returned not found (Failed to fetch /event/14038611/odds/1/all: 404)
Skip fixture 22195 (Sofa=14038617): odds endpoint returned not found (Failed to fetch /event/14038617/odds/1/all: 404)
Skip fixture 21705 (Sofa=13981953): odds endpoint returned not found (Failed to fetch /event/13981953/odds/1/all: 404)
Skip fixture 22196 (Sofa=14038609): odds endpoint returned not found (Failed to fetch /event/14038609/odds/1/all: 404)
Log file: artifacts/logs/odds_polling_scheduler.log
Polling fixtures: 232
Inserted 0 odds snapshot rows.
[2026-03-06T05:42:19+00:00] Odds polling scheduler end rc=0.
[2026-03-11T08:40:04+00:00] Odds polling scheduler start.
Log file: artifacts/logs/odds_polling_scheduler.log
Skip fixture 22199 (Sofa=14167193): odds endpoint returned not found (Failed to fetch /event/14167193/odds/1/all: 404)
Skip fixture 21430 (Sofa=15238984): odds endpoint returned not found (Failed to fetch /event/15238984/odds/1/all: 404)
Skip fixture 22200 (Sofa=14038625): odds endpoint returned not found (Failed to fetch /event/14038625/odds/1/all: 404)
Log file: artifacts\logs\odds_polling_scheduler.log
Polling fixtures: 52
Inserted 0 odds snapshot rows.
[2026-03-11T08:40:34+00:00] Odds polling scheduler end rc=0.
[2026-03-11T09:00:04+00:00] Odds polling scheduler start.
Log file: artifacts/logs/odds_polling_scheduler.log
Skip fixture 22199 (Sofa=14167193): odds endpoint returned not found (Failed to fetch /event/14167193/odds/1/all: 404)
Skip fixture 21430 (Sofa=15238984): odds endpoint returned not found (Failed to fetch /event/15238984/odds/1/all: 404)
Skip fixture 22200 (Sofa=14038625): odds endpoint returned not found (Failed to fetch /event/14038625/odds/1/all: 404)
Log file: artifacts\logs\odds_polling_scheduler.log
Polling fixtures: 53
Inserted 13 odds snapshot rows.
[2026-03-11T09:00:40+00:00] Odds polling scheduler end rc=0.
[2026-03-11T09:20:04+00:00] Odds polling scheduler start.
Log file: artifacts/logs/odds_polling_scheduler.log
Skip fixture 22199 (Sofa=14167193): odds endpoint returned not found (Failed to fetch /event/14167193/odds/1/all: 404)
Skip fixture 21430 (Sofa=15238984): odds endpoint returned not found (Failed to fetch /event/15238984/odds/1/all: 404)
Skip fixture 22200 (Sofa=14038625): odds endpoint returned not found (Failed to fetch /event/14038625/odds/1/all: 404)
Log file: artifacts\logs\odds_polling_scheduler.log
Polling fixtures: 53
Inserted 0 odds snapshot rows.
[2026-03-11T09:20:33+00:00] Odds polling scheduler end rc=0.
[2026-03-11T09:40:04+00:00] Odds polling scheduler start.
Log file: artifacts/logs/odds_polling_scheduler.log
Skip fixture 22199 (Sofa=14167193): odds endpoint returned not found (Failed to fetch /event/14167193/odds/1/all: 404)
Skip fixture 21430 (Sofa=15238984): odds endpoint returned not found (Failed to fetch /event/15238984/odds/1/all: 404)
Skip fixture 22200 (Sofa=14038625): odds endpoint returned not found (Failed to fetch /event/14038625/odds/1/all: 404)
Log file: artifacts\logs\odds_polling_scheduler.log
Polling fixtures: 53
Inserted 0 odds snapshot rows.
[2026-03-11T09:40:33+00:00] Odds polling scheduler end rc=0.
[2026-03-11T10:00:04+00:00] Odds polling scheduler start.
Log file: artifacts/logs/odds_polling_scheduler.log
Skip fixture 22199 (Sofa=14167193): odds endpoint returned not found (Failed to fetch /event/14167193/odds/1/all: 404)
Skip fixture 21430 (Sofa=15238984): odds endpoint returned not found (Failed to fetch /event/15238984/odds/1/all: 404)
Skip fixture 22200 (Sofa=14038625): odds endpoint returned not found (Failed to fetch /event/14038625/odds/1/all: 404)
Skip fixture 22201 (Sofa=14038618): odds endpoint returned not found (Failed to fetch /event/14038618/odds/1/all: 404)
Log file: artifacts\logs\odds_polling_scheduler.log
Polling fixtures: 54
Inserted 624 odds snapshot rows.
[2026-03-11T10:00:48+00:00] Odds polling scheduler end rc=0.
[2026-03-11T10:20:04+00:00] Odds polling scheduler start.
Log file: artifacts/logs/odds_polling_scheduler.log
Skip fixture 22199 (Sofa=14167193): odds endpoint returned not found (Failed to fetch /event/14167193/odds/1/all: 404)
Skip fixture 21430 (Sofa=15238984): odds endpoint returned not found (Failed to fetch /event/15238984/odds/1/all: 404)
Skip fixture 22200 (Sofa=14038625): odds endpoint returned not found (Failed to fetch /event/14038625/odds/1/all: 404)
Skip fixture 22201 (Sofa=14038618): odds endpoint returned not found (Failed to fetch /event/14038618/odds/1/all: 404)
Log file: artifacts\logs\odds_polling_scheduler.log
Polling fixtures: 54
Inserted 0 odds snapshot rows.
[2026-03-11T10:20:34+00:00] Odds polling scheduler end rc=0.
[2026-03-11T10:40:04+00:00] Odds polling scheduler start.
Log file: artifacts/logs/odds_polling_scheduler.log
Skip fixture 22199 (Sofa=14167193): odds endpoint returned not found (Failed to fetch /event/14167193/odds/1/all: 404)
Skip fixture 21430 (Sofa=15238984): odds endpoint returned not found (Failed to fetch /event/15238984/odds/1/all: 404)
Skip fixture 22200 (Sofa=14038625): odds endpoint returned not found (Failed to fetch /event/14038625/odds/1/all: 404)
Skip fixture 22201 (Sofa=14038618): odds endpoint returned not found (Failed to fetch /event/14038618/odds/1/all: 404)
Log file: artifacts\logs\odds_polling_scheduler.log
Polling fixtures: 54
Inserted 0 odds snapshot rows.
[2026-03-11T10:40:34+00:00] Odds polling scheduler end rc=0.
[2026-03-11T11:00:05+00:00] Odds polling scheduler start.
Log file: artifacts/logs/odds_polling_scheduler.log
Skip fixture 22199 (Sofa=14167193): odds endpoint returned not found (Failed to fetch /event/14167193/odds/1/all: 404)
Skip fixture 21430 (Sofa=15238984): odds endpoint returned not found (Failed to fetch /event/15238984/odds/1/all: 404)
Skip fixture 22200 (Sofa=14038625): odds endpoint returned not found (Failed to fetch /event/14038625/odds/1/all: 404)
Skip fixture 22201 (Sofa=14038618): odds endpoint returned not found (Failed to fetch /event/14038618/odds/1/all: 404)
Log file: artifacts\logs\odds_polling_scheduler.log
Polling fixtures: 57
Inserted 42 odds snapshot rows.
[2026-03-11T11:00:37+00:00] Odds polling scheduler end rc=0.
[2026-03-11T11:20:05+00:00] Odds polling scheduler start.
Log file: artifacts/logs/odds_polling_scheduler.log
Skip fixture 22199 (Sofa=14167193): odds endpoint returned not found (Failed to fetch /event/14167193/odds/1/all: 404)
Skip fixture 21430 (Sofa=15238984): odds endpoint returned not found (Failed to fetch /event/15238984/odds/1/all: 404)
Skip fixture 22200 (Sofa=14038625): odds endpoint returned not found (Failed to fetch /event/14038625/odds/1/all: 404)
Skip fixture 22201 (Sofa=14038618): odds endpoint returned not found (Failed to fetch /event/14038618/odds/1/all: 404)
Log file: artifacts\logs\odds_polling_scheduler.log
Polling fixtures: 57
Inserted 13 odds snapshot rows.
[2026-03-11T11:20:41+00:00] Odds polling scheduler end rc=0.
[2026-03-11T11:40:05+00:00] Odds polling scheduler start.
Log file: artifacts/logs/odds_polling_scheduler.log
Skip fixture 22199 (Sofa=14167193): odds endpoint returned not found (Failed to fetch /event/14167193/odds/1/all: 404)
Skip fixture 21430 (Sofa=15238984): odds endpoint returned not found (Failed to fetch /event/15238984/odds/1/all: 404)
Skip fixture 22200 (Sofa=14038625): odds endpoint returned not found (Failed to fetch /event/14038625/odds/1/all: 404)
Skip fixture 22201 (Sofa=14038618): odds endpoint returned not found (Failed to fetch /event/14038618/odds/1/all: 404)
Log file: artifacts\logs\odds_polling_scheduler.log
Polling fixtures: 57
Inserted 0 odds snapshot rows.
[2026-03-11T11:40:36+00:00] Odds polling scheduler end rc=0.
[2026-03-11T12:00:05+00:00] Odds polling scheduler start.
Log file: artifacts/logs/odds_polling_scheduler.log
Skip fixture 22199 (Sofa=14167193): odds endpoint returned not found (Failed to fetch /event/14167193/odds/1/all: 404)
Skip fixture 21430 (Sofa=15238984): odds endpoint returned not found (Failed to fetch /event/15238984/odds/1/all: 404)
Skip fixture 22200 (Sofa=14038625): odds endpoint returned not found (Failed to fetch /event/14038625/odds/1/all: 404)
Skip fixture 22201 (Sofa=14038618): odds endpoint returned not found (Failed to fetch /event/14038618/odds/1/all: 404)
Log file: artifacts\logs\odds_polling_scheduler.log
Polling fixtures: 59
Inserted 27 odds snapshot rows.
[2026-03-11T12:00:39+00:00] Odds polling scheduler end rc=0.
[2026-03-11T12:20:05+00:00] Odds polling scheduler start.
Log file: artifacts/logs/odds_polling_scheduler.log
Skip fixture 22199 (Sofa=14167193): odds endpoint returned not found (Failed to fetch /event/14167193/odds/1/all: 404)
Skip fixture 21430 (Sofa=15238984): odds endpoint returned not found (Failed to fetch /event/15238984/odds/1/all: 404)
Skip fixture 22200 (Sofa=14038625): odds endpoint returned not found (Failed to fetch /event/14038625/odds/1/all: 404)
Skip fixture 22201 (Sofa=14038618): odds endpoint returned not found (Failed to fetch /event/14038618/odds/1/all: 404)
Skip fixture 22202 (Sofa=14038620): odds endpoint returned not found (Failed to fetch /event/14038620/odds/1/all: 404)
Log file: artifacts\logs\odds_polling_scheduler.log
Polling fixtures: 60
Inserted 624 odds snapshot rows.
[2026-03-11T12:21:29+00:00] Odds polling scheduler end rc=0.
[2026-03-11T12:40:05+00:00] Odds polling scheduler start.
Log file: artifacts/logs/odds_polling_scheduler.log
Skip fixture 22199 (Sofa=14167193): odds endpoint returned not found (Failed to fetch /event/14167193/odds/1/all: 404)
Skip fixture 21430 (Sofa=15238984): odds endpoint returned not found (Failed to fetch /event/15238984/odds/1/all: 404)
Skip fixture 22200 (Sofa=14038625): odds endpoint returned not found (Failed to fetch /event/14038625/odds/1/all: 404)
Skip fixture 22201 (Sofa=14038618): odds endpoint returned not found (Failed to fetch /event/14038618/odds/1/all: 404)
Skip fixture 22202 (Sofa=14038620): odds endpoint returned not found (Failed to fetch /event/14038620/odds/1/all: 404)
Log file: artifacts\logs\odds_polling_scheduler.log
Polling fixtures: 69
Inserted 128 odds snapshot rows.
[2026-03-11T12:40:46+00:00] Odds polling scheduler end rc=0.
[2026-03-11T13:00:06+00:00] Odds polling scheduler start.
Log file: artifacts/logs/odds_polling_scheduler.log
Skip fixture 22199 (Sofa=14167193): odds endpoint returned not found (Failed to fetch /event/14167193/odds/1/all: 404)
Skip fixture 21430 (Sofa=15238984): odds endpoint returned not found (Failed to fetch /event/15238984/odds/1/all: 404)
Skip fixture 22200 (Sofa=14038625): odds endpoint returned not found (Failed to fetch /event/14038625/odds/1/all: 404)
Skip fixture 22201 (Sofa=14038618): odds endpoint returned not found (Failed to fetch /event/14038618/odds/1/all: 404)
Skip fixture 22202 (Sofa=14038620): odds endpoint returned not found (Failed to fetch /event/14038620/odds/1/all: 404)
Log file: artifacts\logs\odds_polling_scheduler.log
Polling fixtures: 76
Inserted 135 odds snapshot rows.
[2026-03-11T13:00:56+00:00] Odds polling scheduler end rc=0.
[2026-03-11T13:20:05+00:00] Odds polling scheduler start.
Log file: artifacts/logs/odds_polling_scheduler.log
Skip fixture 22199 (Sofa=14167193): odds endpoint returned not found (Failed to fetch /event/14167193/odds/1/all: 404)
Skip fixture 21430 (Sofa=15238984): odds endpoint returned not found (Failed to fetch /event/15238984/odds/1/all: 404)
Skip fixture 22200 (Sofa=14038625): odds endpoint returned not found (Failed to fetch /event/14038625/odds/1/all: 404)
Skip fixture 22201 (Sofa=14038618): odds endpoint returned not found (Failed to fetch /event/14038618/odds/1/all: 404)
Skip fixture 22202 (Sofa=14038620): odds endpoint returned not found (Failed to fetch /event/14038620/odds/1/all: 404)
Log file: artifacts\logs\odds_polling_scheduler.log
Polling fixtures: 76
Inserted 0 odds snapshot rows.
[2026-03-11T13:20:48+00:00] Odds polling scheduler end rc=0.
[2026-03-11T13:40:05+00:00] Odds polling scheduler start.
Log file: artifacts/logs/odds_polling_scheduler.log
Skip fixture 22199 (Sofa=14167193): odds endpoint returned not found (Failed to fetch /event/14167193/odds/1/all: 404)
Skip fixture 21430 (Sofa=15238984): odds endpoint returned not found (Failed to fetch /event/15238984/odds/1/all: 404)
Skip fixture 22200 (Sofa=14038625): odds endpoint returned not found (Failed to fetch /event/14038625/odds/1/all: 404)
Skip fixture 22201 (Sofa=14038618): odds endpoint returned not found (Failed to fetch /event/14038618/odds/1/all: 404)
Skip fixture 22202 (Sofa=14038620): odds endpoint returned not found (Failed to fetch /event/14038620/odds/1/all: 404)
Log file: artifacts\logs\odds_polling_scheduler.log
Polling fixtures: 80
Inserted 72 odds snapshot rows.
[2026-03-11T13:40:50+00:00] Odds polling scheduler end rc=0.
[2026-03-11T14:00:06+00:00] Odds polling scheduler start.
Log file: artifacts/logs/odds_polling_scheduler.log
Skip fixture 22199 (Sofa=14167193): odds endpoint returned not found (Failed to fetch /event/14167193/odds/1/all: 404)
Skip fixture 21430 (Sofa=15238984): odds endpoint returned not found (Failed to fetch /event/15238984/odds/1/all: 404)
Skip fixture 22200 (Sofa=14038625): odds endpoint returned not found (Failed to fetch /event/14038625/odds/1/all: 404)
Skip fixture 22201 (Sofa=14038618): odds endpoint returned not found (Failed to fetch /event/14038618/odds/1/all: 404)
Skip fixture 22202 (Sofa=14038620): odds endpoint returned not found (Failed to fetch /event/14038620/odds/1/all: 404)
Log file: artifacts\logs\odds_polling_scheduler.log
Polling fixtures: 81
Inserted 41 odds snapshot rows.
[2026-03-11T14:00:53+00:00] Odds polling scheduler end rc=0.
[2026-03-11T14:20:06+00:00] Odds polling scheduler start.
Log file: artifacts/logs/odds_polling_scheduler.log
Skip fixture 22199 (Sofa=14167193): odds endpoint returned not found (Failed to fetch /event/14167193/odds/1/all: 404)
Skip fixture 21430 (Sofa=15238984): odds endpoint returned not found (Failed to fetch /event/15238984/odds/1/all: 404)
Skip fixture 22200 (Sofa=14038625): odds endpoint returned not found (Failed to fetch /event/14038625/odds/1/all: 404)
Skip fixture 22201 (Sofa=14038618): odds endpoint returned not found (Failed to fetch /event/14038618/odds/1/all: 404)
Skip fixture 22202 (Sofa=14038620): odds endpoint returned not found (Failed to fetch /event/14038620/odds/1/all: 404)
Log file: artifacts\logs\odds_polling_scheduler.log
Polling fixtures: 81
Inserted 0 odds snapshot rows.
[2026-03-11T14:20:52+00:00] Odds polling scheduler end rc=0.
[2026-03-11T17:00:08+00:00] Odds polling scheduler start.
Log file: artifacts/logs/odds_polling_scheduler.log
Skip fixture 22199 (Sofa=14167193): odds endpoint returned not found (Failed to fetch /event/14167193/odds/1/all: 404)
Skip fixture 21430 (Sofa=15238984): odds endpoint returned not found (Failed to fetch /event/15238984/odds/1/all: 404)
Skip fixture 22200 (Sofa=14038625): odds endpoint returned not found (Failed to fetch /event/14038625/odds/1/all: 404)
Skip fixture 22201 (Sofa=14038618): odds endpoint returned not found (Failed to fetch /event/14038618/odds/1/all: 404)
Skip fixture 22202 (Sofa=14038620): odds endpoint returned not found (Failed to fetch /event/14038620/odds/1/all: 404)
Skip fixture 22203 (Sofa=14038623): odds endpoint returned not found (Failed to fetch /event/14038623/odds/1/all: 404)
Skip fixture 22605 (Sofa=15204342): odds endpoint returned not found (Failed to fetch /event/15204342/odds/1/all: 404)
Log file: artifacts\logs\odds_polling_scheduler.log
Polling fixtures: 149
Inserted 1905 odds snapshot rows.
[2026-03-11T17:02:12+00:00] Odds polling scheduler end rc=0.
[2026-03-11T17:20:07+00:00] Odds polling scheduler start.
Log file: artifacts/logs/odds_polling_scheduler.log
Skip fixture 22199 (Sofa=14167193): odds endpoint returned not found (Failed to fetch /event/14167193/odds/1/all: 404)
Skip fixture 21430 (Sofa=15238984): odds endpoint returned not found (Failed to fetch /event/15238984/odds/1/all: 404)
Skip fixture 22200 (Sofa=14038625): odds endpoint returned not found (Failed to fetch /event/14038625/odds/1/all: 404)
Skip fixture 22201 (Sofa=14038618): odds endpoint returned not found (Failed to fetch /event/14038618/odds/1/all: 404)
Skip fixture 22202 (Sofa=14038620): odds endpoint returned not found (Failed to fetch /event/14038620/odds/1/all: 404)
Skip fixture 22203 (Sofa=14038623): odds endpoint returned not found (Failed to fetch /event/14038623/odds/1/all: 404)
Skip fixture 22605 (Sofa=15204342): odds endpoint returned not found (Failed to fetch /event/15204342/odds/1/all: 404)
Log file: artifacts\logs\odds_polling_scheduler.log
Polling fixtures: 149
Inserted 0 odds snapshot rows.
[2026-03-11T17:21:31+00:00] Odds polling scheduler end rc=0.
[2026-03-11T17:40:08+00:00] Odds polling scheduler start.
Log file: artifacts/logs/odds_polling_scheduler.log
Skip fixture 22199 (Sofa=14167193): odds endpoint returned not found (Failed to fetch /event/14167193/odds/1/all: 404)
Skip fixture 21430 (Sofa=15238984): odds endpoint returned not found (Failed to fetch /event/15238984/odds/1/all: 404)
Skip fixture 22200 (Sofa=14038625): odds endpoint returned not found (Failed to fetch /event/14038625/odds/1/all: 404)
Skip fixture 22201 (Sofa=14038618): odds endpoint returned not found (Failed to fetch /event/14038618/odds/1/all: 404)
Skip fixture 22202 (Sofa=14038620): odds endpoint returned not found (Failed to fetch /event/14038620/odds/1/all: 404)
Skip fixture 22203 (Sofa=14038623): odds endpoint returned not found (Failed to fetch /event/14038623/odds/1/all: 404)
Skip fixture 22605 (Sofa=15204342): odds endpoint returned not found (Failed to fetch /event/15204342/odds/1/all: 404)
Log file: artifacts\logs\odds_polling_scheduler.log
Polling fixtures: 154
Inserted 155 odds snapshot rows.
[2026-03-11T17:41:35+00:00] Odds polling scheduler end rc=0.
[2026-03-11T18:00:04+00:00] Odds polling scheduler start.
Log file: artifacts/logs/odds_polling_scheduler.log
Skip fixture 22199 (Sofa=14167193): odds endpoint returned not found (Failed to fetch /event/14167193/odds/1/all: 404)
Skip fixture 21430 (Sofa=15238984): odds endpoint returned not found (Failed to fetch /event/15238984/odds/1/all: 404)
Skip fixture 22200 (Sofa=14038625): odds endpoint returned not found (Failed to fetch /event/14038625/odds/1/all: 404)
Skip fixture 22201 (Sofa=14038618): odds endpoint returned not found (Failed to fetch /event/14038618/odds/1/all: 404)
Skip fixture 22202 (Sofa=14038620): odds endpoint returned not found (Failed to fetch /event/14038620/odds/1/all: 404)
Skip fixture 22203 (Sofa=14038623): odds endpoint returned not found (Failed to fetch /event/14038623/odds/1/all: 404)
Skip fixture 22605 (Sofa=15204342): odds endpoint returned not found (Failed to fetch /event/15204342/odds/1/all: 404)
Log file: artifacts\logs\odds_polling_scheduler.log
Polling fixtures: 156
Inserted 29 odds snapshot rows.
[2026-03-11T18:01:31+00:00] Odds polling scheduler end rc=0.
[2026-03-11T18:20:08+00:00] Odds polling scheduler start.
Log file: artifacts/logs/odds_polling_scheduler.log
Skip fixture 22199 (Sofa=14167193): odds endpoint returned not found (Failed to fetch /event/14167193/odds/1/all: 404)
Skip fixture 21430 (Sofa=15238984): odds endpoint returned not found (Failed to fetch /event/15238984/odds/1/all: 404)
Skip fixture 22200 (Sofa=14038625): odds endpoint returned not found (Failed to fetch /event/14038625/odds/1/all: 404)
Skip fixture 22201 (Sofa=14038618): odds endpoint returned not found (Failed to fetch /event/14038618/odds/1/all: 404)
Skip fixture 22202 (Sofa=14038620): odds endpoint returned not found (Failed to fetch /event/14038620/odds/1/all: 404)
Skip fixture 22203 (Sofa=14038623): odds endpoint returned not found (Failed to fetch /event/14038623/odds/1/all: 404)
Log file: artifacts\logs\odds_polling_scheduler.log
Polling fixtures: 157
Inserted 101 odds snapshot rows.
[2026-03-11T18:21:40+00:00] Odds polling scheduler end rc=0.
[2026-03-11T18:40:07+00:00] Odds polling scheduler start.
Log file: artifacts/logs/odds_polling_scheduler.log
Skip fixture 22199 (Sofa=14167193): odds endpoint returned not found (Failed to fetch /event/14167193/odds/1/all: 404)
Skip fixture 21430 (Sofa=15238984): odds endpoint returned not found (Failed to fetch /event/15238984/odds/1/all: 404)
Skip fixture 22200 (Sofa=14038625): odds endpoint returned not found (Failed to fetch /event/14038625/odds/1/all: 404)
Skip fixture 22201 (Sofa=14038618): odds endpoint returned not found (Failed to fetch /event/14038618/odds/1/all: 404)
Skip fixture 22202 (Sofa=14038620): odds endpoint returned not found (Failed to fetch /event/14038620/odds/1/all: 404)
Skip fixture 22203 (Sofa=14038623): odds endpoint returned not found (Failed to fetch /event/14038623/odds/1/all: 404)
Log file: artifacts\logs\odds_polling_scheduler.log
Polling fixtures: 159
Inserted 28 odds snapshot rows.
[2026-03-11T18:41:36+00:00] Odds polling scheduler end rc=0.
[2026-03-11T19:00:08+00:00] Odds polling scheduler start.
Log file: artifacts/logs/odds_polling_scheduler.log
Skip fixture 22199 (Sofa=14167193): odds endpoint returned not found (Failed to fetch /event/14167193/odds/1/all: 404)
Skip fixture 21430 (Sofa=15238984): odds endpoint returned not found (Failed to fetch /event/15238984/odds/1/all: 404)
Skip fixture 22200 (Sofa=14038625): odds endpoint returned not found (Failed to fetch /event/14038625/odds/1/all: 404)
Skip fixture 22201 (Sofa=14038618): odds endpoint returned not found (Failed to fetch /event/14038618/odds/1/all: 404)
Skip fixture 22202 (Sofa=14038620): odds endpoint returned not found (Failed to fetch /event/14038620/odds/1/all: 404)
Skip fixture 22203 (Sofa=14038623): odds endpoint returned not found (Failed to fetch /event/14038623/odds/1/all: 404)
Log file: artifacts\logs\odds_polling_scheduler.log
Polling fixtures: 161
Inserted 1854 odds snapshot rows.
[2026-03-11T19:02:31+00:00] Odds polling scheduler end rc=0.
[2026-03-11T19:20:08+00:00] Odds polling scheduler start.
Log file: artifacts/logs/odds_polling_scheduler.log
Skip fixture 22199 (Sofa=14167193): odds endpoint returned not found (Failed to fetch /event/14167193/odds/1/all: 404)
Skip fixture 21430 (Sofa=15238984): odds endpoint returned not found (Failed to fetch /event/15238984/odds/1/all: 404)
Skip fixture 22200 (Sofa=14038625): odds endpoint returned not found (Failed to fetch /event/14038625/odds/1/all: 404)
Skip fixture 22201 (Sofa=14038618): odds endpoint returned not found (Failed to fetch /event/14038618/odds/1/all: 404)
Skip fixture 22202 (Sofa=14038620): odds endpoint returned not found (Failed to fetch /event/14038620/odds/1/all: 404)
Skip fixture 22203 (Sofa=14038623): odds endpoint returned not found (Failed to fetch /event/14038623/odds/1/all: 404)
Log file: artifacts\logs\odds_polling_scheduler.log
Polling fixtures: 161
Inserted 81 odds snapshot rows.
[2026-03-11T19:21:39+00:00] Odds polling scheduler end rc=0.
[2026-03-11T19:40:08+00:00] Odds polling scheduler start.
Log file: artifacts/logs/odds_polling_scheduler.log
Skip fixture 22199 (Sofa=14167193): odds endpoint returned not found (Failed to fetch /event/14167193/odds/1/all: 404)
Skip fixture 21430 (Sofa=15238984): odds endpoint returned not found (Failed to fetch /event/15238984/odds/1/all: 404)
Skip fixture 22200 (Sofa=14038625): odds endpoint returned not found (Failed to fetch /event/14038625/odds/1/all: 404)
Skip fixture 22201 (Sofa=14038618): odds endpoint returned not found (Failed to fetch /event/14038618/odds/1/all: 404)
Skip fixture 22202 (Sofa=14038620): odds endpoint returned not found (Failed to fetch /event/14038620/odds/1/all: 404)
Skip fixture 22203 (Sofa=14038623): odds endpoint returned not found (Failed to fetch /event/14038623/odds/1/all: 404)
Log file: artifacts\logs\odds_polling_scheduler.log
Polling fixtures: 161
Inserted 129 odds snapshot rows.
[2026-03-11T19:41:42+00:00] Odds polling scheduler end rc=0.
[2026-03-11T20:00:07+00:00] Odds polling scheduler start.
Log file: artifacts/logs/odds_polling_scheduler.log
Skip fixture 22199 (Sofa=14167193): odds endpoint returned not found (Failed to fetch /event/14167193/odds/1/all: 404)
Skip fixture 21430 (Sofa=15238984): odds endpoint returned not found (Failed to fetch /event/15238984/odds/1/all: 404)
Skip fixture 22200 (Sofa=14038625): odds endpoint returned not found (Failed to fetch /event/14038625/odds/1/all: 404)
Skip fixture 22201 (Sofa=14038618): odds endpoint returned not found (Failed to fetch /event/14038618/odds/1/all: 404)
Skip fixture 22202 (Sofa=14038620): odds endpoint returned not found (Failed to fetch /event/14038620/odds/1/all: 404)
Skip fixture 22203 (Sofa=14038623): odds endpoint returned not found (Failed to fetch /event/14038623/odds/1/all: 404)
Log file: artifacts\logs\odds_polling_scheduler.log
Polling fixtures: 157
Inserted 83 odds snapshot rows.
[2026-03-11T20:01:43+00:00] Odds polling scheduler end rc=0.
[2026-03-11T20:20:08+00:00] Odds polling scheduler start.
Log file: artifacts/logs/odds_polling_scheduler.log
Skip fixture 22199 (Sofa=14167193): odds endpoint returned not found (Failed to fetch /event/14167193/odds/1/all: 404)
Skip fixture 21430 (Sofa=15238984): odds endpoint returned not found (Failed to fetch /event/15238984/odds/1/all: 404)
Skip fixture 22200 (Sofa=14038625): odds endpoint returned not found (Failed to fetch /event/14038625/odds/1/all: 404)
Skip fixture 22201 (Sofa=14038618): odds endpoint returned not found (Failed to fetch /event/14038618/odds/1/all: 404)
Skip fixture 22202 (Sofa=14038620): odds endpoint returned not found (Failed to fetch /event/14038620/odds/1/all: 404)
Skip fixture 22203 (Sofa=14038623): odds endpoint returned not found (Failed to fetch /event/14038623/odds/1/all: 404)
Log file: artifacts\logs\odds_polling_scheduler.log
Polling fixtures: 157
Inserted 0 odds snapshot rows.
[2026-03-11T20:21:39+00:00] Odds polling scheduler end rc=0.
[2026-03-11T20:40:08+00:00] Odds polling scheduler start.
Log file: artifacts/logs/odds_polling_scheduler.log
Skip fixture 22199 (Sofa=14167193): odds endpoint returned not found (Failed to fetch /event/14167193/odds/1/all: 404)
Skip fixture 21430 (Sofa=15238984): odds endpoint returned not found (Failed to fetch /event/15238984/odds/1/all: 404)
Skip fixture 22200 (Sofa=14038625): odds endpoint returned not found (Failed to fetch /event/14038625/odds/1/all: 404)
Skip fixture 22201 (Sofa=14038618): odds endpoint returned not found (Failed to fetch /event/14038618/odds/1/all: 404)
Skip fixture 22202 (Sofa=14038620): odds endpoint returned not found (Failed to fetch /event/14038620/odds/1/all: 404)
Skip fixture 22203 (Sofa=14038623): odds endpoint returned not found (Failed to fetch /event/14038623/odds/1/all: 404)
Log file: artifacts\logs\odds_polling_scheduler.log
Polling fixtures: 157
Inserted 14 odds snapshot rows.
[2026-03-11T20:41:35+00:00] Odds polling scheduler end rc=0.
[2026-03-11T21:00:04+00:00] Odds polling scheduler start.
Log file: artifacts/logs/odds_polling_scheduler.log
Skip fixture 22199 (Sofa=14167193): odds endpoint returned not found (Failed to fetch /event/14167193/odds/1/all: 404)
Skip fixture 21430 (Sofa=15238984): odds endpoint returned not found (Failed to fetch /event/15238984/odds/1/all: 404)
Skip fixture 22200 (Sofa=14038625): odds endpoint returned not found (Failed to fetch /event/14038625/odds/1/all: 404)
Skip fixture 22201 (Sofa=14038618): odds endpoint returned not found (Failed to fetch /event/14038618/odds/1/all: 404)
Skip fixture 22202 (Sofa=14038620): odds endpoint returned not found (Failed to fetch /event/14038620/odds/1/all: 404)
Skip fixture 22203 (Sofa=14038623): odds endpoint returned not found (Failed to fetch /event/14038623/odds/1/all: 404)
Log file: artifacts\logs\odds_polling_scheduler.log
Polling fixtures: 157
Inserted 28 odds snapshot rows.
[2026-03-11T21:01:31+00:00] Odds polling scheduler end rc=0.
[2026-03-11T21:20:08+00:00] Odds polling scheduler start.
Log file: artifacts/logs/odds_polling_scheduler.log
Skip fixture 22199 (Sofa=14167193): odds endpoint returned not found (Failed to fetch /event/14167193/odds/1/all: 404)
Skip fixture 21430 (Sofa=15238984): odds endpoint returned not found (Failed to fetch /event/15238984/odds/1/all: 404)
Skip fixture 22200 (Sofa=14038625): odds endpoint returned not found (Failed to fetch /event/14038625/odds/1/all: 404)
Skip fixture 22201 (Sofa=14038618): odds endpoint returned not found (Failed to fetch /event/14038618/odds/1/all: 404)
Skip fixture 22202 (Sofa=14038620): odds endpoint returned not found (Failed to fetch /event/14038620/odds/1/all: 404)
Skip fixture 22203 (Sofa=14038623): odds endpoint returned not found (Failed to fetch /event/14038623/odds/1/all: 404)
Log file: artifacts\logs\odds_polling_scheduler.log
Polling fixtures: 157
Inserted 1850 odds snapshot rows.
[2026-03-11T21:22:32+00:00] Odds polling scheduler end rc=0.
[2026-03-11T21:40:08+00:00] Odds polling scheduler start.
Log file: artifacts/logs/odds_polling_scheduler.log
Skip fixture 22199 (Sofa=14167193): odds endpoint returned not found (Failed to fetch /event/14167193/odds/1/all: 404)
Skip fixture 21430 (Sofa=15238984): odds endpoint returned not found (Failed to fetch /event/15238984/odds/1/all: 404)
Skip fixture 22200 (Sofa=14038625): odds endpoint returned not found (Failed to fetch /event/14038625/odds/1/all: 404)
Skip fixture 22201 (Sofa=14038618): odds endpoint returned not found (Failed to fetch /event/14038618/odds/1/all: 404)
Skip fixture 22202 (Sofa=14038620): odds endpoint returned not found (Failed to fetch /event/14038620/odds/1/all: 404)
Skip fixture 22203 (Sofa=14038623): odds endpoint returned not found (Failed to fetch /event/14038623/odds/1/all: 404)
Log file: artifacts\logs\odds_polling_scheduler.log
Polling fixtures: 157
Inserted 0 odds snapshot rows.
[2026-03-11T21:41:34+00:00] Odds polling scheduler end rc=0.
[2026-03-11T22:00:08+00:00] Odds polling scheduler start.
Log file: artifacts/logs/odds_polling_scheduler.log
Skip fixture 22199 (Sofa=14167193): odds endpoint returned not found (Failed to fetch /event/14167193/odds/1/all: 404)
Skip fixture 21430 (Sofa=15238984): odds endpoint returned not found (Failed to fetch /event/15238984/odds/1/all: 404)
Skip fixture 22200 (Sofa=14038625): odds endpoint returned not found (Failed to fetch /event/14038625/odds/1/all: 404)
Skip fixture 22201 (Sofa=14038618): odds endpoint returned not found (Failed to fetch /event/14038618/odds/1/all: 404)
Skip fixture 22202 (Sofa=14038620): odds endpoint returned not found (Failed to fetch /event/14038620/odds/1/all: 404)
Skip fixture 22203 (Sofa=14038623): odds endpoint returned not found (Failed to fetch /event/14038623/odds/1/all: 404)
Log file: artifacts\logs\odds_polling_scheduler.log
Polling fixtures: 157
Inserted 58 odds snapshot rows.
[2026-03-11T22:01:38+00:00] Odds polling scheduler end rc=0.
[2026-03-11T22:20:08+00:00] Odds polling scheduler start.
Log file: artifacts/logs/odds_polling_scheduler.log
Skip fixture 22199 (Sofa=14167193): odds endpoint returned not found (Failed to fetch /event/14167193/odds/1/all: 404)
Skip fixture 21430 (Sofa=15238984): odds endpoint returned not found (Failed to fetch /event/15238984/odds/1/all: 404)
Skip fixture 22200 (Sofa=14038625): odds endpoint returned not found (Failed to fetch /event/14038625/odds/1/all: 404)
Skip fixture 22201 (Sofa=14038618): odds endpoint returned not found (Failed to fetch /event/14038618/odds/1/all: 404)
Skip fixture 22202 (Sofa=14038620): odds endpoint returned not found (Failed to fetch /event/14038620/odds/1/all: 404)
Skip fixture 22203 (Sofa=14038623): odds endpoint returned not found (Failed to fetch /event/14038623/odds/1/all: 404)
Log file: artifacts\logs\odds_polling_scheduler.log
Polling fixtures: 157
Inserted 83 odds snapshot rows.
[2026-03-11T22:21:45+00:00] Odds polling scheduler end rc=0.
[2026-03-11T22:40:07+00:00] Odds polling scheduler start.
Log file: artifacts/logs/odds_polling_scheduler.log
Skip fixture 22199 (Sofa=14167193): odds endpoint returned not found (Failed to fetch /event/14167193/odds/1/all: 404)
Skip fixture 21430 (Sofa=15238984): odds endpoint returned not found (Failed to fetch /event/15238984/odds/1/all: 404)
Skip fixture 22200 (Sofa=14038625): odds endpoint returned not found (Failed to fetch /event/14038625/odds/1/all: 404)
Skip fixture 22201 (Sofa=14038618): odds endpoint returned not found (Failed to fetch /event/14038618/odds/1/all: 404)
Skip fixture 22202 (Sofa=14038620): odds endpoint returned not found (Failed to fetch /event/14038620/odds/1/all: 404)
Skip fixture 22203 (Sofa=14038623): odds endpoint returned not found (Failed to fetch /event/14038623/odds/1/all: 404)
Log file: artifacts\logs\odds_polling_scheduler.log
Polling fixtures: 157
Inserted 11 odds snapshot rows.
[2026-03-11T22:41:37+00:00] Odds polling scheduler end rc=0.
[2026-03-11T23:00:08+00:00] Odds polling scheduler start.
Log file: artifacts/logs/odds_polling_scheduler.log
Skip fixture 22199 (Sofa=14167193): odds endpoint returned not found (Failed to fetch /event/14167193/odds/1/all: 404)
Skip fixture 21430 (Sofa=15238984): odds endpoint returned not found (Failed to fetch /event/15238984/odds/1/all: 404)
Skip fixture 22200 (Sofa=14038625): odds endpoint returned not found (Failed to fetch /event/14038625/odds/1/all: 404)
Skip fixture 22201 (Sofa=14038618): odds endpoint returned not found (Failed to fetch /event/14038618/odds/1/all: 404)
Skip fixture 22202 (Sofa=14038620): odds endpoint returned not found (Failed to fetch /event/14038620/odds/1/all: 404)
Skip fixture 22203 (Sofa=14038623): odds endpoint returned not found (Failed to fetch /event/14038623/odds/1/all: 404)
Log file: artifacts\logs\odds_polling_scheduler.log
Polling fixtures: 157
Inserted 56 odds snapshot rows.
[2026-03-11T23:01:43+00:00] Odds polling scheduler end rc=0.
[2026-03-11T23:20:07+00:00] Odds polling scheduler start.
Log file: artifacts/logs/odds_polling_scheduler.log
Skip fixture 22199 (Sofa=14167193): odds endpoint returned not found (Failed to fetch /event/14167193/odds/1/all: 404)
Skip fixture 21430 (Sofa=15238984): odds endpoint returned not found (Failed to fetch /event/15238984/odds/1/all: 404)
Skip fixture 22200 (Sofa=14038625): odds endpoint returned not found (Failed to fetch /event/14038625/odds/1/all: 404)
Skip fixture 22201 (Sofa=14038618): odds endpoint returned not found (Failed to fetch /event/14038618/odds/1/all: 404)
Skip fixture 22202 (Sofa=14038620): odds endpoint returned not found (Failed to fetch /event/14038620/odds/1/all: 404)
Skip fixture 22203 (Sofa=14038623): odds endpoint returned not found (Failed to fetch /event/14038623/odds/1/all: 404)
Log file: artifacts\logs\odds_polling_scheduler.log
Polling fixtures: 157
Inserted 10 odds snapshot rows.
[2026-03-11T23:21:36+00:00] Odds polling scheduler end rc=0.
[2026-03-11T23:40:08+00:00] Odds polling scheduler start.
Log file: artifacts/logs/odds_polling_scheduler.log
Skip fixture 22199 (Sofa=14167193): odds endpoint returned not found (Failed to fetch /event/14167193/odds/1/all: 404)
Skip fixture 21430 (Sofa=15238984): odds endpoint returned not found (Failed to fetch /event/15238984/odds/1/all: 404)
Skip fixture 22200 (Sofa=14038625): odds endpoint returned not found (Failed to fetch /event/14038625/odds/1/all: 404)
Skip fixture 22201 (Sofa=14038618): odds endpoint returned not found (Failed to fetch /event/14038618/odds/1/all: 404)
Skip fixture 22202 (Sofa=14038620): odds endpoint returned not found (Failed to fetch /event/14038620/odds/1/all: 404)
Skip fixture 22203 (Sofa=14038623): odds endpoint returned not found (Failed to fetch /event/14038623/odds/1/all: 404)
Log file: artifacts\logs\odds_polling_scheduler.log
Polling fixtures: 157
Inserted 1828 odds snapshot rows.
[2026-03-11T23:42:08+00:00] Odds polling scheduler end rc=0.
[2026-03-12T00:00:07+00:00] Odds polling scheduler start.
Log file: artifacts/logs/odds_polling_scheduler.log
Skip fixture 22199 (Sofa=14167193): odds endpoint returned not found (Failed to fetch /event/14167193/odds/1/all: 404)
Skip fixture 21430 (Sofa=15238984): odds endpoint returned not found (Failed to fetch /event/15238984/odds/1/all: 404)
Skip fixture 22200 (Sofa=14038625): odds endpoint returned not found (Failed to fetch /event/14038625/odds/1/all: 404)
Skip fixture 22201 (Sofa=14038618): odds endpoint returned not found (Failed to fetch /event/14038618/odds/1/all: 404)
Skip fixture 22202 (Sofa=14038620): odds endpoint returned not found (Failed to fetch /event/14038620/odds/1/all: 404)
Skip fixture 22203 (Sofa=14038623): odds endpoint returned not found (Failed to fetch /event/14038623/odds/1/all: 404)
Log file: artifacts\logs\odds_polling_scheduler.log
Polling fixtures: 157
Inserted 16 odds snapshot rows.
[2026-03-12T00:01:37+00:00] Odds polling scheduler end rc=0.
[2026-03-12T00:20:07+00:00] Odds polling scheduler start.
Log file: artifacts/logs/odds_polling_scheduler.log
Skip fixture 22199 (Sofa=14167193): odds endpoint returned not found (Failed to fetch /event/14167193/odds/1/all: 404)
Skip fixture 21430 (Sofa=15238984): odds endpoint returned not found (Failed to fetch /event/15238984/odds/1/all: 404)
Skip fixture 22200 (Sofa=14038625): odds endpoint returned not found (Failed to fetch /event/14038625/odds/1/all: 404)
Skip fixture 22201 (Sofa=14038618): odds endpoint returned not found (Failed to fetch /event/14038618/odds/1/all: 404)
Skip fixture 22202 (Sofa=14038620): odds endpoint returned not found (Failed to fetch /event/14038620/odds/1/all: 404)
Skip fixture 22203 (Sofa=14038623): odds endpoint returned not found (Failed to fetch /event/14038623/odds/1/all: 404)
Log file: artifacts\logs\odds_polling_scheduler.log
Polling fixtures: 157
Inserted 50 odds snapshot rows.
[2026-03-12T00:21:40+00:00] Odds polling scheduler end rc=0.
[2026-03-12T00:40:07+00:00] Odds polling scheduler start.
Log file: artifacts/logs/odds_polling_scheduler.log
Skip fixture 22199 (Sofa=14167193): odds endpoint returned not found (Failed to fetch /event/14167193/odds/1/all: 404)
Skip fixture 21430 (Sofa=15238984): odds endpoint returned not found (Failed to fetch /event/15238984/odds/1/all: 404)
Skip fixture 22200 (Sofa=14038625): odds endpoint returned not found (Failed to fetch /event/14038625/odds/1/all: 404)
Skip fixture 22201 (Sofa=14038618): odds endpoint returned not found (Failed to fetch /event/14038618/odds/1/all: 404)
Skip fixture 22202 (Sofa=14038620): odds endpoint returned not found (Failed to fetch /event/14038620/odds/1/all: 404)
Skip fixture 22203 (Sofa=14038623): odds endpoint returned not found (Failed to fetch /event/14038623/odds/1/all: 404)
Log file: artifacts\logs\odds_polling_scheduler.log
Polling fixtures: 158
Inserted 130 odds snapshot rows.
[2026-03-12T00:41:40+00:00] Odds polling scheduler end rc=0.
[2026-03-12T01:00:08+00:00] Odds polling scheduler start.
Log file: artifacts/logs/odds_polling_scheduler.log
Skip fixture 22199 (Sofa=14167193): odds endpoint returned not found (Failed to fetch /event/14167193/odds/1/all: 404)
Skip fixture 21430 (Sofa=15238984): odds endpoint returned not found (Failed to fetch /event/15238984/odds/1/all: 404)
Skip fixture 22200 (Sofa=14038625): odds endpoint returned not found (Failed to fetch /event/14038625/odds/1/all: 404)
Skip fixture 22201 (Sofa=14038618): odds endpoint returned not found (Failed to fetch /event/14038618/odds/1/all: 404)
Skip fixture 22202 (Sofa=14038620): odds endpoint returned not found (Failed to fetch /event/14038620/odds/1/all: 404)
Skip fixture 22203 (Sofa=14038623): odds endpoint returned not found (Failed to fetch /event/14038623/odds/1/all: 404)
Log file: artifacts\logs\odds_polling_scheduler.log
Polling fixtures: 156
Inserted 9 odds snapshot rows.
[2026-03-12T01:01:37+00:00] Odds polling scheduler end rc=0.
[2026-03-12T01:20:08+00:00] Odds polling scheduler start.
Log file: artifacts/logs/odds_polling_scheduler.log
Skip fixture 22199 (Sofa=14167193): odds endpoint returned not found (Failed to fetch /event/14167193/odds/1/all: 404)
Skip fixture 21430 (Sofa=15238984): odds endpoint returned not found (Failed to fetch /event/15238984/odds/1/all: 404)
Skip fixture 22200 (Sofa=14038625): odds endpoint returned not found (Failed to fetch /event/14038625/odds/1/all: 404)
Skip fixture 22201 (Sofa=14038618): odds endpoint returned not found (Failed to fetch /event/14038618/odds/1/all: 404)
Skip fixture 22202 (Sofa=14038620): odds endpoint returned not found (Failed to fetch /event/14038620/odds/1/all: 404)
Skip fixture 22203 (Sofa=14038623): odds endpoint returned not found (Failed to fetch /event/14038623/odds/1/all: 404)
Log file: artifacts\logs\odds_polling_scheduler.log
Polling fixtures: 156
Inserted 59 odds snapshot rows.
[2026-03-12T01:21:40+00:00] Odds polling scheduler end rc=0.
[2026-03-12T01:40:07+00:00] Odds polling scheduler start.
Log file: artifacts/logs/odds_polling_scheduler.log
Skip fixture 22199 (Sofa=14167193): odds endpoint returned not found (Failed to fetch /event/14167193/odds/1/all: 404)
Skip fixture 21430 (Sofa=15238984): odds endpoint returned not found (Failed to fetch /event/15238984/odds/1/all: 404)
Skip fixture 22200 (Sofa=14038625): odds endpoint returned not found (Failed to fetch /event/14038625/odds/1/all: 404)
Skip fixture 22201 (Sofa=14038618): odds endpoint returned not found (Failed to fetch /event/14038618/odds/1/all: 404)
Skip fixture 22202 (Sofa=14038620): odds endpoint returned not found (Failed to fetch /event/14038620/odds/1/all: 404)
Skip fixture 22203 (Sofa=14038623): odds endpoint returned not found (Failed to fetch /event/14038623/odds/1/all: 404)
Log file: artifacts\logs\odds_polling_scheduler.log
Polling fixtures: 156
Inserted 27 odds snapshot rows.
[2026-03-12T01:41:43+00:00] Odds polling scheduler end rc=0.
[2026-03-12T02:00:04+00:00] Odds polling scheduler start.
Log file: artifacts/logs/odds_polling_scheduler.log
Skip fixture 22199 (Sofa=14167193): odds endpoint returned not found (Failed to fetch /event/14167193/odds/1/all: 404)
Skip fixture 21430 (Sofa=15238984): odds endpoint returned not found (Failed to fetch /event/15238984/odds/1/all: 404)
Skip fixture 22200 (Sofa=14038625): odds endpoint returned not found (Failed to fetch /event/14038625/odds/1/all: 404)
Skip fixture 22201 (Sofa=14038618): odds endpoint returned not found (Failed to fetch /event/14038618/odds/1/all: 404)
Skip fixture 22202 (Sofa=14038620): odds endpoint returned not found (Failed to fetch /event/14038620/odds/1/all: 404)
Skip fixture 22203 (Sofa=14038623): odds endpoint returned not found (Failed to fetch /event/14038623/odds/1/all: 404)
Log file: artifacts\logs\odds_polling_scheduler.log
Polling fixtures: 155
Inserted 1796 odds snapshot rows.
[2026-03-12T02:02:11+00:00] Odds polling scheduler end rc=0.
[2026-03-12T02:20:07+00:00] Odds polling scheduler start.
Log file: artifacts/logs/odds_polling_scheduler.log
Skip fixture 22199 (Sofa=14167193): odds endpoint returned not found (Failed to fetch /event/14167193/odds/1/all: 404)
Skip fixture 21430 (Sofa=15238984): odds endpoint returned not found (Failed to fetch /event/15238984/odds/1/all: 404)
Skip fixture 22200 (Sofa=14038625): odds endpoint returned not found (Failed to fetch /event/14038625/odds/1/all: 404)
Skip fixture 22201 (Sofa=14038618): odds endpoint returned not found (Failed to fetch /event/14038618/odds/1/all: 404)
Skip fixture 22202 (Sofa=14038620): odds endpoint returned not found (Failed to fetch /event/14038620/odds/1/all: 404)
Skip fixture 22203 (Sofa=14038623): odds endpoint returned not found (Failed to fetch /event/14038623/odds/1/all: 404)
Log file: artifacts\logs\odds_polling_scheduler.log
Polling fixtures: 155
Inserted 0 odds snapshot rows.
[2026-03-12T02:21:40+00:00] Odds polling scheduler end rc=0.
[2026-03-12T02:40:07+00:00] Odds polling scheduler start.
Log file: artifacts/logs/odds_polling_scheduler.log
Skip fixture 22199 (Sofa=14167193): odds endpoint returned not found (Failed to fetch /event/14167193/odds/1/all: 404)
Skip fixture 21430 (Sofa=15238984): odds endpoint returned not found (Failed to fetch /event/15238984/odds/1/all: 404)
Skip fixture 22200 (Sofa=14038625): odds endpoint returned not found (Failed to fetch /event/14038625/odds/1/all: 404)
Skip fixture 22201 (Sofa=14038618): odds endpoint returned not found (Failed to fetch /event/14038618/odds/1/all: 404)
Skip fixture 22202 (Sofa=14038620): odds endpoint returned not found (Failed to fetch /event/14038620/odds/1/all: 404)
Skip fixture 22203 (Sofa=14038623): odds endpoint returned not found (Failed to fetch /event/14038623/odds/1/all: 404)
Log file: artifacts\logs\odds_polling_scheduler.log
Polling fixtures: 156
Inserted 84 odds snapshot rows.
[2026-03-12T02:41:37+00:00] Odds polling scheduler end rc=0.
[2026-03-12T03:00:08+00:00] Odds polling scheduler start.
Log file: artifacts/logs/odds_polling_scheduler.log
Skip fixture 22199 (Sofa=14167193): odds endpoint returned not found (Failed to fetch /event/14167193/odds/1/all: 404)
Skip fixture 21430 (Sofa=15238984): odds endpoint returned not found (Failed to fetch /event/15238984/odds/1/all: 404)
Skip fixture 22200 (Sofa=14038625): odds endpoint returned not found (Failed to fetch /event/14038625/odds/1/all: 404)
Skip fixture 22201 (Sofa=14038618): odds endpoint returned not found (Failed to fetch /event/14038618/odds/1/all: 404)
Skip fixture 22202 (Sofa=14038620): odds endpoint returned not found (Failed to fetch /event/14038620/odds/1/all: 404)
Skip fixture 22203 (Sofa=14038623): odds endpoint returned not found (Failed to fetch /event/14038623/odds/1/all: 404)
Log file: artifacts\logs\odds_polling_scheduler.log
Polling fixtures: 156
Inserted 96 odds snapshot rows.
[2026-03-12T03:01:42+00:00] Odds polling scheduler end rc=0.
[2026-03-12T03:20:08+00:00] Odds polling scheduler start.
Log file: artifacts/logs/odds_polling_scheduler.log
Skip fixture 22199 (Sofa=14167193): odds endpoint returned not found (Failed to fetch /event/14167193/odds/1/all: 404)
Skip fixture 21430 (Sofa=15238984): odds endpoint returned not found (Failed to fetch /event/15238984/odds/1/all: 404)
Skip fixture 22200 (Sofa=14038625): odds endpoint returned not found (Failed to fetch /event/14038625/odds/1/all: 404)
Skip fixture 22201 (Sofa=14038618): odds endpoint returned not found (Failed to fetch /event/14038618/odds/1/all: 404)
Skip fixture 22202 (Sofa=14038620): odds endpoint returned not found (Failed to fetch /event/14038620/odds/1/all: 404)
Skip fixture 22203 (Sofa=14038623): odds endpoint returned not found (Failed to fetch /event/14038623/odds/1/all: 404)
Log file: artifacts\logs\odds_polling_scheduler.log
Polling fixtures: 156
Inserted 30 odds snapshot rows.
[2026-03-12T03:21:36+00:00] Odds polling scheduler end rc=0.
[2026-03-12T03:40:01+00:00] Odds polling scheduler start.
Log file: artifacts/logs/odds_polling_scheduler.log
Skip fixture 22199 (Sofa=14167193): odds endpoint returned not found (Failed to fetch /event/14167193/odds/1/all: 404)
Skip fixture 21430 (Sofa=15238984): odds endpoint returned not found (Failed to fetch /event/15238984/odds/1/all: 404)
Skip fixture 22200 (Sofa=14038625): odds endpoint returned not found (Failed to fetch /event/14038625/odds/1/all: 404)
Skip fixture 22201 (Sofa=14038618): odds endpoint returned not found (Failed to fetch /event/14038618/odds/1/all: 404)
Skip fixture 22202 (Sofa=14038620): odds endpoint returned not found (Failed to fetch /event/14038620/odds/1/all: 404)
Skip fixture 22203 (Sofa=14038623): odds endpoint returned not found (Failed to fetch /event/14038623/odds/1/all: 404)
Log file: artifacts\logs\odds_polling_scheduler.log
Polling fixtures: 154
Inserted 41 odds snapshot rows.
[2026-03-12T03:41:32+00:00] Odds polling scheduler end rc=0.
[2026-03-12T04:00:01+00:00] Odds polling scheduler start.
Log file: artifacts/logs/odds_polling_scheduler.log
Skip fixture 22199 (Sofa=14167193): odds endpoint returned not found (Failed to fetch /event/14167193/odds/1/all: 404)
Skip fixture 21430 (Sofa=15238984): odds endpoint returned not found (Failed to fetch /event/15238984/odds/1/all: 404)
Skip fixture 22200 (Sofa=14038625): odds endpoint returned not found (Failed to fetch /event/14038625/odds/1/all: 404)
Skip fixture 22201 (Sofa=14038618): odds endpoint returned not found (Failed to fetch /event/14038618/odds/1/all: 404)
Skip fixture 22202 (Sofa=14038620): odds endpoint returned not found (Failed to fetch /event/14038620/odds/1/all: 404)
Skip fixture 22203 (Sofa=14038623): odds endpoint returned not found (Failed to fetch /event/14038623/odds/1/all: 404)
Log file: artifacts\logs\odds_polling_scheduler.log
Polling fixtures: 154
Inserted 12 odds snapshot rows.
[2026-03-12T04:01:26+00:00] Odds polling scheduler end rc=0.
[2026-03-12T04:20:02+00:00] Odds polling scheduler start.
Log file: artifacts/logs/odds_polling_scheduler.log
Skip fixture 22199 (Sofa=14167193): odds endpoint returned not found (Failed to fetch /event/14167193/odds/1/all: 404)
Skip fixture 21430 (Sofa=15238984): odds endpoint returned not found (Failed to fetch /event/15238984/odds/1/all: 404)
Skip fixture 22200 (Sofa=14038625): odds endpoint returned not found (Failed to fetch /event/14038625/odds/1/all: 404)
Skip fixture 22201 (Sofa=14038618): odds endpoint returned not found (Failed to fetch /event/14038618/odds/1/all: 404)
Skip fixture 22202 (Sofa=14038620): odds endpoint returned not found (Failed to fetch /event/14038620/odds/1/all: 404)
Skip fixture 22203 (Sofa=14038623): odds endpoint returned not found (Failed to fetch /event/14038623/odds/1/all: 404)
Log file: artifacts\logs\odds_polling_scheduler.log
Polling fixtures: 154
Inserted 1780 odds snapshot rows.
[2026-03-12T04:22:05+00:00] Odds polling scheduler end rc=0.
[2026-03-12T04:40:01+00:00] Odds polling scheduler start.
Log file: artifacts/logs/odds_polling_scheduler.log
Skip fixture 22199 (Sofa=14167193): odds endpoint returned not found (Failed to fetch /event/14167193/odds/1/all: 404)
Skip fixture 21430 (Sofa=15238984): odds endpoint returned not found (Failed to fetch /event/15238984/odds/1/all: 404)
Skip fixture 22200 (Sofa=14038625): odds endpoint returned not found (Failed to fetch /event/14038625/odds/1/all: 404)
Skip fixture 22201 (Sofa=14038618): odds endpoint returned not found (Failed to fetch /event/14038618/odds/1/all: 404)
Skip fixture 22202 (Sofa=14038620): odds endpoint returned not found (Failed to fetch /event/14038620/odds/1/all: 404)
Skip fixture 22203 (Sofa=14038623): odds endpoint returned not found (Failed to fetch /event/14038623/odds/1/all: 404)
Log file: artifacts\logs\odds_polling_scheduler.log
Polling fixtures: 154
Inserted 0 odds snapshot rows.
[2026-03-12T04:41:27+00:00] Odds polling scheduler end rc=0.
[2026-03-12T05:00:01+00:00] Odds polling scheduler start.
Log file: artifacts/logs/odds_polling_scheduler.log
Skip fixture 22199 (Sofa=14167193): odds endpoint returned not found (Failed to fetch /event/14167193/odds/1/all: 404)
Skip fixture 21430 (Sofa=15238984): odds endpoint returned not found (Failed to fetch /event/15238984/odds/1/all: 404)
Skip fixture 22200 (Sofa=14038625): odds endpoint returned not found (Failed to fetch /event/14038625/odds/1/all: 404)
Skip fixture 22201 (Sofa=14038618): odds endpoint returned not found (Failed to fetch /event/14038618/odds/1/all: 404)
Skip fixture 22202 (Sofa=14038620): odds endpoint returned not found (Failed to fetch /event/14038620/odds/1/all: 404)
Skip fixture 22203 (Sofa=14038623): odds endpoint returned not found (Failed to fetch /event/14038623/odds/1/all: 404)
Log file: artifacts\logs\odds_polling_scheduler.log
Polling fixtures: 155
Inserted 70 odds snapshot rows.
[2026-03-12T05:01:37+00:00] Odds polling scheduler end rc=0.
[2026-03-12T05:20:01+00:00] Odds polling scheduler start.
Log file: artifacts/logs/odds_polling_scheduler.log
Skip fixture 22199 (Sofa=14167193): odds endpoint returned not found (Failed to fetch /event/14167193/odds/1/all: 404)
Skip fixture 21430 (Sofa=15238984): odds endpoint returned not found (Failed to fetch /event/15238984/odds/1/all: 404)
Skip fixture 22200 (Sofa=14038625): odds endpoint returned not found (Failed to fetch /event/14038625/odds/1/all: 404)
Skip fixture 22201 (Sofa=14038618): odds endpoint returned not found (Failed to fetch /event/14038618/odds/1/all: 404)
Skip fixture 22202 (Sofa=14038620): odds endpoint returned not found (Failed to fetch /event/14038620/odds/1/all: 404)
Skip fixture 22203 (Sofa=14038623): odds endpoint returned not found (Failed to fetch /event/14038623/odds/1/all: 404)
Log file: artifacts\logs\odds_polling_scheduler.log
Polling fixtures: 156
Inserted 113 odds snapshot rows.
[2026-03-12T05:21:41+00:00] Odds polling scheduler end rc=0.
[2026-03-12T05:40:01+00:00] Odds polling scheduler start.
Log file: artifacts/logs/odds_polling_scheduler.log
Skip fixture 22199 (Sofa=14167193): odds endpoint returned not found (Failed to fetch /event/14167193/odds/1/all: 404)
Skip fixture 21430 (Sofa=15238984): odds endpoint returned not found (Failed to fetch /event/15238984/odds/1/all: 404)
Skip fixture 22200 (Sofa=14038625): odds endpoint returned not found (Failed to fetch /event/14038625/odds/1/all: 404)
Skip fixture 22201 (Sofa=14038618): odds endpoint returned not found (Failed to fetch /event/14038618/odds/1/all: 404)
Skip fixture 22202 (Sofa=14038620): odds endpoint returned not found (Failed to fetch /event/14038620/odds/1/all: 404)
Skip fixture 22203 (Sofa=14038623): odds endpoint returned not found (Failed to fetch /event/14038623/odds/1/all: 404)
Log file: artifacts\logs\odds_polling_scheduler.log
Polling fixtures: 156
Inserted 41 odds snapshot rows.
[2026-03-12T05:41:39+00:00] Odds polling scheduler end rc=0.
[2026-03-12T06:00:01+00:00] Odds polling scheduler start.
Log file: artifacts/logs/odds_polling_scheduler.log
Skip fixture 22199 (Sofa=14167193): odds endpoint returned not found (Failed to fetch /event/14167193/odds/1/all: 404)
Skip fixture 21430 (Sofa=15238984): odds endpoint returned not found (Failed to fetch /event/15238984/odds/1/all: 404)
Skip fixture 22200 (Sofa=14038625): odds endpoint returned not found (Failed to fetch /event/14038625/odds/1/all: 404)
Skip fixture 22201 (Sofa=14038618): odds endpoint returned not found (Failed to fetch /event/14038618/odds/1/all: 404)
Skip fixture 22202 (Sofa=14038620): odds endpoint returned not found (Failed to fetch /event/14038620/odds/1/all: 404)
Skip fixture 22203 (Sofa=14038623): odds endpoint returned not found (Failed to fetch /event/14038623/odds/1/all: 404)
Log file: artifacts\logs\odds_polling_scheduler.log
Polling fixtures: 156
Inserted 12 odds snapshot rows.
[2026-03-12T06:01:36+00:00] Odds polling scheduler end rc=0.
[2026-03-12T06:20:01+00:00] Odds polling scheduler start.
Log file: artifacts/logs/odds_polling_scheduler.log
Skip fixture 22199 (Sofa=14167193): odds endpoint returned not found (Failed to fetch /event/14167193/odds/1/all: 404)
Skip fixture 21430 (Sofa=15238984): odds endpoint returned not found (Failed to fetch /event/15238984/odds/1/all: 404)
Skip fixture 22200 (Sofa=14038625): odds endpoint returned not found (Failed to fetch /event/14038625/odds/1/all: 404)
Skip fixture 22201 (Sofa=14038618): odds endpoint returned not found (Failed to fetch /event/14038618/odds/1/all: 404)
Skip fixture 22202 (Sofa=14038620): odds endpoint returned not found (Failed to fetch /event/14038620/odds/1/all: 404)
Skip fixture 22203 (Sofa=14038623): odds endpoint returned not found (Failed to fetch /event/14038623/odds/1/all: 404)
Log file: artifacts\logs\odds_polling_scheduler.log
Polling fixtures: 156
Inserted 0 odds snapshot rows.
[2026-03-12T06:21:30+00:00] Odds polling scheduler end rc=0.
[2026-03-12T06:40:02+00:00] Odds polling scheduler start.
Log file: artifacts/logs/odds_polling_scheduler.log
Skip fixture 22199 (Sofa=14167193): odds endpoint returned not found (Failed to fetch /event/14167193/odds/1/all: 404)
Skip fixture 21430 (Sofa=15238984): odds endpoint returned not found (Failed to fetch /event/15238984/odds/1/all: 404)
Skip fixture 22200 (Sofa=14038625): odds endpoint returned not found (Failed to fetch /event/14038625/odds/1/all: 404)
Skip fixture 22201 (Sofa=14038618): odds endpoint returned not found (Failed to fetch /event/14038618/odds/1/all: 404)
Skip fixture 22202 (Sofa=14038620): odds endpoint returned not found (Failed to fetch /event/14038620/odds/1/all: 404)
Skip fixture 22203 (Sofa=14038623): odds endpoint returned not found (Failed to fetch /event/14038623/odds/1/all: 404)
Log file: artifacts\logs\odds_polling_scheduler.log
Polling fixtures: 156
Inserted 1780 odds snapshot rows.
[2026-03-12T06:42:03+00:00] Odds polling scheduler end rc=0.
[2026-03-12T07:00:02+00:00] Odds polling scheduler start.
Log file: artifacts/logs/odds_polling_scheduler.log
Skip fixture 22199 (Sofa=14167193): odds endpoint returned not found (Failed to fetch /event/14167193/odds/1/all: 404)
Skip fixture 21430 (Sofa=15238984): odds endpoint returned not found (Failed to fetch /event/15238984/odds/1/all: 404)
Skip fixture 22200 (Sofa=14038625): odds endpoint returned not found (Failed to fetch /event/14038625/odds/1/all: 404)
Skip fixture 22201 (Sofa=14038618): odds endpoint returned not found (Failed to fetch /event/14038618/odds/1/all: 404)
Skip fixture 22202 (Sofa=14038620): odds endpoint returned not found (Failed to fetch /event/14038620/odds/1/all: 404)
Skip fixture 22203 (Sofa=14038623): odds endpoint returned not found (Failed to fetch /event/14038623/odds/1/all: 404)
Log file: artifacts\logs\odds_polling_scheduler.log
Polling fixtures: 158
Inserted 43 odds snapshot rows.
[2026-03-12T07:01:38+00:00] Odds polling scheduler end rc=0.
[2026-03-12T07:20:02+00:00] Odds polling scheduler start.
Log file: artifacts/logs/odds_polling_scheduler.log
Skip fixture 22199 (Sofa=14167193): odds endpoint returned not found (Failed to fetch /event/14167193/odds/1/all: 404)
Skip fixture 21430 (Sofa=15238984): odds endpoint returned not found (Failed to fetch /event/15238984/odds/1/all: 404)
Skip fixture 22200 (Sofa=14038625): odds endpoint returned not found (Failed to fetch /event/14038625/odds/1/all: 404)
Skip fixture 22201 (Sofa=14038618): odds endpoint returned not found (Failed to fetch /event/14038618/odds/1/all: 404)
Skip fixture 22202 (Sofa=14038620): odds endpoint returned not found (Failed to fetch /event/14038620/odds/1/all: 404)
Skip fixture 22203 (Sofa=14038623): odds endpoint returned not found (Failed to fetch /event/14038623/odds/1/all: 404)
Log file: artifacts\logs\odds_polling_scheduler.log
Polling fixtures: 158
Inserted 57 odds snapshot rows.
[2026-03-12T07:21:31+00:00] Odds polling scheduler end rc=0.
[2026-03-12T07:40:03+00:00] Odds polling scheduler start.
Log file: artifacts/logs/odds_polling_scheduler.log
Skip fixture 22199 (Sofa=14167193): odds endpoint returned not found (Failed to fetch /event/14167193/odds/1/all: 404)
Skip fixture 21430 (Sofa=15238984): odds endpoint returned not found (Failed to fetch /event/15238984/odds/1/all: 404)
Skip fixture 22200 (Sofa=14038625): odds endpoint returned not found (Failed to fetch /event/14038625/odds/1/all: 404)
Skip fixture 22201 (Sofa=14038618): odds endpoint returned not found (Failed to fetch /event/14038618/odds/1/all: 404)
Skip fixture 22202 (Sofa=14038620): odds endpoint returned not found (Failed to fetch /event/14038620/odds/1/all: 404)
Skip fixture 22203 (Sofa=14038623): odds endpoint returned not found (Failed to fetch /event/14038623/odds/1/all: 404)
Log file: artifacts\logs\odds_polling_scheduler.log
Polling fixtures: 158
Inserted 113 odds snapshot rows.
[2026-03-12T07:41:33+00:00] Odds polling scheduler end rc=0.
[2026-03-12T08:00:03+00:00] Odds polling scheduler start.
Log file: artifacts/logs/odds_polling_scheduler.log
Skip fixture 22199 (Sofa=14167193): odds endpoint returned not found (Failed to fetch /event/14167193/odds/1/all: 404)
Skip fixture 21430 (Sofa=15238984): odds endpoint returned not found (Failed to fetch /event/15238984/odds/1/all: 404)
Skip fixture 22200 (Sofa=14038625): odds endpoint returned not found (Failed to fetch /event/14038625/odds/1/all: 404)
Skip fixture 22201 (Sofa=14038618): odds endpoint returned not found (Failed to fetch /event/14038618/odds/1/all: 404)
Skip fixture 22202 (Sofa=14038620): odds endpoint returned not found (Failed to fetch /event/14038620/odds/1/all: 404)
Skip fixture 22203 (Sofa=14038623): odds endpoint returned not found (Failed to fetch /event/14038623/odds/1/all: 404)
Skip fixture 22204 (Sofa=14038624): odds endpoint returned not found (Failed to fetch /event/14038624/odds/1/all: 404)
Log file: artifacts\logs\odds_polling_scheduler.log
Polling fixtures: 159
Inserted 53 odds snapshot rows.
[2026-03-12T08:01:30+00:00] Odds polling scheduler end rc=0.
[2026-03-12T08:20:03+00:00] Odds polling scheduler start.
Log file: artifacts/logs/odds_polling_scheduler.log
Skip fixture 22199 (Sofa=14167193): odds endpoint returned not found (Failed to fetch /event/14167193/odds/1/all: 404)
Skip fixture 21430 (Sofa=15238984): odds endpoint returned not found (Failed to fetch /event/15238984/odds/1/all: 404)
Skip fixture 22200 (Sofa=14038625): odds endpoint returned not found (Failed to fetch /event/14038625/odds/1/all: 404)
Skip fixture 22201 (Sofa=14038618): odds endpoint returned not found (Failed to fetch /event/14038618/odds/1/all: 404)
Skip fixture 22202 (Sofa=14038620): odds endpoint returned not found (Failed to fetch /event/14038620/odds/1/all: 404)
Skip fixture 22203 (Sofa=14038623): odds endpoint returned not found (Failed to fetch /event/14038623/odds/1/all: 404)
Skip fixture 22204 (Sofa=14038624): odds endpoint returned not found (Failed to fetch /event/14038624/odds/1/all: 404)
Log file: artifacts\logs\odds_polling_scheduler.log
Polling fixtures: 159
Inserted 0 odds snapshot rows.
[2026-03-12T08:21:43+00:00] Odds polling scheduler end rc=0.
[2026-03-12T08:40:04+00:00] Odds polling scheduler start.
Log file: artifacts/logs/odds_polling_scheduler.log
Skip fixture 22199 (Sofa=14167193): odds endpoint returned not found (Failed to fetch /event/14167193/odds/1/all: 404)
Skip fixture 21430 (Sofa=15238984): odds endpoint returned not found (Failed to fetch /event/15238984/odds/1/all: 404)
Skip fixture 22200 (Sofa=14038625): odds endpoint returned not found (Failed to fetch /event/14038625/odds/1/all: 404)
Skip fixture 22201 (Sofa=14038618): odds endpoint returned not found (Failed to fetch /event/14038618/odds/1/all: 404)
Skip fixture 22202 (Sofa=14038620): odds endpoint returned not found (Failed to fetch /event/14038620/odds/1/all: 404)
Skip fixture 22203 (Sofa=14038623): odds endpoint returned not found (Failed to fetch /event/14038623/odds/1/all: 404)
Skip fixture 22204 (Sofa=14038624): odds endpoint returned not found (Failed to fetch /event/14038624/odds/1/all: 404)
Log file: artifacts\logs\odds_polling_scheduler.log
Polling fixtures: 159
Inserted 41 odds snapshot rows.
[2026-03-12T08:41:33+00:00] Odds polling scheduler end rc=0.
[2026-03-12T09:00:03+00:00] Odds polling scheduler start.
Log file: artifacts/logs/odds_polling_scheduler.log
Skip fixture 22199 (Sofa=14167193): odds endpoint returned not found (Failed to fetch /event/14167193/odds/1/all: 404)
Skip fixture 21430 (Sofa=15238984): odds endpoint returned not found (Failed to fetch /event/15238984/odds/1/all: 404)
Skip fixture 22200 (Sofa=14038625): odds endpoint returned not found (Failed to fetch /event/14038625/odds/1/all: 404)
Skip fixture 22201 (Sofa=14038618): odds endpoint returned not found (Failed to fetch /event/14038618/odds/1/all: 404)
Skip fixture 22202 (Sofa=14038620): odds endpoint returned not found (Failed to fetch /event/14038620/odds/1/all: 404)
Skip fixture 22203 (Sofa=14038623): odds endpoint returned not found (Failed to fetch /event/14038623/odds/1/all: 404)
Skip fixture 22204 (Sofa=14038624): odds endpoint returned not found (Failed to fetch /event/14038624/odds/1/all: 404)
Log file: artifacts\logs\odds_polling_scheduler.log
Polling fixtures: 160
Inserted 1797 odds snapshot rows.
[2026-03-12T09:02:03+00:00] Odds polling scheduler end rc=0.
[2026-03-12T09:20:04+00:00] Odds polling scheduler start.
Log file: artifacts/logs/odds_polling_scheduler.log
Skip fixture 22199 (Sofa=14167193): odds endpoint returned not found (Failed to fetch /event/14167193/odds/1/all: 404)
Skip fixture 21430 (Sofa=15238984): odds endpoint returned not found (Failed to fetch /event/15238984/odds/1/all: 404)
Skip fixture 22200 (Sofa=14038625): odds endpoint returned not found (Failed to fetch /event/14038625/odds/1/all: 404)
Skip fixture 22201 (Sofa=14038618): odds endpoint returned not found (Failed to fetch /event/14038618/odds/1/all: 404)
Skip fixture 22202 (Sofa=14038620): odds endpoint returned not found (Failed to fetch /event/14038620/odds/1/all: 404)
Skip fixture 22203 (Sofa=14038623): odds endpoint returned not found (Failed to fetch /event/14038623/odds/1/all: 404)
Skip fixture 22204 (Sofa=14038624): odds endpoint returned not found (Failed to fetch /event/14038624/odds/1/all: 404)
Log file: artifacts\logs\odds_polling_scheduler.log
Polling fixtures: 160
Inserted 57 odds snapshot rows.
[2026-03-12T09:21:36+00:00] Odds polling scheduler end rc=0.
[2026-03-12T09:40:03+00:00] Odds polling scheduler start.
Log file: artifacts/logs/odds_polling_scheduler.log
Skip fixture 22199 (Sofa=14167193): odds endpoint returned not found (Failed to fetch /event/14167193/odds/1/all: 404)
Skip fixture 21430 (Sofa=15238984): odds endpoint returned not found (Failed to fetch /event/15238984/odds/1/all: 404)
Skip fixture 22200 (Sofa=14038625): odds endpoint returned not found (Failed to fetch /event/14038625/odds/1/all: 404)
Skip fixture 22201 (Sofa=14038618): odds endpoint returned not found (Failed to fetch /event/14038618/odds/1/all: 404)
Skip fixture 22202 (Sofa=14038620): odds endpoint returned not found (Failed to fetch /event/14038620/odds/1/all: 404)
Skip fixture 22203 (Sofa=14038623): odds endpoint returned not found (Failed to fetch /event/14038623/odds/1/all: 404)
Skip fixture 22204 (Sofa=14038624): odds endpoint returned not found (Failed to fetch /event/14038624/odds/1/all: 404)
Log file: artifacts\logs\odds_polling_scheduler.log
Polling fixtures: 160
Inserted 97 odds snapshot rows.
[2026-03-12T09:41:34+00:00] Odds polling scheduler end rc=0.
[2026-03-12T10:00:04+00:00] Odds polling scheduler start.
Log file: artifacts/logs/odds_polling_scheduler.log
Skip fixture 22199 (Sofa=14167193): odds endpoint returned not found (Failed to fetch /event/14167193/odds/1/all: 404)
Skip fixture 21430 (Sofa=15238984): odds endpoint returned not found (Failed to fetch /event/15238984/odds/1/all: 404)
Skip fixture 22200 (Sofa=14038625): odds endpoint returned not found (Failed to fetch /event/14038625/odds/1/all: 404)
Skip fixture 22201 (Sofa=14038618): odds endpoint returned not found (Failed to fetch /event/14038618/odds/1/all: 404)
Skip fixture 22202 (Sofa=14038620): odds endpoint returned not found (Failed to fetch /event/14038620/odds/1/all: 404)
Skip fixture 22203 (Sofa=14038623): odds endpoint returned not found (Failed to fetch /event/14038623/odds/1/all: 404)
Skip fixture 22204 (Sofa=14038624): odds endpoint returned not found (Failed to fetch /event/14038624/odds/1/all: 404)
Log file: artifacts\logs\odds_polling_scheduler.log
Polling fixtures: 160
Inserted 57 odds snapshot rows.
[2026-03-12T10:01:34+00:00] Odds polling scheduler end rc=0.
[2026-03-12T10:20:04+00:00] Odds polling scheduler start.
Log file: artifacts/logs/odds_polling_scheduler.log
Skip fixture 22199 (Sofa=14167193): odds endpoint returned not found (Failed to fetch /event/14167193/odds/1/all: 404)
Skip fixture 21430 (Sofa=15238984): odds endpoint returned not found (Failed to fetch /event/15238984/odds/1/all: 404)
Skip fixture 22200 (Sofa=14038625): odds endpoint returned not found (Failed to fetch /event/14038625/odds/1/all: 404)
Skip fixture 22201 (Sofa=14038618): odds endpoint returned not found (Failed to fetch /event/14038618/odds/1/all: 404)
Skip fixture 22202 (Sofa=14038620): odds endpoint returned not found (Failed to fetch /event/14038620/odds/1/all: 404)
Skip fixture 22203 (Sofa=14038623): odds endpoint returned not found (Failed to fetch /event/14038623/odds/1/all: 404)
Skip fixture 22204 (Sofa=14038624): odds endpoint returned not found (Failed to fetch /event/14038624/odds/1/all: 404)
Log file: artifacts\logs\odds_polling_scheduler.log
Polling fixtures: 161
Inserted 26 odds snapshot rows.
[2026-03-12T10:21:33+00:00] Odds polling scheduler end rc=0.
[2026-03-12T10:40:04+00:00] Odds polling scheduler start.
Log file: artifacts/logs/odds_polling_scheduler.log
Skip fixture 22199 (Sofa=14167193): odds endpoint returned not found (Failed to fetch /event/14167193/odds/1/all: 404)
Skip fixture 21430 (Sofa=15238984): odds endpoint returned not found (Failed to fetch /event/15238984/odds/1/all: 404)
Skip fixture 22200 (Sofa=14038625): odds endpoint returned not found (Failed to fetch /event/14038625/odds/1/all: 404)
Skip fixture 22201 (Sofa=14038618): odds endpoint returned not found (Failed to fetch /event/14038618/odds/1/all: 404)
Skip fixture 22202 (Sofa=14038620): odds endpoint returned not found (Failed to fetch /event/14038620/odds/1/all: 404)
Skip fixture 22203 (Sofa=14038623): odds endpoint returned not found (Failed to fetch /event/14038623/odds/1/all: 404)
Skip fixture 22204 (Sofa=14038624): odds endpoint returned not found (Failed to fetch /event/14038624/odds/1/all: 404)
Skip fixture 22205 (Sofa=14038622): odds endpoint returned not found (Failed to fetch /event/14038622/odds/1/all: 404)
Log file: artifacts\logs\odds_polling_scheduler.log
Polling fixtures: 162
Inserted 41 odds snapshot rows.
[2026-03-12T10:41:36+00:00] Odds polling scheduler end rc=0.
[2026-03-12T11:00:04+00:00] Odds polling scheduler start.
Log file: artifacts/logs/odds_polling_scheduler.log
Skip fixture 22199 (Sofa=14167193): odds endpoint returned not found (Failed to fetch /event/14167193/odds/1/all: 404)
Skip fixture 21430 (Sofa=15238984): odds endpoint returned not found (Failed to fetch /event/15238984/odds/1/all: 404)
Skip fixture 22200 (Sofa=14038625): odds endpoint returned not found (Failed to fetch /event/14038625/odds/1/all: 404)
Skip fixture 22201 (Sofa=14038618): odds endpoint returned not found (Failed to fetch /event/14038618/odds/1/all: 404)
Skip fixture 22202 (Sofa=14038620): odds endpoint returned not found (Failed to fetch /event/14038620/odds/1/all: 404)
Skip fixture 22203 (Sofa=14038623): odds endpoint returned not found (Failed to fetch /event/14038623/odds/1/all: 404)
Skip fixture 22204 (Sofa=14038624): odds endpoint returned not found (Failed to fetch /event/14038624/odds/1/all: 404)
Skip fixture 22205 (Sofa=14038622): odds endpoint returned not found (Failed to fetch /event/14038622/odds/1/all: 404)
Log file: artifacts\logs\odds_polling_scheduler.log
Polling fixtures: 162
Inserted 127 odds snapshot rows.
[2026-03-12T11:01:35+00:00] Odds polling scheduler end rc=0.
[2026-03-12T11:20:05+00:00] Odds polling scheduler start.
Log file: artifacts/logs/odds_polling_scheduler.log
Skip fixture 22199 (Sofa=14167193): odds endpoint returned not found (Failed to fetch /event/14167193/odds/1/all: 404)
Skip fixture 21430 (Sofa=15238984): odds endpoint returned not found (Failed to fetch /event/15238984/odds/1/all: 404)
Skip fixture 22200 (Sofa=14038625): odds endpoint returned not found (Failed to fetch /event/14038625/odds/1/all: 404)
Skip fixture 22201 (Sofa=14038618): odds endpoint returned not found (Failed to fetch /event/14038618/odds/1/all: 404)
Skip fixture 22202 (Sofa=14038620): odds endpoint returned not found (Failed to fetch /event/14038620/odds/1/all: 404)
Skip fixture 22203 (Sofa=14038623): odds endpoint returned not found (Failed to fetch /event/14038623/odds/1/all: 404)
Skip fixture 22204 (Sofa=14038624): odds endpoint returned not found (Failed to fetch /event/14038624/odds/1/all: 404)
Skip fixture 22205 (Sofa=14038622): odds endpoint returned not found (Failed to fetch /event/14038622/odds/1/all: 404)
Log file: artifacts\logs\odds_polling_scheduler.log
Polling fixtures: 162
Inserted 1733 odds snapshot rows.
[2026-03-12T11:22:04+00:00] Odds polling scheduler end rc=0.
[2026-03-12T11:40:05+00:00] Odds polling scheduler start.
Log file: artifacts/logs/odds_polling_scheduler.log
Skip fixture 22199 (Sofa=14167193): odds endpoint returned not found (Failed to fetch /event/14167193/odds/1/all: 404)
Skip fixture 21430 (Sofa=15238984): odds endpoint returned not found (Failed to fetch /event/15238984/odds/1/all: 404)
Skip fixture 22200 (Sofa=14038625): odds endpoint returned not found (Failed to fetch /event/14038625/odds/1/all: 404)
Skip fixture 22201 (Sofa=14038618): odds endpoint returned not found (Failed to fetch /event/14038618/odds/1/all: 404)
Skip fixture 22202 (Sofa=14038620): odds endpoint returned not found (Failed to fetch /event/14038620/odds/1/all: 404)
Skip fixture 22203 (Sofa=14038623): odds endpoint returned not found (Failed to fetch /event/14038623/odds/1/all: 404)
Skip fixture 22204 (Sofa=14038624): odds endpoint returned not found (Failed to fetch /event/14038624/odds/1/all: 404)
Skip fixture 22205 (Sofa=14038622): odds endpoint returned not found (Failed to fetch /event/14038622/odds/1/all: 404)
Log file: artifacts\logs\odds_polling_scheduler.log
Polling fixtures: 166
Inserted 68 odds snapshot rows.
[2026-03-12T11:41:37+00:00] Odds polling scheduler end rc=0.
[2026-03-12T12:00:02+00:00] Odds polling scheduler start.
Log file: artifacts/logs/odds_polling_scheduler.log
Skip fixture 22199 (Sofa=14167193): odds endpoint returned not found (Failed to fetch /event/14167193/odds/1/all: 404)
Skip fixture 21430 (Sofa=15238984): odds endpoint returned not found (Failed to fetch /event/15238984/odds/1/all: 404)
Skip fixture 22200 (Sofa=14038625): odds endpoint returned not found (Failed to fetch /event/14038625/odds/1/all: 404)
Skip fixture 22201 (Sofa=14038618): odds endpoint returned not found (Failed to fetch /event/14038618/odds/1/all: 404)
Skip fixture 22202 (Sofa=14038620): odds endpoint returned not found (Failed to fetch /event/14038620/odds/1/all: 404)
Skip fixture 22203 (Sofa=14038623): odds endpoint returned not found (Failed to fetch /event/14038623/odds/1/all: 404)
Skip fixture 22204 (Sofa=14038624): odds endpoint returned not found (Failed to fetch /event/14038624/odds/1/all: 404)
Skip fixture 22205 (Sofa=14038622): odds endpoint returned not found (Failed to fetch /event/14038622/odds/1/all: 404)
Skip fixture 22606 (Sofa=15204345): odds endpoint returned not found (Failed to fetch /event/15204345/odds/1/all: 404)
Log file: artifacts\logs\odds_polling_scheduler.log
Polling fixtures: 169
Inserted 114 odds snapshot rows.
[2026-03-12T12:01:36+00:00] Odds polling scheduler end rc=0.
[2026-03-12T12:20:05+00:00] Odds polling scheduler start.
Log file: artifacts/logs/odds_polling_scheduler.log
Skip fixture 22199 (Sofa=14167193): odds endpoint returned not found (Failed to fetch /event/14167193/odds/1/all: 404)
Skip fixture 21430 (Sofa=15238984): odds endpoint returned not found (Failed to fetch /event/15238984/odds/1/all: 404)
Skip fixture 22200 (Sofa=14038625): odds endpoint returned not found (Failed to fetch /event/14038625/odds/1/all: 404)
Skip fixture 22201 (Sofa=14038618): odds endpoint returned not found (Failed to fetch /event/14038618/odds/1/all: 404)
Skip fixture 22202 (Sofa=14038620): odds endpoint returned not found (Failed to fetch /event/14038620/odds/1/all: 404)
Skip fixture 22203 (Sofa=14038623): odds endpoint returned not found (Failed to fetch /event/14038623/odds/1/all: 404)
Skip fixture 22204 (Sofa=14038624): odds endpoint returned not found (Failed to fetch /event/14038624/odds/1/all: 404)
Skip fixture 22205 (Sofa=14038622): odds endpoint returned not found (Failed to fetch /event/14038622/odds/1/all: 404)
Skip fixture 22606 (Sofa=15204345): odds endpoint returned not found (Failed to fetch /event/15204345/odds/1/all: 404)
Log file: artifacts\logs\odds_polling_scheduler.log
Polling fixtures: 169
Inserted 71 odds snapshot rows.
[2026-03-12T12:21:39+00:00] Odds polling scheduler end rc=0.
[2026-03-12T12:40:05+00:00] Odds polling scheduler start.
Log file: artifacts/logs/odds_polling_scheduler.log
Skip fixture 22199 (Sofa=14167193): odds endpoint returned not found (Failed to fetch /event/14167193/odds/1/all: 404)
Skip fixture 21430 (Sofa=15238984): odds endpoint returned not found (Failed to fetch /event/15238984/odds/1/all: 404)
Skip fixture 22200 (Sofa=14038625): odds endpoint returned not found (Failed to fetch /event/14038625/odds/1/all: 404)
Skip fixture 22201 (Sofa=14038618): odds endpoint returned not found (Failed to fetch /event/14038618/odds/1/all: 404)
Skip fixture 22202 (Sofa=14038620): odds endpoint returned not found (Failed to fetch /event/14038620/odds/1/all: 404)
Skip fixture 22203 (Sofa=14038623): odds endpoint returned not found (Failed to fetch /event/14038623/odds/1/all: 404)
Skip fixture 22204 (Sofa=14038624): odds endpoint returned not found (Failed to fetch /event/14038624/odds/1/all: 404)
Skip fixture 22205 (Sofa=14038622): odds endpoint returned not found (Failed to fetch /event/14038622/odds/1/all: 404)
Skip fixture 22606 (Sofa=15204345): odds endpoint returned not found (Failed to fetch /event/15204345/odds/1/all: 404)
Log file: artifacts\logs\odds_polling_scheduler.log
Polling fixtures: 171
Inserted 42 odds snapshot rows.
[2026-03-12T12:41:40+00:00] Odds polling scheduler end rc=0.
[2026-03-12T13:00:05+00:00] Odds polling scheduler start.
Log file: artifacts/logs/odds_polling_scheduler.log
Skip fixture 22199 (Sofa=14167193): odds endpoint returned not found (Failed to fetch /event/14167193/odds/1/all: 404)
Skip fixture 21430 (Sofa=15238984): odds endpoint returned not found (Failed to fetch /event/15238984/odds/1/all: 404)
Skip fixture 22200 (Sofa=14038625): odds endpoint returned not found (Failed to fetch /event/14038625/odds/1/all: 404)
Skip fixture 22201 (Sofa=14038618): odds endpoint returned not found (Failed to fetch /event/14038618/odds/1/all: 404)
Skip fixture 22202 (Sofa=14038620): odds endpoint returned not found (Failed to fetch /event/14038620/odds/1/all: 404)
Skip fixture 22203 (Sofa=14038623): odds endpoint returned not found (Failed to fetch /event/14038623/odds/1/all: 404)
Skip fixture 22204 (Sofa=14038624): odds endpoint returned not found (Failed to fetch /event/14038624/odds/1/all: 404)
Skip fixture 22205 (Sofa=14038622): odds endpoint returned not found (Failed to fetch /event/14038622/odds/1/all: 404)
Skip fixture 22606 (Sofa=15204345): odds endpoint returned not found (Failed to fetch /event/15204345/odds/1/all: 404)
Skip fixture 22206 (Sofa=14038621): odds endpoint returned not found (Failed to fetch /event/14038621/odds/1/all: 404)
Log file: artifacts\logs\odds_polling_scheduler.log
Polling fixtures: 183
Inserted 258 odds snapshot rows.
[2026-03-12T13:01:49+00:00] Odds polling scheduler end rc=0.
[2026-03-12T13:20:05+00:00] Odds polling scheduler start.
Log file: artifacts/logs/odds_polling_scheduler.log
Skip fixture 22199 (Sofa=14167193): odds endpoint returned not found (Failed to fetch /event/14167193/odds/1/all: 404)
Skip fixture 21430 (Sofa=15238984): odds endpoint returned not found (Failed to fetch /event/15238984/odds/1/all: 404)
Skip fixture 22200 (Sofa=14038625): odds endpoint returned not found (Failed to fetch /event/14038625/odds/1/all: 404)
Skip fixture 22201 (Sofa=14038618): odds endpoint returned not found (Failed to fetch /event/14038618/odds/1/all: 404)
Skip fixture 22202 (Sofa=14038620): odds endpoint returned not found (Failed to fetch /event/14038620/odds/1/all: 404)
Skip fixture 22203 (Sofa=14038623): odds endpoint returned not found (Failed to fetch /event/14038623/odds/1/all: 404)
Skip fixture 22204 (Sofa=14038624): odds endpoint returned not found (Failed to fetch /event/14038624/odds/1/all: 404)
Skip fixture 22205 (Sofa=14038622): odds endpoint returned not found (Failed to fetch /event/14038622/odds/1/all: 404)
Skip fixture 22606 (Sofa=15204345): odds endpoint returned not found (Failed to fetch /event/15204345/odds/1/all: 404)
Skip fixture 22206 (Sofa=14038621): odds endpoint returned not found (Failed to fetch /event/14038621/odds/1/all: 404)
Log file: artifacts\logs\odds_polling_scheduler.log
Polling fixtures: 183
Inserted 55 odds snapshot rows.
[2026-03-12T13:21:47+00:00] Odds polling scheduler end rc=0.
[2026-03-12T13:40:05+00:00] Odds polling scheduler start.
Log file: artifacts/logs/odds_polling_scheduler.log
Skip fixture 22199 (Sofa=14167193): odds endpoint returned not found (Failed to fetch /event/14167193/odds/1/all: 404)
Skip fixture 21430 (Sofa=15238984): odds endpoint returned not found (Failed to fetch /event/15238984/odds/1/all: 404)
Skip fixture 22200 (Sofa=14038625): odds endpoint returned not found (Failed to fetch /event/14038625/odds/1/all: 404)
Skip fixture 22201 (Sofa=14038618): odds endpoint returned not found (Failed to fetch /event/14038618/odds/1/all: 404)
Skip fixture 22202 (Sofa=14038620): odds endpoint returned not found (Failed to fetch /event/14038620/odds/1/all: 404)
Skip fixture 22203 (Sofa=14038623): odds endpoint returned not found (Failed to fetch /event/14038623/odds/1/all: 404)
Skip fixture 22204 (Sofa=14038624): odds endpoint returned not found (Failed to fetch /event/14038624/odds/1/all: 404)
Skip fixture 22205 (Sofa=14038622): odds endpoint returned not found (Failed to fetch /event/14038622/odds/1/all: 404)
Skip fixture 22606 (Sofa=15204345): odds endpoint returned not found (Failed to fetch /event/15204345/odds/1/all: 404)
Skip fixture 22206 (Sofa=14038621): odds endpoint returned not found (Failed to fetch /event/14038621/odds/1/all: 404)
Log file: artifacts\logs\odds_polling_scheduler.log
Polling fixtures: 185
Inserted 1832 odds snapshot rows.
[2026-03-12T13:42:22+00:00] Odds polling scheduler end rc=0.
[2026-03-12T14:00:01+00:00] Odds polling scheduler start.
Log file: artifacts/logs/odds_polling_scheduler.log
Skip fixture 22199 (Sofa=14167193): odds endpoint returned not found (Failed to fetch /event/14167193/odds/1/all: 404)
Skip fixture 21430 (Sofa=15238984): odds endpoint returned not found (Failed to fetch /event/15238984/odds/1/all: 404)
Skip fixture 22200 (Sofa=14038625): odds endpoint returned not found (Failed to fetch /event/14038625/odds/1/all: 404)
Skip fixture 22201 (Sofa=14038618): odds endpoint returned not found (Failed to fetch /event/14038618/odds/1/all: 404)
Skip fixture 22202 (Sofa=14038620): odds endpoint returned not found (Failed to fetch /event/14038620/odds/1/all: 404)
Skip fixture 22203 (Sofa=14038623): odds endpoint returned not found (Failed to fetch /event/14038623/odds/1/all: 404)
Skip fixture 22204 (Sofa=14038624): odds endpoint returned not found (Failed to fetch /event/14038624/odds/1/all: 404)
Skip fixture 22205 (Sofa=14038622): odds endpoint returned not found (Failed to fetch /event/14038622/odds/1/all: 404)
Skip fixture 22606 (Sofa=15204345): odds endpoint returned not found (Failed to fetch /event/15204345/odds/1/all: 404)
Skip fixture 22206 (Sofa=14038621): odds endpoint returned not found (Failed to fetch /event/14038621/odds/1/all: 404)
Log file: artifacts\logs\odds_polling_scheduler.log
Polling fixtures: 191
Inserted 131 odds snapshot rows.
[2026-03-12T14:01:50+00:00] Odds polling scheduler end rc=0.
[2026-03-12T14:20:03+00:00] Odds polling scheduler start.
Log file: artifacts/logs/odds_polling_scheduler.log
Skip fixture 22199 (Sofa=14167193): odds endpoint returned not found (Failed to fetch /event/14167193/odds/1/all: 404)
Skip fixture 21430 (Sofa=15238984): odds endpoint returned not found (Failed to fetch /event/15238984/odds/1/all: 404)
Skip fixture 22200 (Sofa=14038625): odds endpoint returned not found (Failed to fetch /event/14038625/odds/1/all: 404)
Skip fixture 22201 (Sofa=14038618): odds endpoint returned not found (Failed to fetch /event/14038618/odds/1/all: 404)
Skip fixture 22202 (Sofa=14038620): odds endpoint returned not found (Failed to fetch /event/14038620/odds/1/all: 404)
Skip fixture 22203 (Sofa=14038623): odds endpoint returned not found (Failed to fetch /event/14038623/odds/1/all: 404)
Skip fixture 22204 (Sofa=14038624): odds endpoint returned not found (Failed to fetch /event/14038624/odds/1/all: 404)
Skip fixture 22205 (Sofa=14038622): odds endpoint returned not found (Failed to fetch /event/14038622/odds/1/all: 404)
Skip fixture 22606 (Sofa=15204345): odds endpoint returned not found (Failed to fetch /event/15204345/odds/1/all: 404)
Skip fixture 22206 (Sofa=14038621): odds endpoint returned not found (Failed to fetch /event/14038621/odds/1/all: 404)
Log file: artifacts\logs\odds_polling_scheduler.log
Polling fixtures: 191
Inserted 71 odds snapshot rows.
[2026-03-12T14:21:50+00:00] Odds polling scheduler end rc=0.
[2026-03-12T14:40:06+00:00] Odds polling scheduler start.
Log file: artifacts/logs/odds_polling_scheduler.log
Skip fixture 22199 (Sofa=14167193): odds endpoint returned not found (Failed to fetch /event/14167193/odds/1/all: 404)
Skip fixture 21430 (Sofa=15238984): odds endpoint returned not found (Failed to fetch /event/15238984/odds/1/all: 404)
Skip fixture 22200 (Sofa=14038625): odds endpoint returned not found (Failed to fetch /event/14038625/odds/1/all: 404)
Skip fixture 22201 (Sofa=14038618): odds endpoint returned not found (Failed to fetch /event/14038618/odds/1/all: 404)
Skip fixture 22202 (Sofa=14038620): odds endpoint returned not found (Failed to fetch /event/14038620/odds/1/all: 404)
Skip fixture 22203 (Sofa=14038623): odds endpoint returned not found (Failed to fetch /event/14038623/odds/1/all: 404)
Skip fixture 22204 (Sofa=14038624): odds endpoint returned not found (Failed to fetch /event/14038624/odds/1/all: 404)
Skip fixture 22205 (Sofa=14038622): odds endpoint returned not found (Failed to fetch /event/14038622/odds/1/all: 404)
Skip fixture 22606 (Sofa=15204345): odds endpoint returned not found (Failed to fetch /event/15204345/odds/1/all: 404)
Skip fixture 22206 (Sofa=14038621): odds endpoint returned not found (Failed to fetch /event/14038621/odds/1/all: 404)
Log file: artifacts\logs\odds_polling_scheduler.log
Polling fixtures: 193
Inserted 142 odds snapshot rows.
[2026-03-12T14:41:54+00:00] Odds polling scheduler end rc=0.
[2026-03-12T15:00:06+00:00] Odds polling scheduler start.
Log file: artifacts/logs/odds_polling_scheduler.log
Skip fixture 22199 (Sofa=14167193): odds endpoint returned not found (Failed to fetch /event/14167193/odds/1/all: 404)
Skip fixture 21430 (Sofa=15238984): odds endpoint returned not found (Failed to fetch /event/15238984/odds/1/all: 404)
Skip fixture 22200 (Sofa=14038625): odds endpoint returned not found (Failed to fetch /event/14038625/odds/1/all: 404)
Skip fixture 22201 (Sofa=14038618): odds endpoint returned not found (Failed to fetch /event/14038618/odds/1/all: 404)
Skip fixture 22202 (Sofa=14038620): odds endpoint returned not found (Failed to fetch /event/14038620/odds/1/all: 404)
Skip fixture 22203 (Sofa=14038623): odds endpoint returned not found (Failed to fetch /event/14038623/odds/1/all: 404)
Skip fixture 22204 (Sofa=14038624): odds endpoint returned not found (Failed to fetch /event/14038624/odds/1/all: 404)
Skip fixture 22205 (Sofa=14038622): odds endpoint returned not found (Failed to fetch /event/14038622/odds/1/all: 404)
Skip fixture 22606 (Sofa=15204345): odds endpoint returned not found (Failed to fetch /event/15204345/odds/1/all: 404)
Skip fixture 22206 (Sofa=14038621): odds endpoint returned not found (Failed to fetch /event/14038621/odds/1/all: 404)
Log file: artifacts\logs\odds_polling_scheduler.log
Polling fixtures: 212
Inserted 309 odds snapshot rows.
[2026-03-12T15:02:08+00:00] Odds polling scheduler end rc=0.
[2026-03-12T15:20:06+00:00] Odds polling scheduler start.
Log file: artifacts/logs/odds_polling_scheduler.log
Skip fixture 22199 (Sofa=14167193): odds endpoint returned not found (Failed to fetch /event/14167193/odds/1/all: 404)
Skip fixture 21430 (Sofa=15238984): odds endpoint returned not found (Failed to fetch /event/15238984/odds/1/all: 404)
Skip fixture 22200 (Sofa=14038625): odds endpoint returned not found (Failed to fetch /event/14038625/odds/1/all: 404)
Skip fixture 22201 (Sofa=14038618): odds endpoint returned not found (Failed to fetch /event/14038618/odds/1/all: 404)
Skip fixture 22202 (Sofa=14038620): odds endpoint returned not found (Failed to fetch /event/14038620/odds/1/all: 404)
Skip fixture 22203 (Sofa=14038623): odds endpoint returned not found (Failed to fetch /event/14038623/odds/1/all: 404)
Skip fixture 22204 (Sofa=14038624): odds endpoint returned not found (Failed to fetch /event/14038624/odds/1/all: 404)
Skip fixture 22205 (Sofa=14038622): odds endpoint returned not found (Failed to fetch /event/14038622/odds/1/all: 404)
Skip fixture 22606 (Sofa=15204345): odds endpoint returned not found (Failed to fetch /event/15204345/odds/1/all: 404)
Skip fixture 22206 (Sofa=14038621): odds endpoint returned not found (Failed to fetch /event/14038621/odds/1/all: 404)
Log file: artifacts\logs\odds_polling_scheduler.log
Polling fixtures: 213
Inserted 243 odds snapshot rows.
[2026-03-12T15:22:06+00:00] Odds polling scheduler end rc=0.
[2026-03-12T15:40:06+00:00] Odds polling scheduler start.
Log file: artifacts/logs/odds_polling_scheduler.log
Skip fixture 22199 (Sofa=14167193): odds endpoint returned not found (Failed to fetch /event/14167193/odds/1/all: 404)
Skip fixture 21430 (Sofa=15238984): odds endpoint returned not found (Failed to fetch /event/15238984/odds/1/all: 404)
Skip fixture 22200 (Sofa=14038625): odds endpoint returned not found (Failed to fetch /event/14038625/odds/1/all: 404)
Skip fixture 22201 (Sofa=14038618): odds endpoint returned not found (Failed to fetch /event/14038618/odds/1/all: 404)
Skip fixture 22202 (Sofa=14038620): odds endpoint returned not found (Failed to fetch /event/14038620/odds/1/all: 404)
Skip fixture 22203 (Sofa=14038623): odds endpoint returned not found (Failed to fetch /event/14038623/odds/1/all: 404)
Skip fixture 22204 (Sofa=14038624): odds endpoint returned not found (Failed to fetch /event/14038624/odds/1/all: 404)
Skip fixture 22205 (Sofa=14038622): odds endpoint returned not found (Failed to fetch /event/14038622/odds/1/all: 404)
Skip fixture 22206 (Sofa=14038621): odds endpoint returned not found (Failed to fetch /event/14038621/odds/1/all: 404)
Log file: artifacts\logs\odds_polling_scheduler.log
Polling fixtures: 216
Inserted 127 odds snapshot rows.
[2026-03-12T15:42:06+00:00] Odds polling scheduler end rc=0.
[2026-03-12T16:00:01+00:00] Odds polling scheduler start.
Log file: artifacts/logs/odds_polling_scheduler.log
Skip fixture 22199 (Sofa=14167193): odds endpoint returned not found (Failed to fetch /event/14167193/odds/1/all: 404)
Skip fixture 21430 (Sofa=15238984): odds endpoint returned not found (Failed to fetch /event/15238984/odds/1/all: 404)
Skip fixture 22200 (Sofa=14038625): odds endpoint returned not found (Failed to fetch /event/14038625/odds/1/all: 404)
Skip fixture 22201 (Sofa=14038618): odds endpoint returned not found (Failed to fetch /event/14038618/odds/1/all: 404)
Skip fixture 22202 (Sofa=14038620): odds endpoint returned not found (Failed to fetch /event/14038620/odds/1/all: 404)
Skip fixture 22203 (Sofa=14038623): odds endpoint returned not found (Failed to fetch /event/14038623/odds/1/all: 404)
Skip fixture 22204 (Sofa=14038624): odds endpoint returned not found (Failed to fetch /event/14038624/odds/1/all: 404)
Skip fixture 22205 (Sofa=14038622): odds endpoint returned not found (Failed to fetch /event/14038622/odds/1/all: 404)
Skip fixture 22206 (Sofa=14038621): odds endpoint returned not found (Failed to fetch /event/14038621/odds/1/all: 404)
Log file: artifacts\logs\odds_polling_scheduler.log
Polling fixtures: 233
Inserted 2154 odds snapshot rows.
[2026-03-12T16:02:49+00:00] Odds polling scheduler end rc=0.
[2026-03-12T16:20:07+00:00] Odds polling scheduler start.
Log file: artifacts/logs/odds_polling_scheduler.log
Skip fixture 22199 (Sofa=14167193): odds endpoint returned not found (Failed to fetch /event/14167193/odds/1/all: 404)
Skip fixture 21430 (Sofa=15238984): odds endpoint returned not found (Failed to fetch /event/15238984/odds/1/all: 404)
Skip fixture 22200 (Sofa=14038625): odds endpoint returned not found (Failed to fetch /event/14038625/odds/1/all: 404)
Skip fixture 22201 (Sofa=14038618): odds endpoint returned not found (Failed to fetch /event/14038618/odds/1/all: 404)
Skip fixture 22202 (Sofa=14038620): odds endpoint returned not found (Failed to fetch /event/14038620/odds/1/all: 404)
Skip fixture 22203 (Sofa=14038623): odds endpoint returned not found (Failed to fetch /event/14038623/odds/1/all: 404)
Skip fixture 22204 (Sofa=14038624): odds endpoint returned not found (Failed to fetch /event/14038624/odds/1/all: 404)
Skip fixture 22205 (Sofa=14038622): odds endpoint returned not found (Failed to fetch /event/14038622/odds/1/all: 404)
Skip fixture 22206 (Sofa=14038621): odds endpoint returned not found (Failed to fetch /event/14038621/odds/1/all: 404)
Log file: artifacts\logs\odds_polling_scheduler.log
Polling fixtures: 233
Inserted 71 odds snapshot rows.
[2026-03-12T16:22:14+00:00] Odds polling scheduler end rc=0.
[2026-03-12T16:40:07+00:00] Odds polling scheduler start.
Log file: artifacts/logs/odds_polling_scheduler.log
Skip fixture 22199 (Sofa=14167193): odds endpoint returned not found (Failed to fetch /event/14167193/odds/1/all: 404)
Skip fixture 21430 (Sofa=15238984): odds endpoint returned not found (Failed to fetch /event/15238984/odds/1/all: 404)
Skip fixture 22200 (Sofa=14038625): odds endpoint returned not found (Failed to fetch /event/14038625/odds/1/all: 404)
Skip fixture 22201 (Sofa=14038618): odds endpoint returned not found (Failed to fetch /event/14038618/odds/1/all: 404)
Skip fixture 22202 (Sofa=14038620): odds endpoint returned not found (Failed to fetch /event/14038620/odds/1/all: 404)
Skip fixture 22203 (Sofa=14038623): odds endpoint returned not found (Failed to fetch /event/14038623/odds/1/all: 404)
Skip fixture 22204 (Sofa=14038624): odds endpoint returned not found (Failed to fetch /event/14038624/odds/1/all: 404)
Skip fixture 22205 (Sofa=14038622): odds endpoint returned not found (Failed to fetch /event/14038622/odds/1/all: 404)
Skip fixture 22206 (Sofa=14038621): odds endpoint returned not found (Failed to fetch /event/14038621/odds/1/all: 404)
Log file: artifacts\logs\odds_polling_scheduler.log
Polling fixtures: 235
Inserted 30 odds snapshot rows.
[2026-03-12T16:42:11+00:00] Odds polling scheduler end rc=0.
[2026-03-12T17:00:07+00:00] Odds polling scheduler start.
Log file: artifacts/logs/odds_polling_scheduler.log
Skip fixture 22199 (Sofa=14167193): odds endpoint returned not found (Failed to fetch /event/14167193/odds/1/all: 404)
Skip fixture 21430 (Sofa=15238984): odds endpoint returned not found (Failed to fetch /event/15238984/odds/1/all: 404)
Skip fixture 22200 (Sofa=14038625): odds endpoint returned not found (Failed to fetch /event/14038625/odds/1/all: 404)
Skip fixture 22201 (Sofa=14038618): odds endpoint returned not found (Failed to fetch /event/14038618/odds/1/all: 404)
Skip fixture 22202 (Sofa=14038620): odds endpoint returned not found (Failed to fetch /event/14038620/odds/1/all: 404)
Skip fixture 22203 (Sofa=14038623): odds endpoint returned not found (Failed to fetch /event/14038623/odds/1/all: 404)
Skip fixture 22204 (Sofa=14038624): odds endpoint returned not found (Failed to fetch /event/14038624/odds/1/all: 404)
Skip fixture 22205 (Sofa=14038622): odds endpoint returned not found (Failed to fetch /event/14038622/odds/1/all: 404)
Skip fixture 22206 (Sofa=14038621): odds endpoint returned not found (Failed to fetch /event/14038621/odds/1/all: 404)
Skip fixture 19601 (Sofa=14288828): odds endpoint returned not found (Failed to fetch /event/14288828/odds/1/all: 404)
Log file: artifacts\logs\odds_polling_scheduler.log
Polling fixtures: 245
Inserted 419 odds snapshot rows.
[2026-03-12T17:02:26+00:00] Odds polling scheduler end rc=0.
[2026-03-12T17:20:06+00:00] Odds polling scheduler start.
Log file: artifacts/logs/odds_polling_scheduler.log
Skip fixture 22199 (Sofa=14167193): odds endpoint returned not found (Failed to fetch /event/14167193/odds/1/all: 404)
Skip fixture 21430 (Sofa=15238984): odds endpoint returned not found (Failed to fetch /event/15238984/odds/1/all: 404)
Skip fixture 22200 (Sofa=14038625): odds endpoint returned not found (Failed to fetch /event/14038625/odds/1/all: 404)
Skip fixture 22201 (Sofa=14038618): odds endpoint returned not found (Failed to fetch /event/14038618/odds/1/all: 404)
Skip fixture 22202 (Sofa=14038620): odds endpoint returned not found (Failed to fetch /event/14038620/odds/1/all: 404)
Skip fixture 22203 (Sofa=14038623): odds endpoint returned not found (Failed to fetch /event/14038623/odds/1/all: 404)
Skip fixture 22204 (Sofa=14038624): odds endpoint returned not found (Failed to fetch /event/14038624/odds/1/all: 404)
Skip fixture 22205 (Sofa=14038622): odds endpoint returned not found (Failed to fetch /event/14038622/odds/1/all: 404)
Skip fixture 22206 (Sofa=14038621): odds endpoint returned not found (Failed to fetch /event/14038621/odds/1/all: 404)
Skip fixture 19601 (Sofa=14288828): odds endpoint returned not found (Failed to fetch /event/14288828/odds/1/all: 404)
Log file: artifacts\logs\odds_polling_scheduler.log
Polling fixtures: 246
Inserted 183 odds snapshot rows.
[2026-03-12T17:22:23+00:00] Odds polling scheduler end rc=0.
[2026-03-12T17:40:07+00:00] Odds polling scheduler start.
Log file: artifacts/logs/odds_polling_scheduler.log
Skip fixture 22199 (Sofa=14167193): odds endpoint returned not found (Failed to fetch /event/14167193/odds/1/all: 404)
Skip fixture 21430 (Sofa=15238984): odds endpoint returned not found (Failed to fetch /event/15238984/odds/1/all: 404)
Skip fixture 22200 (Sofa=14038625): odds endpoint returned not found (Failed to fetch /event/14038625/odds/1/all: 404)
Skip fixture 22201 (Sofa=14038618): odds endpoint returned not found (Failed to fetch /event/14038618/odds/1/all: 404)
Skip fixture 22202 (Sofa=14038620): odds endpoint returned not found (Failed to fetch /event/14038620/odds/1/all: 404)
Skip fixture 22203 (Sofa=14038623): odds endpoint returned not found (Failed to fetch /event/14038623/odds/1/all: 404)
Skip fixture 22204 (Sofa=14038624): odds endpoint returned not found (Failed to fetch /event/14038624/odds/1/all: 404)
Skip fixture 22205 (Sofa=14038622): odds endpoint returned not found (Failed to fetch /event/14038622/odds/1/all: 404)
Skip fixture 22206 (Sofa=14038621): odds endpoint returned not found (Failed to fetch /event/14038621/odds/1/all: 404)
Skip fixture 19601 (Sofa=14288828): odds endpoint returned not found (Failed to fetch /event/14288828/odds/1/all: 404)
Log file: artifacts\logs\odds_polling_scheduler.log
Polling fixtures: 247
Inserted 343 odds snapshot rows.
[2026-03-12T17:42:31+00:00] Odds polling scheduler end rc=0.
[2026-03-12T18:00:07+00:00] Odds polling scheduler start.
Log file: artifacts/logs/odds_polling_scheduler.log
Skip fixture 22199 (Sofa=14167193): odds endpoint returned not found (Failed to fetch /event/14167193/odds/1/all: 404)
Skip fixture 21430 (Sofa=15238984): odds endpoint returned not found (Failed to fetch /event/15238984/odds/1/all: 404)
Skip fixture 22200 (Sofa=14038625): odds endpoint returned not found (Failed to fetch /event/14038625/odds/1/all: 404)
Skip fixture 22201 (Sofa=14038618): odds endpoint returned not found (Failed to fetch /event/14038618/odds/1/all: 404)
Skip fixture 22202 (Sofa=14038620): odds endpoint returned not found (Failed to fetch /event/14038620/odds/1/all: 404)
Skip fixture 22203 (Sofa=14038623): odds endpoint returned not found (Failed to fetch /event/14038623/odds/1/all: 404)
Skip fixture 22204 (Sofa=14038624): odds endpoint returned not found (Failed to fetch /event/14038624/odds/1/all: 404)
Skip fixture 22205 (Sofa=14038622): odds endpoint returned not found (Failed to fetch /event/14038622/odds/1/all: 404)
Skip fixture 22206 (Sofa=14038621): odds endpoint returned not found (Failed to fetch /event/14038621/odds/1/all: 404)
Skip fixture 19601 (Sofa=14288828): odds endpoint returned not found (Failed to fetch /event/14288828/odds/1/all: 404)
Log file: artifacts\logs\odds_polling_scheduler.log
Polling fixtures: 247
Inserted 2126 odds snapshot rows.
[2026-03-12T18:03:05+00:00] Odds polling scheduler end rc=0.
