Log file: artifacts\logs\odds_polling_scheduler.log
Polling fixtures: 193
Odds polling failed: can't adapt type 'dict'
Log file: artifacts\logs\odds_polling_scheduler.log
Polling fixtures: 193
Odds polling failed: Failed to fetch /event/14038603/odds/1/all: 404
Log file: artifacts\logs\odds_polling_scheduler.log
Polling fixtures: 193
Skip fixture 22183 (Sofa=14038603): odds endpoint returned not found (Failed to fetch /event/14038603/odds/1/all: 404)
Skip fixture 22184 (Sofa=14167189): odds endpoint returned not found (Failed to fetch /event/14167189/odds/1/all: 404)
Skip fixture 22185 (Sofa=14038606): odds endpoint returned not found (Failed to fetch /event/14038606/odds/1/all: 404)
Skip fixture 22186 (Sofa=14038610): odds endpoint returned not found (Failed to fetch /event/14038610/odds/1/all: 404)
Skip fixture 22187 (Sofa=14038607): odds endpoint returned not found (Failed to fetch /event/14038607/odds/1/all: 404)
Inserted 2097 odds snapshot rows.
Log file: artifacts\logs\odds_polling_scheduler.log
Polling fixtures: 195
Skip fixture 22183 (Sofa=14038603): odds endpoint returned not found (Failed to fetch /event/14038603/odds/1/all: 404)
Skip fixture 22184 (Sofa=14167189): odds endpoint returned not found (Failed to fetch /event/14167189/odds/1/all: 404)
Skip fixture 22185 (Sofa=14038606): odds endpoint returned not found (Failed to fetch /event/14038606/odds/1/all: 404)
Skip fixture 22186 (Sofa=14038610): odds endpoint returned not found (Failed to fetch /event/14038610/odds/1/all: 404)
Skip fixture 22187 (Sofa=14038607): odds endpoint returned not found (Failed to fetch /event/14038607/odds/1/all: 404)
Inserted 26 odds snapshot rows.
Log file: artifacts\logs\odds_polling_scheduler.log
Polling fixtures: 195
Skip fixture 22183 (Sofa=14038603): odds endpoint returned not found (Failed to fetch /event/14038603/odds/1/all: 404)
Skip fixture 22184 (Sofa=14167189): odds endpoint returned not found (Failed to fetch /event/14167189/odds/1/all: 404)
Skip fixture 22185 (Sofa=14038606): odds endpoint returned not found (Failed to fetch /event/14038606/odds/1/all: 404)
Skip fixture 22186 (Sofa=14038610): odds endpoint returned not found (Failed to fetch /event/14038610/odds/1/all: 404)
Skip fixture 22187 (Sofa=14038607): odds endpoint returned not found (Failed to fetch /event/14038607/odds/1/all: 404)
Inserted 0 odds snapshot rows.
Log file: artifacts\logs\odds_polling_scheduler.log
Polling fixtures: 195
Skip fixture 22183 (Sofa=14038603): odds endpoint returned not found (Failed to fetch /event/14038603/odds/1/all: 404)
Skip fixture 22184 (Sofa=14167189): odds endpoint returned not found (Failed to fetch /event/14167189/odds/1/all: 404)
Skip fixture 22185 (Sofa=14038606): odds endpoint returned not found (Failed to fetch /event/14038606/odds/1/all: 404)
Skip fixture 22186 (Sofa=14038610): odds endpoint returned not found (Failed to fetch /event/14038610/odds/1/all: 404)
Skip fixture 22187 (Sofa=14038607): odds endpoint returned not found (Failed to fetch /event/14038607/odds/1/all: 404)
Inserted 0 odds snapshot rows.
Log file: artifacts\logs\odds_polling_scheduler.log
Polling fixtures: 195
Skip fixture 22183 (Sofa=14038603): odds endpoint returned not found (Failed to fetch /event/14038603/odds/1/all: 404)
Skip fixture 22184 (Sofa=14167189): odds endpoint returned not found (Failed to fetch /event/14167189/odds/1/all: 404)
Skip fixture 22185 (Sofa=14038606): odds endpoint returned not found (Failed to fetch /event/14038606/odds/1/all: 404)
Skip fixture 22186 (Sofa=14038610): odds endpoint returned not found (Failed to fetch /event/14038610/odds/1/all: 404)
Skip fixture 22187 (Sofa=14038607): odds endpoint returned not found (Failed to fetch /event/14038607/odds/1/all: 404)
Inserted 0 odds snapshot rows.
Log file: artifacts\logs\odds_polling_scheduler.log
Polling fixtures: 195
Skip fixture 22183 (Sofa=14038603): odds endpoint returned not found (Failed to fetch /event/14038603/odds/1/all: 404)
Skip fixture 22184 (Sofa=14167189): odds endpoint returned not found (Failed to fetch /event/14167189/odds/1/all: 404)
Skip fixture 22185 (Sofa=14038606): odds endpoint returned not found (Failed to fetch /event/14038606/odds/1/all: 404)
Skip fixture 22186 (Sofa=14038610): odds endpoint returned not found (Failed to fetch /event/14038610/odds/1/all: 404)
Skip fixture 22187 (Sofa=14038607): odds endpoint returned not found (Failed to fetch /event/14038607/odds/1/all: 404)
Inserted 0 odds snapshot rows.
Log file: artifacts\logs\odds_polling_scheduler.log
Polling fixtures: 195
Skip fixture 22183 (Sofa=14038603): odds endpoint returned not found (Failed to fetch /event/14038603/odds/1/all: 404)
Skip fixture 22184 (Sofa=14167189): odds endpoint returned not found (Failed to fetch /event/14167189/odds/1/all: 404)
Skip fixture 22185 (Sofa=14038606): odds endpoint returned not found (Failed to fetch /event/14038606/odds/1/all: 404)
Skip fixture 22186 (Sofa=14038610): odds endpoint returned not found (Failed to fetch /event/14038610/odds/1/all: 404)
Skip fixture 22187 (Sofa=14038607): odds endpoint returned not found (Failed to fetch /event/14038607/odds/1/all: 404)
Inserted 0 odds snapshot rows.
Log file: artifacts\logs\odds_polling_scheduler.log
Polling fixtures: 198
Skip fixture 22183 (Sofa=14038603): odds endpoint returned not found (Failed to fetch /event/14038603/odds/1/all: 404)
Skip fixture 22184 (Sofa=14167189): odds endpoint returned not found (Failed to fetch /event/14167189/odds/1/all: 404)
Skip fixture 22185 (Sofa=14038606): odds endpoint returned not found (Failed to fetch /event/14038606/odds/1/all: 404)
Skip fixture 22186 (Sofa=14038610): odds endpoint returned not found (Failed to fetch /event/14038610/odds/1/all: 404)
Skip fixture 22187 (Sofa=14038607): odds endpoint returned not found (Failed to fetch /event/14038607/odds/1/all: 404)
Skip fixture 22188 (Sofa=14038608): odds endpoint returned not found (Failed to fetch /event/14038608/odds/1/all: 404)
Inserted 2428 odds snapshot rows.
Log file: artifacts\logs\odds_polling_scheduler.log
Polling fixtures: 198
Skip fixture 22183 (Sofa=14038603): odds endpoint returned not found (Failed to fetch /event/14038603/odds/1/all: 404)
Skip fixture 22184 (Sofa=14167189): odds endpoint returned not found (Failed to fetch /event/14167189/odds/1/all: 404)
Skip fixture 22185 (Sofa=14038606): odds endpoint returned not found (Failed to fetch /event/14038606/odds/1/all: 404)
Skip fixture 22186 (Sofa=14038610): odds endpoint returned not found (Failed to fetch /event/14038610/odds/1/all: 404)
Skip fixture 22187 (Sofa=14038607): odds endpoint returned not found (Failed to fetch /event/14038607/odds/1/all: 404)
Skip fixture 22188 (Sofa=14038608): odds endpoint returned not found (Failed to fetch /event/14038608/odds/1/all: 404)
Inserted 0 odds snapshot rows.
Log file: artifacts\logs\odds_polling_scheduler.log
Polling fixtures: 198
Skip fixture 22183 (Sofa=14038603): odds endpoint returned not found (Failed to fetch /event/14038603/odds/1/all: 404)
Skip fixture 22184 (Sofa=14167189): odds endpoint returned not found (Failed to fetch /event/14167189/odds/1/all: 404)
Skip fixture 22185 (Sofa=14038606): odds endpoint returned not found (Failed to fetch /event/14038606/odds/1/all: 404)
Skip fixture 22186 (Sofa=14038610): odds endpoint returned not found (Failed to fetch /event/14038610/odds/1/all: 404)
Skip fixture 22187 (Sofa=14038607): odds endpoint returned not found (Failed to fetch /event/14038607/odds/1/all: 404)
Skip fixture 22188 (Sofa=14038608): odds endpoint returned not found (Failed to fetch /event/14038608/odds/1/all: 404)
Inserted 0 odds snapshot rows.
Log file: artifacts\logs\odds_polling_scheduler.log
Polling fixtures: 198
Skip fixture 22183 (Sofa=14038603): odds endpoint returned not found (Failed to fetch /event/14038603/odds/1/all: 404)
Skip fixture 22184 (Sofa=14167189): odds endpoint returned not found (Failed to fetch /event/14167189/odds/1/all: 404)
Skip fixture 22185 (Sofa=14038606): odds endpoint returned not found (Failed to fetch /event/14038606/odds/1/all: 404)
Skip fixture 22186 (Sofa=14038610): odds endpoint returned not found (Failed to fetch /event/14038610/odds/1/all: 404)
Skip fixture 22187 (Sofa=14038607): odds endpoint returned not found (Failed to fetch /event/14038607/odds/1/all: 404)
Skip fixture 22188 (Sofa=14038608): odds endpoint returned not found (Failed to fetch /event/14038608/odds/1/all: 404)
Inserted 0 odds snapshot rows.
Log file: artifacts\logs\odds_polling_scheduler.log
Polling fixtures: 198
Skip fixture 22183 (Sofa=14038603): odds endpoint returned not found (Failed to fetch /event/14038603/odds/1/all: 404)
Skip fixture 22184 (Sofa=14167189): odds endpoint returned not found (Failed to fetch /event/14167189/odds/1/all: 404)
Skip fixture 22185 (Sofa=14038606): odds endpoint returned not found (Failed to fetch /event/14038606/odds/1/all: 404)
Skip fixture 22186 (Sofa=14038610): odds endpoint returned not found (Failed to fetch /event/14038610/odds/1/all: 404)
Skip fixture 22187 (Sofa=14038607): odds endpoint returned not found (Failed to fetch /event/14038607/odds/1/all: 404)
Skip fixture 22188 (Sofa=14038608): odds endpoint returned not found (Failed to fetch /event/14038608/odds/1/all: 404)
Inserted 0 odds snapshot rows.
Log file: artifacts\logs\odds_polling_scheduler.log
Polling fixtures: 198
Skip fixture 22183 (Sofa=14038603): odds endpoint returned not found (Failed to fetch /event/14038603/odds/1/all: 404)
Skip fixture 22184 (Sofa=14167189): odds endpoint returned not found (Failed to fetch /event/14167189/odds/1/all: 404)
Skip fixture 22185 (Sofa=14038606): odds endpoint returned not found (Failed to fetch /event/14038606/odds/1/all: 404)
Skip fixture 22186 (Sofa=14038610): odds endpoint returned not found (Failed to fetch /event/14038610/odds/1/all: 404)
Skip fixture 22187 (Sofa=14038607): odds endpoint returned not found (Failed to fetch /event/14038607/odds/1/all: 404)
Skip fixture 22188 (Sofa=14038608): odds endpoint returned not found (Failed to fetch /event/14038608/odds/1/all: 404)
Inserted 0 odds snapshot rows.
Log file: artifacts\logs\odds_polling_scheduler.log
Polling fixtures: 199
Skip fixture 22183 (Sofa=14038603): odds endpoint returned not found (Failed to fetch /event/14038603/odds/1/all: 404)
Skip fixture 22184 (Sofa=14167189): odds endpoint returned not found (Failed to fetch /event/14167189/odds/1/all: 404)
Skip fixture 22185 (Sofa=14038606): odds endpoint returned not found (Failed to fetch /event/14038606/odds/1/all: 404)
Skip fixture 22186 (Sofa=14038610): odds endpoint returned not found (Failed to fetch /event/14038610/odds/1/all: 404)
Skip fixture 22187 (Sofa=14038607): odds endpoint returned not found (Failed to fetch /event/14038607/odds/1/all: 404)
Skip fixture 22188 (Sofa=14038608): odds endpoint returned not found (Failed to fetch /event/14038608/odds/1/all: 404)
Inserted 2440 odds snapshot rows.
Log file: artifacts\logs\odds_polling_scheduler.log
Polling fixtures: 199
Skip fixture 22183 (Sofa=14038603): odds endpoint returned not found (Failed to fetch /event/14038603/odds/1/all: 404)
Skip fixture 22184 (Sofa=14167189): odds endpoint returned not found (Failed to fetch /event/14167189/odds/1/all: 404)
Skip fixture 22185 (Sofa=14038606): odds endpoint returned not found (Failed to fetch /event/14038606/odds/1/all: 404)
Skip fixture 22186 (Sofa=14038610): odds endpoint returned not found (Failed to fetch /event/14038610/odds/1/all: 404)
Skip fixture 22187 (Sofa=14038607): odds endpoint returned not found (Failed to fetch /event/14038607/odds/1/all: 404)
Skip fixture 22188 (Sofa=14038608): odds endpoint returned not found (Failed to fetch /event/14038608/odds/1/all: 404)
Inserted 0 odds snapshot rows.
Log file: artifacts\logs\odds_polling_scheduler.log
Polling fixtures: 199
Skip fixture 22183 (Sofa=14038603): odds endpoint returned not found (Failed to fetch /event/14038603/odds/1/all: 404)
Skip fixture 22184 (Sofa=14167189): odds endpoint returned not found (Failed to fetch /event/14167189/odds/1/all: 404)
Skip fixture 22185 (Sofa=14038606): odds endpoint returned not found (Failed to fetch /event/14038606/odds/1/all: 404)
Skip fixture 22186 (Sofa=14038610): odds endpoint returned not found (Failed to fetch /event/14038610/odds/1/all: 404)
Skip fixture 22187 (Sofa=14038607): odds endpoint returned not found (Failed to fetch /event/14038607/odds/1/all: 404)
Skip fixture 22188 (Sofa=14038608): odds endpoint returned not found (Failed to fetch /event/14038608/odds/1/all: 404)
Inserted 0 odds snapshot rows.
Log file: artifacts\logs\odds_polling_scheduler.log
Polling fixtures: 200
Skip fixture 22183 (Sofa=14038603): odds endpoint returned not found (Failed to fetch /event/14038603/odds/1/all: 404)
Skip fixture 22184 (Sofa=14167189): odds endpoint returned not found (Failed to fetch /event/14167189/odds/1/all: 404)
Skip fixture 22185 (Sofa=14038606): odds endpoint returned not found (Failed to fetch /event/14038606/odds/1/all: 404)
Skip fixture 22186 (Sofa=14038610): odds endpoint returned not found (Failed to fetch /event/14038610/odds/1/all: 404)
Skip fixture 22187 (Sofa=14038607): odds endpoint returned not found (Failed to fetch /event/14038607/odds/1/all: 404)
Skip fixture 22188 (Sofa=14038608): odds endpoint returned not found (Failed to fetch /event/14038608/odds/1/all: 404)
Inserted 12 odds snapshot rows.
Log file: artifacts\logs\odds_polling_scheduler.log
Polling fixtures: 202
Skip fixture 22183 (Sofa=14038603): odds endpoint returned not found (Failed to fetch /event/14038603/odds/1/all: 404)
Skip fixture 22184 (Sofa=14167189): odds endpoint returned not found (Failed to fetch /event/14167189/odds/1/all: 404)
Skip fixture 22185 (Sofa=14038606): odds endpoint returned not found (Failed to fetch /event/14038606/odds/1/all: 404)
Skip fixture 22186 (Sofa=14038610): odds endpoint returned not found (Failed to fetch /event/14038610/odds/1/all: 404)
Skip fixture 22187 (Sofa=14038607): odds endpoint returned not found (Failed to fetch /event/14038607/odds/1/all: 404)
Skip fixture 22188 (Sofa=14038608): odds endpoint returned not found (Failed to fetch /event/14038608/odds/1/all: 404)
Inserted 26 odds snapshot rows.
Log file: artifacts\logs\odds_polling_scheduler.log
Polling fixtures: 204
Skip fixture 22183 (Sofa=14038603): odds endpoint returned not found (Failed to fetch /event/14038603/odds/1/all: 404)
Skip fixture 22184 (Sofa=14167189): odds endpoint returned not found (Failed to fetch /event/14167189/odds/1/all: 404)
Skip fixture 22185 (Sofa=14038606): odds endpoint returned not found (Failed to fetch /event/14038606/odds/1/all: 404)
Skip fixture 22186 (Sofa=14038610): odds endpoint returned not found (Failed to fetch /event/14038610/odds/1/all: 404)
Skip fixture 22187 (Sofa=14038607): odds endpoint returned not found (Failed to fetch /event/14038607/odds/1/all: 404)
Skip fixture 22188 (Sofa=14038608): odds endpoint returned not found (Failed to fetch /event/14038608/odds/1/all: 404)
Skip fixture 22189 (Sofa=14038612): odds endpoint returned not found (Failed to fetch /event/14038612/odds/1/all: 404)
Inserted 13 odds snapshot rows.
Log file: artifacts\logs\odds_polling_scheduler.log
Polling fixtures: 204
Skip fixture 22183 (Sofa=14038603): odds endpoint returned not found (Failed to fetch /event/14038603/odds/1/all: 404)
Skip fixture 22184 (Sofa=14167189): odds endpoint returned not found (Failed to fetch /event/14167189/odds/1/all: 404)
Skip fixture 22185 (Sofa=14038606): odds endpoint returned not found (Failed to fetch /event/14038606/odds/1/all: 404)
Skip fixture 22186 (Sofa=14038610): odds endpoint returned not found (Failed to fetch /event/14038610/odds/1/all: 404)
Skip fixture 22187 (Sofa=14038607): odds endpoint returned not found (Failed to fetch /event/14038607/odds/1/all: 404)
Skip fixture 22188 (Sofa=14038608): odds endpoint returned not found (Failed to fetch /event/14038608/odds/1/all: 404)
Skip fixture 22189 (Sofa=14038612): odds endpoint returned not found (Failed to fetch /event/14038612/odds/1/all: 404)
Inserted 0 odds snapshot rows.
Log file: artifacts\logs\odds_polling_scheduler.log
Log file: artifacts\logs\odds_polling_scheduler.log
Log file: artifacts\logs\odds_polling_scheduler.log
Polling fixtures: 216
Skip fixture 22183 (Sofa=14038603): odds endpoint returned not found (Failed to fetch /event/14038603/odds/1/all: 404)
Skip fixture 22184 (Sofa=14167189): odds endpoint returned not found (Failed to fetch /event/14167189/odds/1/all: 404)
Skip fixture 22185 (Sofa=14038606): odds endpoint returned not found (Failed to fetch /event/14038606/odds/1/all: 404)
Skip fixture 22186 (Sofa=14038610): odds endpoint returned not found (Failed to fetch /event/14038610/odds/1/all: 404)
Skip fixture 22187 (Sofa=14038607): odds endpoint returned not found (Failed to fetch /event/14038607/odds/1/all: 404)
Skip fixture 22188 (Sofa=14038608): odds endpoint returned not found (Failed to fetch /event/14038608/odds/1/all: 404)
Skip fixture 22189 (Sofa=14038612): odds endpoint returned not found (Failed to fetch /event/14038612/odds/1/all: 404)
Skip fixture 22595 (Sofa=15204333): odds endpoint returned not found (Failed to fetch /event/15204333/odds/1/all: 404)
Skip fixture 22596 (Sofa=15204334): odds endpoint returned not found (Failed to fetch /event/15204334/odds/1/all: 404)
Inserted 2616 odds snapshot rows.
Log file: artifacts\logs\odds_polling_scheduler.log
Polling fixtures: 219
Skip fixture 22183 (Sofa=14038603): odds endpoint returned not found (Failed to fetch /event/14038603/odds/1/all: 404)
Skip fixture 22184 (Sofa=14167189): odds endpoint returned not found (Failed to fetch /event/14167189/odds/1/all: 404)
Skip fixture 22185 (Sofa=14038606): odds endpoint returned not found (Failed to fetch /event/14038606/odds/1/all: 404)
Skip fixture 22186 (Sofa=14038610): odds endpoint returned not found (Failed to fetch /event/14038610/odds/1/all: 404)
Skip fixture 22187 (Sofa=14038607): odds endpoint returned not found (Failed to fetch /event/14038607/odds/1/all: 404)
Skip fixture 22188 (Sofa=14038608): odds endpoint returned not found (Failed to fetch /event/14038608/odds/1/all: 404)
Skip fixture 22189 (Sofa=14038612): odds endpoint returned not found (Failed to fetch /event/14038612/odds/1/all: 404)
Skip fixture 22596 (Sofa=15204334): odds endpoint returned not found (Failed to fetch /event/15204334/odds/1/all: 404)
Skip fixture 22595 (Sofa=15204333): odds endpoint returned not found (Failed to fetch /event/15204333/odds/1/all: 404)
Inserted 41 odds snapshot rows.
Log file: artifacts\logs\odds_polling_scheduler.log
Polling fixtures: 224
Skip fixture 22183 (Sofa=14038603): odds endpoint returned not found (Failed to fetch /event/14038603/odds/1/all: 404)
Skip fixture 22184 (Sofa=14167189): odds endpoint returned not found (Failed to fetch /event/14167189/odds/1/all: 404)
Skip fixture 22185 (Sofa=14038606): odds endpoint returned not found (Failed to fetch /event/14038606/odds/1/all: 404)
Skip fixture 22186 (Sofa=14038610): odds endpoint returned not found (Failed to fetch /event/14038610/odds/1/all: 404)
Skip fixture 22187 (Sofa=14038607): odds endpoint returned not found (Failed to fetch /event/14038607/odds/1/all: 404)
Skip fixture 22188 (Sofa=14038608): odds endpoint returned not found (Failed to fetch /event/14038608/odds/1/all: 404)
Skip fixture 22189 (Sofa=14038612): odds endpoint returned not found (Failed to fetch /event/14038612/odds/1/all: 404)
Skip fixture 22596 (Sofa=15204334): odds endpoint returned not found (Failed to fetch /event/15204334/odds/1/all: 404)
Skip fixture 22595 (Sofa=15204333): odds endpoint returned not found (Failed to fetch /event/15204333/odds/1/all: 404)
Skip fixture 22190 (Sofa=14038604): odds endpoint returned not found (Failed to fetch /event/14038604/odds/1/all: 404)
Inserted 66 odds snapshot rows.
Log file: artifacts\logs\odds_polling_scheduler.log
Polling fixtures: 224
Skip fixture 22183 (Sofa=14038603): odds endpoint returned not found (Failed to fetch /event/14038603/odds/1/all: 404)
Skip fixture 22184 (Sofa=14167189): odds endpoint returned not found (Failed to fetch /event/14167189/odds/1/all: 404)
Skip fixture 22185 (Sofa=14038606): odds endpoint returned not found (Failed to fetch /event/14038606/odds/1/all: 404)
Skip fixture 22186 (Sofa=14038610): odds endpoint returned not found (Failed to fetch /event/14038610/odds/1/all: 404)
Skip fixture 22187 (Sofa=14038607): odds endpoint returned not found (Failed to fetch /event/14038607/odds/1/all: 404)
Skip fixture 22188 (Sofa=14038608): odds endpoint returned not found (Failed to fetch /event/14038608/odds/1/all: 404)
Skip fixture 22189 (Sofa=14038612): odds endpoint returned not found (Failed to fetch /event/14038612/odds/1/all: 404)
Skip fixture 22596 (Sofa=15204334): odds endpoint returned not found (Failed to fetch /event/15204334/odds/1/all: 404)
Skip fixture 22595 (Sofa=15204333): odds endpoint returned not found (Failed to fetch /event/15204333/odds/1/all: 404)
Skip fixture 22190 (Sofa=14038604): odds endpoint returned not found (Failed to fetch /event/14038604/odds/1/all: 404)
Inserted 0 odds snapshot rows.
Log file: artifacts\logs\odds_polling_scheduler.log
Polling fixtures: 226
Skip fixture 22183 (Sofa=14038603): odds endpoint returned not found (Failed to fetch /event/14038603/odds/1/all: 404)
Skip fixture 22184 (Sofa=14167189): odds endpoint returned not found (Failed to fetch /event/14167189/odds/1/all: 404)
Skip fixture 22185 (Sofa=14038606): odds endpoint returned not found (Failed to fetch /event/14038606/odds/1/all: 404)
Skip fixture 22186 (Sofa=14038610): odds endpoint returned not found (Failed to fetch /event/14038610/odds/1/all: 404)
Skip fixture 22187 (Sofa=14038607): odds endpoint returned not found (Failed to fetch /event/14038607/odds/1/all: 404)
Skip fixture 22188 (Sofa=14038608): odds endpoint returned not found (Failed to fetch /event/14038608/odds/1/all: 404)
Skip fixture 22189 (Sofa=14038612): odds endpoint returned not found (Failed to fetch /event/14038612/odds/1/all: 404)
Skip fixture 22595 (Sofa=15204333): odds endpoint returned not found (Failed to fetch /event/15204333/odds/1/all: 404)
Skip fixture 22596 (Sofa=15204334): odds endpoint returned not found (Failed to fetch /event/15204334/odds/1/all: 404)
Skip fixture 22190 (Sofa=14038604): odds endpoint returned not found (Failed to fetch /event/14038604/odds/1/all: 404)
Inserted 28 odds snapshot rows.
Log file: artifacts\logs\odds_polling_scheduler.log
Polling fixtures: 233
Skip fixture 22183 (Sofa=14038603): odds endpoint returned not found (Failed to fetch /event/14038603/odds/1/all: 404)
Skip fixture 22184 (Sofa=14167189): odds endpoint returned not found (Failed to fetch /event/14167189/odds/1/all: 404)
Skip fixture 22185 (Sofa=14038606): odds endpoint returned not found (Failed to fetch /event/14038606/odds/1/all: 404)
Skip fixture 22186 (Sofa=14038610): odds endpoint returned not found (Failed to fetch /event/14038610/odds/1/all: 404)
Skip fixture 22187 (Sofa=14038607): odds endpoint returned not found (Failed to fetch /event/14038607/odds/1/all: 404)
Skip fixture 22188 (Sofa=14038608): odds endpoint returned not found (Failed to fetch /event/14038608/odds/1/all: 404)
Skip fixture 22189 (Sofa=14038612): odds endpoint returned not found (Failed to fetch /event/14038612/odds/1/all: 404)
Skip fixture 22596 (Sofa=15204334): odds endpoint returned not found (Failed to fetch /event/15204334/odds/1/all: 404)
Skip fixture 22595 (Sofa=15204333): odds endpoint returned not found (Failed to fetch /event/15204333/odds/1/all: 404)
Skip fixture 22190 (Sofa=14038604): odds endpoint returned not found (Failed to fetch /event/14038604/odds/1/all: 404)
Inserted 92 odds snapshot rows.
Log file: artifacts\logs\odds_polling_scheduler.log
Polling fixtures: 236
Skip fixture 22183 (Sofa=14038603): odds endpoint returned not found (Failed to fetch /event/14038603/odds/1/all: 404)
Skip fixture 22184 (Sofa=14167189): odds endpoint returned not found (Failed to fetch /event/14167189/odds/1/all: 404)
Skip fixture 22185 (Sofa=14038606): odds endpoint returned not found (Failed to fetch /event/14038606/odds/1/all: 404)
Skip fixture 22186 (Sofa=14038610): odds endpoint returned not found (Failed to fetch /event/14038610/odds/1/all: 404)
Skip fixture 22187 (Sofa=14038607): odds endpoint returned not found (Failed to fetch /event/14038607/odds/1/all: 404)
Skip fixture 22188 (Sofa=14038608): odds endpoint returned not found (Failed to fetch /event/14038608/odds/1/all: 404)
Skip fixture 22189 (Sofa=14038612): odds endpoint returned not found (Failed to fetch /event/14038612/odds/1/all: 404)
Skip fixture 22595 (Sofa=15204333): odds endpoint returned not found (Failed to fetch /event/15204333/odds/1/all: 404)
Skip fixture 22596 (Sofa=15204334): odds endpoint returned not found (Failed to fetch /event/15204334/odds/1/all: 404)
Skip fixture 22190 (Sofa=14038604): odds endpoint returned not found (Failed to fetch /event/14038604/odds/1/all: 404)
Inserted 36 odds snapshot rows.
Log file: artifacts\logs\odds_polling_scheduler.log
Polling fixtures: 239
Skip fixture 22183 (Sofa=14038603): odds endpoint returned not found (Failed to fetch /event/14038603/odds/1/all: 404)
Skip fixture 22184 (Sofa=14167189): odds endpoint returned not found (Failed to fetch /event/14167189/odds/1/all: 404)
Skip fixture 22185 (Sofa=14038606): odds endpoint returned not found (Failed to fetch /event/14038606/odds/1/all: 404)
Skip fixture 22186 (Sofa=14038610): odds endpoint returned not found (Failed to fetch /event/14038610/odds/1/all: 404)
Skip fixture 22187 (Sofa=14038607): odds endpoint returned not found (Failed to fetch /event/14038607/odds/1/all: 404)
Skip fixture 22188 (Sofa=14038608): odds endpoint returned not found (Failed to fetch /event/14038608/odds/1/all: 404)
Skip fixture 22189 (Sofa=14038612): odds endpoint returned not found (Failed to fetch /event/14038612/odds/1/all: 404)
Skip fixture 22595 (Sofa=15204333): odds endpoint returned not found (Failed to fetch /event/15204333/odds/1/all: 404)
Skip fixture 22596 (Sofa=15204334): odds endpoint returned not found (Failed to fetch /event/15204334/odds/1/all: 404)
Skip fixture 22190 (Sofa=14038604): odds endpoint returned not found (Failed to fetch /event/14038604/odds/1/all: 404)
Inserted 2698 odds snapshot rows.
Log file: artifacts\logs\odds_polling_scheduler.log
Polling fixtures: 252
Skip fixture 22183 (Sofa=14038603): odds endpoint returned not found (Failed to fetch /event/14038603/odds/1/all: 404)
Skip fixture 22184 (Sofa=14167189): odds endpoint returned not found (Failed to fetch /event/14167189/odds/1/all: 404)
Skip fixture 22185 (Sofa=14038606): odds endpoint returned not found (Failed to fetch /event/14038606/odds/1/all: 404)
Skip fixture 22186 (Sofa=14038610): odds endpoint returned not found (Failed to fetch /event/14038610/odds/1/all: 404)
Skip fixture 22187 (Sofa=14038607): odds endpoint returned not found (Failed to fetch /event/14038607/odds/1/all: 404)
Skip fixture 22188 (Sofa=14038608): odds endpoint returned not found (Failed to fetch /event/14038608/odds/1/all: 404)
Skip fixture 22189 (Sofa=14038612): odds endpoint returned not found (Failed to fetch /event/14038612/odds/1/all: 404)
Skip fixture 22596 (Sofa=15204334): odds endpoint returned not found (Failed to fetch /event/15204334/odds/1/all: 404)
Skip fixture 22595 (Sofa=15204333): odds endpoint returned not found (Failed to fetch /event/15204333/odds/1/all: 404)
Skip fixture 22190 (Sofa=14038604): odds endpoint returned not found (Failed to fetch /event/14038604/odds/1/all: 404)
Inserted 166 odds snapshot rows.
Log file: artifacts\logs\odds_polling_scheduler.log
Polling fixtures: 256
Skip fixture 22183 (Sofa=14038603): odds endpoint returned not found (Failed to fetch /event/14038603/odds/1/all: 404)
Skip fixture 22184 (Sofa=14167189): odds endpoint returned not found (Failed to fetch /event/14167189/odds/1/all: 404)
Skip fixture 22185 (Sofa=14038606): odds endpoint returned not found (Failed to fetch /event/14038606/odds/1/all: 404)
Skip fixture 22186 (Sofa=14038610): odds endpoint returned not found (Failed to fetch /event/14038610/odds/1/all: 404)
Skip fixture 22187 (Sofa=14038607): odds endpoint returned not found (Failed to fetch /event/14038607/odds/1/all: 404)
Skip fixture 22188 (Sofa=14038608): odds endpoint returned not found (Failed to fetch /event/14038608/odds/1/all: 404)
Skip fixture 22189 (Sofa=14038612): odds endpoint returned not found (Failed to fetch /event/14038612/odds/1/all: 404)
Skip fixture 22595 (Sofa=15204333): odds endpoint returned not found (Failed to fetch /event/15204333/odds/1/all: 404)
Skip fixture 22596 (Sofa=15204334): odds endpoint returned not found (Failed to fetch /event/15204334/odds/1/all: 404)
Skip fixture 22190 (Sofa=14038604): odds endpoint returned not found (Failed to fetch /event/14038604/odds/1/all: 404)
Inserted 225 odds snapshot rows.
Log file: artifacts\logs\odds_polling_scheduler.log
Polling fixtures: 259
Skip fixture 22183 (Sofa=14038603): odds endpoint returned not found (Failed to fetch /event/14038603/odds/1/all: 404)
Skip fixture 22184 (Sofa=14167189): odds endpoint returned not found (Failed to fetch /event/14167189/odds/1/all: 404)
Skip fixture 22185 (Sofa=14038606): odds endpoint returned not found (Failed to fetch /event/14038606/odds/1/all: 404)
Skip fixture 22186 (Sofa=14038610): odds endpoint returned not found (Failed to fetch /event/14038610/odds/1/all: 404)
Skip fixture 22187 (Sofa=14038607): odds endpoint returned not found (Failed to fetch /event/14038607/odds/1/all: 404)
Skip fixture 22188 (Sofa=14038608): odds endpoint returned not found (Failed to fetch /event/14038608/odds/1/all: 404)
Skip fixture 22189 (Sofa=14038612): odds endpoint returned not found (Failed to fetch /event/14038612/odds/1/all: 404)
Skip fixture 22596 (Sofa=15204334): odds endpoint returned not found (Failed to fetch /event/15204334/odds/1/all: 404)
Skip fixture 22595 (Sofa=15204333): odds endpoint returned not found (Failed to fetch /event/15204333/odds/1/all: 404)
Skip fixture 22190 (Sofa=14038604): odds endpoint returned not found (Failed to fetch /event/14038604/odds/1/all: 404)
Inserted 37 odds snapshot rows.
Log file: artifacts\logs\odds_polling_scheduler.log
Polling fixtures: 261
Skip fixture 22183 (Sofa=14038603): odds endpoint returned not found (Failed to fetch /event/14038603/odds/1/all: 404)
Skip fixture 22184 (Sofa=14167189): odds endpoint returned not found (Failed to fetch /event/14167189/odds/1/all: 404)
Skip fixture 22185 (Sofa=14038606): odds endpoint returned not found (Failed to fetch /event/14038606/odds/1/all: 404)
Skip fixture 22186 (Sofa=14038610): odds endpoint returned not found (Failed to fetch /event/14038610/odds/1/all: 404)
Skip fixture 22187 (Sofa=14038607): odds endpoint returned not found (Failed to fetch /event/14038607/odds/1/all: 404)
Skip fixture 22188 (Sofa=14038608): odds endpoint returned not found (Failed to fetch /event/14038608/odds/1/all: 404)
Skip fixture 22189 (Sofa=14038612): odds endpoint returned not found (Failed to fetch /event/14038612/odds/1/all: 404)
Skip fixture 22595 (Sofa=15204333): odds endpoint returned not found (Failed to fetch /event/15204333/odds/1/all: 404)
Skip fixture 22596 (Sofa=15204334): odds endpoint returned not found (Failed to fetch /event/15204334/odds/1/all: 404)
Skip fixture 22190 (Sofa=14038604): odds endpoint returned not found (Failed to fetch /event/14038604/odds/1/all: 404)
Inserted 251 odds snapshot rows.
Log file: artifacts\logs\odds_polling_scheduler.log
Polling fixtures: 261
Skip fixture 22183 (Sofa=14038603): odds endpoint returned not found (Failed to fetch /event/14038603/odds/1/all: 404)
Skip fixture 22184 (Sofa=14167189): odds endpoint returned not found (Failed to fetch /event/14167189/odds/1/all: 404)
Skip fixture 22185 (Sofa=14038606): odds endpoint returned not found (Failed to fetch /event/14038606/odds/1/all: 404)
Skip fixture 22186 (Sofa=14038610): odds endpoint returned not found (Failed to fetch /event/14038610/odds/1/all: 404)
Skip fixture 22187 (Sofa=14038607): odds endpoint returned not found (Failed to fetch /event/14038607/odds/1/all: 404)
Skip fixture 22188 (Sofa=14038608): odds endpoint returned not found (Failed to fetch /event/14038608/odds/1/all: 404)
Skip fixture 22189 (Sofa=14038612): odds endpoint returned not found (Failed to fetch /event/14038612/odds/1/all: 404)
Skip fixture 22190 (Sofa=14038604): odds endpoint returned not found (Failed to fetch /event/14038604/odds/1/all: 404)
Inserted 2 odds snapshot rows.
Log file: artifacts\logs\odds_polling_scheduler.log
Polling fixtures: 265
Skip fixture 22183 (Sofa=14038603): odds endpoint returned not found (Failed to fetch /event/14038603/odds/1/all: 404)
Skip fixture 22184 (Sofa=14167189): odds endpoint returned not found (Failed to fetch /event/14167189/odds/1/all: 404)
Skip fixture 22185 (Sofa=14038606): odds endpoint returned not found (Failed to fetch /event/14038606/odds/1/all: 404)
Skip fixture 22186 (Sofa=14038610): odds endpoint returned not found (Failed to fetch /event/14038610/odds/1/all: 404)
Skip fixture 22187 (Sofa=14038607): odds endpoint returned not found (Failed to fetch /event/14038607/odds/1/all: 404)
Skip fixture 22188 (Sofa=14038608): odds endpoint returned not found (Failed to fetch /event/14038608/odds/1/all: 404)
Skip fixture 22189 (Sofa=14038612): odds endpoint returned not found (Failed to fetch /event/14038612/odds/1/all: 404)
Skip fixture 22190 (Sofa=14038604): odds endpoint returned not found (Failed to fetch /event/14038604/odds/1/all: 404)
Inserted 236 odds snapshot rows.
Log file: artifacts\logs\odds_polling_scheduler.log
Polling fixtures: 266
Skip fixture 22183 (Sofa=14038603): odds endpoint returned not found (Failed to fetch /event/14038603/odds/1/all: 404)
Skip fixture 22184 (Sofa=14167189): odds endpoint returned not found (Failed to fetch /event/14167189/odds/1/all: 404)
Skip fixture 22185 (Sofa=14038606): odds endpoint returned not found (Failed to fetch /event/14038606/odds/1/all: 404)
Skip fixture 22186 (Sofa=14038610): odds endpoint returned not found (Failed to fetch /event/14038610/odds/1/all: 404)
Skip fixture 22187 (Sofa=14038607): odds endpoint returned not found (Failed to fetch /event/14038607/odds/1/all: 404)
Skip fixture 22188 (Sofa=14038608): odds endpoint returned not found (Failed to fetch /event/14038608/odds/1/all: 404)
Skip fixture 22189 (Sofa=14038612): odds endpoint returned not found (Failed to fetch /event/14038612/odds/1/all: 404)
Skip fixture 22190 (Sofa=14038604): odds endpoint returned not found (Failed to fetch /event/14038604/odds/1/all: 404)
Inserted 2735 odds snapshot rows.
Log file: artifacts\logs\odds_polling_scheduler.log
Polling fixtures: 267
Skip fixture 22183 (Sofa=14038603): odds endpoint returned not found (Failed to fetch /event/14038603/odds/1/all: 404)
Skip fixture 22184 (Sofa=14167189): odds endpoint returned not found (Failed to fetch /event/14167189/odds/1/all: 404)
Skip fixture 22185 (Sofa=14038606): odds endpoint returned not found (Failed to fetch /event/14038606/odds/1/all: 404)
Skip fixture 22186 (Sofa=14038610): odds endpoint returned not found (Failed to fetch /event/14038610/odds/1/all: 404)
Skip fixture 22187 (Sofa=14038607): odds endpoint returned not found (Failed to fetch /event/14038607/odds/1/all: 404)
Skip fixture 22188 (Sofa=14038608): odds endpoint returned not found (Failed to fetch /event/14038608/odds/1/all: 404)
Skip fixture 22189 (Sofa=14038612): odds endpoint returned not found (Failed to fetch /event/14038612/odds/1/all: 404)
Skip fixture 22190 (Sofa=14038604): odds endpoint returned not found (Failed to fetch /event/14038604/odds/1/all: 404)
Inserted 162 odds snapshot rows.
Log file: artifacts\logs\odds_polling_scheduler.log
Polling fixtures: 260
Skip fixture 22183 (Sofa=14038603): odds endpoint returned not found (Failed to fetch /event/14038603/odds/1/all: 404)
Skip fixture 22184 (Sofa=14167189): odds endpoint returned not found (Failed to fetch /event/14167189/odds/1/all: 404)
Skip fixture 22185 (Sofa=14038606): odds endpoint returned not found (Failed to fetch /event/14038606/odds/1/all: 404)
Skip fixture 22186 (Sofa=14038610): odds endpoint returned not found (Failed to fetch /event/14038610/odds/1/all: 404)
Skip fixture 22187 (Sofa=14038607): odds endpoint returned not found (Failed to fetch /event/14038607/odds/1/all: 404)
Skip fixture 22188 (Sofa=14038608): odds endpoint returned not found (Failed to fetch /event/14038608/odds/1/all: 404)
Skip fixture 22189 (Sofa=14038612): odds endpoint returned not found (Failed to fetch /event/14038612/odds/1/all: 404)
Skip fixture 22190 (Sofa=14038604): odds endpoint returned not found (Failed to fetch /event/14038604/odds/1/all: 404)
Inserted 243 odds snapshot rows.
Log file: artifacts\logs\odds_polling_scheduler.log
Polling fixtures: 262
Skip fixture 22183 (Sofa=14038603): odds endpoint returned not found (Failed to fetch /event/14038603/odds/1/all: 404)
Skip fixture 22184 (Sofa=14167189): odds endpoint returned not found (Failed to fetch /event/14167189/odds/1/all: 404)
Skip fixture 22185 (Sofa=14038606): odds endpoint returned not found (Failed to fetch /event/14038606/odds/1/all: 404)
Skip fixture 22186 (Sofa=14038610): odds endpoint returned not found (Failed to fetch /event/14038610/odds/1/all: 404)
Skip fixture 22187 (Sofa=14038607): odds endpoint returned not found (Failed to fetch /event/14038607/odds/1/all: 404)
Skip fixture 22188 (Sofa=14038608): odds endpoint returned not found (Failed to fetch /event/14038608/odds/1/all: 404)
Skip fixture 22189 (Sofa=14038612): odds endpoint returned not found (Failed to fetch /event/14038612/odds/1/all: 404)
Skip fixture 22190 (Sofa=14038604): odds endpoint returned not found (Failed to fetch /event/14038604/odds/1/all: 404)
Inserted 67 odds snapshot rows.
Log file: artifacts\logs\odds_polling_scheduler.log
Polling fixtures: 262
Skip fixture 22183 (Sofa=14038603): odds endpoint returned not found (Failed to fetch /event/14038603/odds/1/all: 404)
Skip fixture 22184 (Sofa=14167189): odds endpoint returned not found (Failed to fetch /event/14167189/odds/1/all: 404)
Skip fixture 22185 (Sofa=14038606): odds endpoint returned not found (Failed to fetch /event/14038606/odds/1/all: 404)
Skip fixture 22186 (Sofa=14038610): odds endpoint returned not found (Failed to fetch /event/14038610/odds/1/all: 404)
Skip fixture 22187 (Sofa=14038607): odds endpoint returned not found (Failed to fetch /event/14038607/odds/1/all: 404)
Skip fixture 22188 (Sofa=14038608): odds endpoint returned not found (Failed to fetch /event/14038608/odds/1/all: 404)
Skip fixture 22189 (Sofa=14038612): odds endpoint returned not found (Failed to fetch /event/14038612/odds/1/all: 404)
Skip fixture 22190 (Sofa=14038604): odds endpoint returned not found (Failed to fetch /event/14038604/odds/1/all: 404)
Inserted 216 odds snapshot rows.
Log file: artifacts\logs\odds_polling_scheduler.log
Polling fixtures: 264
Skip fixture 22183 (Sofa=14038603): odds endpoint returned not found (Failed to fetch /event/14038603/odds/1/all: 404)
Skip fixture 22184 (Sofa=14167189): odds endpoint returned not found (Failed to fetch /event/14167189/odds/1/all: 404)
Skip fixture 22185 (Sofa=14038606): odds endpoint returned not found (Failed to fetch /event/14038606/odds/1/all: 404)
Skip fixture 22186 (Sofa=14038610): odds endpoint returned not found (Failed to fetch /event/14038610/odds/1/all: 404)
Skip fixture 22187 (Sofa=14038607): odds endpoint returned not found (Failed to fetch /event/14038607/odds/1/all: 404)
Skip fixture 22188 (Sofa=14038608): odds endpoint returned not found (Failed to fetch /event/14038608/odds/1/all: 404)
Skip fixture 22189 (Sofa=14038612): odds endpoint returned not found (Failed to fetch /event/14038612/odds/1/all: 404)
Skip fixture 22190 (Sofa=14038604): odds endpoint returned not found (Failed to fetch /event/14038604/odds/1/all: 404)
Inserted 68 odds snapshot rows.
Log file: artifacts\logs\odds_polling_scheduler.log
Polling fixtures: 266
Skip fixture 22183 (Sofa=14038603): odds endpoint returned not found (Failed to fetch /event/14038603/odds/1/all: 404)
Skip fixture 22184 (Sofa=14167189): odds endpoint returned not found (Failed to fetch /event/14167189/odds/1/all: 404)
Skip fixture 22185 (Sofa=14038606): odds endpoint returned not found (Failed to fetch /event/14038606/odds/1/all: 404)
Skip fixture 22186 (Sofa=14038610): odds endpoint returned not found (Failed to fetch /event/14038610/odds/1/all: 404)
Skip fixture 22187 (Sofa=14038607): odds endpoint returned not found (Failed to fetch /event/14038607/odds/1/all: 404)
Skip fixture 22188 (Sofa=14038608): odds endpoint returned not found (Failed to fetch /event/14038608/odds/1/all: 404)
Skip fixture 22189 (Sofa=14038612): odds endpoint returned not found (Failed to fetch /event/14038612/odds/1/all: 404)
Skip fixture 22190 (Sofa=14038604): odds endpoint returned not found (Failed to fetch /event/14038604/odds/1/all: 404)
Inserted 179 odds snapshot rows.
Log file: artifacts\logs\odds_polling_scheduler.log
Polling fixtures: 266
Skip fixture 22183 (Sofa=14038603): odds endpoint returned not found (Failed to fetch /event/14038603/odds/1/all: 404)
Skip fixture 22184 (Sofa=14167189): odds endpoint returned not found (Failed to fetch /event/14167189/odds/1/all: 404)
Skip fixture 22185 (Sofa=14038606): odds endpoint returned not found (Failed to fetch /event/14038606/odds/1/all: 404)
Skip fixture 22186 (Sofa=14038610): odds endpoint returned not found (Failed to fetch /event/14038610/odds/1/all: 404)
Skip fixture 22187 (Sofa=14038607): odds endpoint returned not found (Failed to fetch /event/14038607/odds/1/all: 404)
Skip fixture 22188 (Sofa=14038608): odds endpoint returned not found (Failed to fetch /event/14038608/odds/1/all: 404)
Skip fixture 22189 (Sofa=14038612): odds endpoint returned not found (Failed to fetch /event/14038612/odds/1/all: 404)
Skip fixture 22190 (Sofa=14038604): odds endpoint returned not found (Failed to fetch /event/14038604/odds/1/all: 404)
Inserted 2729 odds snapshot rows.
Log file: artifacts\logs\odds_polling_scheduler.log
Polling fixtures: 266
Skip fixture 22183 (Sofa=14038603): odds endpoint returned not found (Failed to fetch /event/14038603/odds/1/all: 404)
Skip fixture 22184 (Sofa=14167189): odds endpoint returned not found (Failed to fetch /event/14167189/odds/1/all: 404)
Skip fixture 22185 (Sofa=14038606): odds endpoint returned not found (Failed to fetch /event/14038606/odds/1/all: 404)
Skip fixture 22186 (Sofa=14038610): odds endpoint returned not found (Failed to fetch /event/14038610/odds/1/all: 404)
Skip fixture 22187 (Sofa=14038607): odds endpoint returned not found (Failed to fetch /event/14038607/odds/1/all: 404)
Skip fixture 22188 (Sofa=14038608): odds endpoint returned not found (Failed to fetch /event/14038608/odds/1/all: 404)
Skip fixture 22189 (Sofa=14038612): odds endpoint returned not found (Failed to fetch /event/14038612/odds/1/all: 404)
Skip fixture 22190 (Sofa=14038604): odds endpoint returned not found (Failed to fetch /event/14038604/odds/1/all: 404)
Inserted 67 odds snapshot rows.
Log file: artifacts\logs\odds_polling_scheduler.log
Polling fixtures: 258
Skip fixture 22183 (Sofa=14038603): odds endpoint returned not found (Failed to fetch /event/14038603/odds/1/all: 404)
Skip fixture 22184 (Sofa=14167189): odds endpoint returned not found (Failed to fetch /event/14167189/odds/1/all: 404)
Skip fixture 22185 (Sofa=14038606): odds endpoint returned not found (Failed to fetch /event/14038606/odds/1/all: 404)
Skip fixture 22186 (Sofa=14038610): odds endpoint returned not found (Failed to fetch /event/14038610/odds/1/all: 404)
Skip fixture 22187 (Sofa=14038607): odds endpoint returned not found (Failed to fetch /event/14038607/odds/1/all: 404)
Skip fixture 22188 (Sofa=14038608): odds endpoint returned not found (Failed to fetch /event/14038608/odds/1/all: 404)
Skip fixture 22189 (Sofa=14038612): odds endpoint returned not found (Failed to fetch /event/14038612/odds/1/all: 404)
Skip fixture 22190 (Sofa=14038604): odds endpoint returned not found (Failed to fetch /event/14038604/odds/1/all: 404)
Inserted 201 odds snapshot rows.
Log file: artifacts\logs\odds_polling_scheduler.log
Polling fixtures: 258
Skip fixture 22183 (Sofa=14038603): odds endpoint returned not found (Failed to fetch /event/14038603/odds/1/all: 404)
Skip fixture 22184 (Sofa=14167189): odds endpoint returned not found (Failed to fetch /event/14167189/odds/1/all: 404)
Skip fixture 22185 (Sofa=14038606): odds endpoint returned not found (Failed to fetch /event/14038606/odds/1/all: 404)
Skip fixture 22186 (Sofa=14038610): odds endpoint returned not found (Failed to fetch /event/14038610/odds/1/all: 404)
Skip fixture 22187 (Sofa=14038607): odds endpoint returned not found (Failed to fetch /event/14038607/odds/1/all: 404)
Skip fixture 22188 (Sofa=14038608): odds endpoint returned not found (Failed to fetch /event/14038608/odds/1/all: 404)
Skip fixture 22189 (Sofa=14038612): odds endpoint returned not found (Failed to fetch /event/14038612/odds/1/all: 404)
Skip fixture 22190 (Sofa=14038604): odds endpoint returned not found (Failed to fetch /event/14038604/odds/1/all: 404)
Inserted 0 odds snapshot rows.
Log file: artifacts\logs\odds_polling_scheduler.log
Polling fixtures: 259
Skip fixture 22183 (Sofa=14038603): odds endpoint returned not found (Failed to fetch /event/14038603/odds/1/all: 404)
Skip fixture 22184 (Sofa=14167189): odds endpoint returned not found (Failed to fetch /event/14167189/odds/1/all: 404)
Skip fixture 22185 (Sofa=14038606): odds endpoint returned not found (Failed to fetch /event/14038606/odds/1/all: 404)
Skip fixture 22186 (Sofa=14038610): odds endpoint returned not found (Failed to fetch /event/14038610/odds/1/all: 404)
Skip fixture 22187 (Sofa=14038607): odds endpoint returned not found (Failed to fetch /event/14038607/odds/1/all: 404)
Skip fixture 22188 (Sofa=14038608): odds endpoint returned not found (Failed to fetch /event/14038608/odds/1/all: 404)
Skip fixture 22189 (Sofa=14038612): odds endpoint returned not found (Failed to fetch /event/14038612/odds/1/all: 404)
Skip fixture 22190 (Sofa=14038604): odds endpoint returned not found (Failed to fetch /event/14038604/odds/1/all: 404)
Inserted 188 odds snapshot rows.
Log file: artifacts\logs\odds_polling_scheduler.log
Polling fixtures: 259
Skip fixture 22183 (Sofa=14038603): odds endpoint returned not found (Failed to fetch /event/14038603/odds/1/all: 404)
Skip fixture 22184 (Sofa=14167189): odds endpoint returned not found (Failed to fetch /event/14167189/odds/1/all: 404)
Skip fixture 22185 (Sofa=14038606): odds endpoint returned not found (Failed to fetch /event/14038606/odds/1/all: 404)
Skip fixture 22186 (Sofa=14038610): odds endpoint returned not found (Failed to fetch /event/14038610/odds/1/all: 404)
Skip fixture 22187 (Sofa=14038607): odds endpoint returned not found (Failed to fetch /event/14038607/odds/1/all: 404)
Skip fixture 22188 (Sofa=14038608): odds endpoint returned not found (Failed to fetch /event/14038608/odds/1/all: 404)
Skip fixture 22189 (Sofa=14038612): odds endpoint returned not found (Failed to fetch /event/14038612/odds/1/all: 404)
Skip fixture 22190 (Sofa=14038604): odds endpoint returned not found (Failed to fetch /event/14038604/odds/1/all: 404)
Inserted 0 odds snapshot rows.
Log file: artifacts\logs\odds_polling_scheduler.log
Polling fixtures: 259
Skip fixture 22183 (Sofa=14038603): odds endpoint returned not found (Failed to fetch /event/14038603/odds/1/all: 404)
Skip fixture 22184 (Sofa=14167189): odds endpoint returned not found (Failed to fetch /event/14167189/odds/1/all: 404)
Skip fixture 22185 (Sofa=14038606): odds endpoint returned not found (Failed to fetch /event/14038606/odds/1/all: 404)
Skip fixture 22186 (Sofa=14038610): odds endpoint returned not found (Failed to fetch /event/14038610/odds/1/all: 404)
Skip fixture 22187 (Sofa=14038607): odds endpoint returned not found (Failed to fetch /event/14038607/odds/1/all: 404)
Skip fixture 22188 (Sofa=14038608): odds endpoint returned not found (Failed to fetch /event/14038608/odds/1/all: 404)
Skip fixture 22189 (Sofa=14038612): odds endpoint returned not found (Failed to fetch /event/14038612/odds/1/all: 404)
Skip fixture 22190 (Sofa=14038604): odds endpoint returned not found (Failed to fetch /event/14038604/odds/1/all: 404)
Inserted 111 odds snapshot rows.
Log file: artifacts\logs\odds_polling_scheduler.log
Polling fixtures: 259
Skip fixture 22183 (Sofa=14038603): odds endpoint returned not found (Failed to fetch /event/14038603/odds/1/all: 404)
Skip fixture 22184 (Sofa=14167189): odds endpoint returned not found (Failed to fetch /event/14167189/odds/1/all: 404)
Skip fixture 22185 (Sofa=14038606): odds endpoint returned not found (Failed to fetch /event/14038606/odds/1/all: 404)
Skip fixture 22186 (Sofa=14038610): odds endpoint returned not found (Failed to fetch /event/14038610/odds/1/all: 404)
Skip fixture 22187 (Sofa=14038607): odds endpoint returned not found (Failed to fetch /event/14038607/odds/1/all: 404)
Skip fixture 22188 (Sofa=14038608): odds endpoint returned not found (Failed to fetch /event/14038608/odds/1/all: 404)
Skip fixture 22189 (Sofa=14038612): odds endpoint returned not found (Failed to fetch /event/14038612/odds/1/all: 404)
Skip fixture 22190 (Sofa=14038604): odds endpoint returned not found (Failed to fetch /event/14038604/odds/1/all: 404)
Inserted 2686 odds snapshot rows.
Log file: artifacts\logs\odds_polling_scheduler.log
Polling fixtures: 259
Skip fixture 22183 (Sofa=14038603): odds endpoint returned not found (Failed to fetch /event/14038603/odds/1/all: 404)
Skip fixture 22184 (Sofa=14167189): odds endpoint returned not found (Failed to fetch /event/14167189/odds/1/all: 404)
Skip fixture 22185 (Sofa=14038606): odds endpoint returned not found (Failed to fetch /event/14038606/odds/1/all: 404)
Skip fixture 22186 (Sofa=14038610): odds endpoint returned not found (Failed to fetch /event/14038610/odds/1/all: 404)
Skip fixture 22187 (Sofa=14038607): odds endpoint returned not found (Failed to fetch /event/14038607/odds/1/all: 404)
Skip fixture 22188 (Sofa=14038608): odds endpoint returned not found (Failed to fetch /event/14038608/odds/1/all: 404)
Skip fixture 22189 (Sofa=14038612): odds endpoint returned not found (Failed to fetch /event/14038612/odds/1/all: 404)
Skip fixture 22190 (Sofa=14038604): odds endpoint returned not found (Failed to fetch /event/14038604/odds/1/all: 404)
Inserted 0 odds snapshot rows.
Log file: artifacts\logs\odds_polling_scheduler.log
Polling fixtures: 259
Skip fixture 22183 (Sofa=14038603): odds endpoint returned not found (Failed to fetch /event/14038603/odds/1/all: 404)
Skip fixture 22184 (Sofa=14167189): odds endpoint returned not found (Failed to fetch /event/14167189/odds/1/all: 404)
Skip fixture 22185 (Sofa=14038606): odds endpoint returned not found (Failed to fetch /event/14038606/odds/1/all: 404)
Skip fixture 22186 (Sofa=14038610): odds endpoint returned not found (Failed to fetch /event/14038610/odds/1/all: 404)
Skip fixture 22187 (Sofa=14038607): odds endpoint returned not found (Failed to fetch /event/14038607/odds/1/all: 404)
Skip fixture 22188 (Sofa=14038608): odds endpoint returned not found (Failed to fetch /event/14038608/odds/1/all: 404)
Skip fixture 22189 (Sofa=14038612): odds endpoint returned not found (Failed to fetch /event/14038612/odds/1/all: 404)
Skip fixture 22190 (Sofa=14038604): odds endpoint returned not found (Failed to fetch /event/14038604/odds/1/all: 404)
Inserted 247 odds snapshot rows.
Log file: artifacts\logs\odds_polling_scheduler.log
Polling fixtures: 259
Skip fixture 22183 (Sofa=14038603): odds endpoint returned not found (Failed to fetch /event/14038603/odds/1/all: 404)
Skip fixture 22184 (Sofa=14167189): odds endpoint returned not found (Failed to fetch /event/14167189/odds/1/all: 404)
Skip fixture 22185 (Sofa=14038606): odds endpoint returned not found (Failed to fetch /event/14038606/odds/1/all: 404)
Skip fixture 22186 (Sofa=14038610): odds endpoint returned not found (Failed to fetch /event/14038610/odds/1/all: 404)
Skip fixture 22187 (Sofa=14038607): odds endpoint returned not found (Failed to fetch /event/14038607/odds/1/all: 404)
Skip fixture 22188 (Sofa=14038608): odds endpoint returned not found (Failed to fetch /event/14038608/odds/1/all: 404)
Skip fixture 22189 (Sofa=14038612): odds endpoint returned not found (Failed to fetch /event/14038612/odds/1/all: 404)
Skip fixture 22190 (Sofa=14038604): odds endpoint returned not found (Failed to fetch /event/14038604/odds/1/all: 404)
Inserted 0 odds snapshot rows.
Log file: artifacts\logs\odds_polling_scheduler.log
Polling fixtures: 259
Skip fixture 22183 (Sofa=14038603): odds endpoint returned not found (Failed to fetch /event/14038603/odds/1/all: 404)
Skip fixture 22184 (Sofa=14167189): odds endpoint returned not found (Failed to fetch /event/14167189/odds/1/all: 404)
Skip fixture 22185 (Sofa=14038606): odds endpoint returned not found (Failed to fetch /event/14038606/odds/1/all: 404)
Skip fixture 22186 (Sofa=14038610): odds endpoint returned not found (Failed to fetch /event/14038610/odds/1/all: 404)
Skip fixture 22187 (Sofa=14038607): odds endpoint returned not found (Failed to fetch /event/14038607/odds/1/all: 404)
Skip fixture 22188 (Sofa=14038608): odds endpoint returned not found (Failed to fetch /event/14038608/odds/1/all: 404)
Skip fixture 22189 (Sofa=14038612): odds endpoint returned not found (Failed to fetch /event/14038612/odds/1/all: 404)
Skip fixture 22190 (Sofa=14038604): odds endpoint returned not found (Failed to fetch /event/14038604/odds/1/all: 404)
Inserted 233 odds snapshot rows.
Log file: artifacts\logs\odds_polling_scheduler.log
Polling fixtures: 259
Skip fixture 22183 (Sofa=14038603): odds endpoint returned not found (Failed to fetch /event/14038603/odds/1/all: 404)
Skip fixture 22184 (Sofa=14167189): odds endpoint returned not found (Failed to fetch /event/14167189/odds/1/all: 404)
Skip fixture 22185 (Sofa=14038606): odds endpoint returned not found (Failed to fetch /event/14038606/odds/1/all: 404)
Skip fixture 22186 (Sofa=14038610): odds endpoint returned not found (Failed to fetch /event/14038610/odds/1/all: 404)
Skip fixture 22187 (Sofa=14038607): odds endpoint returned not found (Failed to fetch /event/14038607/odds/1/all: 404)
Skip fixture 22188 (Sofa=14038608): odds endpoint returned not found (Failed to fetch /event/14038608/odds/1/all: 404)
Skip fixture 22189 (Sofa=14038612): odds endpoint returned not found (Failed to fetch /event/14038612/odds/1/all: 404)
Skip fixture 22190 (Sofa=14038604): odds endpoint returned not found (Failed to fetch /event/14038604/odds/1/all: 404)
Inserted 0 odds snapshot rows.
Log file: artifacts\logs\odds_polling_scheduler.log
Polling fixtures: 259
Skip fixture 22183 (Sofa=14038603): odds endpoint returned not found (Failed to fetch /event/14038603/odds/1/all: 404)
Skip fixture 22184 (Sofa=14167189): odds endpoint returned not found (Failed to fetch /event/14167189/odds/1/all: 404)
Skip fixture 22185 (Sofa=14038606): odds endpoint returned not found (Failed to fetch /event/14038606/odds/1/all: 404)
Skip fixture 22186 (Sofa=14038610): odds endpoint returned not found (Failed to fetch /event/14038610/odds/1/all: 404)
Skip fixture 22187 (Sofa=14038607): odds endpoint returned not found (Failed to fetch /event/14038607/odds/1/all: 404)
Skip fixture 22188 (Sofa=14038608): odds endpoint returned not found (Failed to fetch /event/14038608/odds/1/all: 404)
Skip fixture 22189 (Sofa=14038612): odds endpoint returned not found (Failed to fetch /event/14038612/odds/1/all: 404)
Skip fixture 22190 (Sofa=14038604): odds endpoint returned not found (Failed to fetch /event/14038604/odds/1/all: 404)
Inserted 156 odds snapshot rows.
Log file: artifacts\logs\odds_polling_scheduler.log
Polling fixtures: 259
Skip fixture 22183 (Sofa=14038603): odds endpoint returned not found (Failed to fetch /event/14038603/odds/1/all: 404)
Skip fixture 22184 (Sofa=14167189): odds endpoint returned not found (Failed to fetch /event/14167189/odds/1/all: 404)
Skip fixture 22185 (Sofa=14038606): odds endpoint returned not found (Failed to fetch /event/14038606/odds/1/all: 404)
Skip fixture 22186 (Sofa=14038610): odds endpoint returned not found (Failed to fetch /event/14038610/odds/1/all: 404)
Skip fixture 22187 (Sofa=14038607): odds endpoint returned not found (Failed to fetch /event/14038607/odds/1/all: 404)
Skip fixture 22188 (Sofa=14038608): odds endpoint returned not found (Failed to fetch /event/14038608/odds/1/all: 404)
Skip fixture 22189 (Sofa=14038612): odds endpoint returned not found (Failed to fetch /event/14038612/odds/1/all: 404)
Skip fixture 22190 (Sofa=14038604): odds endpoint returned not found (Failed to fetch /event/14038604/odds/1/all: 404)
Inserted 2635 odds snapshot rows.
Log file: artifacts\logs\odds_polling_scheduler.log
Polling fixtures: 259
Skip fixture 22183 (Sofa=14038603): odds endpoint returned not found (Failed to fetch /event/14038603/odds/1/all: 404)
Skip fixture 22184 (Sofa=14167189): odds endpoint returned not found (Failed to fetch /event/14167189/odds/1/all: 404)
Skip fixture 22185 (Sofa=14038606): odds endpoint returned not found (Failed to fetch /event/14038606/odds/1/all: 404)
Skip fixture 22186 (Sofa=14038610): odds endpoint returned not found (Failed to fetch /event/14038610/odds/1/all: 404)
Skip fixture 22187 (Sofa=14038607): odds endpoint returned not found (Failed to fetch /event/14038607/odds/1/all: 404)
Skip fixture 22188 (Sofa=14038608): odds endpoint returned not found (Failed to fetch /event/14038608/odds/1/all: 404)
Skip fixture 22189 (Sofa=14038612): odds endpoint returned not found (Failed to fetch /event/14038612/odds/1/all: 404)
Skip fixture 22190 (Sofa=14038604): odds endpoint returned not found (Failed to fetch /event/14038604/odds/1/all: 404)
Inserted 51 odds snapshot rows.
Log file: artifacts\logs\odds_polling_scheduler.log
Polling fixtures: 259
Skip fixture 22183 (Sofa=14038603): odds endpoint returned not found (Failed to fetch /event/14038603/odds/1/all: 404)
Skip fixture 22184 (Sofa=14167189): odds endpoint returned not found (Failed to fetch /event/14167189/odds/1/all: 404)
Skip fixture 22185 (Sofa=14038606): odds endpoint returned not found (Failed to fetch /event/14038606/odds/1/all: 404)
Skip fixture 22186 (Sofa=14038610): odds endpoint returned not found (Failed to fetch /event/14038610/odds/1/all: 404)
Skip fixture 22187 (Sofa=14038607): odds endpoint returned not found (Failed to fetch /event/14038607/odds/1/all: 404)
Skip fixture 22188 (Sofa=14038608): odds endpoint returned not found (Failed to fetch /event/14038608/odds/1/all: 404)
Skip fixture 22189 (Sofa=14038612): odds endpoint returned not found (Failed to fetch /event/14038612/odds/1/all: 404)
Skip fixture 22190 (Sofa=14038604): odds endpoint returned not found (Failed to fetch /event/14038604/odds/1/all: 404)
Inserted 201 odds snapshot rows.
Log file: artifacts\logs\odds_polling_scheduler.log
Polling fixtures: 255
Skip fixture 22183 (Sofa=14038603): odds endpoint returned not found (Failed to fetch /event/14038603/odds/1/all: 404)
Skip fixture 22184 (Sofa=14167189): odds endpoint returned not found (Failed to fetch /event/14167189/odds/1/all: 404)
Skip fixture 22185 (Sofa=14038606): odds endpoint returned not found (Failed to fetch /event/14038606/odds/1/all: 404)
Skip fixture 22186 (Sofa=14038610): odds endpoint returned not found (Failed to fetch /event/14038610/odds/1/all: 404)
Skip fixture 22187 (Sofa=14038607): odds endpoint returned not found (Failed to fetch /event/14038607/odds/1/all: 404)
Skip fixture 22188 (Sofa=14038608): odds endpoint returned not found (Failed to fetch /event/14038608/odds/1/all: 404)
Skip fixture 22189 (Sofa=14038612): odds endpoint returned not found (Failed to fetch /event/14038612/odds/1/all: 404)
Skip fixture 22190 (Sofa=14038604): odds endpoint returned not found (Failed to fetch /event/14038604/odds/1/all: 404)
Inserted 0 odds snapshot rows.
Log file: artifacts\logs\odds_polling_scheduler.log
Polling fixtures: 255
Skip fixture 22183 (Sofa=14038603): odds endpoint returned not found (Failed to fetch /event/14038603/odds/1/all: 404)
Skip fixture 22184 (Sofa=14167189): odds endpoint returned not found (Failed to fetch /event/14167189/odds/1/all: 404)
Skip fixture 22185 (Sofa=14038606): odds endpoint returned not found (Failed to fetch /event/14038606/odds/1/all: 404)
Skip fixture 22186 (Sofa=14038610): odds endpoint returned not found (Failed to fetch /event/14038610/odds/1/all: 404)
Skip fixture 22187 (Sofa=14038607): odds endpoint returned not found (Failed to fetch /event/14038607/odds/1/all: 404)
Skip fixture 22188 (Sofa=14038608): odds endpoint returned not found (Failed to fetch /event/14038608/odds/1/all: 404)
Skip fixture 22189 (Sofa=14038612): odds endpoint returned not found (Failed to fetch /event/14038612/odds/1/all: 404)
Skip fixture 22190 (Sofa=14038604): odds endpoint returned not found (Failed to fetch /event/14038604/odds/1/all: 404)
Odds polling failed: could not extend file because project size limit (512 MB) has been exceeded
HINT:  This limit is defined by neon.max_cluster_size GUC

Log file: artifacts\logs\odds_polling_scheduler.log
Polling fixtures: 255
Skip fixture 22183 (Sofa=14038603): odds endpoint returned not found (Failed to fetch /event/14038603/odds/1/all: 404)
Skip fixture 22184 (Sofa=14167189): odds endpoint returned not found (Failed to fetch /event/14167189/odds/1/all: 404)
Skip fixture 22185 (Sofa=14038606): odds endpoint returned not found (Failed to fetch /event/14038606/odds/1/all: 404)
Skip fixture 22186 (Sofa=14038610): odds endpoint returned not found (Failed to fetch /event/14038610/odds/1/all: 404)
Skip fixture 22187 (Sofa=14038607): odds endpoint returned not found (Failed to fetch /event/14038607/odds/1/all: 404)
Skip fixture 22188 (Sofa=14038608): odds endpoint returned not found (Failed to fetch /event/14038608/odds/1/all: 404)
Skip fixture 22189 (Sofa=14038612): odds endpoint returned not found (Failed to fetch /event/14038612/odds/1/all: 404)
Skip fixture 22190 (Sofa=14038604): odds endpoint returned not found (Failed to fetch /event/14038604/odds/1/all: 404)
Inserted 186 odds snapshot rows.
Log file: artifacts\logs\odds_polling_scheduler.log
Polling fixtures: 255
Skip fixture 22183 (Sofa=14038603): odds endpoint returned not found (Failed to fetch /event/14038603/odds/1/all: 404)
Skip fixture 22184 (Sofa=14167189): odds endpoint returned not found (Failed to fetch /event/14167189/odds/1/all: 404)
Skip fixture 22185 (Sofa=14038606): odds endpoint returned not found (Failed to fetch /event/14038606/odds/1/all: 404)
Skip fixture 22186 (Sofa=14038610): odds endpoint returned not found (Failed to fetch /event/14038610/odds/1/all: 404)
Skip fixture 22187 (Sofa=14038607): odds endpoint returned not found (Failed to fetch /event/14038607/odds/1/all: 404)
Skip fixture 22188 (Sofa=14038608): odds endpoint returned not found (Failed to fetch /event/14038608/odds/1/all: 404)
Skip fixture 22189 (Sofa=14038612): odds endpoint returned not found (Failed to fetch /event/14038612/odds/1/all: 404)
Skip fixture 22190 (Sofa=14038604): odds endpoint returned not found (Failed to fetch /event/14038604/odds/1/all: 404)
Inserted 111 odds snapshot rows.
Log file: artifacts\logs\odds_polling_scheduler.log
Polling fixtures: 255
Skip fixture 22183 (Sofa=14038603): odds endpoint returned not found (Failed to fetch /event/14038603/odds/1/all: 404)
Skip fixture 22184 (Sofa=14167189): odds endpoint returned not found (Failed to fetch /event/14167189/odds/1/all: 404)
Skip fixture 22185 (Sofa=14038606): odds endpoint returned not found (Failed to fetch /event/14038606/odds/1/all: 404)
Skip fixture 22186 (Sofa=14038610): odds endpoint returned not found (Failed to fetch /event/14038610/odds/1/all: 404)
Skip fixture 22187 (Sofa=14038607): odds endpoint returned not found (Failed to fetch /event/14038607/odds/1/all: 404)
Skip fixture 22188 (Sofa=14038608): odds endpoint returned not found (Failed to fetch /event/14038608/odds/1/all: 404)
Skip fixture 22189 (Sofa=14038612): odds endpoint returned not found (Failed to fetch /event/14038612/odds/1/all: 404)
Skip fixture 22190 (Sofa=14038604): odds endpoint returned not found (Failed to fetch /event/14038604/odds/1/all: 404)
Inserted 2635 odds snapshot rows.
Log file: artifacts\logs\odds_polling_scheduler.log
Polling fixtures: 255
Skip fixture 22183 (Sofa=14038603): odds endpoint returned not found (Failed to fetch /event/14038603/odds/1/all: 404)
Skip fixture 22184 (Sofa=14167189): odds endpoint returned not found (Failed to fetch /event/14167189/odds/1/all: 404)
Skip fixture 22185 (Sofa=14038606): odds endpoint returned not found (Failed to fetch /event/14038606/odds/1/all: 404)
Skip fixture 22186 (Sofa=14038610): odds endpoint returned not found (Failed to fetch /event/14038610/odds/1/all: 404)
Skip fixture 22187 (Sofa=14038607): odds endpoint returned not found (Failed to fetch /event/14038607/odds/1/all: 404)
Skip fixture 22188 (Sofa=14038608): odds endpoint returned not found (Failed to fetch /event/14038608/odds/1/all: 404)
Skip fixture 22189 (Sofa=14038612): odds endpoint returned not found (Failed to fetch /event/14038612/odds/1/all: 404)
Skip fixture 22190 (Sofa=14038604): odds endpoint returned not found (Failed to fetch /event/14038604/odds/1/all: 404)
Inserted 28 odds snapshot rows.
Log file: artifacts\logs\odds_polling_scheduler.log
Polling fixtures: 255
Skip fixture 22183 (Sofa=14038603): odds endpoint returned not found (Failed to fetch /event/14038603/odds/1/all: 404)
Skip fixture 22184 (Sofa=14167189): odds endpoint returned not found (Failed to fetch /event/14167189/odds/1/all: 404)
Skip fixture 22185 (Sofa=14038606): odds endpoint returned not found (Failed to fetch /event/14038606/odds/1/all: 404)
Skip fixture 22186 (Sofa=14038610): odds endpoint returned not found (Failed to fetch /event/14038610/odds/1/all: 404)
Skip fixture 22187 (Sofa=14038607): odds endpoint returned not found (Failed to fetch /event/14038607/odds/1/all: 404)
Skip fixture 22188 (Sofa=14038608): odds endpoint returned not found (Failed to fetch /event/14038608/odds/1/all: 404)
Skip fixture 22189 (Sofa=14038612): odds endpoint returned not found (Failed to fetch /event/14038612/odds/1/all: 404)
Skip fixture 22190 (Sofa=14038604): odds endpoint returned not found (Failed to fetch /event/14038604/odds/1/all: 404)
Inserted 173 odds snapshot rows.
Log file: artifacts\logs\odds_polling_scheduler.log
Polling fixtures: 255
Skip fixture 22183 (Sofa=14038603): odds endpoint returned not found (Failed to fetch /event/14038603/odds/1/all: 404)
Skip fixture 22184 (Sofa=14167189): odds endpoint returned not found (Failed to fetch /event/14167189/odds/1/all: 404)
Skip fixture 22185 (Sofa=14038606): odds endpoint returned not found (Failed to fetch /event/14038606/odds/1/all: 404)
Skip fixture 22186 (Sofa=14038610): odds endpoint returned not found (Failed to fetch /event/14038610/odds/1/all: 404)
Skip fixture 22187 (Sofa=14038607): odds endpoint returned not found (Failed to fetch /event/14038607/odds/1/all: 404)
Skip fixture 22188 (Sofa=14038608): odds endpoint returned not found (Failed to fetch /event/14038608/odds/1/all: 404)
Skip fixture 22189 (Sofa=14038612): odds endpoint returned not found (Failed to fetch /event/14038612/odds/1/all: 404)
Skip fixture 22190 (Sofa=14038604): odds endpoint returned not found (Failed to fetch /event/14038604/odds/1/all: 404)
Inserted 1 odds snapshot rows.
Log file: artifacts\logs\odds_polling_scheduler.log
Polling fixtures: 255
Skip fixture 22183 (Sofa=14038603): odds endpoint returned not found (Failed to fetch /event/14038603/odds/1/all: 404)
Skip fixture 22184 (Sofa=14167189): odds endpoint returned not found (Failed to fetch /event/14167189/odds/1/all: 404)
Skip fixture 22185 (Sofa=14038606): odds endpoint returned not found (Failed to fetch /event/14038606/odds/1/all: 404)
Skip fixture 22186 (Sofa=14038610): odds endpoint returned not found (Failed to fetch /event/14038610/odds/1/all: 404)
Skip fixture 22187 (Sofa=14038607): odds endpoint returned not found (Failed to fetch /event/14038607/odds/1/all: 404)
Skip fixture 22188 (Sofa=14038608): odds endpoint returned not found (Failed to fetch /event/14038608/odds/1/all: 404)
Skip fixture 22189 (Sofa=14038612): odds endpoint returned not found (Failed to fetch /event/14038612/odds/1/all: 404)
Skip fixture 22190 (Sofa=14038604): odds endpoint returned not found (Failed to fetch /event/14038604/odds/1/all: 404)
Inserted 1 odds snapshot rows.
Log file: artifacts\logs\odds_polling_scheduler.log
Polling fixtures: 255
Skip fixture 22183 (Sofa=14038603): odds endpoint returned not found (Failed to fetch /event/14038603/odds/1/all: 404)
Skip fixture 22184 (Sofa=14167189): odds endpoint returned not found (Failed to fetch /event/14167189/odds/1/all: 404)
Skip fixture 22185 (Sofa=14038606): odds endpoint returned not found (Failed to fetch /event/14038606/odds/1/all: 404)
Skip fixture 22186 (Sofa=14038610): odds endpoint returned not found (Failed to fetch /event/14038610/odds/1/all: 404)
Skip fixture 22187 (Sofa=14038607): odds endpoint returned not found (Failed to fetch /event/14038607/odds/1/all: 404)
Skip fixture 22188 (Sofa=14038608): odds endpoint returned not found (Failed to fetch /event/14038608/odds/1/all: 404)
Skip fixture 22189 (Sofa=14038612): odds endpoint returned not found (Failed to fetch /event/14038612/odds/1/all: 404)
Skip fixture 22190 (Sofa=14038604): odds endpoint returned not found (Failed to fetch /event/14038604/odds/1/all: 404)
Inserted 261 odds snapshot rows.
Log file: artifacts\logs\odds_polling_scheduler.log
Polling fixtures: 255
Skip fixture 22183 (Sofa=14038603): odds endpoint returned not found (Failed to fetch /event/14038603/odds/1/all: 404)
Skip fixture 22184 (Sofa=14167189): odds endpoint returned not found (Failed to fetch /event/14167189/odds/1/all: 404)
Skip fixture 22185 (Sofa=14038606): odds endpoint returned not found (Failed to fetch /event/14038606/odds/1/all: 404)
Skip fixture 22186 (Sofa=14038610): odds endpoint returned not found (Failed to fetch /event/14038610/odds/1/all: 404)
Skip fixture 22187 (Sofa=14038607): odds endpoint returned not found (Failed to fetch /event/14038607/odds/1/all: 404)
Skip fixture 22188 (Sofa=14038608): odds endpoint returned not found (Failed to fetch /event/14038608/odds/1/all: 404)
Skip fixture 22189 (Sofa=14038612): odds endpoint returned not found (Failed to fetch /event/14038612/odds/1/all: 404)
Skip fixture 22190 (Sofa=14038604): odds endpoint returned not found (Failed to fetch /event/14038604/odds/1/all: 404)
Inserted 36 odds snapshot rows.
Log file: artifacts\logs\odds_polling_scheduler.log
Polling fixtures: 255
Skip fixture 22183 (Sofa=14038603): odds endpoint returned not found (Failed to fetch /event/14038603/odds/1/all: 404)
Skip fixture 22184 (Sofa=14167189): odds endpoint returned not found (Failed to fetch /event/14167189/odds/1/all: 404)
Skip fixture 22185 (Sofa=14038606): odds endpoint returned not found (Failed to fetch /event/14038606/odds/1/all: 404)
Skip fixture 22186 (Sofa=14038610): odds endpoint returned not found (Failed to fetch /event/14038610/odds/1/all: 404)
Skip fixture 22187 (Sofa=14038607): odds endpoint returned not found (Failed to fetch /event/14038607/odds/1/all: 404)
Skip fixture 22188 (Sofa=14038608): odds endpoint returned not found (Failed to fetch /event/14038608/odds/1/all: 404)
Skip fixture 22189 (Sofa=14038612): odds endpoint returned not found (Failed to fetch /event/14038612/odds/1/all: 404)
Skip fixture 22190 (Sofa=14038604): odds endpoint returned not found (Failed to fetch /event/14038604/odds/1/all: 404)
Inserted 2666 odds snapshot rows.
Log file: artifacts\logs\odds_polling_scheduler.log
Polling fixtures: 255
Skip fixture 22183 (Sofa=14038603): odds endpoint returned not found (Failed to fetch /event/14038603/odds/1/all: 404)
Skip fixture 22184 (Sofa=14167189): odds endpoint returned not found (Failed to fetch /event/14167189/odds/1/all: 404)
Skip fixture 22185 (Sofa=14038606): odds endpoint returned not found (Failed to fetch /event/14038606/odds/1/all: 404)
Skip fixture 22186 (Sofa=14038610): odds endpoint returned not found (Failed to fetch /event/14038610/odds/1/all: 404)
Skip fixture 22187 (Sofa=14038607): odds endpoint returned not found (Failed to fetch /event/14038607/odds/1/all: 404)
Skip fixture 22188 (Sofa=14038608): odds endpoint returned not found (Failed to fetch /event/14038608/odds/1/all: 404)
Skip fixture 22189 (Sofa=14038612): odds endpoint returned not found (Failed to fetch /event/14038612/odds/1/all: 404)
Skip fixture 22190 (Sofa=14038604): odds endpoint returned not found (Failed to fetch /event/14038604/odds/1/all: 404)
Inserted 173 odds snapshot rows.
Log file: artifacts\logs\odds_polling_scheduler.log
Polling fixtures: 255
Skip fixture 22183 (Sofa=14038603): odds endpoint returned not found (Failed to fetch /event/14038603/odds/1/all: 404)
Skip fixture 22184 (Sofa=14167189): odds endpoint returned not found (Failed to fetch /event/14167189/odds/1/all: 404)
Skip fixture 22185 (Sofa=14038606): odds endpoint returned not found (Failed to fetch /event/14038606/odds/1/all: 404)
Skip fixture 22186 (Sofa=14038610): odds endpoint returned not found (Failed to fetch /event/14038610/odds/1/all: 404)
Skip fixture 22187 (Sofa=14038607): odds endpoint returned not found (Failed to fetch /event/14038607/odds/1/all: 404)
Skip fixture 22188 (Sofa=14038608): odds endpoint returned not found (Failed to fetch /event/14038608/odds/1/all: 404)
Skip fixture 22189 (Sofa=14038612): odds endpoint returned not found (Failed to fetch /event/14038612/odds/1/all: 404)
Skip fixture 22190 (Sofa=14038604): odds endpoint returned not found (Failed to fetch /event/14038604/odds/1/all: 404)
Inserted 0 odds snapshot rows.
Log file: artifacts\logs\odds_polling_scheduler.log
Polling fixtures: 255
Skip fixture 22183 (Sofa=14038603): odds endpoint returned not found (Failed to fetch /event/14038603/odds/1/all: 404)
Skip fixture 22184 (Sofa=14167189): odds endpoint returned not found (Failed to fetch /event/14167189/odds/1/all: 404)
Skip fixture 22185 (Sofa=14038606): odds endpoint returned not found (Failed to fetch /event/14038606/odds/1/all: 404)
Skip fixture 22186 (Sofa=14038610): odds endpoint returned not found (Failed to fetch /event/14038610/odds/1/all: 404)
Skip fixture 22187 (Sofa=14038607): odds endpoint returned not found (Failed to fetch /event/14038607/odds/1/all: 404)
Skip fixture 22188 (Sofa=14038608): odds endpoint returned not found (Failed to fetch /event/14038608/odds/1/all: 404)
Skip fixture 22189 (Sofa=14038612): odds endpoint returned not found (Failed to fetch /event/14038612/odds/1/all: 404)
Skip fixture 22190 (Sofa=14038604): odds endpoint returned not found (Failed to fetch /event/14038604/odds/1/all: 404)
Inserted 2 odds snapshot rows.
Log file: artifacts\logs\odds_polling_scheduler.log
Polling fixtures: 255
Skip fixture 22183 (Sofa=14038603): odds endpoint returned not found (Failed to fetch /event/14038603/odds/1/all: 404)
Skip fixture 22184 (Sofa=14167189): odds endpoint returned not found (Failed to fetch /event/14167189/odds/1/all: 404)
Skip fixture 22185 (Sofa=14038606): odds endpoint returned not found (Failed to fetch /event/14038606/odds/1/all: 404)
Skip fixture 22186 (Sofa=14038610): odds endpoint returned not found (Failed to fetch /event/14038610/odds/1/all: 404)
Skip fixture 22187 (Sofa=14038607): odds endpoint returned not found (Failed to fetch /event/14038607/odds/1/all: 404)
Skip fixture 22188 (Sofa=14038608): odds endpoint returned not found (Failed to fetch /event/14038608/odds/1/all: 404)
Skip fixture 22189 (Sofa=14038612): odds endpoint returned not found (Failed to fetch /event/14038612/odds/1/all: 404)
Skip fixture 22190 (Sofa=14038604): odds endpoint returned not found (Failed to fetch /event/14038604/odds/1/all: 404)
Inserted 0 odds snapshot rows.
Log file: artifacts\logs\odds_polling_scheduler.log
Polling fixtures: 255
Skip fixture 22183 (Sofa=14038603): odds endpoint returned not found (Failed to fetch /event/14038603/odds/1/all: 404)
Skip fixture 22184 (Sofa=14167189): odds endpoint returned not found (Failed to fetch /event/14167189/odds/1/all: 404)
Skip fixture 22185 (Sofa=14038606): odds endpoint returned not found (Failed to fetch /event/14038606/odds/1/all: 404)
Skip fixture 22186 (Sofa=14038610): odds endpoint returned not found (Failed to fetch /event/14038610/odds/1/all: 404)
Skip fixture 22187 (Sofa=14038607): odds endpoint returned not found (Failed to fetch /event/14038607/odds/1/all: 404)
Skip fixture 22188 (Sofa=14038608): odds endpoint returned not found (Failed to fetch /event/14038608/odds/1/all: 404)
Skip fixture 22189 (Sofa=14038612): odds endpoint returned not found (Failed to fetch /event/14038612/odds/1/all: 404)
Skip fixture 22190 (Sofa=14038604): odds endpoint returned not found (Failed to fetch /event/14038604/odds/1/all: 404)
Inserted 297 odds snapshot rows.
Log file: artifacts\logs\odds_polling_scheduler.log
Polling fixtures: 255
Skip fixture 22183 (Sofa=14038603): odds endpoint returned not found (Failed to fetch /event/14038603/odds/1/all: 404)
Skip fixture 22184 (Sofa=14167189): odds endpoint returned not found (Failed to fetch /event/14167189/odds/1/all: 404)
Skip fixture 22185 (Sofa=14038606): odds endpoint returned not found (Failed to fetch /event/14038606/odds/1/all: 404)
Skip fixture 22186 (Sofa=14038610): odds endpoint returned not found (Failed to fetch /event/14038610/odds/1/all: 404)
Skip fixture 22187 (Sofa=14038607): odds endpoint returned not found (Failed to fetch /event/14038607/odds/1/all: 404)
Skip fixture 22188 (Sofa=14038608): odds endpoint returned not found (Failed to fetch /event/14038608/odds/1/all: 404)
Skip fixture 22189 (Sofa=14038612): odds endpoint returned not found (Failed to fetch /event/14038612/odds/1/all: 404)
Skip fixture 22190 (Sofa=14038604): odds endpoint returned not found (Failed to fetch /event/14038604/odds/1/all: 404)
Inserted 984 odds snapshot rows.
Log file: artifacts\logs\odds_polling_scheduler.log
Polling fixtures: 254
Skip fixture 22183 (Sofa=14038603): odds endpoint returned not found (Failed to fetch /event/14038603/odds/1/all: 404)
Skip fixture 22184 (Sofa=14167189): odds endpoint returned not found (Failed to fetch /event/14167189/odds/1/all: 404)
Skip fixture 22185 (Sofa=14038606): odds endpoint returned not found (Failed to fetch /event/14038606/odds/1/all: 404)
Skip fixture 22186 (Sofa=14038610): odds endpoint returned not found (Failed to fetch /event/14038610/odds/1/all: 404)
Skip fixture 22187 (Sofa=14038607): odds endpoint returned not found (Failed to fetch /event/14038607/odds/1/all: 404)
Skip fixture 22188 (Sofa=14038608): odds endpoint returned not found (Failed to fetch /event/14038608/odds/1/all: 404)
Skip fixture 22189 (Sofa=14038612): odds endpoint returned not found (Failed to fetch /event/14038612/odds/1/all: 404)
Skip fixture 22190 (Sofa=14038604): odds endpoint returned not found (Failed to fetch /event/14038604/odds/1/all: 404)
Inserted 3133 odds snapshot rows.
Log file: artifacts\logs\odds_polling_scheduler.log
Polling fixtures: 254
Skip fixture 22183 (Sofa=14038603): odds endpoint returned not found (Failed to fetch /event/14038603/odds/1/all: 404)
Skip fixture 22184 (Sofa=14167189): odds endpoint returned not found (Failed to fetch /event/14167189/odds/1/all: 404)
Skip fixture 22185 (Sofa=14038606): odds endpoint returned not found (Failed to fetch /event/14038606/odds/1/all: 404)
Skip fixture 22186 (Sofa=14038610): odds endpoint returned not found (Failed to fetch /event/14038610/odds/1/all: 404)
Skip fixture 22187 (Sofa=14038607): odds endpoint returned not found (Failed to fetch /event/14038607/odds/1/all: 404)
Skip fixture 22188 (Sofa=14038608): odds endpoint returned not found (Failed to fetch /event/14038608/odds/1/all: 404)
Skip fixture 22189 (Sofa=14038612): odds endpoint returned not found (Failed to fetch /event/14038612/odds/1/all: 404)
Skip fixture 22190 (Sofa=14038604): odds endpoint returned not found (Failed to fetch /event/14038604/odds/1/all: 404)
Inserted 0 odds snapshot rows.
Log file: artifacts\logs\odds_polling_scheduler.log
Polling fixtures: 253
Skip fixture 22184 (Sofa=14167189): odds endpoint returned not found (Failed to fetch /event/14167189/odds/1/all: 404)
Skip fixture 22185 (Sofa=14038606): odds endpoint returned not found (Failed to fetch /event/14038606/odds/1/all: 404)
Skip fixture 22186 (Sofa=14038610): odds endpoint returned not found (Failed to fetch /event/14038610/odds/1/all: 404)
Skip fixture 22187 (Sofa=14038607): odds endpoint returned not found (Failed to fetch /event/14038607/odds/1/all: 404)
Skip fixture 22188 (Sofa=14038608): odds endpoint returned not found (Failed to fetch /event/14038608/odds/1/all: 404)
Skip fixture 22189 (Sofa=14038612): odds endpoint returned not found (Failed to fetch /event/14038612/odds/1/all: 404)
Skip fixture 22190 (Sofa=14038604): odds endpoint returned not found (Failed to fetch /event/14038604/odds/1/all: 404)
Inserted 76 odds snapshot rows.
Log file: artifacts\logs\odds_polling_scheduler.log
Polling fixtures: 251
Skip fixture 22184 (Sofa=14167189): odds endpoint returned not found (Failed to fetch /event/14167189/odds/1/all: 404)
Skip fixture 22185 (Sofa=14038606): odds endpoint returned not found (Failed to fetch /event/14038606/odds/1/all: 404)
Skip fixture 22186 (Sofa=14038610): odds endpoint returned not found (Failed to fetch /event/14038610/odds/1/all: 404)
Skip fixture 22187 (Sofa=14038607): odds endpoint returned not found (Failed to fetch /event/14038607/odds/1/all: 404)
Skip fixture 22188 (Sofa=14038608): odds endpoint returned not found (Failed to fetch /event/14038608/odds/1/all: 404)
Skip fixture 22189 (Sofa=14038612): odds endpoint returned not found (Failed to fetch /event/14038612/odds/1/all: 404)
Skip fixture 22190 (Sofa=14038604): odds endpoint returned not found (Failed to fetch /event/14038604/odds/1/all: 404)
Inserted 13 odds snapshot rows.
Log file: artifacts\logs\odds_polling_scheduler.log
Polling fixtures: 251
Skip fixture 22184 (Sofa=14167189): odds endpoint returned not found (Failed to fetch /event/14167189/odds/1/all: 404)
Skip fixture 22185 (Sofa=14038606): odds endpoint returned not found (Failed to fetch /event/14038606/odds/1/all: 404)
Skip fixture 22186 (Sofa=14038610): odds endpoint returned not found (Failed to fetch /event/14038610/odds/1/all: 404)
Skip fixture 22187 (Sofa=14038607): odds endpoint returned not found (Failed to fetch /event/14038607/odds/1/all: 404)
Skip fixture 22188 (Sofa=14038608): odds endpoint returned not found (Failed to fetch /event/14038608/odds/1/all: 404)
Skip fixture 22189 (Sofa=14038612): odds endpoint returned not found (Failed to fetch /event/14038612/odds/1/all: 404)
Skip fixture 22190 (Sofa=14038604): odds endpoint returned not found (Failed to fetch /event/14038604/odds/1/all: 404)
Inserted 50 odds snapshot rows.
Log file: artifacts\logs\odds_polling_scheduler.log
Polling fixtures: 251
Skip fixture 22184 (Sofa=14167189): odds endpoint returned not found (Failed to fetch /event/14167189/odds/1/all: 404)
Skip fixture 22185 (Sofa=14038606): odds endpoint returned not found (Failed to fetch /event/14038606/odds/1/all: 404)
Skip fixture 22186 (Sofa=14038610): odds endpoint returned not found (Failed to fetch /event/14038610/odds/1/all: 404)
Skip fixture 22187 (Sofa=14038607): odds endpoint returned not found (Failed to fetch /event/14038607/odds/1/all: 404)
Skip fixture 22188 (Sofa=14038608): odds endpoint returned not found (Failed to fetch /event/14038608/odds/1/all: 404)
Skip fixture 22189 (Sofa=14038612): odds endpoint returned not found (Failed to fetch /event/14038612/odds/1/all: 404)
Skip fixture 22190 (Sofa=14038604): odds endpoint returned not found (Failed to fetch /event/14038604/odds/1/all: 404)
Inserted 14 odds snapshot rows.
Log file: artifacts\logs\odds_polling_scheduler.log
Polling fixtures: 251
Skip fixture 22184 (Sofa=14167189): odds endpoint returned not found (Failed to fetch /event/14167189/odds/1/all: 404)
Skip fixture 22185 (Sofa=14038606): odds endpoint returned not found (Failed to fetch /event/14038606/odds/1/all: 404)
Skip fixture 22186 (Sofa=14038610): odds endpoint returned not found (Failed to fetch /event/14038610/odds/1/all: 404)
Skip fixture 22187 (Sofa=14038607): odds endpoint returned not found (Failed to fetch /event/14038607/odds/1/all: 404)
Skip fixture 22188 (Sofa=14038608): odds endpoint returned not found (Failed to fetch /event/14038608/odds/1/all: 404)
Skip fixture 22189 (Sofa=14038612): odds endpoint returned not found (Failed to fetch /event/14038612/odds/1/all: 404)
Skip fixture 22190 (Sofa=14038604): odds endpoint returned not found (Failed to fetch /event/14038604/odds/1/all: 404)
Inserted 188 odds snapshot rows.
Log file: artifacts\logs\odds_polling_scheduler.log
Polling fixtures: 251
Skip fixture 22184 (Sofa=14167189): odds endpoint returned not found (Failed to fetch /event/14167189/odds/1/all: 404)
Skip fixture 22185 (Sofa=14038606): odds endpoint returned not found (Failed to fetch /event/14038606/odds/1/all: 404)
Skip fixture 22186 (Sofa=14038610): odds endpoint returned not found (Failed to fetch /event/14038610/odds/1/all: 404)
Skip fixture 22187 (Sofa=14038607): odds endpoint returned not found (Failed to fetch /event/14038607/odds/1/all: 404)
Skip fixture 22188 (Sofa=14038608): odds endpoint returned not found (Failed to fetch /event/14038608/odds/1/all: 404)
Skip fixture 22189 (Sofa=14038612): odds endpoint returned not found (Failed to fetch /event/14038612/odds/1/all: 404)
Skip fixture 22190 (Sofa=14038604): odds endpoint returned not found (Failed to fetch /event/14038604/odds/1/all: 404)
Inserted 2933 odds snapshot rows.
Log file: artifacts\logs\odds_polling_scheduler.log
Polling fixtures: 252
Skip fixture 22184 (Sofa=14167189): odds endpoint returned not found (Failed to fetch /event/14167189/odds/1/all: 404)
Skip fixture 22185 (Sofa=14038606): odds endpoint returned not found (Failed to fetch /event/14038606/odds/1/all: 404)
Skip fixture 22186 (Sofa=14038610): odds endpoint returned not found (Failed to fetch /event/14038610/odds/1/all: 404)
Skip fixture 22187 (Sofa=14038607): odds endpoint returned not found (Failed to fetch /event/14038607/odds/1/all: 404)
Skip fixture 22188 (Sofa=14038608): odds endpoint returned not found (Failed to fetch /event/14038608/odds/1/all: 404)
Skip fixture 22189 (Sofa=14038612): odds endpoint returned not found (Failed to fetch /event/14038612/odds/1/all: 404)
Skip fixture 22190 (Sofa=14038604): odds endpoint returned not found (Failed to fetch /event/14038604/odds/1/all: 404)
Inserted 135 odds snapshot rows.
Log file: artifacts\logs\odds_polling_scheduler.log
Polling fixtures: 250
Skip fixture 22184 (Sofa=14167189): odds endpoint returned not found (Failed to fetch /event/14167189/odds/1/all: 404)
Skip fixture 22185 (Sofa=14038606): odds endpoint returned not found (Failed to fetch /event/14038606/odds/1/all: 404)
Skip fixture 22186 (Sofa=14038610): odds endpoint returned not found (Failed to fetch /event/14038610/odds/1/all: 404)
Skip fixture 22187 (Sofa=14038607): odds endpoint returned not found (Failed to fetch /event/14038607/odds/1/all: 404)
Skip fixture 22188 (Sofa=14038608): odds endpoint returned not found (Failed to fetch /event/14038608/odds/1/all: 404)
Skip fixture 22189 (Sofa=14038612): odds endpoint returned not found (Failed to fetch /event/14038612/odds/1/all: 404)
Skip fixture 22190 (Sofa=14038604): odds endpoint returned not found (Failed to fetch /event/14038604/odds/1/all: 404)
Inserted 145 odds snapshot rows.
Log file: artifacts\logs\odds_polling_scheduler.log
Polling fixtures: 250
Skip fixture 22184 (Sofa=14167189): odds endpoint returned not found (Failed to fetch /event/14167189/odds/1/all: 404)
Skip fixture 22185 (Sofa=14038606): odds endpoint returned not found (Failed to fetch /event/14038606/odds/1/all: 404)
Skip fixture 22186 (Sofa=14038610): odds endpoint returned not found (Failed to fetch /event/14038610/odds/1/all: 404)
Skip fixture 22187 (Sofa=14038607): odds endpoint returned not found (Failed to fetch /event/14038607/odds/1/all: 404)
Skip fixture 22188 (Sofa=14038608): odds endpoint returned not found (Failed to fetch /event/14038608/odds/1/all: 404)
Skip fixture 22189 (Sofa=14038612): odds endpoint returned not found (Failed to fetch /event/14038612/odds/1/all: 404)
Skip fixture 22190 (Sofa=14038604): odds endpoint returned not found (Failed to fetch /event/14038604/odds/1/all: 404)
Inserted 98 odds snapshot rows.
Log file: artifacts\logs\odds_polling_scheduler.log
Polling fixtures: 249
Skip fixture 22184 (Sofa=14167189): odds endpoint returned not found (Failed to fetch /event/14167189/odds/1/all: 404)
Skip fixture 22185 (Sofa=14038606): odds endpoint returned not found (Failed to fetch /event/14038606/odds/1/all: 404)
Skip fixture 22186 (Sofa=14038610): odds endpoint returned not found (Failed to fetch /event/14038610/odds/1/all: 404)
Skip fixture 22187 (Sofa=14038607): odds endpoint returned not found (Failed to fetch /event/14038607/odds/1/all: 404)
Skip fixture 22188 (Sofa=14038608): odds endpoint returned not found (Failed to fetch /event/14038608/odds/1/all: 404)
Skip fixture 22189 (Sofa=14038612): odds endpoint returned not found (Failed to fetch /event/14038612/odds/1/all: 404)
Skip fixture 22190 (Sofa=14038604): odds endpoint returned not found (Failed to fetch /event/14038604/odds/1/all: 404)
Inserted 219 odds snapshot rows.
Log file: artifacts\logs\odds_polling_scheduler.log
Polling fixtures: 249
Skip fixture 22184 (Sofa=14167189): odds endpoint returned not found (Failed to fetch /event/14167189/odds/1/all: 404)
Skip fixture 22185 (Sofa=14038606): odds endpoint returned not found (Failed to fetch /event/14038606/odds/1/all: 404)
Skip fixture 22186 (Sofa=14038610): odds endpoint returned not found (Failed to fetch /event/14038610/odds/1/all: 404)
Skip fixture 22187 (Sofa=14038607): odds endpoint returned not found (Failed to fetch /event/14038607/odds/1/all: 404)
Skip fixture 22188 (Sofa=14038608): odds endpoint returned not found (Failed to fetch /event/14038608/odds/1/all: 404)
Skip fixture 22189 (Sofa=14038612): odds endpoint returned not found (Failed to fetch /event/14038612/odds/1/all: 404)
Skip fixture 22190 (Sofa=14038604): odds endpoint returned not found (Failed to fetch /event/14038604/odds/1/all: 404)
Inserted 149 odds snapshot rows.
Log file: artifacts\logs\odds_polling_scheduler.log
Polling fixtures: 249
Skip fixture 22184 (Sofa=14167189): odds endpoint returned not found (Failed to fetch /event/14167189/odds/1/all: 404)
Skip fixture 22185 (Sofa=14038606): odds endpoint returned not found (Failed to fetch /event/14038606/odds/1/all: 404)
Skip fixture 22186 (Sofa=14038610): odds endpoint returned not found (Failed to fetch /event/14038610/odds/1/all: 404)
Skip fixture 22187 (Sofa=14038607): odds endpoint returned not found (Failed to fetch /event/14038607/odds/1/all: 404)
Skip fixture 22188 (Sofa=14038608): odds endpoint returned not found (Failed to fetch /event/14038608/odds/1/all: 404)
Skip fixture 22189 (Sofa=14038612): odds endpoint returned not found (Failed to fetch /event/14038612/odds/1/all: 404)
Skip fixture 22190 (Sofa=14038604): odds endpoint returned not found (Failed to fetch /event/14038604/odds/1/all: 404)
Inserted 421 odds snapshot rows.
Log file: artifacts\logs\odds_polling_scheduler.log
Polling fixtures: 248
Skip fixture 22184 (Sofa=14167189): odds endpoint returned not found (Failed to fetch /event/14167189/odds/1/all: 404)
Skip fixture 22185 (Sofa=14038606): odds endpoint returned not found (Failed to fetch /event/14038606/odds/1/all: 404)
Skip fixture 22186 (Sofa=14038610): odds endpoint returned not found (Failed to fetch /event/14038610/odds/1/all: 404)
Skip fixture 22187 (Sofa=14038607): odds endpoint returned not found (Failed to fetch /event/14038607/odds/1/all: 404)
Skip fixture 22188 (Sofa=14038608): odds endpoint returned not found (Failed to fetch /event/14038608/odds/1/all: 404)
Skip fixture 22189 (Sofa=14038612): odds endpoint returned not found (Failed to fetch /event/14038612/odds/1/all: 404)
Skip fixture 22190 (Sofa=14038604): odds endpoint returned not found (Failed to fetch /event/14038604/odds/1/all: 404)
Inserted 2642 odds snapshot rows.
Log file: artifacts\logs\odds_polling_scheduler.log
Polling fixtures: 242
Skip fixture 22184 (Sofa=14167189): odds endpoint returned not found (Failed to fetch /event/14167189/odds/1/all: 404)
Skip fixture 22185 (Sofa=14038606): odds endpoint returned not found (Failed to fetch /event/14038606/odds/1/all: 404)
Skip fixture 22186 (Sofa=14038610): odds endpoint returned not found (Failed to fetch /event/14038610/odds/1/all: 404)
Skip fixture 22187 (Sofa=14038607): odds endpoint returned not found (Failed to fetch /event/14038607/odds/1/all: 404)
Skip fixture 22188 (Sofa=14038608): odds endpoint returned not found (Failed to fetch /event/14038608/odds/1/all: 404)
Skip fixture 22189 (Sofa=14038612): odds endpoint returned not found (Failed to fetch /event/14038612/odds/1/all: 404)
Skip fixture 22190 (Sofa=14038604): odds endpoint returned not found (Failed to fetch /event/14038604/odds/1/all: 404)
Inserted 192 odds snapshot rows.
Log file: artifacts\logs\odds_polling_scheduler.log
Polling fixtures: 241
Skip fixture 22184 (Sofa=14167189): odds endpoint returned not found (Failed to fetch /event/14167189/odds/1/all: 404)
Skip fixture 22185 (Sofa=14038606): odds endpoint returned not found (Failed to fetch /event/14038606/odds/1/all: 404)
Skip fixture 22186 (Sofa=14038610): odds endpoint returned not found (Failed to fetch /event/14038610/odds/1/all: 404)
Skip fixture 22187 (Sofa=14038607): odds endpoint returned not found (Failed to fetch /event/14038607/odds/1/all: 404)
Skip fixture 22188 (Sofa=14038608): odds endpoint returned not found (Failed to fetch /event/14038608/odds/1/all: 404)
Skip fixture 22189 (Sofa=14038612): odds endpoint returned not found (Failed to fetch /event/14038612/odds/1/all: 404)
Skip fixture 22190 (Sofa=14038604): odds endpoint returned not found (Failed to fetch /event/14038604/odds/1/all: 404)
Inserted 92 odds snapshot rows.
Log file: artifacts\logs\odds_polling_scheduler.log
Polling fixtures: 237
Skip fixture 22184 (Sofa=14167189): odds endpoint returned not found (Failed to fetch /event/14167189/odds/1/all: 404)
Skip fixture 22185 (Sofa=14038606): odds endpoint returned not found (Failed to fetch /event/14038606/odds/1/all: 404)
Skip fixture 22186 (Sofa=14038610): odds endpoint returned not found (Failed to fetch /event/14038610/odds/1/all: 404)
Skip fixture 22187 (Sofa=14038607): odds endpoint returned not found (Failed to fetch /event/14038607/odds/1/all: 404)
Skip fixture 22188 (Sofa=14038608): odds endpoint returned not found (Failed to fetch /event/14038608/odds/1/all: 404)
Skip fixture 22189 (Sofa=14038612): odds endpoint returned not found (Failed to fetch /event/14038612/odds/1/all: 404)
Skip fixture 22190 (Sofa=14038604): odds endpoint returned not found (Failed to fetch /event/14038604/odds/1/all: 404)
Inserted 137 odds snapshot rows.
Log file: artifacts\logs\odds_polling_scheduler.log
Polling fixtures: 235
Skip fixture 22184 (Sofa=14167189): odds endpoint returned not found (Failed to fetch /event/14167189/odds/1/all: 404)
Skip fixture 22185 (Sofa=14038606): odds endpoint returned not found (Failed to fetch /event/14038606/odds/1/all: 404)
Skip fixture 22186 (Sofa=14038610): odds endpoint returned not found (Failed to fetch /event/14038610/odds/1/all: 404)
Skip fixture 22187 (Sofa=14038607): odds endpoint returned not found (Failed to fetch /event/14038607/odds/1/all: 404)
Skip fixture 22188 (Sofa=14038608): odds endpoint returned not found (Failed to fetch /event/14038608/odds/1/all: 404)
Skip fixture 22189 (Sofa=14038612): odds endpoint returned not found (Failed to fetch /event/14038612/odds/1/all: 404)
Skip fixture 22190 (Sofa=14038604): odds endpoint returned not found (Failed to fetch /event/14038604/odds/1/all: 404)
Inserted 118 odds snapshot rows.
Log file: artifacts\logs\odds_polling_scheduler.log
Polling fixtures: 235
Skip fixture 22184 (Sofa=14167189): odds endpoint returned not found (Failed to fetch /event/14167189/odds/1/all: 404)
Skip fixture 22185 (Sofa=14038606): odds endpoint returned not found (Failed to fetch /event/14038606/odds/1/all: 404)
Skip fixture 22186 (Sofa=14038610): odds endpoint returned not found (Failed to fetch /event/14038610/odds/1/all: 404)
Skip fixture 22187 (Sofa=14038607): odds endpoint returned not found (Failed to fetch /event/14038607/odds/1/all: 404)
Skip fixture 22188 (Sofa=14038608): odds endpoint returned not found (Failed to fetch /event/14038608/odds/1/all: 404)
Skip fixture 22189 (Sofa=14038612): odds endpoint returned not found (Failed to fetch /event/14038612/odds/1/all: 404)
Skip fixture 22190 (Sofa=14038604): odds endpoint returned not found (Failed to fetch /event/14038604/odds/1/all: 404)
Inserted 139 odds snapshot rows.
Log file: artifacts\logs\odds_polling_scheduler.log
Polling fixtures: 231
Skip fixture 22184 (Sofa=14167189): odds endpoint returned not found (Failed to fetch /event/14167189/odds/1/all: 404)
Skip fixture 22185 (Sofa=14038606): odds endpoint returned not found (Failed to fetch /event/14038606/odds/1/all: 404)
Skip fixture 22186 (Sofa=14038610): odds endpoint returned not found (Failed to fetch /event/14038610/odds/1/all: 404)
Skip fixture 22187 (Sofa=14038607): odds endpoint returned not found (Failed to fetch /event/14038607/odds/1/all: 404)
Skip fixture 22188 (Sofa=14038608): odds endpoint returned not found (Failed to fetch /event/14038608/odds/1/all: 404)
Skip fixture 22189 (Sofa=14038612): odds endpoint returned not found (Failed to fetch /event/14038612/odds/1/all: 404)
Skip fixture 22190 (Sofa=14038604): odds endpoint returned not found (Failed to fetch /event/14038604/odds/1/all: 404)
Skip fixture 20829 (Sofa=15581703): odds endpoint returned not found (Failed to fetch /event/15581703/odds/1/all: 404)
Inserted 281 odds snapshot rows.
Log file: artifacts\logs\odds_polling_scheduler.log
Polling fixtures: 228
Skip fixture 22184 (Sofa=14167189): odds endpoint returned not found (Failed to fetch /event/14167189/odds/1/all: 404)
Skip fixture 22185 (Sofa=14038606): odds endpoint returned not found (Failed to fetch /event/14038606/odds/1/all: 404)
Skip fixture 22186 (Sofa=14038610): odds endpoint returned not found (Failed to fetch /event/14038610/odds/1/all: 404)
Skip fixture 22187 (Sofa=14038607): odds endpoint returned not found (Failed to fetch /event/14038607/odds/1/all: 404)
Skip fixture 22188 (Sofa=14038608): odds endpoint returned not found (Failed to fetch /event/14038608/odds/1/all: 404)
Skip fixture 22189 (Sofa=14038612): odds endpoint returned not found (Failed to fetch /event/14038612/odds/1/all: 404)
Skip fixture 22190 (Sofa=14038604): odds endpoint returned not found (Failed to fetch /event/14038604/odds/1/all: 404)
Skip fixture 20829 (Sofa=15581703): odds endpoint returned not found (Failed to fetch /event/15581703/odds/1/all: 404)
Inserted 2477 odds snapshot rows.
Log file: artifacts\logs\odds_polling_scheduler.log
Polling fixtures: 229
Skip fixture 22184 (Sofa=14167189): odds endpoint returned not found (Failed to fetch /event/14167189/odds/1/all: 404)
Skip fixture 22185 (Sofa=14038606): odds endpoint returned not found (Failed to fetch /event/14038606/odds/1/all: 404)
Skip fixture 22186 (Sofa=14038610): odds endpoint returned not found (Failed to fetch /event/14038610/odds/1/all: 404)
Skip fixture 22187 (Sofa=14038607): odds endpoint returned not found (Failed to fetch /event/14038607/odds/1/all: 404)
Skip fixture 22188 (Sofa=14038608): odds endpoint returned not found (Failed to fetch /event/14038608/odds/1/all: 404)
Skip fixture 22189 (Sofa=14038612): odds endpoint returned not found (Failed to fetch /event/14038612/odds/1/all: 404)
Skip fixture 22190 (Sofa=14038604): odds endpoint returned not found (Failed to fetch /event/14038604/odds/1/all: 404)
Skip fixture 20829 (Sofa=15581703): odds endpoint returned not found (Failed to fetch /event/15581703/odds/1/all: 404)
Inserted 52 odds snapshot rows.
Log file: artifacts\logs\odds_polling_scheduler.log
Polling fixtures: 228
Skip fixture 22184 (Sofa=14167189): odds endpoint returned not found (Failed to fetch /event/14167189/odds/1/all: 404)
Skip fixture 22185 (Sofa=14038606): odds endpoint returned not found (Failed to fetch /event/14038606/odds/1/all: 404)
Skip fixture 22186 (Sofa=14038610): odds endpoint returned not found (Failed to fetch /event/14038610/odds/1/all: 404)
Skip fixture 22187 (Sofa=14038607): odds endpoint returned not found (Failed to fetch /event/14038607/odds/1/all: 404)
Skip fixture 22188 (Sofa=14038608): odds endpoint returned not found (Failed to fetch /event/14038608/odds/1/all: 404)
Skip fixture 22189 (Sofa=14038612): odds endpoint returned not found (Failed to fetch /event/14038612/odds/1/all: 404)
Skip fixture 22190 (Sofa=14038604): odds endpoint returned not found (Failed to fetch /event/14038604/odds/1/all: 404)
Skip fixture 20829 (Sofa=15581703): odds endpoint returned not found (Failed to fetch /event/15581703/odds/1/all: 404)
Inserted 13 odds snapshot rows.
Log file: artifacts\logs\odds_polling_scheduler.log
Polling fixtures: 226
Skip fixture 22184 (Sofa=14167189): odds endpoint returned not found (Failed to fetch /event/14167189/odds/1/all: 404)
Skip fixture 22185 (Sofa=14038606): odds endpoint returned not found (Failed to fetch /event/14038606/odds/1/all: 404)
Skip fixture 22186 (Sofa=14038610): odds endpoint returned not found (Failed to fetch /event/14038610/odds/1/all: 404)
Skip fixture 22187 (Sofa=14038607): odds endpoint returned not found (Failed to fetch /event/14038607/odds/1/all: 404)
Skip fixture 22188 (Sofa=14038608): odds endpoint returned not found (Failed to fetch /event/14038608/odds/1/all: 404)
Skip fixture 22189 (Sofa=14038612): odds endpoint returned not found (Failed to fetch /event/14038612/odds/1/all: 404)
Skip fixture 22190 (Sofa=14038604): odds endpoint returned not found (Failed to fetch /event/14038604/odds/1/all: 404)
Skip fixture 20829 (Sofa=15581703): odds endpoint returned not found (Failed to fetch /event/15581703/odds/1/all: 404)
Inserted 38 odds snapshot rows.
Log file: artifacts\logs\odds_polling_scheduler.log
Polling fixtures: 226
Skip fixture 22184 (Sofa=14167189): odds endpoint returned not found (Failed to fetch /event/14167189/odds/1/all: 404)
Skip fixture 22185 (Sofa=14038606): odds endpoint returned not found (Failed to fetch /event/14038606/odds/1/all: 404)
Skip fixture 22186 (Sofa=14038610): odds endpoint returned not found (Failed to fetch /event/14038610/odds/1/all: 404)
Skip fixture 22187 (Sofa=14038607): odds endpoint returned not found (Failed to fetch /event/14038607/odds/1/all: 404)
Skip fixture 22188 (Sofa=14038608): odds endpoint returned not found (Failed to fetch /event/14038608/odds/1/all: 404)
Skip fixture 22189 (Sofa=14038612): odds endpoint returned not found (Failed to fetch /event/14038612/odds/1/all: 404)
Skip fixture 22190 (Sofa=14038604): odds endpoint returned not found (Failed to fetch /event/14038604/odds/1/all: 404)
Skip fixture 20829 (Sofa=15581703): odds endpoint returned not found (Failed to fetch /event/15581703/odds/1/all: 404)
Inserted 53 odds snapshot rows.
Log file: artifacts\logs\odds_polling_scheduler.log
Polling fixtures: 226
Skip fixture 22184 (Sofa=14167189): odds endpoint returned not found (Failed to fetch /event/14167189/odds/1/all: 404)
Skip fixture 22185 (Sofa=14038606): odds endpoint returned not found (Failed to fetch /event/14038606/odds/1/all: 404)
Skip fixture 22186 (Sofa=14038610): odds endpoint returned not found (Failed to fetch /event/14038610/odds/1/all: 404)
Skip fixture 22187 (Sofa=14038607): odds endpoint returned not found (Failed to fetch /event/14038607/odds/1/all: 404)
Skip fixture 22188 (Sofa=14038608): odds endpoint returned not found (Failed to fetch /event/14038608/odds/1/all: 404)
Skip fixture 22189 (Sofa=14038612): odds endpoint returned not found (Failed to fetch /event/14038612/odds/1/all: 404)
Skip fixture 22190 (Sofa=14038604): odds endpoint returned not found (Failed to fetch /event/14038604/odds/1/all: 404)
Skip fixture 20829 (Sofa=15581703): odds endpoint returned not found (Failed to fetch /event/15581703/odds/1/all: 404)
Inserted 78 odds snapshot rows.
Log file: artifacts\logs\odds_polling_scheduler.log
Polling fixtures: 226
Skip fixture 22184 (Sofa=14167189): odds endpoint returned not found (Failed to fetch /event/14167189/odds/1/all: 404)
Skip fixture 22185 (Sofa=14038606): odds endpoint returned not found (Failed to fetch /event/14038606/odds/1/all: 404)
Skip fixture 22186 (Sofa=14038610): odds endpoint returned not found (Failed to fetch /event/14038610/odds/1/all: 404)
Skip fixture 22187 (Sofa=14038607): odds endpoint returned not found (Failed to fetch /event/14038607/odds/1/all: 404)
Skip fixture 22188 (Sofa=14038608): odds endpoint returned not found (Failed to fetch /event/14038608/odds/1/all: 404)
Skip fixture 22189 (Sofa=14038612): odds endpoint returned not found (Failed to fetch /event/14038612/odds/1/all: 404)
Skip fixture 22190 (Sofa=14038604): odds endpoint returned not found (Failed to fetch /event/14038604/odds/1/all: 404)
Skip fixture 20829 (Sofa=15581703): odds endpoint returned not found (Failed to fetch /event/15581703/odds/1/all: 404)
Inserted 188 odds snapshot rows.
Log file: artifacts\logs\odds_polling_scheduler.log
Polling fixtures: 226
Skip fixture 22184 (Sofa=14167189): odds endpoint returned not found (Failed to fetch /event/14167189/odds/1/all: 404)
Skip fixture 22185 (Sofa=14038606): odds endpoint returned not found (Failed to fetch /event/14038606/odds/1/all: 404)
Skip fixture 22186 (Sofa=14038610): odds endpoint returned not found (Failed to fetch /event/14038610/odds/1/all: 404)
Skip fixture 22187 (Sofa=14038607): odds endpoint returned not found (Failed to fetch /event/14038607/odds/1/all: 404)
Skip fixture 22188 (Sofa=14038608): odds endpoint returned not found (Failed to fetch /event/14038608/odds/1/all: 404)
Skip fixture 22189 (Sofa=14038612): odds endpoint returned not found (Failed to fetch /event/14038612/odds/1/all: 404)
Skip fixture 22190 (Sofa=14038604): odds endpoint returned not found (Failed to fetch /event/14038604/odds/1/all: 404)
Skip fixture 20829 (Sofa=15581703): odds endpoint returned not found (Failed to fetch /event/15581703/odds/1/all: 404)
Inserted 2476 odds snapshot rows.
Log file: artifacts\logs\odds_polling_scheduler.log
Polling fixtures: 226
Skip fixture 22184 (Sofa=14167189): odds endpoint returned not found (Failed to fetch /event/14167189/odds/1/all: 404)
Skip fixture 22185 (Sofa=14038606): odds endpoint returned not found (Failed to fetch /event/14038606/odds/1/all: 404)
Skip fixture 22186 (Sofa=14038610): odds endpoint returned not found (Failed to fetch /event/14038610/odds/1/all: 404)
Skip fixture 22187 (Sofa=14038607): odds endpoint returned not found (Failed to fetch /event/14038607/odds/1/all: 404)
Skip fixture 22188 (Sofa=14038608): odds endpoint returned not found (Failed to fetch /event/14038608/odds/1/all: 404)
Skip fixture 22189 (Sofa=14038612): odds endpoint returned not found (Failed to fetch /event/14038612/odds/1/all: 404)
Skip fixture 22190 (Sofa=14038604): odds endpoint returned not found (Failed to fetch /event/14038604/odds/1/all: 404)
Skip fixture 20829 (Sofa=15581703): odds endpoint returned not found (Failed to fetch /event/15581703/odds/1/all: 404)
Inserted 13 odds snapshot rows.
Log file: artifacts\logs\odds_polling_scheduler.log
Polling fixtures: 225
Skip fixture 22184 (Sofa=14167189): odds endpoint returned not found (Failed to fetch /event/14167189/odds/1/all: 404)
Skip fixture 22185 (Sofa=14038606): odds endpoint returned not found (Failed to fetch /event/14038606/odds/1/all: 404)
Skip fixture 22186 (Sofa=14038610): odds endpoint returned not found (Failed to fetch /event/14038610/odds/1/all: 404)
Skip fixture 22187 (Sofa=14038607): odds endpoint returned not found (Failed to fetch /event/14038607/odds/1/all: 404)
Skip fixture 22188 (Sofa=14038608): odds endpoint returned not found (Failed to fetch /event/14038608/odds/1/all: 404)
Skip fixture 22189 (Sofa=14038612): odds endpoint returned not found (Failed to fetch /event/14038612/odds/1/all: 404)
Skip fixture 22190 (Sofa=14038604): odds endpoint returned not found (Failed to fetch /event/14038604/odds/1/all: 404)
Skip fixture 20829 (Sofa=15581703): odds endpoint returned not found (Failed to fetch /event/15581703/odds/1/all: 404)
Inserted 0 odds snapshot rows.
Log file: artifacts\logs\odds_polling_scheduler.log
Polling fixtures: 225
Skip fixture 22184 (Sofa=14167189): odds endpoint returned not found (Failed to fetch /event/14167189/odds/1/all: 404)
Skip fixture 22185 (Sofa=14038606): odds endpoint returned not found (Failed to fetch /event/14038606/odds/1/all: 404)
Skip fixture 22186 (Sofa=14038610): odds endpoint returned not found (Failed to fetch /event/14038610/odds/1/all: 404)
Skip fixture 22187 (Sofa=14038607): odds endpoint returned not found (Failed to fetch /event/14038607/odds/1/all: 404)
Skip fixture 22188 (Sofa=14038608): odds endpoint returned not found (Failed to fetch /event/14038608/odds/1/all: 404)
Skip fixture 22189 (Sofa=14038612): odds endpoint returned not found (Failed to fetch /event/14038612/odds/1/all: 404)
Skip fixture 22190 (Sofa=14038604): odds endpoint returned not found (Failed to fetch /event/14038604/odds/1/all: 404)
Skip fixture 20829 (Sofa=15581703): odds endpoint returned not found (Failed to fetch /event/15581703/odds/1/all: 404)
Inserted 38 odds snapshot rows.
Log file: artifacts\logs\odds_polling_scheduler.log
Polling fixtures: 225
Skip fixture 22184 (Sofa=14167189): odds endpoint returned not found (Failed to fetch /event/14167189/odds/1/all: 404)
Skip fixture 22185 (Sofa=14038606): odds endpoint returned not found (Failed to fetch /event/14038606/odds/1/all: 404)
Skip fixture 22186 (Sofa=14038610): odds endpoint returned not found (Failed to fetch /event/14038610/odds/1/all: 404)
Skip fixture 22187 (Sofa=14038607): odds endpoint returned not found (Failed to fetch /event/14038607/odds/1/all: 404)
Skip fixture 22188 (Sofa=14038608): odds endpoint returned not found (Failed to fetch /event/14038608/odds/1/all: 404)
Skip fixture 22189 (Sofa=14038612): odds endpoint returned not found (Failed to fetch /event/14038612/odds/1/all: 404)
Skip fixture 22190 (Sofa=14038604): odds endpoint returned not found (Failed to fetch /event/14038604/odds/1/all: 404)
Skip fixture 20829 (Sofa=15581703): odds endpoint returned not found (Failed to fetch /event/15581703/odds/1/all: 404)
Inserted 40 odds snapshot rows.
Log file: artifacts\logs\odds_polling_scheduler.log
Polling fixtures: 225
Skip fixture 22184 (Sofa=14167189): odds endpoint returned not found (Failed to fetch /event/14167189/odds/1/all: 404)
Skip fixture 22185 (Sofa=14038606): odds endpoint returned not found (Failed to fetch /event/14038606/odds/1/all: 404)
Skip fixture 22186 (Sofa=14038610): odds endpoint returned not found (Failed to fetch /event/14038610/odds/1/all: 404)
Skip fixture 22187 (Sofa=14038607): odds endpoint returned not found (Failed to fetch /event/14038607/odds/1/all: 404)
Skip fixture 22188 (Sofa=14038608): odds endpoint returned not found (Failed to fetch /event/14038608/odds/1/all: 404)
Skip fixture 22189 (Sofa=14038612): odds endpoint returned not found (Failed to fetch /event/14038612/odds/1/all: 404)
Skip fixture 22190 (Sofa=14038604): odds endpoint returned not found (Failed to fetch /event/14038604/odds/1/all: 404)
Skip fixture 20829 (Sofa=15581703): odds endpoint returned not found (Failed to fetch /event/15581703/odds/1/all: 404)
Inserted 78 odds snapshot rows.
Log file: artifacts\logs\odds_polling_scheduler.log
Polling fixtures: 225
Skip fixture 22184 (Sofa=14167189): odds endpoint returned not found (Failed to fetch /event/14167189/odds/1/all: 404)
Skip fixture 22185 (Sofa=14038606): odds endpoint returned not found (Failed to fetch /event/14038606/odds/1/all: 404)
Skip fixture 22186 (Sofa=14038610): odds endpoint returned not found (Failed to fetch /event/14038610/odds/1/all: 404)
Skip fixture 22187 (Sofa=14038607): odds endpoint returned not found (Failed to fetch /event/14038607/odds/1/all: 404)
Skip fixture 22188 (Sofa=14038608): odds endpoint returned not found (Failed to fetch /event/14038608/odds/1/all: 404)
Skip fixture 22189 (Sofa=14038612): odds endpoint returned not found (Failed to fetch /event/14038612/odds/1/all: 404)
Skip fixture 22190 (Sofa=14038604): odds endpoint returned not found (Failed to fetch /event/14038604/odds/1/all: 404)
Skip fixture 20829 (Sofa=15581703): odds endpoint returned not found (Failed to fetch /event/15581703/odds/1/all: 404)
Inserted 2587 odds snapshot rows.
Log file: artifacts\logs\odds_polling_scheduler.log
Polling fixtures: 225
Skip fixture 22184 (Sofa=14167189): odds endpoint returned not found (Failed to fetch /event/14167189/odds/1/all: 404)
Skip fixture 22185 (Sofa=14038606): odds endpoint returned not found (Failed to fetch /event/14038606/odds/1/all: 404)
Skip fixture 22186 (Sofa=14038610): odds endpoint returned not found (Failed to fetch /event/14038610/odds/1/all: 404)
Skip fixture 22187 (Sofa=14038607): odds endpoint returned not found (Failed to fetch /event/14038607/odds/1/all: 404)
Skip fixture 22188 (Sofa=14038608): odds endpoint returned not found (Failed to fetch /event/14038608/odds/1/all: 404)
Skip fixture 22189 (Sofa=14038612): odds endpoint returned not found (Failed to fetch /event/14038612/odds/1/all: 404)
Skip fixture 22190 (Sofa=14038604): odds endpoint returned not found (Failed to fetch /event/14038604/odds/1/all: 404)
Skip fixture 20829 (Sofa=15581703): odds endpoint returned not found (Failed to fetch /event/15581703/odds/1/all: 404)
Inserted 66 odds snapshot rows.
Log file: artifacts\logs\odds_polling_scheduler.log
Polling fixtures: 225
Skip fixture 22184 (Sofa=14167189): odds endpoint returned not found (Failed to fetch /event/14167189/odds/1/all: 404)
Skip fixture 22185 (Sofa=14038606): odds endpoint returned not found (Failed to fetch /event/14038606/odds/1/all: 404)
Skip fixture 22186 (Sofa=14038610): odds endpoint returned not found (Failed to fetch /event/14038610/odds/1/all: 404)
Skip fixture 22187 (Sofa=14038607): odds endpoint returned not found (Failed to fetch /event/14038607/odds/1/all: 404)
Skip fixture 22188 (Sofa=14038608): odds endpoint returned not found (Failed to fetch /event/14038608/odds/1/all: 404)
Skip fixture 22189 (Sofa=14038612): odds endpoint returned not found (Failed to fetch /event/14038612/odds/1/all: 404)
Skip fixture 22190 (Sofa=14038604): odds endpoint returned not found (Failed to fetch /event/14038604/odds/1/all: 404)
Skip fixture 20829 (Sofa=15581703): odds endpoint returned not found (Failed to fetch /event/15581703/odds/1/all: 404)
Inserted 0 odds snapshot rows.
Log file: artifacts\logs\odds_polling_scheduler.log
Polling fixtures: 225
Skip fixture 22184 (Sofa=14167189): odds endpoint returned not found (Failed to fetch /event/14167189/odds/1/all: 404)
Skip fixture 22185 (Sofa=14038606): odds endpoint returned not found (Failed to fetch /event/14038606/odds/1/all: 404)
Skip fixture 22186 (Sofa=14038610): odds endpoint returned not found (Failed to fetch /event/14038610/odds/1/all: 404)
Skip fixture 22187 (Sofa=14038607): odds endpoint returned not found (Failed to fetch /event/14038607/odds/1/all: 404)
Skip fixture 22188 (Sofa=14038608): odds endpoint returned not found (Failed to fetch /event/14038608/odds/1/all: 404)
Skip fixture 22189 (Sofa=14038612): odds endpoint returned not found (Failed to fetch /event/14038612/odds/1/all: 404)
Skip fixture 22190 (Sofa=14038604): odds endpoint returned not found (Failed to fetch /event/14038604/odds/1/all: 404)
Skip fixture 20829 (Sofa=15581703): odds endpoint returned not found (Failed to fetch /event/15581703/odds/1/all: 404)
Inserted 0 odds snapshot rows.
Log file: artifacts\logs\odds_polling_scheduler.log
Polling fixtures: 225
Skip fixture 22184 (Sofa=14167189): odds endpoint returned not found (Failed to fetch /event/14167189/odds/1/all: 404)
Skip fixture 22185 (Sofa=14038606): odds endpoint returned not found (Failed to fetch /event/14038606/odds/1/all: 404)
Skip fixture 22186 (Sofa=14038610): odds endpoint returned not found (Failed to fetch /event/14038610/odds/1/all: 404)
Skip fixture 22187 (Sofa=14038607): odds endpoint returned not found (Failed to fetch /event/14038607/odds/1/all: 404)
Skip fixture 22188 (Sofa=14038608): odds endpoint returned not found (Failed to fetch /event/14038608/odds/1/all: 404)
Skip fixture 22189 (Sofa=14038612): odds endpoint returned not found (Failed to fetch /event/14038612/odds/1/all: 404)
Skip fixture 22190 (Sofa=14038604): odds endpoint returned not found (Failed to fetch /event/14038604/odds/1/all: 404)
Skip fixture 20829 (Sofa=15581703): odds endpoint returned not found (Failed to fetch /event/15581703/odds/1/all: 404)
Inserted 78 odds snapshot rows.
Log file: artifacts\logs\odds_polling_scheduler.log
Polling fixtures: 225
Skip fixture 22184 (Sofa=14167189): odds endpoint returned not found (Failed to fetch /event/14167189/odds/1/all: 404)
Skip fixture 22185 (Sofa=14038606): odds endpoint returned not found (Failed to fetch /event/14038606/odds/1/all: 404)
Skip fixture 22186 (Sofa=14038610): odds endpoint returned not found (Failed to fetch /event/14038610/odds/1/all: 404)
Skip fixture 22187 (Sofa=14038607): odds endpoint returned not found (Failed to fetch /event/14038607/odds/1/all: 404)
Skip fixture 22188 (Sofa=14038608): odds endpoint returned not found (Failed to fetch /event/14038608/odds/1/all: 404)
Skip fixture 22189 (Sofa=14038612): odds endpoint returned not found (Failed to fetch /event/14038612/odds/1/all: 404)
Skip fixture 22190 (Sofa=14038604): odds endpoint returned not found (Failed to fetch /event/14038604/odds/1/all: 404)
Skip fixture 20829 (Sofa=15581703): odds endpoint returned not found (Failed to fetch /event/15581703/odds/1/all: 404)
Inserted 0 odds snapshot rows.
Log file: artifacts\logs\odds_polling_scheduler.log
Polling fixtures: 225
Skip fixture 22184 (Sofa=14167189): odds endpoint returned not found (Failed to fetch /event/14167189/odds/1/all: 404)
Skip fixture 22185 (Sofa=14038606): odds endpoint returned not found (Failed to fetch /event/14038606/odds/1/all: 404)
Skip fixture 22186 (Sofa=14038610): odds endpoint returned not found (Failed to fetch /event/14038610/odds/1/all: 404)
Skip fixture 22187 (Sofa=14038607): odds endpoint returned not found (Failed to fetch /event/14038607/odds/1/all: 404)
Skip fixture 22188 (Sofa=14038608): odds endpoint returned not found (Failed to fetch /event/14038608/odds/1/all: 404)
Skip fixture 22189 (Sofa=14038612): odds endpoint returned not found (Failed to fetch /event/14038612/odds/1/all: 404)
Skip fixture 22190 (Sofa=14038604): odds endpoint returned not found (Failed to fetch /event/14038604/odds/1/all: 404)
Skip fixture 20829 (Sofa=15581703): odds endpoint returned not found (Failed to fetch /event/15581703/odds/1/all: 404)
Inserted 78 odds snapshot rows.
Log file: artifacts\logs\odds_polling_scheduler.log
Polling fixtures: 225
Skip fixture 22184 (Sofa=14167189): odds endpoint returned not found (Failed to fetch /event/14167189/odds/1/all: 404)
Skip fixture 22185 (Sofa=14038606): odds endpoint returned not found (Failed to fetch /event/14038606/odds/1/all: 404)
Skip fixture 22186 (Sofa=14038610): odds endpoint returned not found (Failed to fetch /event/14038610/odds/1/all: 404)
Skip fixture 22187 (Sofa=14038607): odds endpoint returned not found (Failed to fetch /event/14038607/odds/1/all: 404)
Skip fixture 22188 (Sofa=14038608): odds endpoint returned not found (Failed to fetch /event/14038608/odds/1/all: 404)
Skip fixture 22189 (Sofa=14038612): odds endpoint returned not found (Failed to fetch /event/14038612/odds/1/all: 404)
Skip fixture 22190 (Sofa=14038604): odds endpoint returned not found (Failed to fetch /event/14038604/odds/1/all: 404)
Skip fixture 20829 (Sofa=15581703): odds endpoint returned not found (Failed to fetch /event/15581703/odds/1/all: 404)
Inserted 2594 odds snapshot rows.
Log file: artifacts\logs\odds_polling_scheduler.log
Polling fixtures: 225
Skip fixture 22184 (Sofa=14167189): odds endpoint returned not found (Failed to fetch /event/14167189/odds/1/all: 404)
Skip fixture 22185 (Sofa=14038606): odds endpoint returned not found (Failed to fetch /event/14038606/odds/1/all: 404)
Skip fixture 22186 (Sofa=14038610): odds endpoint returned not found (Failed to fetch /event/14038610/odds/1/all: 404)
Skip fixture 22187 (Sofa=14038607): odds endpoint returned not found (Failed to fetch /event/14038607/odds/1/all: 404)
Skip fixture 22188 (Sofa=14038608): odds endpoint returned not found (Failed to fetch /event/14038608/odds/1/all: 404)
Skip fixture 22189 (Sofa=14038612): odds endpoint returned not found (Failed to fetch /event/14038612/odds/1/all: 404)
Skip fixture 22190 (Sofa=14038604): odds endpoint returned not found (Failed to fetch /event/14038604/odds/1/all: 404)
Skip fixture 20829 (Sofa=15581703): odds endpoint returned not found (Failed to fetch /event/15581703/odds/1/all: 404)
Inserted 54 odds snapshot rows.
Log file: artifacts\logs\odds_polling_scheduler.log
Polling fixtures: 225
Skip fixture 22184 (Sofa=14167189): odds endpoint returned not found (Failed to fetch /event/14167189/odds/1/all: 404)
Skip fixture 22185 (Sofa=14038606): odds endpoint returned not found (Failed to fetch /event/14038606/odds/1/all: 404)
Skip fixture 22186 (Sofa=14038610): odds endpoint returned not found (Failed to fetch /event/14038610/odds/1/all: 404)
Skip fixture 22187 (Sofa=14038607): odds endpoint returned not found (Failed to fetch /event/14038607/odds/1/all: 404)
Skip fixture 22188 (Sofa=14038608): odds endpoint returned not found (Failed to fetch /event/14038608/odds/1/all: 404)
Skip fixture 22189 (Sofa=14038612): odds endpoint returned not found (Failed to fetch /event/14038612/odds/1/all: 404)
Skip fixture 22190 (Sofa=14038604): odds endpoint returned not found (Failed to fetch /event/14038604/odds/1/all: 404)
Skip fixture 20829 (Sofa=15581703): odds endpoint returned not found (Failed to fetch /event/15581703/odds/1/all: 404)
Inserted 106 odds snapshot rows.
Log file: artifacts\logs\odds_polling_scheduler.log
Polling fixtures: 225
Skip fixture 22184 (Sofa=14167189): odds endpoint returned not found (Failed to fetch /event/14167189/odds/1/all: 404)
Skip fixture 22185 (Sofa=14038606): odds endpoint returned not found (Failed to fetch /event/14038606/odds/1/all: 404)
Skip fixture 22186 (Sofa=14038610): odds endpoint returned not found (Failed to fetch /event/14038610/odds/1/all: 404)
Skip fixture 22187 (Sofa=14038607): odds endpoint returned not found (Failed to fetch /event/14038607/odds/1/all: 404)
Skip fixture 22188 (Sofa=14038608): odds endpoint returned not found (Failed to fetch /event/14038608/odds/1/all: 404)
Skip fixture 22189 (Sofa=14038612): odds endpoint returned not found (Failed to fetch /event/14038612/odds/1/all: 404)
Skip fixture 22190 (Sofa=14038604): odds endpoint returned not found (Failed to fetch /event/14038604/odds/1/all: 404)
Skip fixture 20829 (Sofa=15581703): odds endpoint returned not found (Failed to fetch /event/15581703/odds/1/all: 404)
Inserted 0 odds snapshot rows.
Log file: artifacts\logs\odds_polling_scheduler.log
Polling fixtures: 225
Skip fixture 22184 (Sofa=14167189): odds endpoint returned not found (Failed to fetch /event/14167189/odds/1/all: 404)
Skip fixture 22185 (Sofa=14038606): odds endpoint returned not found (Failed to fetch /event/14038606/odds/1/all: 404)
Skip fixture 22186 (Sofa=14038610): odds endpoint returned not found (Failed to fetch /event/14038610/odds/1/all: 404)
Skip fixture 22187 (Sofa=14038607): odds endpoint returned not found (Failed to fetch /event/14038607/odds/1/all: 404)
Skip fixture 22188 (Sofa=14038608): odds endpoint returned not found (Failed to fetch /event/14038608/odds/1/all: 404)
Skip fixture 22189 (Sofa=14038612): odds endpoint returned not found (Failed to fetch /event/14038612/odds/1/all: 404)
Skip fixture 22190 (Sofa=14038604): odds endpoint returned not found (Failed to fetch /event/14038604/odds/1/all: 404)
Skip fixture 20829 (Sofa=15581703): odds endpoint returned not found (Failed to fetch /event/15581703/odds/1/all: 404)
Inserted 952 odds snapshot rows.
Log file: artifacts\logs\odds_polling_scheduler.log
Polling fixtures: 225
Skip fixture 22184 (Sofa=14167189): odds endpoint returned not found (Failed to fetch /event/14167189/odds/1/all: 404)
Skip fixture 22185 (Sofa=14038606): odds endpoint returned not found (Failed to fetch /event/14038606/odds/1/all: 404)
Skip fixture 22186 (Sofa=14038610): odds endpoint returned not found (Failed to fetch /event/14038610/odds/1/all: 404)
Skip fixture 22187 (Sofa=14038607): odds endpoint returned not found (Failed to fetch /event/14038607/odds/1/all: 404)
Skip fixture 22188 (Sofa=14038608): odds endpoint returned not found (Failed to fetch /event/14038608/odds/1/all: 404)
Skip fixture 22189 (Sofa=14038612): odds endpoint returned not found (Failed to fetch /event/14038612/odds/1/all: 404)
Skip fixture 22190 (Sofa=14038604): odds endpoint returned not found (Failed to fetch /event/14038604/odds/1/all: 404)
Skip fixture 20829 (Sofa=15581703): odds endpoint returned not found (Failed to fetch /event/15581703/odds/1/all: 404)
Inserted 1726 odds snapshot rows.
Log file: artifacts\logs\odds_polling_scheduler.log
Polling fixtures: 225
Skip fixture 22184 (Sofa=14167189): odds endpoint returned not found (Failed to fetch /event/14167189/odds/1/all: 404)
Skip fixture 22185 (Sofa=14038606): odds endpoint returned not found (Failed to fetch /event/14038606/odds/1/all: 404)
Skip fixture 22186 (Sofa=14038610): odds endpoint returned not found (Failed to fetch /event/14038610/odds/1/all: 404)
Skip fixture 22187 (Sofa=14038607): odds endpoint returned not found (Failed to fetch /event/14038607/odds/1/all: 404)
Skip fixture 22188 (Sofa=14038608): odds endpoint returned not found (Failed to fetch /event/14038608/odds/1/all: 404)
Skip fixture 22189 (Sofa=14038612): odds endpoint returned not found (Failed to fetch /event/14038612/odds/1/all: 404)
Skip fixture 22190 (Sofa=14038604): odds endpoint returned not found (Failed to fetch /event/14038604/odds/1/all: 404)
Skip fixture 20829 (Sofa=15581703): odds endpoint returned not found (Failed to fetch /event/15581703/odds/1/all: 404)
Inserted 81 odds snapshot rows.
Log file: artifacts\logs\odds_polling_scheduler.log
Polling fixtures: 225
Skip fixture 22184 (Sofa=14167189): odds endpoint returned not found (Failed to fetch /event/14167189/odds/1/all: 404)
Skip fixture 22185 (Sofa=14038606): odds endpoint returned not found (Failed to fetch /event/14038606/odds/1/all: 404)
Skip fixture 22186 (Sofa=14038610): odds endpoint returned not found (Failed to fetch /event/14038610/odds/1/all: 404)
Skip fixture 22187 (Sofa=14038607): odds endpoint returned not found (Failed to fetch /event/14038607/odds/1/all: 404)
Skip fixture 22188 (Sofa=14038608): odds endpoint returned not found (Failed to fetch /event/14038608/odds/1/all: 404)
Skip fixture 22189 (Sofa=14038612): odds endpoint returned not found (Failed to fetch /event/14038612/odds/1/all: 404)
Skip fixture 22190 (Sofa=14038604): odds endpoint returned not found (Failed to fetch /event/14038604/odds/1/all: 404)
Skip fixture 20829 (Sofa=15581703): odds endpoint returned not found (Failed to fetch /event/15581703/odds/1/all: 404)
Inserted 0 odds snapshot rows.
Log file: artifacts\logs\odds_polling_scheduler.log
Polling fixtures: 224
Skip fixture 22185 (Sofa=14038606): odds endpoint returned not found (Failed to fetch /event/14038606/odds/1/all: 404)
Skip fixture 22186 (Sofa=14038610): odds endpoint returned not found (Failed to fetch /event/14038610/odds/1/all: 404)
Skip fixture 22187 (Sofa=14038607): odds endpoint returned not found (Failed to fetch /event/14038607/odds/1/all: 404)
Skip fixture 22188 (Sofa=14038608): odds endpoint returned not found (Failed to fetch /event/14038608/odds/1/all: 404)
Skip fixture 22189 (Sofa=14038612): odds endpoint returned not found (Failed to fetch /event/14038612/odds/1/all: 404)
Skip fixture 22190 (Sofa=14038604): odds endpoint returned not found (Failed to fetch /event/14038604/odds/1/all: 404)
Skip fixture 20829 (Sofa=15581703): odds endpoint returned not found (Failed to fetch /event/15581703/odds/1/all: 404)
Inserted 68 odds snapshot rows.
Log file: artifacts\logs\odds_polling_scheduler.log
Polling fixtures: 224
Skip fixture 22185 (Sofa=14038606): odds endpoint returned not found (Failed to fetch /event/14038606/odds/1/all: 404)
Skip fixture 22186 (Sofa=14038610): odds endpoint returned not found (Failed to fetch /event/14038610/odds/1/all: 404)
Skip fixture 22187 (Sofa=14038607): odds endpoint returned not found (Failed to fetch /event/14038607/odds/1/all: 404)
Skip fixture 22188 (Sofa=14038608): odds endpoint returned not found (Failed to fetch /event/14038608/odds/1/all: 404)
Skip fixture 22189 (Sofa=14038612): odds endpoint returned not found (Failed to fetch /event/14038612/odds/1/all: 404)
Skip fixture 22190 (Sofa=14038604): odds endpoint returned not found (Failed to fetch /event/14038604/odds/1/all: 404)
Skip fixture 20829 (Sofa=15581703): odds endpoint returned not found (Failed to fetch /event/15581703/odds/1/all: 404)
Inserted 78 odds snapshot rows.
Log file: artifacts\logs\odds_polling_scheduler.log
Polling fixtures: 224
Skip fixture 22185 (Sofa=14038606): odds endpoint returned not found (Failed to fetch /event/14038606/odds/1/all: 404)
Skip fixture 22186 (Sofa=14038610): odds endpoint returned not found (Failed to fetch /event/14038610/odds/1/all: 404)
Skip fixture 22187 (Sofa=14038607): odds endpoint returned not found (Failed to fetch /event/14038607/odds/1/all: 404)
Skip fixture 22188 (Sofa=14038608): odds endpoint returned not found (Failed to fetch /event/14038608/odds/1/all: 404)
Skip fixture 22189 (Sofa=14038612): odds endpoint returned not found (Failed to fetch /event/14038612/odds/1/all: 404)
Skip fixture 22190 (Sofa=14038604): odds endpoint returned not found (Failed to fetch /event/14038604/odds/1/all: 404)
Skip fixture 20829 (Sofa=15581703): odds endpoint returned not found (Failed to fetch /event/15581703/odds/1/all: 404)
Inserted 68 odds snapshot rows.
Log file: artifacts\logs\odds_polling_scheduler.log
Polling fixtures: 186
Skip fixture 22188 (Sofa=14038608): odds endpoint returned not found (Failed to fetch /event/14038608/odds/1/all: 404)
Skip fixture 22189 (Sofa=14038612): odds endpoint returned not found (Failed to fetch /event/14038612/odds/1/all: 404)
Skip fixture 22190 (Sofa=14038604): odds endpoint returned not found (Failed to fetch /event/14038604/odds/1/all: 404)
Odds polling failed: Page.goto: net::ERR_NETWORK_ACCESS_DENIED at https://www.sofascore.com/api/v1/event/14083591/odds/1/all
Call log:
  - navigating to "https://www.sofascore.com/api/v1/event/14083591/odds/1/all", waiting until "load"

Log file: artifacts\logs\odds_polling_scheduler.log
Polling fixtures: 184
Skip fixture 22188 (Sofa=14038608): odds endpoint returned not found (Failed to fetch /event/14038608/odds/1/all: 404)
Skip fixture 22189 (Sofa=14038612): odds endpoint returned not found (Failed to fetch /event/14038612/odds/1/all: 404)
Skip fixture 22190 (Sofa=14038604): odds endpoint returned not found (Failed to fetch /event/14038604/odds/1/all: 404)
Skip fixture 20829 (Sofa=15581703): odds endpoint returned not found (Failed to fetch /event/15581703/odds/1/all: 404)
Inserted 654 odds snapshot rows.
Log file: artifacts\logs\odds_polling_scheduler.log
Polling fixtures: 183
Skip fixture 22188 (Sofa=14038608): odds endpoint returned not found (Failed to fetch /event/14038608/odds/1/all: 404)
Skip fixture 22189 (Sofa=14038612): odds endpoint returned not found (Failed to fetch /event/14038612/odds/1/all: 404)
Skip fixture 22190 (Sofa=14038604): odds endpoint returned not found (Failed to fetch /event/14038604/odds/1/all: 404)
Skip fixture 20829 (Sofa=15581703): odds endpoint returned not found (Failed to fetch /event/15581703/odds/1/all: 404)
Inserted 1000 odds snapshot rows.
Log file: artifacts\logs\odds_polling_scheduler.log
Polling fixtures: 126
Skip fixture 22188 (Sofa=14038608): odds endpoint returned not found (Failed to fetch /event/14038608/odds/1/all: 404)
Skip fixture 22189 (Sofa=14038612): odds endpoint returned not found (Failed to fetch /event/14038612/odds/1/all: 404)
Skip fixture 22190 (Sofa=14038604): odds endpoint returned not found (Failed to fetch /event/14038604/odds/1/all: 404)
Skip fixture 20829 (Sofa=15581703): odds endpoint returned not found (Failed to fetch /event/15581703/odds/1/all: 404)
Inserted 26 odds snapshot rows.
Log file: artifacts\logs\odds_polling_scheduler.log
Polling fixtures: 125
Skip fixture 22188 (Sofa=14038608): odds endpoint returned not found (Failed to fetch /event/14038608/odds/1/all: 404)
Skip fixture 22189 (Sofa=14038612): odds endpoint returned not found (Failed to fetch /event/14038612/odds/1/all: 404)
Skip fixture 22190 (Sofa=14038604): odds endpoint returned not found (Failed to fetch /event/14038604/odds/1/all: 404)
Skip fixture 20829 (Sofa=15581703): odds endpoint returned not found (Failed to fetch /event/15581703/odds/1/all: 404)
Inserted 255 odds snapshot rows.
Log file: artifacts\logs\odds_polling_scheduler.log
Polling fixtures: 122
Skip fixture 22188 (Sofa=14038608): odds endpoint returned not found (Failed to fetch /event/14038608/odds/1/all: 404)
Skip fixture 22189 (Sofa=14038612): odds endpoint returned not found (Failed to fetch /event/14038612/odds/1/all: 404)
Skip fixture 22190 (Sofa=14038604): odds endpoint returned not found (Failed to fetch /event/14038604/odds/1/all: 404)
Skip fixture 20829 (Sofa=15581703): odds endpoint returned not found (Failed to fetch /event/15581703/odds/1/all: 404)
Inserted 79 odds snapshot rows.
Log file: artifacts\logs\odds_polling_scheduler.log
Polling fixtures: 116
Skip fixture 22188 (Sofa=14038608): odds endpoint returned not found (Failed to fetch /event/14038608/odds/1/all: 404)
Skip fixture 22189 (Sofa=14038612): odds endpoint returned not found (Failed to fetch /event/14038612/odds/1/all: 404)
Skip fixture 22190 (Sofa=14038604): odds endpoint returned not found (Failed to fetch /event/14038604/odds/1/all: 404)
Skip fixture 20829 (Sofa=15581703): odds endpoint returned not found (Failed to fetch /event/15581703/odds/1/all: 404)
Inserted 205 odds snapshot rows.
Log file: artifacts\logs\odds_polling_scheduler.log
Polling fixtures: 115
Skip fixture 22188 (Sofa=14038608): odds endpoint returned not found (Failed to fetch /event/14038608/odds/1/all: 404)
Skip fixture 22189 (Sofa=14038612): odds endpoint returned not found (Failed to fetch /event/14038612/odds/1/all: 404)
Skip fixture 22190 (Sofa=14038604): odds endpoint returned not found (Failed to fetch /event/14038604/odds/1/all: 404)
Skip fixture 20829 (Sofa=15581703): odds endpoint returned not found (Failed to fetch /event/15581703/odds/1/all: 404)
Inserted 589 odds snapshot rows.
Log file: artifacts\logs\odds_polling_scheduler.log
Polling fixtures: 110
Skip fixture 22188 (Sofa=14038608): odds endpoint returned not found (Failed to fetch /event/14038608/odds/1/all: 404)
Skip fixture 22189 (Sofa=14038612): odds endpoint returned not found (Failed to fetch /event/14038612/odds/1/all: 404)
Skip fixture 22190 (Sofa=14038604): odds endpoint returned not found (Failed to fetch /event/14038604/odds/1/all: 404)
Skip fixture 20829 (Sofa=15581703): odds endpoint returned not found (Failed to fetch /event/15581703/odds/1/all: 404)
Inserted 782 odds snapshot rows.
Log file: artifacts\logs\odds_polling_scheduler.log
Polling fixtures: 110
Skip fixture 22188 (Sofa=14038608): odds endpoint returned not found (Failed to fetch /event/14038608/odds/1/all: 404)
Skip fixture 22189 (Sofa=14038612): odds endpoint returned not found (Failed to fetch /event/14038612/odds/1/all: 404)
Skip fixture 22190 (Sofa=14038604): odds endpoint returned not found (Failed to fetch /event/14038604/odds/1/all: 404)
Skip fixture 20829 (Sofa=15581703): odds endpoint returned not found (Failed to fetch /event/15581703/odds/1/all: 404)
Skip fixture 4901 (Sofa=14317738): odds endpoint returned not found (Failed to fetch /event/14317738/odds/1/all: 404)
Inserted 91 odds snapshot rows.
Log file: artifacts\logs\odds_polling_scheduler.log
Polling fixtures: 110
Skip fixture 22188 (Sofa=14038608): odds endpoint returned not found (Failed to fetch /event/14038608/odds/1/all: 404)
Skip fixture 22189 (Sofa=14038612): odds endpoint returned not found (Failed to fetch /event/14038612/odds/1/all: 404)
Skip fixture 22190 (Sofa=14038604): odds endpoint returned not found (Failed to fetch /event/14038604/odds/1/all: 404)
Skip fixture 20829 (Sofa=15581703): odds endpoint returned not found (Failed to fetch /event/15581703/odds/1/all: 404)
Skip fixture 4901 (Sofa=14317738): odds endpoint returned not found (Failed to fetch /event/14317738/odds/1/all: 404)
Inserted 109 odds snapshot rows.
Log file: artifacts\logs\odds_polling_scheduler.log
Polling fixtures: 107
Skip fixture 22188 (Sofa=14038608): odds endpoint returned not found (Failed to fetch /event/14038608/odds/1/all: 404)
Skip fixture 22189 (Sofa=14038612): odds endpoint returned not found (Failed to fetch /event/14038612/odds/1/all: 404)
Skip fixture 22190 (Sofa=14038604): odds endpoint returned not found (Failed to fetch /event/14038604/odds/1/all: 404)
Skip fixture 20829 (Sofa=15581703): odds endpoint returned not found (Failed to fetch /event/15581703/odds/1/all: 404)
Skip fixture 4901 (Sofa=14317738): odds endpoint returned not found (Failed to fetch /event/14317738/odds/1/all: 404)
Inserted 103 odds snapshot rows.
Log file: artifacts\logs\odds_polling_scheduler.log
Polling fixtures: 109
Skip fixture 22188 (Sofa=14038608): odds endpoint returned not found (Failed to fetch /event/14038608/odds/1/all: 404)
Skip fixture 22189 (Sofa=14038612): odds endpoint returned not found (Failed to fetch /event/14038612/odds/1/all: 404)
Skip fixture 22190 (Sofa=14038604): odds endpoint returned not found (Failed to fetch /event/14038604/odds/1/all: 404)
Skip fixture 20829 (Sofa=15581703): odds endpoint returned not found (Failed to fetch /event/15581703/odds/1/all: 404)
Skip fixture 4901 (Sofa=14317738): odds endpoint returned not found (Failed to fetch /event/14317738/odds/1/all: 404)
Skip fixture 4904 (Sofa=14317740): odds endpoint returned not found (Failed to fetch /event/14317740/odds/1/all: 404)
Skip fixture 4902 (Sofa=14317731): odds endpoint returned not found (Failed to fetch /event/14317731/odds/1/all: 404)
Skip fixture 4905 (Sofa=14317736): odds endpoint returned not found (Failed to fetch /event/14317736/odds/1/all: 404)
Skip fixture 4903 (Sofa=14317741): odds endpoint returned not found (Failed to fetch /event/14317741/odds/1/all: 404)
Inserted 68 odds snapshot rows.
Log file: artifacts\logs\odds_polling_scheduler.log
Polling fixtures: 108
Skip fixture 22188 (Sofa=14038608): odds endpoint returned not found (Failed to fetch /event/14038608/odds/1/all: 404)
Skip fixture 22189 (Sofa=14038612): odds endpoint returned not found (Failed to fetch /event/14038612/odds/1/all: 404)
Skip fixture 22190 (Sofa=14038604): odds endpoint returned not found (Failed to fetch /event/14038604/odds/1/all: 404)
Skip fixture 20829 (Sofa=15581703): odds endpoint returned not found (Failed to fetch /event/15581703/odds/1/all: 404)
Skip fixture 4901 (Sofa=14317738): odds endpoint returned not found (Failed to fetch /event/14317738/odds/1/all: 404)
Skip fixture 4904 (Sofa=14317740): odds endpoint returned not found (Failed to fetch /event/14317740/odds/1/all: 404)
Skip fixture 4902 (Sofa=14317731): odds endpoint returned not found (Failed to fetch /event/14317731/odds/1/all: 404)
Skip fixture 4905 (Sofa=14317736): odds endpoint returned not found (Failed to fetch /event/14317736/odds/1/all: 404)
Skip fixture 4903 (Sofa=14317741): odds endpoint returned not found (Failed to fetch /event/14317741/odds/1/all: 404)
Inserted 77 odds snapshot rows.
Log file: artifacts\logs\odds_polling_scheduler.log
Polling fixtures: 105
Skip fixture 22188 (Sofa=14038608): odds endpoint returned not found (Failed to fetch /event/14038608/odds/1/all: 404)
Skip fixture 22189 (Sofa=14038612): odds endpoint returned not found (Failed to fetch /event/14038612/odds/1/all: 404)
Skip fixture 22190 (Sofa=14038604): odds endpoint returned not found (Failed to fetch /event/14038604/odds/1/all: 404)
Skip fixture 20829 (Sofa=15581703): odds endpoint returned not found (Failed to fetch /event/15581703/odds/1/all: 404)
Skip fixture 4901 (Sofa=14317738): odds endpoint returned not found (Failed to fetch /event/14317738/odds/1/all: 404)
Skip fixture 4905 (Sofa=14317736): odds endpoint returned not found (Failed to fetch /event/14317736/odds/1/all: 404)
Skip fixture 4903 (Sofa=14317741): odds endpoint returned not found (Failed to fetch /event/14317741/odds/1/all: 404)
Skip fixture 4904 (Sofa=14317740): odds endpoint returned not found (Failed to fetch /event/14317740/odds/1/all: 404)
Skip fixture 4902 (Sofa=14317731): odds endpoint returned not found (Failed to fetch /event/14317731/odds/1/all: 404)
Skip fixture 22441 (Sofa=15362695): odds endpoint returned not found (Failed to fetch /event/15362695/odds/1/all: 404)
Inserted 593 odds snapshot rows.
Log file: artifacts\logs\odds_polling_scheduler.log
Polling fixtures: 101
Skip fixture 22188 (Sofa=14038608): odds endpoint returned not found (Failed to fetch /event/14038608/odds/1/all: 404)
Skip fixture 22189 (Sofa=14038612): odds endpoint returned not found (Failed to fetch /event/14038612/odds/1/all: 404)
Skip fixture 22190 (Sofa=14038604): odds endpoint returned not found (Failed to fetch /event/14038604/odds/1/all: 404)
Skip fixture 20829 (Sofa=15581703): odds endpoint returned not found (Failed to fetch /event/15581703/odds/1/all: 404)
Skip fixture 4901 (Sofa=14317738): odds endpoint returned not found (Failed to fetch /event/14317738/odds/1/all: 404)
Skip fixture 4903 (Sofa=14317741): odds endpoint returned not found (Failed to fetch /event/14317741/odds/1/all: 404)
Skip fixture 4902 (Sofa=14317731): odds endpoint returned not found (Failed to fetch /event/14317731/odds/1/all: 404)
Skip fixture 4904 (Sofa=14317740): odds endpoint returned not found (Failed to fetch /event/14317740/odds/1/all: 404)
Skip fixture 4905 (Sofa=14317736): odds endpoint returned not found (Failed to fetch /event/14317736/odds/1/all: 404)
Skip fixture 22441 (Sofa=15362695): odds endpoint returned not found (Failed to fetch /event/15362695/odds/1/all: 404)
Inserted 634 odds snapshot rows.
Log file: artifacts\logs\odds_polling_scheduler.log
Polling fixtures: 101
Skip fixture 22188 (Sofa=14038608): odds endpoint returned not found (Failed to fetch /event/14038608/odds/1/all: 404)
Skip fixture 22189 (Sofa=14038612): odds endpoint returned not found (Failed to fetch /event/14038612/odds/1/all: 404)
Skip fixture 22190 (Sofa=14038604): odds endpoint returned not found (Failed to fetch /event/14038604/odds/1/all: 404)
Skip fixture 20829 (Sofa=15581703): odds endpoint returned not found (Failed to fetch /event/15581703/odds/1/all: 404)
Skip fixture 4901 (Sofa=14317738): odds endpoint returned not found (Failed to fetch /event/14317738/odds/1/all: 404)
Skip fixture 4903 (Sofa=14317741): odds endpoint returned not found (Failed to fetch /event/14317741/odds/1/all: 404)
Skip fixture 4902 (Sofa=14317731): odds endpoint returned not found (Failed to fetch /event/14317731/odds/1/all: 404)
Skip fixture 4904 (Sofa=14317740): odds endpoint returned not found (Failed to fetch /event/14317740/odds/1/all: 404)
Skip fixture 4905 (Sofa=14317736): odds endpoint returned not found (Failed to fetch /event/14317736/odds/1/all: 404)
Skip fixture 22441 (Sofa=15362695): odds endpoint returned not found (Failed to fetch /event/15362695/odds/1/all: 404)
Inserted 13 odds snapshot rows.
Log file: artifacts\logs\odds_polling_scheduler.log
Polling fixtures: 124
Skip fixture 22188 (Sofa=14038608): odds endpoint returned not found (Failed to fetch /event/14038608/odds/1/all: 404)
Skip fixture 22189 (Sofa=14038612): odds endpoint returned not found (Failed to fetch /event/14038612/odds/1/all: 404)
Skip fixture 22190 (Sofa=14038604): odds endpoint returned not found (Failed to fetch /event/14038604/odds/1/all: 404)
Skip fixture 20829 (Sofa=15581703): odds endpoint returned not found (Failed to fetch /event/15581703/odds/1/all: 404)
Skip fixture 4901 (Sofa=14317738): odds endpoint returned not found (Failed to fetch /event/14317738/odds/1/all: 404)
Skip fixture 4904 (Sofa=14317740): odds endpoint returned not found (Failed to fetch /event/14317740/odds/1/all: 404)
Skip fixture 4905 (Sofa=14317736): odds endpoint returned not found (Failed to fetch /event/14317736/odds/1/all: 404)
Skip fixture 4903 (Sofa=14317741): odds endpoint returned not found (Failed to fetch /event/14317741/odds/1/all: 404)
Skip fixture 4902 (Sofa=14317731): odds endpoint returned not found (Failed to fetch /event/14317731/odds/1/all: 404)
Skip fixture 22441 (Sofa=15362695): odds endpoint returned not found (Failed to fetch /event/15362695/odds/1/all: 404)
Skip fixture 3077 (Sofa=15538757): odds endpoint returned not found (Failed to fetch /event/15538757/odds/1/all: 404)
Skip fixture 3235 (Sofa=15573411): odds endpoint returned not found (Failed to fetch /event/15573411/odds/1/all: 404)
Skip fixture 2770 (Sofa=15489538): odds endpoint returned not found (Failed to fetch /event/15489538/odds/1/all: 404)
Inserted 248 odds snapshot rows.
Log file: artifacts\logs\odds_polling_scheduler.log
Polling fixtures: 124
Skip fixture 22188 (Sofa=14038608): odds endpoint returned not found (Failed to fetch /event/14038608/odds/1/all: 404)
Skip fixture 22189 (Sofa=14038612): odds endpoint returned not found (Failed to fetch /event/14038612/odds/1/all: 404)
Skip fixture 22190 (Sofa=14038604): odds endpoint returned not found (Failed to fetch /event/14038604/odds/1/all: 404)
Odds polling failed: Page.goto: net::ERR_NETWORK_ACCESS_DENIED at https://www.sofascore.com/api/v1/event/15581703/odds/1/all
Call log:
  - navigating to "https://www.sofascore.com/api/v1/event/15581703/odds/1/all", waiting until "load"

Log file: artifacts\logs\odds_polling_scheduler.log
Polling fixtures: 125
Skip fixture 22188 (Sofa=14038608): odds endpoint returned not found (Failed to fetch /event/14038608/odds/1/all: 404)
Skip fixture 22189 (Sofa=14038612): odds endpoint returned not found (Failed to fetch /event/14038612/odds/1/all: 404)
Skip fixture 22190 (Sofa=14038604): odds endpoint returned not found (Failed to fetch /event/14038604/odds/1/all: 404)
Skip fixture 20829 (Sofa=15581703): odds endpoint returned not found (Failed to fetch /event/15581703/odds/1/all: 404)
Skip fixture 4901 (Sofa=14317738): odds endpoint returned not found (Failed to fetch /event/14317738/odds/1/all: 404)
Skip fixture 4904 (Sofa=14317740): odds endpoint returned not found (Failed to fetch /event/14317740/odds/1/all: 404)
Skip fixture 4903 (Sofa=14317741): odds endpoint returned not found (Failed to fetch /event/14317741/odds/1/all: 404)
Skip fixture 4905 (Sofa=14317736): odds endpoint returned not found (Failed to fetch /event/14317736/odds/1/all: 404)
Skip fixture 4902 (Sofa=14317731): odds endpoint returned not found (Failed to fetch /event/14317731/odds/1/all: 404)
Skip fixture 22441 (Sofa=15362695): odds endpoint returned not found (Failed to fetch /event/15362695/odds/1/all: 404)
Skip fixture 3077 (Sofa=15538757): odds endpoint returned not found (Failed to fetch /event/15538757/odds/1/all: 404)
Skip fixture 2770 (Sofa=15489538): odds endpoint returned not found (Failed to fetch /event/15489538/odds/1/all: 404)
Skip fixture 3235 (Sofa=15573411): odds endpoint returned not found (Failed to fetch /event/15573411/odds/1/all: 404)
Inserted 36 odds snapshot rows.
Log file: artifacts\logs\odds_polling_scheduler.log
Polling fixtures: 124
Skip fixture 22188 (Sofa=14038608): odds endpoint returned not found (Failed to fetch /event/14038608/odds/1/all: 404)
Skip fixture 22189 (Sofa=14038612): odds endpoint returned not found (Failed to fetch /event/14038612/odds/1/all: 404)
Skip fixture 22190 (Sofa=14038604): odds endpoint returned not found (Failed to fetch /event/14038604/odds/1/all: 404)
Skip fixture 20829 (Sofa=15581703): odds endpoint returned not found (Failed to fetch /event/15581703/odds/1/all: 404)
Skip fixture 4901 (Sofa=14317738): odds endpoint returned not found (Failed to fetch /event/14317738/odds/1/all: 404)
Skip fixture 4903 (Sofa=14317741): odds endpoint returned not found (Failed to fetch /event/14317741/odds/1/all: 404)
Skip fixture 4905 (Sofa=14317736): odds endpoint returned not found (Failed to fetch /event/14317736/odds/1/all: 404)
Skip fixture 4902 (Sofa=14317731): odds endpoint returned not found (Failed to fetch /event/14317731/odds/1/all: 404)
Skip fixture 4904 (Sofa=14317740): odds endpoint returned not found (Failed to fetch /event/14317740/odds/1/all: 404)
Skip fixture 22441 (Sofa=15362695): odds endpoint returned not found (Failed to fetch /event/15362695/odds/1/all: 404)
Skip fixture 2770 (Sofa=15489538): odds endpoint returned not found (Failed to fetch /event/15489538/odds/1/all: 404)
Skip fixture 3235 (Sofa=15573411): odds endpoint returned not found (Failed to fetch /event/15573411/odds/1/all: 404)
Skip fixture 3077 (Sofa=15538757): odds endpoint returned not found (Failed to fetch /event/15538757/odds/1/all: 404)
Inserted 13 odds snapshot rows.
Log file: artifacts\logs\odds_polling_scheduler.log
Polling fixtures: 124
Skip fixture 22188 (Sofa=14038608): odds endpoint returned not found (Failed to fetch /event/14038608/odds/1/all: 404)
Skip fixture 22189 (Sofa=14038612): odds endpoint returned not found (Failed to fetch /event/14038612/odds/1/all: 404)
Skip fixture 22190 (Sofa=14038604): odds endpoint returned not found (Failed to fetch /event/14038604/odds/1/all: 404)
Skip fixture 20829 (Sofa=15581703): odds endpoint returned not found (Failed to fetch /event/15581703/odds/1/all: 404)
Skip fixture 4901 (Sofa=14317738): odds endpoint returned not found (Failed to fetch /event/14317738/odds/1/all: 404)
Skip fixture 4903 (Sofa=14317741): odds endpoint returned not found (Failed to fetch /event/14317741/odds/1/all: 404)
Skip fixture 4905 (Sofa=14317736): odds endpoint returned not found (Failed to fetch /event/14317736/odds/1/all: 404)
Skip fixture 4902 (Sofa=14317731): odds endpoint returned not found (Failed to fetch /event/14317731/odds/1/all: 404)
Skip fixture 4904 (Sofa=14317740): odds endpoint returned not found (Failed to fetch /event/14317740/odds/1/all: 404)
Skip fixture 22441 (Sofa=15362695): odds endpoint returned not found (Failed to fetch /event/15362695/odds/1/all: 404)
Skip fixture 2770 (Sofa=15489538): odds endpoint returned not found (Failed to fetch /event/15489538/odds/1/all: 404)
Skip fixture 3235 (Sofa=15573411): odds endpoint returned not found (Failed to fetch /event/15573411/odds/1/all: 404)
Skip fixture 3077 (Sofa=15538757): odds endpoint returned not found (Failed to fetch /event/15538757/odds/1/all: 404)
Inserted 1134 odds snapshot rows.
Log file: artifacts\logs\odds_polling_scheduler.log
Polling fixtures: 124
Skip fixture 22188 (Sofa=14038608): odds endpoint returned not found (Failed to fetch /event/14038608/odds/1/all: 404)
Skip fixture 22189 (Sofa=14038612): odds endpoint returned not found (Failed to fetch /event/14038612/odds/1/all: 404)
Skip fixture 22190 (Sofa=14038604): odds endpoint returned not found (Failed to fetch /event/14038604/odds/1/all: 404)
Skip fixture 20829 (Sofa=15581703): odds endpoint returned not found (Failed to fetch /event/15581703/odds/1/all: 404)
Skip fixture 4901 (Sofa=14317738): odds endpoint returned not found (Failed to fetch /event/14317738/odds/1/all: 404)
Skip fixture 4903 (Sofa=14317741): odds endpoint returned not found (Failed to fetch /event/14317741/odds/1/all: 404)
Skip fixture 4905 (Sofa=14317736): odds endpoint returned not found (Failed to fetch /event/14317736/odds/1/all: 404)
Skip fixture 4902 (Sofa=14317731): odds endpoint returned not found (Failed to fetch /event/14317731/odds/1/all: 404)
Skip fixture 4904 (Sofa=14317740): odds endpoint returned not found (Failed to fetch /event/14317740/odds/1/all: 404)
Skip fixture 22441 (Sofa=15362695): odds endpoint returned not found (Failed to fetch /event/15362695/odds/1/all: 404)
Skip fixture 3235 (Sofa=15573411): odds endpoint returned not found (Failed to fetch /event/15573411/odds/1/all: 404)
Skip fixture 3077 (Sofa=15538757): odds endpoint returned not found (Failed to fetch /event/15538757/odds/1/all: 404)
Inserted 14 odds snapshot rows.
Log file: artifacts\logs\odds_polling_scheduler.log
Polling fixtures: 124
Skip fixture 22188 (Sofa=14038608): odds endpoint returned not found (Failed to fetch /event/14038608/odds/1/all: 404)
Skip fixture 22189 (Sofa=14038612): odds endpoint returned not found (Failed to fetch /event/14038612/odds/1/all: 404)
Skip fixture 22190 (Sofa=14038604): odds endpoint returned not found (Failed to fetch /event/14038604/odds/1/all: 404)
Skip fixture 20829 (Sofa=15581703): odds endpoint returned not found (Failed to fetch /event/15581703/odds/1/all: 404)
Skip fixture 4901 (Sofa=14317738): odds endpoint returned not found (Failed to fetch /event/14317738/odds/1/all: 404)
Skip fixture 4903 (Sofa=14317741): odds endpoint returned not found (Failed to fetch /event/14317741/odds/1/all: 404)
Skip fixture 4905 (Sofa=14317736): odds endpoint returned not found (Failed to fetch /event/14317736/odds/1/all: 404)
Skip fixture 4902 (Sofa=14317731): odds endpoint returned not found (Failed to fetch /event/14317731/odds/1/all: 404)
Skip fixture 4904 (Sofa=14317740): odds endpoint returned not found (Failed to fetch /event/14317740/odds/1/all: 404)
Skip fixture 22441 (Sofa=15362695): odds endpoint returned not found (Failed to fetch /event/15362695/odds/1/all: 404)
Skip fixture 3235 (Sofa=15573411): odds endpoint returned not found (Failed to fetch /event/15573411/odds/1/all: 404)
Skip fixture 3077 (Sofa=15538757): odds endpoint returned not found (Failed to fetch /event/15538757/odds/1/all: 404)
Inserted 0 odds snapshot rows.
Log file: artifacts\logs\odds_polling_scheduler.log
Polling fixtures: 123
Odds polling failed: Page.goto: net::ERR_NAME_NOT_RESOLVED at https://www.sofascore.com/api/v1/event/14038608/odds/1/all
Call log:
  - navigating to "https://www.sofascore.com/api/v1/event/14038608/odds/1/all", waiting until "load"

Log file: artifacts\logs\odds_polling_scheduler.log
Polling fixtures: 123
Odds polling failed: Page.goto: net::ERR_NAME_NOT_RESOLVED at https://www.sofascore.com/api/v1/event/14038608/odds/1/all
Call log:
  - navigating to "https://www.sofascore.com/api/v1/event/14038608/odds/1/all", waiting until "load"

Log file: artifacts\logs\odds_polling_scheduler.log
Polling fixtures: 123
Skip fixture 22188 (Sofa=14038608): odds endpoint returned not found (Failed to fetch /event/14038608/odds/1/all: 404)
Skip fixture 22189 (Sofa=14038612): odds endpoint returned not found (Failed to fetch /event/14038612/odds/1/all: 404)
Skip fixture 22190 (Sofa=14038604): odds endpoint returned not found (Failed to fetch /event/14038604/odds/1/all: 404)
Skip fixture 20829 (Sofa=15581703): odds endpoint returned not found (Failed to fetch /event/15581703/odds/1/all: 404)
Skip fixture 4901 (Sofa=14317738): odds endpoint returned not found (Failed to fetch /event/14317738/odds/1/all: 404)
Skip fixture 4902 (Sofa=14317731): odds endpoint returned not found (Failed to fetch /event/14317731/odds/1/all: 404)
Skip fixture 4904 (Sofa=14317740): odds endpoint returned not found (Failed to fetch /event/14317740/odds/1/all: 404)
Skip fixture 4905 (Sofa=14317736): odds endpoint returned not found (Failed to fetch /event/14317736/odds/1/all: 404)
Skip fixture 4903 (Sofa=14317741): odds endpoint returned not found (Failed to fetch /event/14317741/odds/1/all: 404)
Skip fixture 22441 (Sofa=15362695): odds endpoint returned not found (Failed to fetch /event/15362695/odds/1/all: 404)
Skip fixture 3235 (Sofa=15573411): odds endpoint returned not found (Failed to fetch /event/15573411/odds/1/all: 404)
Skip fixture 3077 (Sofa=15538757): odds endpoint returned not found (Failed to fetch /event/15538757/odds/1/all: 404)
Inserted 259 odds snapshot rows.
Log file: artifacts\logs\odds_polling_scheduler.log
Polling fixtures: 123
Skip fixture 22188 (Sofa=14038608): odds endpoint returned not found (Failed to fetch /event/14038608/odds/1/all: 404)
Skip fixture 22189 (Sofa=14038612): odds endpoint returned not found (Failed to fetch /event/14038612/odds/1/all: 404)
Skip fixture 22190 (Sofa=14038604): odds endpoint returned not found (Failed to fetch /event/14038604/odds/1/all: 404)
Skip fixture 20829 (Sofa=15581703): odds endpoint returned not found (Failed to fetch /event/15581703/odds/1/all: 404)
Skip fixture 4901 (Sofa=14317738): odds endpoint returned not found (Failed to fetch /event/14317738/odds/1/all: 404)
Skip fixture 4902 (Sofa=14317731): odds endpoint returned not found (Failed to fetch /event/14317731/odds/1/all: 404)
Skip fixture 4904 (Sofa=14317740): odds endpoint returned not found (Failed to fetch /event/14317740/odds/1/all: 404)
Skip fixture 4905 (Sofa=14317736): odds endpoint returned not found (Failed to fetch /event/14317736/odds/1/all: 404)
Skip fixture 4903 (Sofa=14317741): odds endpoint returned not found (Failed to fetch /event/14317741/odds/1/all: 404)
Skip fixture 22441 (Sofa=15362695): odds endpoint returned not found (Failed to fetch /event/15362695/odds/1/all: 404)
Skip fixture 3235 (Sofa=15573411): odds endpoint returned not found (Failed to fetch /event/15573411/odds/1/all: 404)
Skip fixture 3077 (Sofa=15538757): odds endpoint returned not found (Failed to fetch /event/15538757/odds/1/all: 404)
Inserted 876 odds snapshot rows.
Log file: artifacts\logs\odds_polling_scheduler.log
Polling fixtures: 123
Skip fixture 22188 (Sofa=14038608): odds endpoint returned not found (Failed to fetch /event/14038608/odds/1/all: 404)
Skip fixture 22189 (Sofa=14038612): odds endpoint returned not found (Failed to fetch /event/14038612/odds/1/all: 404)
Skip fixture 22190 (Sofa=14038604): odds endpoint returned not found (Failed to fetch /event/14038604/odds/1/all: 404)
Skip fixture 20829 (Sofa=15581703): odds endpoint returned not found (Failed to fetch /event/15581703/odds/1/all: 404)
Skip fixture 4901 (Sofa=14317738): odds endpoint returned not found (Failed to fetch /event/14317738/odds/1/all: 404)
Skip fixture 4902 (Sofa=14317731): odds endpoint returned not found (Failed to fetch /event/14317731/odds/1/all: 404)
Skip fixture 4904 (Sofa=14317740): odds endpoint returned not found (Failed to fetch /event/14317740/odds/1/all: 404)
Skip fixture 4905 (Sofa=14317736): odds endpoint returned not found (Failed to fetch /event/14317736/odds/1/all: 404)
Skip fixture 4903 (Sofa=14317741): odds endpoint returned not found (Failed to fetch /event/14317741/odds/1/all: 404)
Skip fixture 22441 (Sofa=15362695): odds endpoint returned not found (Failed to fetch /event/15362695/odds/1/all: 404)
Skip fixture 3235 (Sofa=15573411): odds endpoint returned not found (Failed to fetch /event/15573411/odds/1/all: 404)
Skip fixture 3077 (Sofa=15538757): odds endpoint returned not found (Failed to fetch /event/15538757/odds/1/all: 404)
Inserted 0 odds snapshot rows.
Log file: artifacts\logs\odds_polling_scheduler.log
Polling fixtures: 123
Skip fixture 22188 (Sofa=14038608): odds endpoint returned not found (Failed to fetch /event/14038608/odds/1/all: 404)
Skip fixture 22189 (Sofa=14038612): odds endpoint returned not found (Failed to fetch /event/14038612/odds/1/all: 404)
Skip fixture 22190 (Sofa=14038604): odds endpoint returned not found (Failed to fetch /event/14038604/odds/1/all: 404)
Skip fixture 20829 (Sofa=15581703): odds endpoint returned not found (Failed to fetch /event/15581703/odds/1/all: 404)
Skip fixture 4901 (Sofa=14317738): odds endpoint returned not found (Failed to fetch /event/14317738/odds/1/all: 404)
Skip fixture 4902 (Sofa=14317731): odds endpoint returned not found (Failed to fetch /event/14317731/odds/1/all: 404)
Skip fixture 4904 (Sofa=14317740): odds endpoint returned not found (Failed to fetch /event/14317740/odds/1/all: 404)
Skip fixture 4905 (Sofa=14317736): odds endpoint returned not found (Failed to fetch /event/14317736/odds/1/all: 404)
Skip fixture 4903 (Sofa=14317741): odds endpoint returned not found (Failed to fetch /event/14317741/odds/1/all: 404)
Skip fixture 22441 (Sofa=15362695): odds endpoint returned not found (Failed to fetch /event/15362695/odds/1/all: 404)
Skip fixture 3235 (Sofa=15573411): odds endpoint returned not found (Failed to fetch /event/15573411/odds/1/all: 404)
Skip fixture 3077 (Sofa=15538757): odds endpoint returned not found (Failed to fetch /event/15538757/odds/1/all: 404)
Inserted 0 odds snapshot rows.
Log file: artifacts\logs\odds_polling_scheduler.log
Polling fixtures: 123
Skip fixture 22188 (Sofa=14038608): odds endpoint returned not found (Failed to fetch /event/14038608/odds/1/all: 404)
Skip fixture 22189 (Sofa=14038612): odds endpoint returned not found (Failed to fetch /event/14038612/odds/1/all: 404)
Skip fixture 22190 (Sofa=14038604): odds endpoint returned not found (Failed to fetch /event/14038604/odds/1/all: 404)
Skip fixture 20829 (Sofa=15581703): odds endpoint returned not found (Failed to fetch /event/15581703/odds/1/all: 404)
Skip fixture 4901 (Sofa=14317738): odds endpoint returned not found (Failed to fetch /event/14317738/odds/1/all: 404)
Skip fixture 4902 (Sofa=14317731): odds endpoint returned not found (Failed to fetch /event/14317731/odds/1/all: 404)
Skip fixture 4904 (Sofa=14317740): odds endpoint returned not found (Failed to fetch /event/14317740/odds/1/all: 404)
Skip fixture 4905 (Sofa=14317736): odds endpoint returned not found (Failed to fetch /event/14317736/odds/1/all: 404)
Skip fixture 4903 (Sofa=14317741): odds endpoint returned not found (Failed to fetch /event/14317741/odds/1/all: 404)
Skip fixture 22441 (Sofa=15362695): odds endpoint returned not found (Failed to fetch /event/15362695/odds/1/all: 404)
Skip fixture 3235 (Sofa=15573411): odds endpoint returned not found (Failed to fetch /event/15573411/odds/1/all: 404)
Skip fixture 3077 (Sofa=15538757): odds endpoint returned not found (Failed to fetch /event/15538757/odds/1/all: 404)
Inserted 0 odds snapshot rows.
Log file: artifacts\logs\odds_polling_scheduler.log
Polling fixtures: 123
Skip fixture 22188 (Sofa=14038608): odds endpoint returned not found (Failed to fetch /event/14038608/odds/1/all: 404)
Skip fixture 22189 (Sofa=14038612): odds endpoint returned not found (Failed to fetch /event/14038612/odds/1/all: 404)
Skip fixture 22190 (Sofa=14038604): odds endpoint returned not found (Failed to fetch /event/14038604/odds/1/all: 404)
Skip fixture 20829 (Sofa=15581703): odds endpoint returned not found (Failed to fetch /event/15581703/odds/1/all: 404)
Skip fixture 4901 (Sofa=14317738): odds endpoint returned not found (Failed to fetch /event/14317738/odds/1/all: 404)
Skip fixture 4902 (Sofa=14317731): odds endpoint returned not found (Failed to fetch /event/14317731/odds/1/all: 404)
Skip fixture 4904 (Sofa=14317740): odds endpoint returned not found (Failed to fetch /event/14317740/odds/1/all: 404)
Skip fixture 4905 (Sofa=14317736): odds endpoint returned not found (Failed to fetch /event/14317736/odds/1/all: 404)
Skip fixture 4903 (Sofa=14317741): odds endpoint returned not found (Failed to fetch /event/14317741/odds/1/all: 404)
Skip fixture 22441 (Sofa=15362695): odds endpoint returned not found (Failed to fetch /event/15362695/odds/1/all: 404)
Skip fixture 3235 (Sofa=15573411): odds endpoint returned not found (Failed to fetch /event/15573411/odds/1/all: 404)
Skip fixture 3077 (Sofa=15538757): odds endpoint returned not found (Failed to fetch /event/15538757/odds/1/all: 404)
Inserted 259 odds snapshot rows.
Log file: artifacts\logs\odds_polling_scheduler.log
Polling fixtures: 123
Skip fixture 22188 (Sofa=14038608): odds endpoint returned not found (Failed to fetch /event/14038608/odds/1/all: 404)
Skip fixture 22189 (Sofa=14038612): odds endpoint returned not found (Failed to fetch /event/14038612/odds/1/all: 404)
Skip fixture 22190 (Sofa=14038604): odds endpoint returned not found (Failed to fetch /event/14038604/odds/1/all: 404)
Skip fixture 20829 (Sofa=15581703): odds endpoint returned not found (Failed to fetch /event/15581703/odds/1/all: 404)
Skip fixture 4901 (Sofa=14317738): odds endpoint returned not found (Failed to fetch /event/14317738/odds/1/all: 404)
Skip fixture 4902 (Sofa=14317731): odds endpoint returned not found (Failed to fetch /event/14317731/odds/1/all: 404)
Skip fixture 4904 (Sofa=14317740): odds endpoint returned not found (Failed to fetch /event/14317740/odds/1/all: 404)
Skip fixture 4905 (Sofa=14317736): odds endpoint returned not found (Failed to fetch /event/14317736/odds/1/all: 404)
Skip fixture 4903 (Sofa=14317741): odds endpoint returned not found (Failed to fetch /event/14317741/odds/1/all: 404)
Skip fixture 22441 (Sofa=15362695): odds endpoint returned not found (Failed to fetch /event/15362695/odds/1/all: 404)
Skip fixture 3235 (Sofa=15573411): odds endpoint returned not found (Failed to fetch /event/15573411/odds/1/all: 404)
Skip fixture 3077 (Sofa=15538757): odds endpoint returned not found (Failed to fetch /event/15538757/odds/1/all: 404)
Inserted 258 odds snapshot rows.
Log file: artifacts\logs\odds_polling_scheduler.log
Polling fixtures: 123
Skip fixture 22188 (Sofa=14038608): odds endpoint returned not found (Failed to fetch /event/14038608/odds/1/all: 404)
Skip fixture 22189 (Sofa=14038612): odds endpoint returned not found (Failed to fetch /event/14038612/odds/1/all: 404)
Skip fixture 22190 (Sofa=14038604): odds endpoint returned not found (Failed to fetch /event/14038604/odds/1/all: 404)
Skip fixture 20829 (Sofa=15581703): odds endpoint returned not found (Failed to fetch /event/15581703/odds/1/all: 404)
Skip fixture 4901 (Sofa=14317738): odds endpoint returned not found (Failed to fetch /event/14317738/odds/1/all: 404)
Skip fixture 4902 (Sofa=14317731): odds endpoint returned not found (Failed to fetch /event/14317731/odds/1/all: 404)
Skip fixture 4904 (Sofa=14317740): odds endpoint returned not found (Failed to fetch /event/14317740/odds/1/all: 404)
Skip fixture 4905 (Sofa=14317736): odds endpoint returned not found (Failed to fetch /event/14317736/odds/1/all: 404)
Skip fixture 4903 (Sofa=14317741): odds endpoint returned not found (Failed to fetch /event/14317741/odds/1/all: 404)
Skip fixture 22441 (Sofa=15362695): odds endpoint returned not found (Failed to fetch /event/15362695/odds/1/all: 404)
Skip fixture 3235 (Sofa=15573411): odds endpoint returned not found (Failed to fetch /event/15573411/odds/1/all: 404)
Skip fixture 3077 (Sofa=15538757): odds endpoint returned not found (Failed to fetch /event/15538757/odds/1/all: 404)
Inserted 0 odds snapshot rows.
Log file: artifacts\logs\odds_polling_scheduler.log
Polling fixtures: 123
Skip fixture 22188 (Sofa=14038608): odds endpoint returned not found (Failed to fetch /event/14038608/odds/1/all: 404)
Skip fixture 22189 (Sofa=14038612): odds endpoint returned not found (Failed to fetch /event/14038612/odds/1/all: 404)
Skip fixture 22190 (Sofa=14038604): odds endpoint returned not found (Failed to fetch /event/14038604/odds/1/all: 404)
Skip fixture 20829 (Sofa=15581703): odds endpoint returned not found (Failed to fetch /event/15581703/odds/1/all: 404)
Skip fixture 4901 (Sofa=14317738): odds endpoint returned not found (Failed to fetch /event/14317738/odds/1/all: 404)
Skip fixture 4902 (Sofa=14317731): odds endpoint returned not found (Failed to fetch /event/14317731/odds/1/all: 404)
Skip fixture 4904 (Sofa=14317740): odds endpoint returned not found (Failed to fetch /event/14317740/odds/1/all: 404)
Skip fixture 4905 (Sofa=14317736): odds endpoint returned not found (Failed to fetch /event/14317736/odds/1/all: 404)
Skip fixture 4903 (Sofa=14317741): odds endpoint returned not found (Failed to fetch /event/14317741/odds/1/all: 404)
Skip fixture 22441 (Sofa=15362695): odds endpoint returned not found (Failed to fetch /event/15362695/odds/1/all: 404)
Skip fixture 3235 (Sofa=15573411): odds endpoint returned not found (Failed to fetch /event/15573411/odds/1/all: 404)
Skip fixture 3077 (Sofa=15538757): odds endpoint returned not found (Failed to fetch /event/15538757/odds/1/all: 404)
Inserted 904 odds snapshot rows.
Log file: artifacts\logs\odds_polling_scheduler.log
Polling fixtures: 123
Skip fixture 22188 (Sofa=14038608): odds endpoint returned not found (Failed to fetch /event/14038608/odds/1/all: 404)
Skip fixture 22189 (Sofa=14038612): odds endpoint returned not found (Failed to fetch /event/14038612/odds/1/all: 404)
Skip fixture 22190 (Sofa=14038604): odds endpoint returned not found (Failed to fetch /event/14038604/odds/1/all: 404)
Odds polling failed: Page.goto: net::ERR_CONNECTION_RESET at https://www.sofascore.com/api/v1/event/15581703/odds/1/all
Call log:
  - navigating to "https://www.sofascore.com/api/v1/event/15581703/odds/1/all", waiting until "load"

