[2026-03-06T02:12:07+00:00] Score scheduler start.
Log file: artifacts/logs/score_scheduler.log
Skipping settle phase (--skip-settle).
Skipping predict phase (--skip-predict).
COMMAND: /home/louis/developer/footy-model/.venv/bin/python /mnt/c/Developer/soccer/footy-model/src/modeling/evaluation/score_market_outcomes_fixtures_first.py --league E0 --since-days 30 --limit 300
Scanned 300 predictions, scored 300, skipped 0 (missing required settlement inputs).
COMMAND: /home/louis/developer/footy-model/.venv/bin/python /mnt/c/Developer/soccer/footy-model/src/modeling/evaluation/score_market_outcomes_fixtures_first.py --league E1 --since-days 30 --limit 300
Scanned 300 predictions, scored 300, skipped 0 (missing required settlement inputs).
COMMAND: /home/louis/developer/footy-model/.venv/bin/python /mnt/c/Developer/soccer/footy-model/src/modeling/evaluation/score_market_outcomes_fixtures_first.py --league E2 --since-days 30 --limit 300
Scanned 300 predictions, scored 300, skipped 0 (missing required settlement inputs).
COMMAND: /home/louis/developer/footy-model/.venv/bin/python /mnt/c/Developer/soccer/footy-model/src/modeling/evaluation/score_market_outcomes_fixtures_first.py --league E3 --since-days 30 --limit 300
Scanned 300 predictions, scored 300, skipped 0 (missing required settlement inputs).
COMMAND: /home/louis/developer/footy-model/.venv/bin/python /mnt/c/Developer/soccer/footy-model/src/modeling/evaluation/score_market_outcomes_fixtures_first.py --league EC --since-days 30 --limit 300
Scanned 300 predictions, scored 300, skipped 0 (missing required settlement inputs).
COMMAND: /home/louis/developer/footy-model/.venv/bin/python /mnt/c/Developer/soccer/footy-model/src/modeling/evaluation/score_market_outcomes_fixtures_first.py --league SC0 --since-days 30 --limit 300
Scanned 215 predictions, scored 215, skipped 0 (missing required settlement inputs).
COMMAND: /home/louis/developer/footy-model/.venv/bin/python /mnt/c/Developer/soccer/footy-model/src/modeling/evaluation/score_market_outcomes_fixtures_first.py --league SC1 --since-days 30 --limit 300
Scanned 111 predictions, scored 111, skipped 0 (missing required settlement inputs).
COMMAND: /home/louis/developer/footy-model/.venv/bin/python /mnt/c/Developer/soccer/footy-model/src/modeling/evaluation/score_market_outcomes_fixtures_first.py --league SC2 --since-days 30 --limit 300
Scanned 126 predictions, scored 126, skipped 0 (missing required settlement inputs).
COMMAND: /home/louis/developer/footy-model/.venv/bin/python /mnt/c/Developer/soccer/footy-model/src/modeling/evaluation/score_market_outcomes_fixtures_first.py --league SC3 --since-days 30 --limit 300
Scanned 135 predictions, scored 135, skipped 0 (missing required settlement inputs).
COMMAND: /home/louis/developer/footy-model/.venv/bin/python /mnt/c/Developer/soccer/footy-model/src/modeling/evaluation/score_market_outcomes_fixtures_first.py --league D1 --since-days 30 --limit 300
Scanned 232 predictions, scored 232, skipped 0 (missing required settlement inputs).
COMMAND: /home/louis/developer/footy-model/.venv/bin/python /mnt/c/Developer/soccer/footy-model/src/modeling/evaluation/score_market_outcomes_fixtures_first.py --league D2 --since-days 30 --limit 300
Scanned 207 predictions, scored 207, skipped 0 (missing required settlement inputs).
COMMAND: /home/louis/developer/footy-model/.venv/bin/python /mnt/c/Developer/soccer/footy-model/src/modeling/evaluation/score_market_outcomes_fixtures_first.py --league I1 --since-days 30 --limit 300
Scanned 218 predictions, scored 218, skipped 0 (missing required settlement inputs).
COMMAND: /home/louis/developer/footy-model/.venv/bin/python /mnt/c/Developer/soccer/footy-model/src/modeling/evaluation/score_market_outcomes_fixtures_first.py --league I2 --since-days 30 --limit 300
Scanned 300 predictions, scored 300, skipped 0 (missing required settlement inputs).
COMMAND: /home/louis/developer/footy-model/.venv/bin/python /mnt/c/Developer/soccer/footy-model/src/modeling/evaluation/score_market_outcomes_fixtures_first.py --league SP1 --since-days 30 --limit 300
Scanned 247 predictions, scored 247, skipped 0 (missing required settlement inputs).
COMMAND: /home/louis/developer/footy-model/.venv/bin/python /mnt/c/Developer/soccer/footy-model/src/modeling/evaluation/score_market_outcomes_fixtures_first.py --league SP2 --since-days 30 --limit 300
Scanned 257 predictions, scored 257, skipped 0 (missing required settlement inputs).
COMMAND: /home/louis/developer/footy-model/.venv/bin/python /mnt/c/Developer/soccer/footy-model/src/modeling/evaluation/score_market_outcomes_fixtures_first.py --league F1 --since-days 30 --limit 300
Scanned 206 predictions, scored 206, skipped 0 (missing required settlement inputs).
COMMAND: /home/louis/developer/footy-model/.venv/bin/python /mnt/c/Developer/soccer/footy-model/src/modeling/evaluation/score_market_outcomes_fixtures_first.py --league F2 --since-days 30 --limit 300
Scanned 195 predictions, scored 195, skipped 0 (missing required settlement inputs).
COMMAND: /home/louis/developer/footy-model/.venv/bin/python /mnt/c/Developer/soccer/footy-model/src/modeling/evaluation/score_market_outcomes_fixtures_first.py --league N1 --since-days 30 --limit 300
Scanned 225 predictions, scored 225, skipped 0 (missing required settlement inputs).
COMMAND: /home/louis/developer/footy-model/.venv/bin/python /mnt/c/Developer/soccer/footy-model/src/modeling/evaluation/score_market_outcomes_fixtures_first.py --league B1 --since-days 30 --limit 300
Scanned 188 predictions, scored 188, skipped 0 (missing required settlement inputs).
COMMAND: /home/louis/developer/footy-model/.venv/bin/python /mnt/c/Developer/soccer/footy-model/src/modeling/evaluation/score_market_outcomes_fixtures_first.py --league P1 --since-days 30 --limit 300
Scanned 206 predictions, scored 206, skipped 0 (missing required settlement inputs).
COMMAND: /home/louis/developer/footy-model/.venv/bin/python /mnt/c/Developer/soccer/footy-model/src/modeling/evaluation/score_market_outcomes_fixtures_first.py --league T1 --since-days 30 --limit 300
Scanned 206 predictions, scored 206, skipped 0 (missing required settlement inputs).
COMMAND: /home/louis/developer/footy-model/.venv/bin/python /mnt/c/Developer/soccer/footy-model/src/modeling/evaluation/score_market_outcomes_fixtures_first.py --league G1 --since-days 30 --limit 300
Scanned 196 predictions, scored 196, skipped 0 (missing required settlement inputs).
COMMAND: /home/louis/developer/footy-model/.venv/bin/python /mnt/c/Developer/soccer/footy-model/src/modeling/evaluation/score_market_outcomes_fixtures_first.py --league AT1 --since-days 30 --limit 300
Scanned 135 predictions, scored 135, skipped 0 (missing required settlement inputs).
COMMAND: /home/louis/developer/footy-model/.venv/bin/python /mnt/c/Developer/soccer/footy-model/src/modeling/evaluation/score_market_outcomes_fixtures_first.py --league BR1 --since-days 30 --limit 300
Scanned 180 predictions, scored 180, skipped 0 (missing required settlement inputs).
COMMAND: /home/louis/developer/footy-model/.venv/bin/python /mnt/c/Developer/soccer/footy-model/src/modeling/evaluation/score_market_outcomes_fixtures_first.py --league DK1 --since-days 30 --limit 300
Scanned 138 predictions, scored 138, skipped 0 (missing required settlement inputs).
COMMAND: /home/louis/developer/footy-model/.venv/bin/python /mnt/c/Developer/soccer/footy-model/src/modeling/evaluation/score_market_outcomes_fixtures_first.py --league IE1 --since-days 30 --limit 300
Scanned 104 predictions, scored 104, skipped 0 (missing required settlement inputs).
COMMAND: /home/louis/developer/footy-model/.venv/bin/python /mnt/c/Developer/soccer/footy-model/src/modeling/evaluation/score_market_outcomes_fixtures_first.py --league JP1 --since-days 30 --limit 300
Scanned 238 predictions, scored 238, skipped 0 (missing required settlement inputs).
COMMAND: /home/louis/developer/footy-model/.venv/bin/python /mnt/c/Developer/soccer/footy-model/src/modeling/evaluation/score_market_outcomes_fixtures_first.py --league MX1 --since-days 30 --limit 300
Scanned 272 predictions, scored 272, skipped 0 (missing required settlement inputs).
COMMAND: /home/louis/developer/footy-model/.venv/bin/python /mnt/c/Developer/soccer/footy-model/src/modeling/evaluation/score_market_outcomes_fixtures_first.py --league PL1 --since-days 30 --limit 300
Scanned 212 predictions, scored 212, skipped 0 (missing required settlement inputs).
COMMAND: /home/louis/developer/footy-model/.venv/bin/python /mnt/c/Developer/soccer/footy-model/src/modeling/evaluation/score_market_outcomes_fixtures_first.py --league RO1 --since-days 30 --limit 300
Scanned 220 predictions, scored 220, skipped 0 (missing required settlement inputs).
COMMAND: /home/louis/developer/footy-model/.venv/bin/python /mnt/c/Developer/soccer/footy-model/src/modeling/evaluation/score_market_outcomes_fixtures_first.py --league RU1 --since-days 30 --limit 300
No eligible unscored predictions found.
COMMAND: /home/louis/developer/footy-model/.venv/bin/python /mnt/c/Developer/soccer/footy-model/src/modeling/evaluation/score_market_outcomes_fixtures_first.py --league CH1 --since-days 30 --limit 300
Scanned 236 predictions, scored 236, skipped 0 (missing required settlement inputs).
COMMAND: /home/louis/developer/footy-model/.venv/bin/python /mnt/c/Developer/soccer/footy-model/src/modeling/evaluation/score_market_outcomes_fixtures_first.py --league CH2 --since-days 30 --limit 300
Scanned 199 predictions, scored 199, skipped 0 (missing required settlement inputs).
COMMAND: /home/louis/developer/footy-model/.venv/bin/python /mnt/c/Developer/soccer/footy-model/src/modeling/evaluation/score_market_outcomes_fixtures_first.py --league CL --since-days 30 --limit 300
Scanned 112 predictions, scored 112, skipped 0 (missing required settlement inputs).
COMMAND: /home/louis/developer/footy-model/.venv/bin/python /mnt/c/Developer/soccer/footy-model/src/modeling/evaluation/score_market_outcomes_fixtures_first.py --league EL --since-days 30 --limit 300
Scanned 109 predictions, scored 109, skipped 0 (missing required settlement inputs).
COMMAND: /home/louis/developer/footy-model/.venv/bin/python /mnt/c/Developer/soccer/footy-model/src/modeling/evaluation/score_market_outcomes_fixtures_first.py --league ECL --since-days 30 --limit 300
Scanned 107 predictions, scored 107, skipped 0 (missing required settlement inputs).
[2026-03-06T02:12:37+00:00] Score scheduler end rc=0.
[2026-03-06T02:15:06+00:00] Score scheduler start.
Log file: artifacts/logs/score_scheduler.log
Skipping settle phase (--skip-settle).
Skipping predict phase (--skip-predict).
COMMAND: /home/louis/developer/footy-model/.venv/bin/python /mnt/c/Developer/soccer/footy-model/src/modeling/evaluation/score_market_outcomes_fixtures_first.py --league E0 --since-days 30 --limit 300
Scanned 296 predictions, scored 296, skipped 0 (missing required settlement inputs).
COMMAND: /home/louis/developer/footy-model/.venv/bin/python /mnt/c/Developer/soccer/footy-model/src/modeling/evaluation/score_market_outcomes_fixtures_first.py --league E1 --since-days 30 --limit 300
Scanned 300 predictions, scored 300, skipped 0 (missing required settlement inputs).
COMMAND: /home/louis/developer/footy-model/.venv/bin/python /mnt/c/Developer/soccer/footy-model/src/modeling/evaluation/score_market_outcomes_fixtures_first.py --league E2 --since-days 30 --limit 300
Scanned 300 predictions, scored 300, skipped 0 (missing required settlement inputs).
COMMAND: /home/louis/developer/footy-model/.venv/bin/python /mnt/c/Developer/soccer/footy-model/src/modeling/evaluation/score_market_outcomes_fixtures_first.py --league E3 --since-days 30 --limit 300
Scanned 300 predictions, scored 300, skipped 0 (missing required settlement inputs).
COMMAND: /home/louis/developer/footy-model/.venv/bin/python /mnt/c/Developer/soccer/footy-model/src/modeling/evaluation/score_market_outcomes_fixtures_first.py --league EC --since-days 30 --limit 300
Scanned 300 predictions, scored 300, skipped 0 (missing required settlement inputs).
COMMAND: /home/louis/developer/footy-model/.venv/bin/python /mnt/c/Developer/soccer/footy-model/src/modeling/evaluation/score_market_outcomes_fixtures_first.py --league SC0 --since-days 30 --limit 300
Scanned 212 predictions, scored 212, skipped 0 (missing required settlement inputs).
COMMAND: /home/louis/developer/footy-model/.venv/bin/python /mnt/c/Developer/soccer/footy-model/src/modeling/evaluation/score_market_outcomes_fixtures_first.py --league SC1 --since-days 30 --limit 300
Scanned 111 predictions, scored 111, skipped 0 (missing required settlement inputs).
COMMAND: /home/louis/developer/footy-model/.venv/bin/python /mnt/c/Developer/soccer/footy-model/src/modeling/evaluation/score_market_outcomes_fixtures_first.py --league SC2 --since-days 30 --limit 300
Scanned 126 predictions, scored 126, skipped 0 (missing required settlement inputs).
COMMAND: /home/louis/developer/footy-model/.venv/bin/python /mnt/c/Developer/soccer/footy-model/src/modeling/evaluation/score_market_outcomes_fixtures_first.py --league SC3 --since-days 30 --limit 300
Scanned 135 predictions, scored 135, skipped 0 (missing required settlement inputs).
COMMAND: /home/louis/developer/footy-model/.venv/bin/python /mnt/c/Developer/soccer/footy-model/src/modeling/evaluation/score_market_outcomes_fixtures_first.py --league D1 --since-days 30 --limit 300
Scanned 230 predictions, scored 230, skipped 0 (missing required settlement inputs).
COMMAND: /home/louis/developer/footy-model/.venv/bin/python /mnt/c/Developer/soccer/footy-model/src/modeling/evaluation/score_market_outcomes_fixtures_first.py --league D2 --since-days 30 --limit 300
Scanned 207 predictions, scored 207, skipped 0 (missing required settlement inputs).
COMMAND: /home/louis/developer/footy-model/.venv/bin/python /mnt/c/Developer/soccer/footy-model/src/modeling/evaluation/score_market_outcomes_fixtures_first.py --league I1 --since-days 30 --limit 300
Scanned 216 predictions, scored 216, skipped 0 (missing required settlement inputs).
COMMAND: /home/louis/developer/footy-model/.venv/bin/python /mnt/c/Developer/soccer/footy-model/src/modeling/evaluation/score_market_outcomes_fixtures_first.py --league I2 --since-days 30 --limit 300
Scanned 300 predictions, scored 300, skipped 0 (missing required settlement inputs).
COMMAND: /home/louis/developer/footy-model/.venv/bin/python /mnt/c/Developer/soccer/footy-model/src/modeling/evaluation/score_market_outcomes_fixtures_first.py --league SP1 --since-days 30 --limit 300
Scanned 247 predictions, scored 247, skipped 0 (missing required settlement inputs).
COMMAND: /home/louis/developer/footy-model/.venv/bin/python /mnt/c/Developer/soccer/footy-model/src/modeling/evaluation/score_market_outcomes_fixtures_first.py --league SP2 --since-days 30 --limit 300
Scanned 256 predictions, scored 256, skipped 0 (missing required settlement inputs).
COMMAND: /home/louis/developer/footy-model/.venv/bin/python /mnt/c/Developer/soccer/footy-model/src/modeling/evaluation/score_market_outcomes_fixtures_first.py --league F1 --since-days 30 --limit 300
Scanned 206 predictions, scored 206, skipped 0 (missing required settlement inputs).
COMMAND: /home/louis/developer/footy-model/.venv/bin/python /mnt/c/Developer/soccer/footy-model/src/modeling/evaluation/score_market_outcomes_fixtures_first.py --league F2 --since-days 30 --limit 300
Scanned 194 predictions, scored 194, skipped 0 (missing required settlement inputs).
COMMAND: /home/louis/developer/footy-model/.venv/bin/python /mnt/c/Developer/soccer/footy-model/src/modeling/evaluation/score_market_outcomes_fixtures_first.py --league N1 --since-days 30 --limit 300
Scanned 225 predictions, scored 225, skipped 0 (missing required settlement inputs).
COMMAND: /home/louis/developer/footy-model/.venv/bin/python /mnt/c/Developer/soccer/footy-model/src/modeling/evaluation/score_market_outcomes_fixtures_first.py --league B1 --since-days 30 --limit 300
Scanned 188 predictions, scored 188, skipped 0 (missing required settlement inputs).
COMMAND: /home/louis/developer/footy-model/.venv/bin/python /mnt/c/Developer/soccer/footy-model/src/modeling/evaluation/score_market_outcomes_fixtures_first.py --league P1 --since-days 30 --limit 300
Scanned 205 predictions, scored 205, skipped 0 (missing required settlement inputs).
COMMAND: /home/louis/developer/footy-model/.venv/bin/python /mnt/c/Developer/soccer/footy-model/src/modeling/evaluation/score_market_outcomes_fixtures_first.py --league T1 --since-days 30 --limit 300
Scanned 206 predictions, scored 206, skipped 0 (missing required settlement inputs).
COMMAND: /home/louis/developer/footy-model/.venv/bin/python /mnt/c/Developer/soccer/footy-model/src/modeling/evaluation/score_market_outcomes_fixtures_first.py --league G1 --since-days 30 --limit 300
Scanned 193 predictions, scored 193, skipped 0 (missing required settlement inputs).
COMMAND: /home/louis/developer/footy-model/.venv/bin/python /mnt/c/Developer/soccer/footy-model/src/modeling/evaluation/score_market_outcomes_fixtures_first.py --league AT1 --since-days 30 --limit 300
Scanned 135 predictions, scored 135, skipped 0 (missing required settlement inputs).
COMMAND: /home/louis/developer/footy-model/.venv/bin/python /mnt/c/Developer/soccer/footy-model/src/modeling/evaluation/score_market_outcomes_fixtures_first.py --league BR1 --since-days 30 --limit 300
Scanned 180 predictions, scored 180, skipped 0 (missing required settlement inputs).
COMMAND: /home/louis/developer/footy-model/.venv/bin/python /mnt/c/Developer/soccer/footy-model/src/modeling/evaluation/score_market_outcomes_fixtures_first.py --league DK1 --since-days 30 --limit 300
Scanned 138 predictions, scored 138, skipped 0 (missing required settlement inputs).
COMMAND: /home/louis/developer/footy-model/.venv/bin/python /mnt/c/Developer/soccer/footy-model/src/modeling/evaluation/score_market_outcomes_fixtures_first.py --league IE1 --since-days 30 --limit 300
Scanned 104 predictions, scored 104, skipped 0 (missing required settlement inputs).
COMMAND: /home/louis/developer/footy-model/.venv/bin/python /mnt/c/Developer/soccer/footy-model/src/modeling/evaluation/score_market_outcomes_fixtures_first.py --league JP1 --since-days 30 --limit 300
Scanned 238 predictions, scored 238, skipped 0 (missing required settlement inputs).
COMMAND: /home/louis/developer/footy-model/.venv/bin/python /mnt/c/Developer/soccer/footy-model/src/modeling/evaluation/score_market_outcomes_fixtures_first.py --league MX1 --since-days 30 --limit 300
Scanned 264 predictions, scored 264, skipped 0 (missing required settlement inputs).
COMMAND: /home/louis/developer/footy-model/.venv/bin/python /mnt/c/Developer/soccer/footy-model/src/modeling/evaluation/score_market_outcomes_fixtures_first.py --league PL1 --since-days 30 --limit 300
Scanned 211 predictions, scored 211, skipped 0 (missing required settlement inputs).
COMMAND: /home/louis/developer/footy-model/.venv/bin/python /mnt/c/Developer/soccer/footy-model/src/modeling/evaluation/score_market_outcomes_fixtures_first.py --league RO1 --since-days 30 --limit 300
Scanned 219 predictions, scored 219, skipped 0 (missing required settlement inputs).
COMMAND: /home/louis/developer/footy-model/.venv/bin/python /mnt/c/Developer/soccer/footy-model/src/modeling/evaluation/score_market_outcomes_fixtures_first.py --league RU1 --since-days 30 --limit 300
No eligible unscored predictions found.
COMMAND: /home/louis/developer/footy-model/.venv/bin/python /mnt/c/Developer/soccer/footy-model/src/modeling/evaluation/score_market_outcomes_fixtures_first.py --league CH1 --since-days 30 --limit 300
Scanned 230 predictions, scored 230, skipped 0 (missing required settlement inputs).
COMMAND: /home/louis/developer/footy-model/.venv/bin/python /mnt/c/Developer/soccer/footy-model/src/modeling/evaluation/score_market_outcomes_fixtures_first.py --league CH2 --since-days 30 --limit 300
Scanned 199 predictions, scored 199, skipped 0 (missing required settlement inputs).
COMMAND: /home/louis/developer/footy-model/.venv/bin/python /mnt/c/Developer/soccer/footy-model/src/modeling/evaluation/score_market_outcomes_fixtures_first.py --league CL --since-days 30 --limit 300
Scanned 112 predictions, scored 112, skipped 0 (missing required settlement inputs).
COMMAND: /home/louis/developer/footy-model/.venv/bin/python /mnt/c/Developer/soccer/footy-model/src/modeling/evaluation/score_market_outcomes_fixtures_first.py --league EL --since-days 30 --limit 300
Scanned 109 predictions, scored 109, skipped 0 (missing required settlement inputs).
COMMAND: /home/louis/developer/footy-model/.venv/bin/python /mnt/c/Developer/soccer/footy-model/src/modeling/evaluation/score_market_outcomes_fixtures_first.py --league ECL --since-days 30 --limit 300
Scanned 107 predictions, scored 107, skipped 0 (missing required settlement inputs).
[2026-03-06T02:15:37+00:00] Score scheduler end rc=0.
[2026-03-06T03:15:06+00:00] Score scheduler start.
Log file: artifacts/logs/score_scheduler.log
Skipping settle phase (--skip-settle).
Skipping predict phase (--skip-predict).
COMMAND: /home/louis/developer/footy-model/.venv/bin/python /mnt/c/Developer/soccer/footy-model/src/modeling/evaluation/score_market_outcomes_fixtures_first.py --league E0 --since-days 30 --limit 300
Scanned 293 predictions, scored 293, skipped 0 (missing required settlement inputs).
COMMAND: /home/louis/developer/footy-model/.venv/bin/python /mnt/c/Developer/soccer/footy-model/src/modeling/evaluation/score_market_outcomes_fixtures_first.py --league E1 --since-days 30 --limit 300
Scanned 300 predictions, scored 300, skipped 0 (missing required settlement inputs).
COMMAND: /home/louis/developer/footy-model/.venv/bin/python /mnt/c/Developer/soccer/footy-model/src/modeling/evaluation/score_market_outcomes_fixtures_first.py --league E2 --since-days 30 --limit 300
Scanned 300 predictions, scored 300, skipped 0 (missing required settlement inputs).
COMMAND: /home/louis/developer/footy-model/.venv/bin/python /mnt/c/Developer/soccer/footy-model/src/modeling/evaluation/score_market_outcomes_fixtures_first.py --league E3 --since-days 30 --limit 300
Scanned 300 predictions, scored 300, skipped 0 (missing required settlement inputs).
COMMAND: /home/louis/developer/footy-model/.venv/bin/python /mnt/c/Developer/soccer/footy-model/src/modeling/evaluation/score_market_outcomes_fixtures_first.py --league EC --since-days 30 --limit 300
Scanned 300 predictions, scored 300, skipped 0 (missing required settlement inputs).
COMMAND: /home/louis/developer/footy-model/.venv/bin/python /mnt/c/Developer/soccer/footy-model/src/modeling/evaluation/score_market_outcomes_fixtures_first.py --league SC0 --since-days 30 --limit 300
Scanned 212 predictions, scored 212, skipped 0 (missing required settlement inputs).
COMMAND: /home/louis/developer/footy-model/.venv/bin/python /mnt/c/Developer/soccer/footy-model/src/modeling/evaluation/score_market_outcomes_fixtures_first.py --league SC1 --since-days 30 --limit 300
Scanned 111 predictions, scored 111, skipped 0 (missing required settlement inputs).
COMMAND: /home/louis/developer/footy-model/.venv/bin/python /mnt/c/Developer/soccer/footy-model/src/modeling/evaluation/score_market_outcomes_fixtures_first.py --league SC2 --since-days 30 --limit 300
Scanned 126 predictions, scored 126, skipped 0 (missing required settlement inputs).
COMMAND: /home/louis/developer/footy-model/.venv/bin/python /mnt/c/Developer/soccer/footy-model/src/modeling/evaluation/score_market_outcomes_fixtures_first.py --league SC3 --since-days 30 --limit 300
Scanned 135 predictions, scored 135, skipped 0 (missing required settlement inputs).
COMMAND: /home/louis/developer/footy-model/.venv/bin/python /mnt/c/Developer/soccer/footy-model/src/modeling/evaluation/score_market_outcomes_fixtures_first.py --league D1 --since-days 30 --limit 300
Scanned 230 predictions, scored 230, skipped 0 (missing required settlement inputs).
COMMAND: /home/louis/developer/footy-model/.venv/bin/python /mnt/c/Developer/soccer/footy-model/src/modeling/evaluation/score_market_outcomes_fixtures_first.py --league D2 --since-days 30 --limit 300
Scanned 207 predictions, scored 207, skipped 0 (missing required settlement inputs).
COMMAND: /home/louis/developer/footy-model/.venv/bin/python /mnt/c/Developer/soccer/footy-model/src/modeling/evaluation/score_market_outcomes_fixtures_first.py --league I1 --since-days 30 --limit 300
Scanned 216 predictions, scored 216, skipped 0 (missing required settlement inputs).
COMMAND: /home/louis/developer/footy-model/.venv/bin/python /mnt/c/Developer/soccer/footy-model/src/modeling/evaluation/score_market_outcomes_fixtures_first.py --league I2 --since-days 30 --limit 300
Scanned 300 predictions, scored 300, skipped 0 (missing required settlement inputs).
COMMAND: /home/louis/developer/footy-model/.venv/bin/python /mnt/c/Developer/soccer/footy-model/src/modeling/evaluation/score_market_outcomes_fixtures_first.py --league SP1 --since-days 30 --limit 300
Scanned 247 predictions, scored 247, skipped 0 (missing required settlement inputs).
COMMAND: /home/louis/developer/footy-model/.venv/bin/python /mnt/c/Developer/soccer/footy-model/src/modeling/evaluation/score_market_outcomes_fixtures_first.py --league SP2 --since-days 30 --limit 300
Scanned 256 predictions, scored 256, skipped 0 (missing required settlement inputs).
COMMAND: /home/louis/developer/footy-model/.venv/bin/python /mnt/c/Developer/soccer/footy-model/src/modeling/evaluation/score_market_outcomes_fixtures_first.py --league F1 --since-days 30 --limit 300
Scanned 206 predictions, scored 206, skipped 0 (missing required settlement inputs).
COMMAND: /home/louis/developer/footy-model/.venv/bin/python /mnt/c/Developer/soccer/footy-model/src/modeling/evaluation/score_market_outcomes_fixtures_first.py --league F2 --since-days 30 --limit 300
Scanned 194 predictions, scored 194, skipped 0 (missing required settlement inputs).
COMMAND: /home/louis/developer/footy-model/.venv/bin/python /mnt/c/Developer/soccer/footy-model/src/modeling/evaluation/score_market_outcomes_fixtures_first.py --league N1 --since-days 30 --limit 300
Scanned 225 predictions, scored 225, skipped 0 (missing required settlement inputs).
COMMAND: /home/louis/developer/footy-model/.venv/bin/python /mnt/c/Developer/soccer/footy-model/src/modeling/evaluation/score_market_outcomes_fixtures_first.py --league B1 --since-days 30 --limit 300
Scanned 188 predictions, scored 188, skipped 0 (missing required settlement inputs).
COMMAND: /home/louis/developer/footy-model/.venv/bin/python /mnt/c/Developer/soccer/footy-model/src/modeling/evaluation/score_market_outcomes_fixtures_first.py --league P1 --since-days 30 --limit 300
Scanned 205 predictions, scored 205, skipped 0 (missing required settlement inputs).
COMMAND: /home/louis/developer/footy-model/.venv/bin/python /mnt/c/Developer/soccer/footy-model/src/modeling/evaluation/score_market_outcomes_fixtures_first.py --league T1 --since-days 30 --limit 300
Scanned 206 predictions, scored 206, skipped 0 (missing required settlement inputs).
COMMAND: /home/louis/developer/footy-model/.venv/bin/python /mnt/c/Developer/soccer/footy-model/src/modeling/evaluation/score_market_outcomes_fixtures_first.py --league G1 --since-days 30 --limit 300
Scanned 193 predictions, scored 193, skipped 0 (missing required settlement inputs).
COMMAND: /home/louis/developer/footy-model/.venv/bin/python /mnt/c/Developer/soccer/footy-model/src/modeling/evaluation/score_market_outcomes_fixtures_first.py --league AT1 --since-days 30 --limit 300
Scanned 135 predictions, scored 135, skipped 0 (missing required settlement inputs).
COMMAND: /home/louis/developer/footy-model/.venv/bin/python /mnt/c/Developer/soccer/footy-model/src/modeling/evaluation/score_market_outcomes_fixtures_first.py --league BR1 --since-days 30 --limit 300
Scanned 180 predictions, scored 180, skipped 0 (missing required settlement inputs).
COMMAND: /home/louis/developer/footy-model/.venv/bin/python /mnt/c/Developer/soccer/footy-model/src/modeling/evaluation/score_market_outcomes_fixtures_first.py --league DK1 --since-days 30 --limit 300
Scanned 138 predictions, scored 138, skipped 0 (missing required settlement inputs).
COMMAND: /home/louis/developer/footy-model/.venv/bin/python /mnt/c/Developer/soccer/footy-model/src/modeling/evaluation/score_market_outcomes_fixtures_first.py --league IE1 --since-days 30 --limit 300
Scanned 104 predictions, scored 104, skipped 0 (missing required settlement inputs).
COMMAND: /home/louis/developer/footy-model/.venv/bin/python /mnt/c/Developer/soccer/footy-model/src/modeling/evaluation/score_market_outcomes_fixtures_first.py --league JP1 --since-days 30 --limit 300
Scanned 238 predictions, scored 238, skipped 0 (missing required settlement inputs).
COMMAND: /home/louis/developer/footy-model/.venv/bin/python /mnt/c/Developer/soccer/footy-model/src/modeling/evaluation/score_market_outcomes_fixtures_first.py --league MX1 --since-days 30 --limit 300
Scanned 264 predictions, scored 264, skipped 0 (missing required settlement inputs).
COMMAND: /home/louis/developer/footy-model/.venv/bin/python /mnt/c/Developer/soccer/footy-model/src/modeling/evaluation/score_market_outcomes_fixtures_first.py --league PL1 --since-days 30 --limit 300
Scanned 211 predictions, scored 211, skipped 0 (missing required settlement inputs).
COMMAND: /home/louis/developer/footy-model/.venv/bin/python /mnt/c/Developer/soccer/footy-model/src/modeling/evaluation/score_market_outcomes_fixtures_first.py --league RO1 --since-days 30 --limit 300
Scanned 219 predictions, scored 219, skipped 0 (missing required settlement inputs).
COMMAND: /home/louis/developer/footy-model/.venv/bin/python /mnt/c/Developer/soccer/footy-model/src/modeling/evaluation/score_market_outcomes_fixtures_first.py --league RU1 --since-days 30 --limit 300
No eligible unscored predictions found.
COMMAND: /home/louis/developer/footy-model/.venv/bin/python /mnt/c/Developer/soccer/footy-model/src/modeling/evaluation/score_market_outcomes_fixtures_first.py --league CH1 --since-days 30 --limit 300
Scanned 230 predictions, scored 230, skipped 0 (missing required settlement inputs).
COMMAND: /home/louis/developer/footy-model/.venv/bin/python /mnt/c/Developer/soccer/footy-model/src/modeling/evaluation/score_market_outcomes_fixtures_first.py --league CH2 --since-days 30 --limit 300
Scanned 199 predictions, scored 199, skipped 0 (missing required settlement inputs).
COMMAND: /home/louis/developer/footy-model/.venv/bin/python /mnt/c/Developer/soccer/footy-model/src/modeling/evaluation/score_market_outcomes_fixtures_first.py --league CL --since-days 30 --limit 300
Scanned 112 predictions, scored 112, skipped 0 (missing required settlement inputs).
COMMAND: /home/louis/developer/footy-model/.venv/bin/python /mnt/c/Developer/soccer/footy-model/src/modeling/evaluation/score_market_outcomes_fixtures_first.py --league EL --since-days 30 --limit 300
Scanned 109 predictions, scored 109, skipped 0 (missing required settlement inputs).
COMMAND: /home/louis/developer/footy-model/.venv/bin/python /mnt/c/Developer/soccer/footy-model/src/modeling/evaluation/score_market_outcomes_fixtures_first.py --league ECL --since-days 30 --limit 300
Scanned 107 predictions, scored 107, skipped 0 (missing required settlement inputs).
[2026-03-06T03:15:41+00:00] Score scheduler end rc=0.
[2026-03-06T04:15:07+00:00] Score scheduler start.
Log file: artifacts/logs/score_scheduler.log
Skipping settle phase (--skip-settle).
Skipping predict phase (--skip-predict).
COMMAND: /home/louis/developer/footy-model/.venv/bin/python /mnt/c/Developer/soccer/footy-model/src/modeling/evaluation/score_market_outcomes_fixtures_first.py --league E0 --since-days 30 --limit 300
Scanned 293 predictions, scored 293, skipped 0 (missing required settlement inputs).
COMMAND: /home/louis/developer/footy-model/.venv/bin/python /mnt/c/Developer/soccer/footy-model/src/modeling/evaluation/score_market_outcomes_fixtures_first.py --league E1 --since-days 30 --limit 300
Scanned 300 predictions, scored 300, skipped 0 (missing required settlement inputs).
COMMAND: /home/louis/developer/footy-model/.venv/bin/python /mnt/c/Developer/soccer/footy-model/src/modeling/evaluation/score_market_outcomes_fixtures_first.py --league E2 --since-days 30 --limit 300
Scanned 300 predictions, scored 300, skipped 0 (missing required settlement inputs).
COMMAND: /home/louis/developer/footy-model/.venv/bin/python /mnt/c/Developer/soccer/footy-model/src/modeling/evaluation/score_market_outcomes_fixtures_first.py --league E3 --since-days 30 --limit 300
Scanned 300 predictions, scored 300, skipped 0 (missing required settlement inputs).
COMMAND: /home/louis/developer/footy-model/.venv/bin/python /mnt/c/Developer/soccer/footy-model/src/modeling/evaluation/score_market_outcomes_fixtures_first.py --league EC --since-days 30 --limit 300
Scanned 300 predictions, scored 300, skipped 0 (missing required settlement inputs).
COMMAND: /home/louis/developer/footy-model/.venv/bin/python /mnt/c/Developer/soccer/footy-model/src/modeling/evaluation/score_market_outcomes_fixtures_first.py --league SC0 --since-days 30 --limit 300
Scanned 212 predictions, scored 212, skipped 0 (missing required settlement inputs).
COMMAND: /home/louis/developer/footy-model/.venv/bin/python /mnt/c/Developer/soccer/footy-model/src/modeling/evaluation/score_market_outcomes_fixtures_first.py --league SC1 --since-days 30 --limit 300
Scanned 111 predictions, scored 111, skipped 0 (missing required settlement inputs).
COMMAND: /home/louis/developer/footy-model/.venv/bin/python /mnt/c/Developer/soccer/footy-model/src/modeling/evaluation/score_market_outcomes_fixtures_first.py --league SC2 --since-days 30 --limit 300
Scanned 126 predictions, scored 126, skipped 0 (missing required settlement inputs).
COMMAND: /home/louis/developer/footy-model/.venv/bin/python /mnt/c/Developer/soccer/footy-model/src/modeling/evaluation/score_market_outcomes_fixtures_first.py --league SC3 --since-days 30 --limit 300
Scanned 135 predictions, scored 135, skipped 0 (missing required settlement inputs).
COMMAND: /home/louis/developer/footy-model/.venv/bin/python /mnt/c/Developer/soccer/footy-model/src/modeling/evaluation/score_market_outcomes_fixtures_first.py --league D1 --since-days 30 --limit 300
Scanned 230 predictions, scored 230, skipped 0 (missing required settlement inputs).
COMMAND: /home/louis/developer/footy-model/.venv/bin/python /mnt/c/Developer/soccer/footy-model/src/modeling/evaluation/score_market_outcomes_fixtures_first.py --league D2 --since-days 30 --limit 300
Scanned 207 predictions, scored 207, skipped 0 (missing required settlement inputs).
COMMAND: /home/louis/developer/footy-model/.venv/bin/python /mnt/c/Developer/soccer/footy-model/src/modeling/evaluation/score_market_outcomes_fixtures_first.py --league I1 --since-days 30 --limit 300
Scanned 216 predictions, scored 216, skipped 0 (missing required settlement inputs).
COMMAND: /home/louis/developer/footy-model/.venv/bin/python /mnt/c/Developer/soccer/footy-model/src/modeling/evaluation/score_market_outcomes_fixtures_first.py --league I2 --since-days 30 --limit 300
Scanned 300 predictions, scored 300, skipped 0 (missing required settlement inputs).
COMMAND: /home/louis/developer/footy-model/.venv/bin/python /mnt/c/Developer/soccer/footy-model/src/modeling/evaluation/score_market_outcomes_fixtures_first.py --league SP1 --since-days 30 --limit 300
Scanned 247 predictions, scored 247, skipped 0 (missing required settlement inputs).
COMMAND: /home/louis/developer/footy-model/.venv/bin/python /mnt/c/Developer/soccer/footy-model/src/modeling/evaluation/score_market_outcomes_fixtures_first.py --league SP2 --since-days 30 --limit 300
Scanned 256 predictions, scored 256, skipped 0 (missing required settlement inputs).
COMMAND: /home/louis/developer/footy-model/.venv/bin/python /mnt/c/Developer/soccer/footy-model/src/modeling/evaluation/score_market_outcomes_fixtures_first.py --league F1 --since-days 30 --limit 300
Scanned 206 predictions, scored 206, skipped 0 (missing required settlement inputs).
COMMAND: /home/louis/developer/footy-model/.venv/bin/python /mnt/c/Developer/soccer/footy-model/src/modeling/evaluation/score_market_outcomes_fixtures_first.py --league F2 --since-days 30 --limit 300
Scanned 194 predictions, scored 194, skipped 0 (missing required settlement inputs).
COMMAND: /home/louis/developer/footy-model/.venv/bin/python /mnt/c/Developer/soccer/footy-model/src/modeling/evaluation/score_market_outcomes_fixtures_first.py --league N1 --since-days 30 --limit 300
Scanned 225 predictions, scored 225, skipped 0 (missing required settlement inputs).
COMMAND: /home/louis/developer/footy-model/.venv/bin/python /mnt/c/Developer/soccer/footy-model/src/modeling/evaluation/score_market_outcomes_fixtures_first.py --league B1 --since-days 30 --limit 300
Scanned 188 predictions, scored 188, skipped 0 (missing required settlement inputs).
COMMAND: /home/louis/developer/footy-model/.venv/bin/python /mnt/c/Developer/soccer/footy-model/src/modeling/evaluation/score_market_outcomes_fixtures_first.py --league P1 --since-days 30 --limit 300
Scanned 205 predictions, scored 205, skipped 0 (missing required settlement inputs).
COMMAND: /home/louis/developer/footy-model/.venv/bin/python /mnt/c/Developer/soccer/footy-model/src/modeling/evaluation/score_market_outcomes_fixtures_first.py --league T1 --since-days 30 --limit 300
Scanned 206 predictions, scored 206, skipped 0 (missing required settlement inputs).
COMMAND: /home/louis/developer/footy-model/.venv/bin/python /mnt/c/Developer/soccer/footy-model/src/modeling/evaluation/score_market_outcomes_fixtures_first.py --league G1 --since-days 30 --limit 300
Scanned 193 predictions, scored 193, skipped 0 (missing required settlement inputs).
COMMAND: /home/louis/developer/footy-model/.venv/bin/python /mnt/c/Developer/soccer/footy-model/src/modeling/evaluation/score_market_outcomes_fixtures_first.py --league AT1 --since-days 30 --limit 300
Scanned 135 predictions, scored 135, skipped 0 (missing required settlement inputs).
COMMAND: /home/louis/developer/footy-model/.venv/bin/python /mnt/c/Developer/soccer/footy-model/src/modeling/evaluation/score_market_outcomes_fixtures_first.py --league BR1 --since-days 30 --limit 300
Scanned 180 predictions, scored 180, skipped 0 (missing required settlement inputs).
COMMAND: /home/louis/developer/footy-model/.venv/bin/python /mnt/c/Developer/soccer/footy-model/src/modeling/evaluation/score_market_outcomes_fixtures_first.py --league DK1 --since-days 30 --limit 300
Scanned 138 predictions, scored 138, skipped 0 (missing required settlement inputs).
COMMAND: /home/louis/developer/footy-model/.venv/bin/python /mnt/c/Developer/soccer/footy-model/src/modeling/evaluation/score_market_outcomes_fixtures_first.py --league IE1 --since-days 30 --limit 300
Scanned 104 predictions, scored 104, skipped 0 (missing required settlement inputs).
COMMAND: /home/louis/developer/footy-model/.venv/bin/python /mnt/c/Developer/soccer/footy-model/src/modeling/evaluation/score_market_outcomes_fixtures_first.py --league JP1 --since-days 30 --limit 300
Scanned 238 predictions, scored 238, skipped 0 (missing required settlement inputs).
COMMAND: /home/louis/developer/footy-model/.venv/bin/python /mnt/c/Developer/soccer/footy-model/src/modeling/evaluation/score_market_outcomes_fixtures_first.py --league MX1 --since-days 30 --limit 300
Scanned 264 predictions, scored 264, skipped 0 (missing required settlement inputs).
COMMAND: /home/louis/developer/footy-model/.venv/bin/python /mnt/c/Developer/soccer/footy-model/src/modeling/evaluation/score_market_outcomes_fixtures_first.py --league PL1 --since-days 30 --limit 300
Scanned 211 predictions, scored 211, skipped 0 (missing required settlement inputs).
COMMAND: /home/louis/developer/footy-model/.venv/bin/python /mnt/c/Developer/soccer/footy-model/src/modeling/evaluation/score_market_outcomes_fixtures_first.py --league RO1 --since-days 30 --limit 300
Scanned 219 predictions, scored 219, skipped 0 (missing required settlement inputs).
COMMAND: /home/louis/developer/footy-model/.venv/bin/python /mnt/c/Developer/soccer/footy-model/src/modeling/evaluation/score_market_outcomes_fixtures_first.py --league RU1 --since-days 30 --limit 300
No eligible unscored predictions found.
COMMAND: /home/louis/developer/footy-model/.venv/bin/python /mnt/c/Developer/soccer/footy-model/src/modeling/evaluation/score_market_outcomes_fixtures_first.py --league CH1 --since-days 30 --limit 300
Scanned 230 predictions, scored 230, skipped 0 (missing required settlement inputs).
COMMAND: /home/louis/developer/footy-model/.venv/bin/python /mnt/c/Developer/soccer/footy-model/src/modeling/evaluation/score_market_outcomes_fixtures_first.py --league CH2 --since-days 30 --limit 300
Scanned 199 predictions, scored 199, skipped 0 (missing required settlement inputs).
COMMAND: /home/louis/developer/footy-model/.venv/bin/python /mnt/c/Developer/soccer/footy-model/src/modeling/evaluation/score_market_outcomes_fixtures_first.py --league CL --since-days 30 --limit 300
Scanned 112 predictions, scored 112, skipped 0 (missing required settlement inputs).
COMMAND: /home/louis/developer/footy-model/.venv/bin/python /mnt/c/Developer/soccer/footy-model/src/modeling/evaluation/score_market_outcomes_fixtures_first.py --league EL --since-days 30 --limit 300
Scanned 109 predictions, scored 109, skipped 0 (missing required settlement inputs).
COMMAND: /home/louis/developer/footy-model/.venv/bin/python /mnt/c/Developer/soccer/footy-model/src/modeling/evaluation/score_market_outcomes_fixtures_first.py --league ECL --since-days 30 --limit 300
Scanned 107 predictions, scored 107, skipped 0 (missing required settlement inputs).
[2026-03-06T04:15:39+00:00] Score scheduler end rc=0.
[2026-03-06T05:15:07+00:00] Score scheduler start.
Log file: artifacts/logs/score_scheduler.log
Skipping settle phase (--skip-settle).
Skipping predict phase (--skip-predict).
COMMAND: /home/louis/developer/footy-model/.venv/bin/python /mnt/c/Developer/soccer/footy-model/src/modeling/evaluation/score_market_outcomes_fixtures_first.py --league E0 --since-days 30 --limit 300
Scanned 293 predictions, scored 293, skipped 0 (missing required settlement inputs).
COMMAND: /home/louis/developer/footy-model/.venv/bin/python /mnt/c/Developer/soccer/footy-model/src/modeling/evaluation/score_market_outcomes_fixtures_first.py --league E1 --since-days 30 --limit 300
Scanned 300 predictions, scored 300, skipped 0 (missing required settlement inputs).
COMMAND: /home/louis/developer/footy-model/.venv/bin/python /mnt/c/Developer/soccer/footy-model/src/modeling/evaluation/score_market_outcomes_fixtures_first.py --league E2 --since-days 30 --limit 300
Scanned 300 predictions, scored 300, skipped 0 (missing required settlement inputs).
COMMAND: /home/louis/developer/footy-model/.venv/bin/python /mnt/c/Developer/soccer/footy-model/src/modeling/evaluation/score_market_outcomes_fixtures_first.py --league E3 --since-days 30 --limit 300
Scanned 300 predictions, scored 300, skipped 0 (missing required settlement inputs).
COMMAND: /home/louis/developer/footy-model/.venv/bin/python /mnt/c/Developer/soccer/footy-model/src/modeling/evaluation/score_market_outcomes_fixtures_first.py --league EC --since-days 30 --limit 300
Scanned 300 predictions, scored 300, skipped 0 (missing required settlement inputs).
COMMAND: /home/louis/developer/footy-model/.venv/bin/python /mnt/c/Developer/soccer/footy-model/src/modeling/evaluation/score_market_outcomes_fixtures_first.py --league SC0 --since-days 30 --limit 300
Scanned 212 predictions, scored 212, skipped 0 (missing required settlement inputs).
COMMAND: /home/louis/developer/footy-model/.venv/bin/python /mnt/c/Developer/soccer/footy-model/src/modeling/evaluation/score_market_outcomes_fixtures_first.py --league SC1 --since-days 30 --limit 300
Scanned 111 predictions, scored 111, skipped 0 (missing required settlement inputs).
COMMAND: /home/louis/developer/footy-model/.venv/bin/python /mnt/c/Developer/soccer/footy-model/src/modeling/evaluation/score_market_outcomes_fixtures_first.py --league SC2 --since-days 30 --limit 300
Scanned 126 predictions, scored 126, skipped 0 (missing required settlement inputs).
COMMAND: /home/louis/developer/footy-model/.venv/bin/python /mnt/c/Developer/soccer/footy-model/src/modeling/evaluation/score_market_outcomes_fixtures_first.py --league SC3 --since-days 30 --limit 300
Scanned 135 predictions, scored 135, skipped 0 (missing required settlement inputs).
COMMAND: /home/louis/developer/footy-model/.venv/bin/python /mnt/c/Developer/soccer/footy-model/src/modeling/evaluation/score_market_outcomes_fixtures_first.py --league D1 --since-days 30 --limit 300
Scanned 230 predictions, scored 230, skipped 0 (missing required settlement inputs).
COMMAND: /home/louis/developer/footy-model/.venv/bin/python /mnt/c/Developer/soccer/footy-model/src/modeling/evaluation/score_market_outcomes_fixtures_first.py --league D2 --since-days 30 --limit 300
Scanned 207 predictions, scored 207, skipped 0 (missing required settlement inputs).
COMMAND: /home/louis/developer/footy-model/.venv/bin/python /mnt/c/Developer/soccer/footy-model/src/modeling/evaluation/score_market_outcomes_fixtures_first.py --league I1 --since-days 30 --limit 300
Scanned 216 predictions, scored 216, skipped 0 (missing required settlement inputs).
COMMAND: /home/louis/developer/footy-model/.venv/bin/python /mnt/c/Developer/soccer/footy-model/src/modeling/evaluation/score_market_outcomes_fixtures_first.py --league I2 --since-days 30 --limit 300
Scanned 300 predictions, scored 300, skipped 0 (missing required settlement inputs).
COMMAND: /home/louis/developer/footy-model/.venv/bin/python /mnt/c/Developer/soccer/footy-model/src/modeling/evaluation/score_market_outcomes_fixtures_first.py --league SP1 --since-days 30 --limit 300
Scanned 247 predictions, scored 247, skipped 0 (missing required settlement inputs).
COMMAND: /home/louis/developer/footy-model/.venv/bin/python /mnt/c/Developer/soccer/footy-model/src/modeling/evaluation/score_market_outcomes_fixtures_first.py --league SP2 --since-days 30 --limit 300
Scanned 256 predictions, scored 256, skipped 0 (missing required settlement inputs).
COMMAND: /home/louis/developer/footy-model/.venv/bin/python /mnt/c/Developer/soccer/footy-model/src/modeling/evaluation/score_market_outcomes_fixtures_first.py --league F1 --since-days 30 --limit 300
Scanned 206 predictions, scored 206, skipped 0 (missing required settlement inputs).
COMMAND: /home/louis/developer/footy-model/.venv/bin/python /mnt/c/Developer/soccer/footy-model/src/modeling/evaluation/score_market_outcomes_fixtures_first.py --league F2 --since-days 30 --limit 300
Scanned 194 predictions, scored 194, skipped 0 (missing required settlement inputs).
COMMAND: /home/louis/developer/footy-model/.venv/bin/python /mnt/c/Developer/soccer/footy-model/src/modeling/evaluation/score_market_outcomes_fixtures_first.py --league N1 --since-days 30 --limit 300
Scanned 225 predictions, scored 225, skipped 0 (missing required settlement inputs).
COMMAND: /home/louis/developer/footy-model/.venv/bin/python /mnt/c/Developer/soccer/footy-model/src/modeling/evaluation/score_market_outcomes_fixtures_first.py --league B1 --since-days 30 --limit 300
Scanned 188 predictions, scored 188, skipped 0 (missing required settlement inputs).
COMMAND: /home/louis/developer/footy-model/.venv/bin/python /mnt/c/Developer/soccer/footy-model/src/modeling/evaluation/score_market_outcomes_fixtures_first.py --league P1 --since-days 30 --limit 300
Scanned 205 predictions, scored 205, skipped 0 (missing required settlement inputs).
COMMAND: /home/louis/developer/footy-model/.venv/bin/python /mnt/c/Developer/soccer/footy-model/src/modeling/evaluation/score_market_outcomes_fixtures_first.py --league T1 --since-days 30 --limit 300
Scanned 206 predictions, scored 206, skipped 0 (missing required settlement inputs).
COMMAND: /home/louis/developer/footy-model/.venv/bin/python /mnt/c/Developer/soccer/footy-model/src/modeling/evaluation/score_market_outcomes_fixtures_first.py --league G1 --since-days 30 --limit 300
Scanned 193 predictions, scored 193, skipped 0 (missing required settlement inputs).
COMMAND: /home/louis/developer/footy-model/.venv/bin/python /mnt/c/Developer/soccer/footy-model/src/modeling/evaluation/score_market_outcomes_fixtures_first.py --league AT1 --since-days 30 --limit 300
Scanned 135 predictions, scored 135, skipped 0 (missing required settlement inputs).
COMMAND: /home/louis/developer/footy-model/.venv/bin/python /mnt/c/Developer/soccer/footy-model/src/modeling/evaluation/score_market_outcomes_fixtures_first.py --league BR1 --since-days 30 --limit 300
Scanned 180 predictions, scored 180, skipped 0 (missing required settlement inputs).
COMMAND: /home/louis/developer/footy-model/.venv/bin/python /mnt/c/Developer/soccer/footy-model/src/modeling/evaluation/score_market_outcomes_fixtures_first.py --league DK1 --since-days 30 --limit 300
Scanned 138 predictions, scored 138, skipped 0 (missing required settlement inputs).
COMMAND: /home/louis/developer/footy-model/.venv/bin/python /mnt/c/Developer/soccer/footy-model/src/modeling/evaluation/score_market_outcomes_fixtures_first.py --league IE1 --since-days 30 --limit 300
Scanned 104 predictions, scored 104, skipped 0 (missing required settlement inputs).
COMMAND: /home/louis/developer/footy-model/.venv/bin/python /mnt/c/Developer/soccer/footy-model/src/modeling/evaluation/score_market_outcomes_fixtures_first.py --league JP1 --since-days 30 --limit 300
Scanned 238 predictions, scored 238, skipped 0 (missing required settlement inputs).
COMMAND: /home/louis/developer/footy-model/.venv/bin/python /mnt/c/Developer/soccer/footy-model/src/modeling/evaluation/score_market_outcomes_fixtures_first.py --league MX1 --since-days 30 --limit 300
Scanned 264 predictions, scored 264, skipped 0 (missing required settlement inputs).
COMMAND: /home/louis/developer/footy-model/.venv/bin/python /mnt/c/Developer/soccer/footy-model/src/modeling/evaluation/score_market_outcomes_fixtures_first.py --league PL1 --since-days 30 --limit 300
Scanned 211 predictions, scored 211, skipped 0 (missing required settlement inputs).
COMMAND: /home/louis/developer/footy-model/.venv/bin/python /mnt/c/Developer/soccer/footy-model/src/modeling/evaluation/score_market_outcomes_fixtures_first.py --league RO1 --since-days 30 --limit 300
Scanned 219 predictions, scored 219, skipped 0 (missing required settlement inputs).
COMMAND: /home/louis/developer/footy-model/.venv/bin/python /mnt/c/Developer/soccer/footy-model/src/modeling/evaluation/score_market_outcomes_fixtures_first.py --league RU1 --since-days 30 --limit 300
No eligible unscored predictions found.
COMMAND: /home/louis/developer/footy-model/.venv/bin/python /mnt/c/Developer/soccer/footy-model/src/modeling/evaluation/score_market_outcomes_fixtures_first.py --league CH1 --since-days 30 --limit 300
Scanned 230 predictions, scored 230, skipped 0 (missing required settlement inputs).
COMMAND: /home/louis/developer/footy-model/.venv/bin/python /mnt/c/Developer/soccer/footy-model/src/modeling/evaluation/score_market_outcomes_fixtures_first.py --league CH2 --since-days 30 --limit 300
Scanned 199 predictions, scored 199, skipped 0 (missing required settlement inputs).
COMMAND: /home/louis/developer/footy-model/.venv/bin/python /mnt/c/Developer/soccer/footy-model/src/modeling/evaluation/score_market_outcomes_fixtures_first.py --league CL --since-days 30 --limit 300
Scanned 112 predictions, scored 112, skipped 0 (missing required settlement inputs).
COMMAND: /home/louis/developer/footy-model/.venv/bin/python /mnt/c/Developer/soccer/footy-model/src/modeling/evaluation/score_market_outcomes_fixtures_first.py --league EL --since-days 30 --limit 300
Scanned 109 predictions, scored 109, skipped 0 (missing required settlement inputs).
COMMAND: /home/louis/developer/footy-model/.venv/bin/python /mnt/c/Developer/soccer/footy-model/src/modeling/evaluation/score_market_outcomes_fixtures_first.py --league ECL --since-days 30 --limit 300
Scanned 107 predictions, scored 107, skipped 0 (missing required settlement inputs).
[2026-03-06T05:15:39+00:00] Score scheduler end rc=0.
[2026-03-11T09:15:03+00:00] Score scheduler start.
Log file: artifacts/logs/score_scheduler.log
Log file: artifacts\logs\score_scheduler.log
Skipping settle phase (--skip-settle).
Skipping predict phase (--skip-predict).
COMMAND: C:\Python313\python.exe C:\Developer\soccer\footy-model\src\modeling\evaluation\score_market_outcomes_fixtures_first.py --league E0 --since-days 30 --limit 300
Scanned 223 predictions, scored 223, skipped 0 (missing required settlement inputs).
COMMAND: C:\Python313\python.exe C:\Developer\soccer\footy-model\src\modeling\evaluation\score_market_outcomes_fixtures_first.py --league E1 --since-days 30 --limit 300
Scanned 300 predictions, scored 300, skipped 0 (missing required settlement inputs).
COMMAND: C:\Python313\python.exe C:\Developer\soccer\footy-model\src\modeling\evaluation\score_market_outcomes_fixtures_first.py --league E2 --since-days 30 --limit 300
Scanned 300 predictions, scored 300, skipped 0 (missing required settlement inputs).
COMMAND: C:\Python313\python.exe C:\Developer\soccer\footy-model\src\modeling\evaluation\score_market_outcomes_fixtures_first.py --league E3 --since-days 30 --limit 300
Scanned 300 predictions, scored 300, skipped 0 (missing required settlement inputs).
COMMAND: C:\Python313\python.exe C:\Developer\soccer\footy-model\src\modeling\evaluation\score_market_outcomes_fixtures_first.py --league EC --since-days 30 --limit 300
Scanned 300 predictions, scored 300, skipped 0 (missing required settlement inputs).
COMMAND: C:\Python313\python.exe C:\Developer\soccer\footy-model\src\modeling\evaluation\score_market_outcomes_fixtures_first.py --league SC0 --since-days 30 --limit 300
Scanned 191 predictions, scored 191, skipped 0 (missing required settlement inputs).
COMMAND: C:\Python313\python.exe C:\Developer\soccer\footy-model\src\modeling\evaluation\score_market_outcomes_fixtures_first.py --league SC1 --since-days 30 --limit 300
Scanned 135 predictions, scored 135, skipped 0 (missing required settlement inputs).
COMMAND: C:\Python313\python.exe C:\Developer\soccer\footy-model\src\modeling\evaluation\score_market_outcomes_fixtures_first.py --league SC2 --since-days 30 --limit 300
Scanned 114 predictions, scored 114, skipped 0 (missing required settlement inputs).
COMMAND: C:\Python313\python.exe C:\Developer\soccer\footy-model\src\modeling\evaluation\score_market_outcomes_fixtures_first.py --league SC3 --since-days 30 --limit 300
Scanned 117 predictions, scored 117, skipped 0 (missing required settlement inputs).
COMMAND: C:\Python313\python.exe C:\Developer\soccer\footy-model\src\modeling\evaluation\score_market_outcomes_fixtures_first.py --league D1 --since-days 30 --limit 300
Scanned 247 predictions, scored 247, skipped 0 (missing required settlement inputs).
COMMAND: C:\Python313\python.exe C:\Developer\soccer\footy-model\src\modeling\evaluation\score_market_outcomes_fixtures_first.py --league D2 --since-days 30 --limit 300
Scanned 208 predictions, scored 208, skipped 0 (missing required settlement inputs).
COMMAND: C:\Python313\python.exe C:\Developer\soccer\footy-model\src\modeling\evaluation\score_market_outcomes_fixtures_first.py --league I1 --since-days 30 --limit 300
Scanned 268 predictions, scored 268, skipped 0 (missing required settlement inputs).
COMMAND: C:\Python313\python.exe C:\Developer\soccer\footy-model\src\modeling\evaluation\score_market_outcomes_fixtures_first.py --league I2 --since-days 30 --limit 300
Scanned 300 predictions, scored 300, skipped 0 (missing required settlement inputs).
COMMAND: C:\Python313\python.exe C:\Developer\soccer\footy-model\src\modeling\evaluation\score_market_outcomes_fixtures_first.py --league SP1 --since-days 30 --limit 300
Scanned 217 predictions, scored 217, skipped 0 (missing required settlement inputs).
COMMAND: C:\Python313\python.exe C:\Developer\soccer\footy-model\src\modeling\evaluation\score_market_outcomes_fixtures_first.py --league SP2 --since-days 30 --limit 300
Scanned 217 predictions, scored 217, skipped 0 (missing required settlement inputs).
COMMAND: C:\Python313\python.exe C:\Developer\soccer\footy-model\src\modeling\evaluation\score_market_outcomes_fixtures_first.py --league F1 --since-days 30 --limit 300
Scanned 250 predictions, scored 250, skipped 0 (missing required settlement inputs).
COMMAND: C:\Python313\python.exe C:\Developer\soccer\footy-model\src\modeling\evaluation\score_market_outcomes_fixtures_first.py --league F2 --since-days 30 --limit 300
Scanned 204 predictions, scored 204, skipped 0 (missing required settlement inputs).
COMMAND: C:\Python313\python.exe C:\Developer\soccer\footy-model\src\modeling\evaluation\score_market_outcomes_fixtures_first.py --league N1 --since-days 30 --limit 300
Scanned 234 predictions, scored 234, skipped 0 (missing required settlement inputs).
COMMAND: C:\Python313\python.exe C:\Developer\soccer\footy-model\src\modeling\evaluation\score_market_outcomes_fixtures_first.py --league B1 --since-days 30 --limit 300
Scanned 211 predictions, scored 211, skipped 0 (missing required settlement inputs).
COMMAND: C:\Python313\python.exe C:\Developer\soccer\footy-model\src\modeling\evaluation\score_market_outcomes_fixtures_first.py --league P1 --since-days 30 --limit 300
Scanned 300 predictions, scored 300, skipped 0 (missing required settlement inputs).
COMMAND: C:\Python313\python.exe C:\Developer\soccer\footy-model\src\modeling\evaluation\score_market_outcomes_fixtures_first.py --league T1 --since-days 30 --limit 300
Scanned 178 predictions, scored 178, skipped 0 (missing required settlement inputs).
COMMAND: C:\Python313\python.exe C:\Developer\soccer\footy-model\src\modeling\evaluation\score_market_outcomes_fixtures_first.py --league G1 --since-days 30 --limit 300
Scanned 199 predictions, scored 199, skipped 0 (missing required settlement inputs).
COMMAND: C:\Python313\python.exe C:\Developer\soccer\footy-model\src\modeling\evaluation\score_market_outcomes_fixtures_first.py --league AT1 --since-days 30 --limit 300
Scanned 162 predictions, scored 162, skipped 0 (missing required settlement inputs).
COMMAND: C:\Python313\python.exe C:\Developer\soccer\footy-model\src\modeling\evaluation\score_market_outcomes_fixtures_first.py --league BR1 --since-days 30 --limit 300
Scanned 117 predictions, scored 117, skipped 0 (missing required settlement inputs).
COMMAND: C:\Python313\python.exe C:\Developer\soccer\footy-model\src\modeling\evaluation\score_market_outcomes_fixtures_first.py --league DK1 --since-days 30 --limit 300
Scanned 110 predictions, scored 110, skipped 0 (missing required settlement inputs).
COMMAND: C:\Python313\python.exe C:\Developer\soccer\footy-model\src\modeling\evaluation\score_market_outcomes_fixtures_first.py --league IE1 --since-days 30 --limit 300
Scanned 116 predictions, scored 116, skipped 0 (missing required settlement inputs).
COMMAND: C:\Python313\python.exe C:\Developer\soccer\footy-model\src\modeling\evaluation\score_market_outcomes_fixtures_first.py --league JP1 --since-days 30 --limit 300
Scanned 226 predictions, scored 226, skipped 0 (missing required settlement inputs).
COMMAND: C:\Python313\python.exe C:\Developer\soccer\footy-model\src\modeling\evaluation\score_market_outcomes_fixtures_first.py --league MX1 --since-days 30 --limit 300
Scanned 263 predictions, scored 263, skipped 0 (missing required settlement inputs).
COMMAND: C:\Python313\python.exe C:\Developer\soccer\footy-model\src\modeling\evaluation\score_market_outcomes_fixtures_first.py --league PL1 --since-days 30 --limit 300
Scanned 225 predictions, scored 225, skipped 0 (missing required settlement inputs).
COMMAND: C:\Python313\python.exe C:\Developer\soccer\footy-model\src\modeling\evaluation\score_market_outcomes_fixtures_first.py --league RO1 --since-days 30 --limit 300
Scanned 195 predictions, scored 195, skipped 0 (missing required settlement inputs).
COMMAND: C:\Python313\python.exe C:\Developer\soccer\footy-model\src\modeling\evaluation\score_market_outcomes_fixtures_first.py --league RU1 --since-days 30 --limit 300
No eligible unscored predictions found.
COMMAND: C:\Python313\python.exe C:\Developer\soccer\footy-model\src\modeling\evaluation\score_market_outcomes_fixtures_first.py --league CH1 --since-days 30 --limit 300
Scanned 230 predictions, scored 230, skipped 0 (missing required settlement inputs).
COMMAND: C:\Python313\python.exe C:\Developer\soccer\footy-model\src\modeling\evaluation\score_market_outcomes_fixtures_first.py --league CH2 --since-days 30 --limit 300
Scanned 209 predictions, scored 209, skipped 0 (missing required settlement inputs).
COMMAND: C:\Python313\python.exe C:\Developer\soccer\footy-model\src\modeling\evaluation\score_market_outcomes_fixtures_first.py --league CL --since-days 30 --limit 300
Scanned 112 predictions, scored 112, skipped 0 (missing required settlement inputs).
COMMAND: C:\Python313\python.exe C:\Developer\soccer\footy-model\src\modeling\evaluation\score_market_outcomes_fixtures_first.py --league EL --since-days 30 --limit 300
Scanned 109 predictions, scored 109, skipped 0 (missing required settlement inputs).
COMMAND: C:\Python313\python.exe C:\Developer\soccer\footy-model\src\modeling\evaluation\score_market_outcomes_fixtures_first.py --league ECL --since-days 30 --limit 300
Scanned 107 predictions, scored 107, skipped 0 (missing required settlement inputs).
[2026-03-11T09:15:33+00:00] Score scheduler end rc=0.
[2026-03-11T10:15:04+00:00] Score scheduler start.
Log file: artifacts/logs/score_scheduler.log
Log file: artifacts\logs\score_scheduler.log
Skipping settle phase (--skip-settle).
Skipping predict phase (--skip-predict).
COMMAND: C:\Python313\python.exe C:\Developer\soccer\footy-model\src\modeling\evaluation\score_market_outcomes_fixtures_first.py --league E0 --since-days 30 --limit 300
Scanned 223 predictions, scored 223, skipped 0 (missing required settlement inputs).
COMMAND: C:\Python313\python.exe C:\Developer\soccer\footy-model\src\modeling\evaluation\score_market_outcomes_fixtures_first.py --league E1 --since-days 30 --limit 300
Scanned 300 predictions, scored 300, skipped 0 (missing required settlement inputs).
COMMAND: C:\Python313\python.exe C:\Developer\soccer\footy-model\src\modeling\evaluation\score_market_outcomes_fixtures_first.py --league E2 --since-days 30 --limit 300
Scanned 300 predictions, scored 300, skipped 0 (missing required settlement inputs).
COMMAND: C:\Python313\python.exe C:\Developer\soccer\footy-model\src\modeling\evaluation\score_market_outcomes_fixtures_first.py --league E3 --since-days 30 --limit 300
Scanned 300 predictions, scored 300, skipped 0 (missing required settlement inputs).
COMMAND: C:\Python313\python.exe C:\Developer\soccer\footy-model\src\modeling\evaluation\score_market_outcomes_fixtures_first.py --league EC --since-days 30 --limit 300
Scanned 300 predictions, scored 300, skipped 0 (missing required settlement inputs).
COMMAND: C:\Python313\python.exe C:\Developer\soccer\footy-model\src\modeling\evaluation\score_market_outcomes_fixtures_first.py --league SC0 --since-days 30 --limit 300
Scanned 191 predictions, scored 191, skipped 0 (missing required settlement inputs).
COMMAND: C:\Python313\python.exe C:\Developer\soccer\footy-model\src\modeling\evaluation\score_market_outcomes_fixtures_first.py --league SC1 --since-days 30 --limit 300
Scanned 135 predictions, scored 135, skipped 0 (missing required settlement inputs).
COMMAND: C:\Python313\python.exe C:\Developer\soccer\footy-model\src\modeling\evaluation\score_market_outcomes_fixtures_first.py --league SC2 --since-days 30 --limit 300
Scanned 114 predictions, scored 114, skipped 0 (missing required settlement inputs).
COMMAND: C:\Python313\python.exe C:\Developer\soccer\footy-model\src\modeling\evaluation\score_market_outcomes_fixtures_first.py --league SC3 --since-days 30 --limit 300
Scanned 117 predictions, scored 117, skipped 0 (missing required settlement inputs).
COMMAND: C:\Python313\python.exe C:\Developer\soccer\footy-model\src\modeling\evaluation\score_market_outcomes_fixtures_first.py --league D1 --since-days 30 --limit 300
Scanned 239 predictions, scored 239, skipped 0 (missing required settlement inputs).
COMMAND: C:\Python313\python.exe C:\Developer\soccer\footy-model\src\modeling\evaluation\score_market_outcomes_fixtures_first.py --league D2 --since-days 30 --limit 300
Scanned 208 predictions, scored 208, skipped 0 (missing required settlement inputs).
COMMAND: C:\Python313\python.exe C:\Developer\soccer\footy-model\src\modeling\evaluation\score_market_outcomes_fixtures_first.py --league I1 --since-days 30 --limit 300
Scanned 250 predictions, scored 250, skipped 0 (missing required settlement inputs).
COMMAND: C:\Python313\python.exe C:\Developer\soccer\footy-model\src\modeling\evaluation\score_market_outcomes_fixtures_first.py --league I2 --since-days 30 --limit 300
Scanned 300 predictions, scored 300, skipped 0 (missing required settlement inputs).
COMMAND: C:\Python313\python.exe C:\Developer\soccer\footy-model\src\modeling\evaluation\score_market_outcomes_fixtures_first.py --league SP1 --since-days 30 --limit 300
Scanned 217 predictions, scored 217, skipped 0 (missing required settlement inputs).
COMMAND: C:\Python313\python.exe C:\Developer\soccer\footy-model\src\modeling\evaluation\score_market_outcomes_fixtures_first.py --league SP2 --since-days 30 --limit 300
Scanned 217 predictions, scored 217, skipped 0 (missing required settlement inputs).
COMMAND: C:\Python313\python.exe C:\Developer\soccer\footy-model\src\modeling\evaluation\score_market_outcomes_fixtures_first.py --league F1 --since-days 30 --limit 300
Scanned 216 predictions, scored 216, skipped 0 (missing required settlement inputs).
COMMAND: C:\Python313\python.exe C:\Developer\soccer\footy-model\src\modeling\evaluation\score_market_outcomes_fixtures_first.py --league F2 --since-days 30 --limit 300
Scanned 204 predictions, scored 204, skipped 0 (missing required settlement inputs).
COMMAND: C:\Python313\python.exe C:\Developer\soccer\footy-model\src\modeling\evaluation\score_market_outcomes_fixtures_first.py --league N1 --since-days 30 --limit 300
Scanned 222 predictions, scored 222, skipped 0 (missing required settlement inputs).
COMMAND: C:\Python313\python.exe C:\Developer\soccer\footy-model\src\modeling\evaluation\score_market_outcomes_fixtures_first.py --league B1 --since-days 30 --limit 300
Scanned 191 predictions, scored 191, skipped 0 (missing required settlement inputs).
COMMAND: C:\Python313\python.exe C:\Developer\soccer\footy-model\src\modeling\evaluation\score_market_outcomes_fixtures_first.py --league P1 --since-days 30 --limit 300
Scanned 226 predictions, scored 226, skipped 0 (missing required settlement inputs).
COMMAND: C:\Python313\python.exe C:\Developer\soccer\footy-model\src\modeling\evaluation\score_market_outcomes_fixtures_first.py --league T1 --since-days 30 --limit 300
Scanned 178 predictions, scored 178, skipped 0 (missing required settlement inputs).
COMMAND: C:\Python313\python.exe C:\Developer\soccer\footy-model\src\modeling\evaluation\score_market_outcomes_fixtures_first.py --league G1 --since-days 30 --limit 300
Scanned 189 predictions, scored 189, skipped 0 (missing required settlement inputs).
COMMAND: C:\Python313\python.exe C:\Developer\soccer\footy-model\src\modeling\evaluation\score_market_outcomes_fixtures_first.py --league AT1 --since-days 30 --limit 300
Scanned 138 predictions, scored 138, skipped 0 (missing required settlement inputs).
COMMAND: C:\Python313\python.exe C:\Developer\soccer\footy-model\src\modeling\evaluation\score_market_outcomes_fixtures_first.py --league BR1 --since-days 30 --limit 300
Scanned 117 predictions, scored 117, skipped 0 (missing required settlement inputs).
COMMAND: C:\Python313\python.exe C:\Developer\soccer\footy-model\src\modeling\evaluation\score_market_outcomes_fixtures_first.py --league DK1 --since-days 30 --limit 300
Scanned 110 predictions, scored 110, skipped 0 (missing required settlement inputs).
COMMAND: C:\Python313\python.exe C:\Developer\soccer\footy-model\src\modeling\evaluation\score_market_outcomes_fixtures_first.py --league IE1 --since-days 30 --limit 300
Scanned 116 predictions, scored 116, skipped 0 (missing required settlement inputs).
COMMAND: C:\Python313\python.exe C:\Developer\soccer\footy-model\src\modeling\evaluation\score_market_outcomes_fixtures_first.py --league JP1 --since-days 30 --limit 300
Scanned 226 predictions, scored 226, skipped 0 (missing required settlement inputs).
COMMAND: C:\Python313\python.exe C:\Developer\soccer\footy-model\src\modeling\evaluation\score_market_outcomes_fixtures_first.py --league MX1 --since-days 30 --limit 300
Scanned 255 predictions, scored 255, skipped 0 (missing required settlement inputs).
COMMAND: C:\Python313\python.exe C:\Developer\soccer\footy-model\src\modeling\evaluation\score_market_outcomes_fixtures_first.py --league PL1 --since-days 30 --limit 300
Scanned 207 predictions, scored 207, skipped 0 (missing required settlement inputs).
COMMAND: C:\Python313\python.exe C:\Developer\soccer\footy-model\src\modeling\evaluation\score_market_outcomes_fixtures_first.py --league RO1 --since-days 30 --limit 300
Scanned 195 predictions, scored 195, skipped 0 (missing required settlement inputs).
COMMAND: C:\Python313\python.exe C:\Developer\soccer\footy-model\src\modeling\evaluation\score_market_outcomes_fixtures_first.py --league RU1 --since-days 30 --limit 300
No eligible unscored predictions found.
COMMAND: C:\Python313\python.exe C:\Developer\soccer\footy-model\src\modeling\evaluation\score_market_outcomes_fixtures_first.py --league CH1 --since-days 30 --limit 300
Scanned 230 predictions, scored 230, skipped 0 (missing required settlement inputs).
COMMAND: C:\Python313\python.exe C:\Developer\soccer\footy-model\src\modeling\evaluation\score_market_outcomes_fixtures_first.py --league CH2 --since-days 30 --limit 300
Scanned 209 predictions, scored 209, skipped 0 (missing required settlement inputs).
COMMAND: C:\Python313\python.exe C:\Developer\soccer\footy-model\src\modeling\evaluation\score_market_outcomes_fixtures_first.py --league CL --since-days 30 --limit 300
Scanned 112 predictions, scored 112, skipped 0 (missing required settlement inputs).
COMMAND: C:\Python313\python.exe C:\Developer\soccer\footy-model\src\modeling\evaluation\score_market_outcomes_fixtures_first.py --league EL --since-days 30 --limit 300
Scanned 109 predictions, scored 109, skipped 0 (missing required settlement inputs).
COMMAND: C:\Python313\python.exe C:\Developer\soccer\footy-model\src\modeling\evaluation\score_market_outcomes_fixtures_first.py --league ECL --since-days 30 --limit 300
Scanned 107 predictions, scored 107, skipped 0 (missing required settlement inputs).
[2026-03-11T10:15:34+00:00] Score scheduler end rc=0.
[2026-03-11T11:15:05+00:00] Score scheduler start.
Log file: artifacts/logs/score_scheduler.log
Log file: artifacts\logs\score_scheduler.log
Skipping settle phase (--skip-settle).
Skipping predict phase (--skip-predict).
COMMAND: C:\Python313\python.exe C:\Developer\soccer\footy-model\src\modeling\evaluation\score_market_outcomes_fixtures_first.py --league E0 --since-days 30 --limit 300
Scanned 223 predictions, scored 223, skipped 0 (missing required settlement inputs).
COMMAND: C:\Python313\python.exe C:\Developer\soccer\footy-model\src\modeling\evaluation\score_market_outcomes_fixtures_first.py --league E1 --since-days 30 --limit 300
Scanned 300 predictions, scored 300, skipped 0 (missing required settlement inputs).
COMMAND: C:\Python313\python.exe C:\Developer\soccer\footy-model\src\modeling\evaluation\score_market_outcomes_fixtures_first.py --league E2 --since-days 30 --limit 300
Scanned 300 predictions, scored 300, skipped 0 (missing required settlement inputs).
COMMAND: C:\Python313\python.exe C:\Developer\soccer\footy-model\src\modeling\evaluation\score_market_outcomes_fixtures_first.py --league E3 --since-days 30 --limit 300
Scanned 300 predictions, scored 300, skipped 0 (missing required settlement inputs).
COMMAND: C:\Python313\python.exe C:\Developer\soccer\footy-model\src\modeling\evaluation\score_market_outcomes_fixtures_first.py --league EC --since-days 30 --limit 300
Scanned 300 predictions, scored 300, skipped 0 (missing required settlement inputs).
COMMAND: C:\Python313\python.exe C:\Developer\soccer\footy-model\src\modeling\evaluation\score_market_outcomes_fixtures_first.py --league SC0 --since-days 30 --limit 300
Scanned 191 predictions, scored 191, skipped 0 (missing required settlement inputs).
COMMAND: C:\Python313\python.exe C:\Developer\soccer\footy-model\src\modeling\evaluation\score_market_outcomes_fixtures_first.py --league SC1 --since-days 30 --limit 300
Scanned 135 predictions, scored 135, skipped 0 (missing required settlement inputs).
COMMAND: C:\Python313\python.exe C:\Developer\soccer\footy-model\src\modeling\evaluation\score_market_outcomes_fixtures_first.py --league SC2 --since-days 30 --limit 300
Scanned 114 predictions, scored 114, skipped 0 (missing required settlement inputs).
COMMAND: C:\Python313\python.exe C:\Developer\soccer\footy-model\src\modeling\evaluation\score_market_outcomes_fixtures_first.py --league SC3 --since-days 30 --limit 300
Scanned 117 predictions, scored 117, skipped 0 (missing required settlement inputs).
COMMAND: C:\Python313\python.exe C:\Developer\soccer\footy-model\src\modeling\evaluation\score_market_outcomes_fixtures_first.py --league D1 --since-days 30 --limit 300
Scanned 239 predictions, scored 239, skipped 0 (missing required settlement inputs).
COMMAND: C:\Python313\python.exe C:\Developer\soccer\footy-model\src\modeling\evaluation\score_market_outcomes_fixtures_first.py --league D2 --since-days 30 --limit 300
Scanned 208 predictions, scored 208, skipped 0 (missing required settlement inputs).
COMMAND: C:\Python313\python.exe C:\Developer\soccer\footy-model\src\modeling\evaluation\score_market_outcomes_fixtures_first.py --league I1 --since-days 30 --limit 300
Scanned 250 predictions, scored 250, skipped 0 (missing required settlement inputs).
COMMAND: C:\Python313\python.exe C:\Developer\soccer\footy-model\src\modeling\evaluation\score_market_outcomes_fixtures_first.py --league I2 --since-days 30 --limit 300
Scanned 300 predictions, scored 300, skipped 0 (missing required settlement inputs).
COMMAND: C:\Python313\python.exe C:\Developer\soccer\footy-model\src\modeling\evaluation\score_market_outcomes_fixtures_first.py --league SP1 --since-days 30 --limit 300
Scanned 217 predictions, scored 217, skipped 0 (missing required settlement inputs).
COMMAND: C:\Python313\python.exe C:\Developer\soccer\footy-model\src\modeling\evaluation\score_market_outcomes_fixtures_first.py --league SP2 --since-days 30 --limit 300
Scanned 217 predictions, scored 217, skipped 0 (missing required settlement inputs).
COMMAND: C:\Python313\python.exe C:\Developer\soccer\footy-model\src\modeling\evaluation\score_market_outcomes_fixtures_first.py --league F1 --since-days 30 --limit 300
Scanned 216 predictions, scored 216, skipped 0 (missing required settlement inputs).
COMMAND: C:\Python313\python.exe C:\Developer\soccer\footy-model\src\modeling\evaluation\score_market_outcomes_fixtures_first.py --league F2 --since-days 30 --limit 300
Scanned 204 predictions, scored 204, skipped 0 (missing required settlement inputs).
COMMAND: C:\Python313\python.exe C:\Developer\soccer\footy-model\src\modeling\evaluation\score_market_outcomes_fixtures_first.py --league N1 --since-days 30 --limit 300
Scanned 222 predictions, scored 222, skipped 0 (missing required settlement inputs).
COMMAND: C:\Python313\python.exe C:\Developer\soccer\footy-model\src\modeling\evaluation\score_market_outcomes_fixtures_first.py --league B1 --since-days 30 --limit 300
Scanned 191 predictions, scored 191, skipped 0 (missing required settlement inputs).
COMMAND: C:\Python313\python.exe C:\Developer\soccer\footy-model\src\modeling\evaluation\score_market_outcomes_fixtures_first.py --league P1 --since-days 30 --limit 300
Scanned 226 predictions, scored 226, skipped 0 (missing required settlement inputs).
COMMAND: C:\Python313\python.exe C:\Developer\soccer\footy-model\src\modeling\evaluation\score_market_outcomes_fixtures_first.py --league T1 --since-days 30 --limit 300
Scanned 172 predictions, scored 172, skipped 0 (missing required settlement inputs).
COMMAND: C:\Python313\python.exe C:\Developer\soccer\footy-model\src\modeling\evaluation\score_market_outcomes_fixtures_first.py --league G1 --since-days 30 --limit 300
Scanned 189 predictions, scored 189, skipped 0 (missing required settlement inputs).
COMMAND: C:\Python313\python.exe C:\Developer\soccer\footy-model\src\modeling\evaluation\score_market_outcomes_fixtures_first.py --league AT1 --since-days 30 --limit 300
Scanned 138 predictions, scored 138, skipped 0 (missing required settlement inputs).
COMMAND: C:\Python313\python.exe C:\Developer\soccer\footy-model\src\modeling\evaluation\score_market_outcomes_fixtures_first.py --league BR1 --since-days 30 --limit 300
Scanned 117 predictions, scored 117, skipped 0 (missing required settlement inputs).
COMMAND: C:\Python313\python.exe C:\Developer\soccer\footy-model\src\modeling\evaluation\score_market_outcomes_fixtures_first.py --league DK1 --since-days 30 --limit 300
Scanned 110 predictions, scored 110, skipped 0 (missing required settlement inputs).
COMMAND: C:\Python313\python.exe C:\Developer\soccer\footy-model\src\modeling\evaluation\score_market_outcomes_fixtures_first.py --league IE1 --since-days 30 --limit 300
Scanned 116 predictions, scored 116, skipped 0 (missing required settlement inputs).
COMMAND: C:\Python313\python.exe C:\Developer\soccer\footy-model\src\modeling\evaluation\score_market_outcomes_fixtures_first.py --league JP1 --since-days 30 --limit 300
Scanned 226 predictions, scored 226, skipped 0 (missing required settlement inputs).
COMMAND: C:\Python313\python.exe C:\Developer\soccer\footy-model\src\modeling\evaluation\score_market_outcomes_fixtures_first.py --league MX1 --since-days 30 --limit 300
Scanned 255 predictions, scored 255, skipped 0 (missing required settlement inputs).
COMMAND: C:\Python313\python.exe C:\Developer\soccer\footy-model\src\modeling\evaluation\score_market_outcomes_fixtures_first.py --league PL1 --since-days 30 --limit 300
Scanned 207 predictions, scored 207, skipped 0 (missing required settlement inputs).
COMMAND: C:\Python313\python.exe C:\Developer\soccer\footy-model\src\modeling\evaluation\score_market_outcomes_fixtures_first.py --league RO1 --since-days 30 --limit 300
Scanned 195 predictions, scored 195, skipped 0 (missing required settlement inputs).
COMMAND: C:\Python313\python.exe C:\Developer\soccer\footy-model\src\modeling\evaluation\score_market_outcomes_fixtures_first.py --league RU1 --since-days 30 --limit 300
No eligible unscored predictions found.
COMMAND: C:\Python313\python.exe C:\Developer\soccer\footy-model\src\modeling\evaluation\score_market_outcomes_fixtures_first.py --league CH1 --since-days 30 --limit 300
Scanned 230 predictions, scored 230, skipped 0 (missing required settlement inputs).
COMMAND: C:\Python313\python.exe C:\Developer\soccer\footy-model\src\modeling\evaluation\score_market_outcomes_fixtures_first.py --league CH2 --since-days 30 --limit 300
Scanned 209 predictions, scored 209, skipped 0 (missing required settlement inputs).
COMMAND: C:\Python313\python.exe C:\Developer\soccer\footy-model\src\modeling\evaluation\score_market_outcomes_fixtures_first.py --league CL --since-days 30 --limit 300
Scanned 112 predictions, scored 112, skipped 0 (missing required settlement inputs).
COMMAND: C:\Python313\python.exe C:\Developer\soccer\footy-model\src\modeling\evaluation\score_market_outcomes_fixtures_first.py --league EL --since-days 30 --limit 300
Scanned 109 predictions, scored 109, skipped 0 (missing required settlement inputs).
COMMAND: C:\Python313\python.exe C:\Developer\soccer\footy-model\src\modeling\evaluation\score_market_outcomes_fixtures_first.py --league ECL --since-days 30 --limit 300
Scanned 107 predictions, scored 107, skipped 0 (missing required settlement inputs).
[2026-03-11T11:15:48+00:00] Score scheduler end rc=0.
[2026-03-11T12:15:06+00:00] Score scheduler start.
Log file: artifacts/logs/score_scheduler.log
Log file: artifacts\logs\score_scheduler.log
Skipping settle phase (--skip-settle).
Skipping predict phase (--skip-predict).
COMMAND: C:\Python313\python.exe C:\Developer\soccer\footy-model\src\modeling\evaluation\score_market_outcomes_fixtures_first.py --league E0 --since-days 30 --limit 300
Scanned 223 predictions, scored 223, skipped 0 (missing required settlement inputs).
COMMAND: C:\Python313\python.exe C:\Developer\soccer\footy-model\src\modeling\evaluation\score_market_outcomes_fixtures_first.py --league E1 --since-days 30 --limit 300
Scanned 300 predictions, scored 300, skipped 0 (missing required settlement inputs).
COMMAND: C:\Python313\python.exe C:\Developer\soccer\footy-model\src\modeling\evaluation\score_market_outcomes_fixtures_first.py --league E2 --since-days 30 --limit 300
Scanned 300 predictions, scored 300, skipped 0 (missing required settlement inputs).
COMMAND: C:\Python313\python.exe C:\Developer\soccer\footy-model\src\modeling\evaluation\score_market_outcomes_fixtures_first.py --league E3 --since-days 30 --limit 300
Scanned 300 predictions, scored 300, skipped 0 (missing required settlement inputs).
COMMAND: C:\Python313\python.exe C:\Developer\soccer\footy-model\src\modeling\evaluation\score_market_outcomes_fixtures_first.py --league EC --since-days 30 --limit 300
Scanned 300 predictions, scored 300, skipped 0 (missing required settlement inputs).
COMMAND: C:\Python313\python.exe C:\Developer\soccer\footy-model\src\modeling\evaluation\score_market_outcomes_fixtures_first.py --league SC0 --since-days 30 --limit 300
Scanned 191 predictions, scored 191, skipped 0 (missing required settlement inputs).
COMMAND: C:\Python313\python.exe C:\Developer\soccer\footy-model\src\modeling\evaluation\score_market_outcomes_fixtures_first.py --league SC1 --since-days 30 --limit 300
Scanned 135 predictions, scored 135, skipped 0 (missing required settlement inputs).
COMMAND: C:\Python313\python.exe C:\Developer\soccer\footy-model\src\modeling\evaluation\score_market_outcomes_fixtures_first.py --league SC2 --since-days 30 --limit 300
Scanned 114 predictions, scored 114, skipped 0 (missing required settlement inputs).
COMMAND: C:\Python313\python.exe C:\Developer\soccer\footy-model\src\modeling\evaluation\score_market_outcomes_fixtures_first.py --league SC3 --since-days 30 --limit 300
Scanned 117 predictions, scored 117, skipped 0 (missing required settlement inputs).
COMMAND: C:\Python313\python.exe C:\Developer\soccer\footy-model\src\modeling\evaluation\score_market_outcomes_fixtures_first.py --league D1 --since-days 30 --limit 300
Scanned 239 predictions, scored 239, skipped 0 (missing required settlement inputs).
COMMAND: C:\Python313\python.exe C:\Developer\soccer\footy-model\src\modeling\evaluation\score_market_outcomes_fixtures_first.py --league D2 --since-days 30 --limit 300
Scanned 208 predictions, scored 208, skipped 0 (missing required settlement inputs).
COMMAND: C:\Python313\python.exe C:\Developer\soccer\footy-model\src\modeling\evaluation\score_market_outcomes_fixtures_first.py --league I1 --since-days 30 --limit 300
Scanned 250 predictions, scored 250, skipped 0 (missing required settlement inputs).
COMMAND: C:\Python313\python.exe C:\Developer\soccer\footy-model\src\modeling\evaluation\score_market_outcomes_fixtures_first.py --league I2 --since-days 30 --limit 300
Scanned 300 predictions, scored 300, skipped 0 (missing required settlement inputs).
COMMAND: C:\Python313\python.exe C:\Developer\soccer\footy-model\src\modeling\evaluation\score_market_outcomes_fixtures_first.py --league SP1 --since-days 30 --limit 300
Scanned 217 predictions, scored 217, skipped 0 (missing required settlement inputs).
COMMAND: C:\Python313\python.exe C:\Developer\soccer\footy-model\src\modeling\evaluation\score_market_outcomes_fixtures_first.py --league SP2 --since-days 30 --limit 300
Scanned 217 predictions, scored 217, skipped 0 (missing required settlement inputs).
COMMAND: C:\Python313\python.exe C:\Developer\soccer\footy-model\src\modeling\evaluation\score_market_outcomes_fixtures_first.py --league F1 --since-days 30 --limit 300
Scanned 216 predictions, scored 216, skipped 0 (missing required settlement inputs).
COMMAND: C:\Python313\python.exe C:\Developer\soccer\footy-model\src\modeling\evaluation\score_market_outcomes_fixtures_first.py --league F2 --since-days 30 --limit 300
Scanned 204 predictions, scored 204, skipped 0 (missing required settlement inputs).
COMMAND: C:\Python313\python.exe C:\Developer\soccer\footy-model\src\modeling\evaluation\score_market_outcomes_fixtures_first.py --league N1 --since-days 30 --limit 300
Scanned 222 predictions, scored 222, skipped 0 (missing required settlement inputs).
COMMAND: C:\Python313\python.exe C:\Developer\soccer\footy-model\src\modeling\evaluation\score_market_outcomes_fixtures_first.py --league B1 --since-days 30 --limit 300
Scanned 191 predictions, scored 191, skipped 0 (missing required settlement inputs).
COMMAND: C:\Python313\python.exe C:\Developer\soccer\footy-model\src\modeling\evaluation\score_market_outcomes_fixtures_first.py --league P1 --since-days 30 --limit 300
Scanned 226 predictions, scored 226, skipped 0 (missing required settlement inputs).
COMMAND: C:\Python313\python.exe C:\Developer\soccer\footy-model\src\modeling\evaluation\score_market_outcomes_fixtures_first.py --league T1 --since-days 30 --limit 300
Scanned 172 predictions, scored 172, skipped 0 (missing required settlement inputs).
COMMAND: C:\Python313\python.exe C:\Developer\soccer\footy-model\src\modeling\evaluation\score_market_outcomes_fixtures_first.py --league G1 --since-days 30 --limit 300
Scanned 189 predictions, scored 189, skipped 0 (missing required settlement inputs).
COMMAND: C:\Python313\python.exe C:\Developer\soccer\footy-model\src\modeling\evaluation\score_market_outcomes_fixtures_first.py --league AT1 --since-days 30 --limit 300
Scanned 138 predictions, scored 138, skipped 0 (missing required settlement inputs).
COMMAND: C:\Python313\python.exe C:\Developer\soccer\footy-model\src\modeling\evaluation\score_market_outcomes_fixtures_first.py --league BR1 --since-days 30 --limit 300
Scanned 117 predictions, scored 117, skipped 0 (missing required settlement inputs).
COMMAND: C:\Python313\python.exe C:\Developer\soccer\footy-model\src\modeling\evaluation\score_market_outcomes_fixtures_first.py --league DK1 --since-days 30 --limit 300
Scanned 110 predictions, scored 110, skipped 0 (missing required settlement inputs).
COMMAND: C:\Python313\python.exe C:\Developer\soccer\footy-model\src\modeling\evaluation\score_market_outcomes_fixtures_first.py --league IE1 --since-days 30 --limit 300
Scanned 116 predictions, scored 116, skipped 0 (missing required settlement inputs).
COMMAND: C:\Python313\python.exe C:\Developer\soccer\footy-model\src\modeling\evaluation\score_market_outcomes_fixtures_first.py --league JP1 --since-days 30 --limit 300
Scanned 226 predictions, scored 226, skipped 0 (missing required settlement inputs).
COMMAND: C:\Python313\python.exe C:\Developer\soccer\footy-model\src\modeling\evaluation\score_market_outcomes_fixtures_first.py --league MX1 --since-days 30 --limit 300
Scanned 255 predictions, scored 255, skipped 0 (missing required settlement inputs).
COMMAND: C:\Python313\python.exe C:\Developer\soccer\footy-model\src\modeling\evaluation\score_market_outcomes_fixtures_first.py --league PL1 --since-days 30 --limit 300
Scanned 207 predictions, scored 207, skipped 0 (missing required settlement inputs).
COMMAND: C:\Python313\python.exe C:\Developer\soccer\footy-model\src\modeling\evaluation\score_market_outcomes_fixtures_first.py --league RO1 --since-days 30 --limit 300
Scanned 195 predictions, scored 195, skipped 0 (missing required settlement inputs).
COMMAND: C:\Python313\python.exe C:\Developer\soccer\footy-model\src\modeling\evaluation\score_market_outcomes_fixtures_first.py --league RU1 --since-days 30 --limit 300
No eligible unscored predictions found.
COMMAND: C:\Python313\python.exe C:\Developer\soccer\footy-model\src\modeling\evaluation\score_market_outcomes_fixtures_first.py --league CH1 --since-days 30 --limit 300
Scanned 230 predictions, scored 230, skipped 0 (missing required settlement inputs).
COMMAND: C:\Python313\python.exe C:\Developer\soccer\footy-model\src\modeling\evaluation\score_market_outcomes_fixtures_first.py --league CH2 --since-days 30 --limit 300
Scanned 209 predictions, scored 209, skipped 0 (missing required settlement inputs).
COMMAND: C:\Python313\python.exe C:\Developer\soccer\footy-model\src\modeling\evaluation\score_market_outcomes_fixtures_first.py --league CL --since-days 30 --limit 300
Scanned 112 predictions, scored 112, skipped 0 (missing required settlement inputs).
COMMAND: C:\Python313\python.exe C:\Developer\soccer\footy-model\src\modeling\evaluation\score_market_outcomes_fixtures_first.py --league EL --since-days 30 --limit 300
Scanned 109 predictions, scored 109, skipped 0 (missing required settlement inputs).
COMMAND: C:\Python313\python.exe C:\Developer\soccer\footy-model\src\modeling\evaluation\score_market_outcomes_fixtures_first.py --league ECL --since-days 30 --limit 300
Scanned 107 predictions, scored 107, skipped 0 (missing required settlement inputs).
[2026-03-11T12:17:13+00:00] Score scheduler end rc=0.
[2026-03-11T13:15:05+00:00] Score scheduler start.
Log file: artifacts/logs/score_scheduler.log
Log file: artifacts\logs\score_scheduler.log
Skipping settle phase (--skip-settle).
Skipping predict phase (--skip-predict).
COMMAND: C:\Python313\python.exe C:\Developer\soccer\footy-model\src\modeling\evaluation\score_market_outcomes_fixtures_first.py --league E0 --since-days 30 --limit 300
Scanned 223 predictions, scored 223, skipped 0 (missing required settlement inputs).
COMMAND: C:\Python313\python.exe C:\Developer\soccer\footy-model\src\modeling\evaluation\score_market_outcomes_fixtures_first.py --league E1 --since-days 30 --limit 300
Scanned 300 predictions, scored 300, skipped 0 (missing required settlement inputs).
COMMAND: C:\Python313\python.exe C:\Developer\soccer\footy-model\src\modeling\evaluation\score_market_outcomes_fixtures_first.py --league E2 --since-days 30 --limit 300
Scanned 300 predictions, scored 300, skipped 0 (missing required settlement inputs).
COMMAND: C:\Python313\python.exe C:\Developer\soccer\footy-model\src\modeling\evaluation\score_market_outcomes_fixtures_first.py --league E3 --since-days 30 --limit 300
Scanned 300 predictions, scored 300, skipped 0 (missing required settlement inputs).
COMMAND: C:\Python313\python.exe C:\Developer\soccer\footy-model\src\modeling\evaluation\score_market_outcomes_fixtures_first.py --league EC --since-days 30 --limit 300
Scanned 300 predictions, scored 300, skipped 0 (missing required settlement inputs).
COMMAND: C:\Python313\python.exe C:\Developer\soccer\footy-model\src\modeling\evaluation\score_market_outcomes_fixtures_first.py --league SC0 --since-days 30 --limit 300
Scanned 191 predictions, scored 191, skipped 0 (missing required settlement inputs).
COMMAND: C:\Python313\python.exe C:\Developer\soccer\footy-model\src\modeling\evaluation\score_market_outcomes_fixtures_first.py --league SC1 --since-days 30 --limit 300
Scanned 135 predictions, scored 135, skipped 0 (missing required settlement inputs).
COMMAND: C:\Python313\python.exe C:\Developer\soccer\footy-model\src\modeling\evaluation\score_market_outcomes_fixtures_first.py --league SC2 --since-days 30 --limit 300
Scanned 114 predictions, scored 114, skipped 0 (missing required settlement inputs).
COMMAND: C:\Python313\python.exe C:\Developer\soccer\footy-model\src\modeling\evaluation\score_market_outcomes_fixtures_first.py --league SC3 --since-days 30 --limit 300
Scanned 117 predictions, scored 117, skipped 0 (missing required settlement inputs).
COMMAND: C:\Python313\python.exe C:\Developer\soccer\footy-model\src\modeling\evaluation\score_market_outcomes_fixtures_first.py --league D1 --since-days 30 --limit 300
Scanned 239 predictions, scored 239, skipped 0 (missing required settlement inputs).
COMMAND: C:\Python313\python.exe C:\Developer\soccer\footy-model\src\modeling\evaluation\score_market_outcomes_fixtures_first.py --league D2 --since-days 30 --limit 300
Scanned 208 predictions, scored 208, skipped 0 (missing required settlement inputs).
COMMAND: C:\Python313\python.exe C:\Developer\soccer\footy-model\src\modeling\evaluation\score_market_outcomes_fixtures_first.py --league I1 --since-days 30 --limit 300
Scanned 250 predictions, scored 250, skipped 0 (missing required settlement inputs).
COMMAND: C:\Python313\python.exe C:\Developer\soccer\footy-model\src\modeling\evaluation\score_market_outcomes_fixtures_first.py --league I2 --since-days 30 --limit 300
Scanned 300 predictions, scored 300, skipped 0 (missing required settlement inputs).
COMMAND: C:\Python313\python.exe C:\Developer\soccer\footy-model\src\modeling\evaluation\score_market_outcomes_fixtures_first.py --league SP1 --since-days 30 --limit 300
Scanned 217 predictions, scored 217, skipped 0 (missing required settlement inputs).
COMMAND: C:\Python313\python.exe C:\Developer\soccer\footy-model\src\modeling\evaluation\score_market_outcomes_fixtures_first.py --league SP2 --since-days 30 --limit 300
Scanned 217 predictions, scored 217, skipped 0 (missing required settlement inputs).
COMMAND: C:\Python313\python.exe C:\Developer\soccer\footy-model\src\modeling\evaluation\score_market_outcomes_fixtures_first.py --league F1 --since-days 30 --limit 300
Scanned 216 predictions, scored 216, skipped 0 (missing required settlement inputs).
COMMAND: C:\Python313\python.exe C:\Developer\soccer\footy-model\src\modeling\evaluation\score_market_outcomes_fixtures_first.py --league F2 --since-days 30 --limit 300
Scanned 204 predictions, scored 204, skipped 0 (missing required settlement inputs).
COMMAND: C:\Python313\python.exe C:\Developer\soccer\footy-model\src\modeling\evaluation\score_market_outcomes_fixtures_first.py --league N1 --since-days 30 --limit 300
Scanned 222 predictions, scored 222, skipped 0 (missing required settlement inputs).
COMMAND: C:\Python313\python.exe C:\Developer\soccer\footy-model\src\modeling\evaluation\score_market_outcomes_fixtures_first.py --league B1 --since-days 30 --limit 300
Scanned 191 predictions, scored 191, skipped 0 (missing required settlement inputs).
COMMAND: C:\Python313\python.exe C:\Developer\soccer\footy-model\src\modeling\evaluation\score_market_outcomes_fixtures_first.py --league P1 --since-days 30 --limit 300
Scanned 226 predictions, scored 226, skipped 0 (missing required settlement inputs).
COMMAND: C:\Python313\python.exe C:\Developer\soccer\footy-model\src\modeling\evaluation\score_market_outcomes_fixtures_first.py --league T1 --since-days 30 --limit 300
Scanned 172 predictions, scored 172, skipped 0 (missing required settlement inputs).
COMMAND: C:\Python313\python.exe C:\Developer\soccer\footy-model\src\modeling\evaluation\score_market_outcomes_fixtures_first.py --league G1 --since-days 30 --limit 300
Scanned 189 predictions, scored 189, skipped 0 (missing required settlement inputs).
COMMAND: C:\Python313\python.exe C:\Developer\soccer\footy-model\src\modeling\evaluation\score_market_outcomes_fixtures_first.py --league AT1 --since-days 30 --limit 300
Scanned 138 predictions, scored 138, skipped 0 (missing required settlement inputs).
COMMAND: C:\Python313\python.exe C:\Developer\soccer\footy-model\src\modeling\evaluation\score_market_outcomes_fixtures_first.py --league BR1 --since-days 30 --limit 300
Scanned 117 predictions, scored 117, skipped 0 (missing required settlement inputs).
COMMAND: C:\Python313\python.exe C:\Developer\soccer\footy-model\src\modeling\evaluation\score_market_outcomes_fixtures_first.py --league DK1 --since-days 30 --limit 300
Scanned 110 predictions, scored 110, skipped 0 (missing required settlement inputs).
COMMAND: C:\Python313\python.exe C:\Developer\soccer\footy-model\src\modeling\evaluation\score_market_outcomes_fixtures_first.py --league IE1 --since-days 30 --limit 300
Scanned 116 predictions, scored 116, skipped 0 (missing required settlement inputs).
COMMAND: C:\Python313\python.exe C:\Developer\soccer\footy-model\src\modeling\evaluation\score_market_outcomes_fixtures_first.py --league JP1 --since-days 30 --limit 300
Scanned 226 predictions, scored 226, skipped 0 (missing required settlement inputs).
COMMAND: C:\Python313\python.exe C:\Developer\soccer\footy-model\src\modeling\evaluation\score_market_outcomes_fixtures_first.py --league MX1 --since-days 30 --limit 300
Scanned 255 predictions, scored 255, skipped 0 (missing required settlement inputs).
COMMAND: C:\Python313\python.exe C:\Developer\soccer\footy-model\src\modeling\evaluation\score_market_outcomes_fixtures_first.py --league PL1 --since-days 30 --limit 300
Scanned 207 predictions, scored 207, skipped 0 (missing required settlement inputs).
COMMAND: C:\Python313\python.exe C:\Developer\soccer\footy-model\src\modeling\evaluation\score_market_outcomes_fixtures_first.py --league RO1 --since-days 30 --limit 300
Scanned 195 predictions, scored 195, skipped 0 (missing required settlement inputs).
COMMAND: C:\Python313\python.exe C:\Developer\soccer\footy-model\src\modeling\evaluation\score_market_outcomes_fixtures_first.py --league RU1 --since-days 30 --limit 300
No eligible unscored predictions found.
COMMAND: C:\Python313\python.exe C:\Developer\soccer\footy-model\src\modeling\evaluation\score_market_outcomes_fixtures_first.py --league CH1 --since-days 30 --limit 300
Scanned 230 predictions, scored 230, skipped 0 (missing required settlement inputs).
COMMAND: C:\Python313\python.exe C:\Developer\soccer\footy-model\src\modeling\evaluation\score_market_outcomes_fixtures_first.py --league CH2 --since-days 30 --limit 300
Scanned 209 predictions, scored 209, skipped 0 (missing required settlement inputs).
COMMAND: C:\Python313\python.exe C:\Developer\soccer\footy-model\src\modeling\evaluation\score_market_outcomes_fixtures_first.py --league CL --since-days 30 --limit 300
Scanned 112 predictions, scored 112, skipped 0 (missing required settlement inputs).
COMMAND: C:\Python313\python.exe C:\Developer\soccer\footy-model\src\modeling\evaluation\score_market_outcomes_fixtures_first.py --league EL --since-days 30 --limit 300
Scanned 109 predictions, scored 109, skipped 0 (missing required settlement inputs).
COMMAND: C:\Python313\python.exe C:\Developer\soccer\footy-model\src\modeling\evaluation\score_market_outcomes_fixtures_first.py --league ECL --since-days 30 --limit 300
Scanned 107 predictions, scored 107, skipped 0 (missing required settlement inputs).
[2026-03-11T13:15:37+00:00] Score scheduler end rc=0.
[2026-03-11T14:15:06+00:00] Score scheduler start.
Log file: artifacts/logs/score_scheduler.log
Log file: artifacts\logs\score_scheduler.log
Skipping settle phase (--skip-settle).
Skipping predict phase (--skip-predict).
COMMAND: C:\Python313\python.exe C:\Developer\soccer\footy-model\src\modeling\evaluation\score_market_outcomes_fixtures_first.py --league E0 --since-days 30 --limit 300
Scanned 223 predictions, scored 223, skipped 0 (missing required settlement inputs).
COMMAND: C:\Python313\python.exe C:\Developer\soccer\footy-model\src\modeling\evaluation\score_market_outcomes_fixtures_first.py --league E1 --since-days 30 --limit 300
Scanned 300 predictions, scored 300, skipped 0 (missing required settlement inputs).
COMMAND: C:\Python313\python.exe C:\Developer\soccer\footy-model\src\modeling\evaluation\score_market_outcomes_fixtures_first.py --league E2 --since-days 30 --limit 300
Scanned 300 predictions, scored 300, skipped 0 (missing required settlement inputs).
COMMAND: C:\Python313\python.exe C:\Developer\soccer\footy-model\src\modeling\evaluation\score_market_outcomes_fixtures_first.py --league E3 --since-days 30 --limit 300
Scanned 300 predictions, scored 300, skipped 0 (missing required settlement inputs).
COMMAND: C:\Python313\python.exe C:\Developer\soccer\footy-model\src\modeling\evaluation\score_market_outcomes_fixtures_first.py --league EC --since-days 30 --limit 300
Scanned 300 predictions, scored 300, skipped 0 (missing required settlement inputs).
COMMAND: C:\Python313\python.exe C:\Developer\soccer\footy-model\src\modeling\evaluation\score_market_outcomes_fixtures_first.py --league SC0 --since-days 30 --limit 300
Scanned 191 predictions, scored 191, skipped 0 (missing required settlement inputs).
COMMAND: C:\Python313\python.exe C:\Developer\soccer\footy-model\src\modeling\evaluation\score_market_outcomes_fixtures_first.py --league SC1 --since-days 30 --limit 300
Scanned 135 predictions, scored 135, skipped 0 (missing required settlement inputs).
COMMAND: C:\Python313\python.exe C:\Developer\soccer\footy-model\src\modeling\evaluation\score_market_outcomes_fixtures_first.py --league SC2 --since-days 30 --limit 300
Scanned 114 predictions, scored 114, skipped 0 (missing required settlement inputs).
COMMAND: C:\Python313\python.exe C:\Developer\soccer\footy-model\src\modeling\evaluation\score_market_outcomes_fixtures_first.py --league SC3 --since-days 30 --limit 300
Scanned 117 predictions, scored 117, skipped 0 (missing required settlement inputs).
COMMAND: C:\Python313\python.exe C:\Developer\soccer\footy-model\src\modeling\evaluation\score_market_outcomes_fixtures_first.py --league D1 --since-days 30 --limit 300
Scanned 239 predictions, scored 239, skipped 0 (missing required settlement inputs).
COMMAND: C:\Python313\python.exe C:\Developer\soccer\footy-model\src\modeling\evaluation\score_market_outcomes_fixtures_first.py --league D2 --since-days 30 --limit 300
Scanned 208 predictions, scored 208, skipped 0 (missing required settlement inputs).
COMMAND: C:\Python313\python.exe C:\Developer\soccer\footy-model\src\modeling\evaluation\score_market_outcomes_fixtures_first.py --league I1 --since-days 30 --limit 300
Scanned 250 predictions, scored 250, skipped 0 (missing required settlement inputs).
COMMAND: C:\Python313\python.exe C:\Developer\soccer\footy-model\src\modeling\evaluation\score_market_outcomes_fixtures_first.py --league I2 --since-days 30 --limit 300
Scanned 300 predictions, scored 300, skipped 0 (missing required settlement inputs).
COMMAND: C:\Python313\python.exe C:\Developer\soccer\footy-model\src\modeling\evaluation\score_market_outcomes_fixtures_first.py --league SP1 --since-days 30 --limit 300
Scanned 217 predictions, scored 217, skipped 0 (missing required settlement inputs).
COMMAND: C:\Python313\python.exe C:\Developer\soccer\footy-model\src\modeling\evaluation\score_market_outcomes_fixtures_first.py --league SP2 --since-days 30 --limit 300
Scanned 217 predictions, scored 217, skipped 0 (missing required settlement inputs).
COMMAND: C:\Python313\python.exe C:\Developer\soccer\footy-model\src\modeling\evaluation\score_market_outcomes_fixtures_first.py --league F1 --since-days 30 --limit 300
Scanned 216 predictions, scored 216, skipped 0 (missing required settlement inputs).
COMMAND: C:\Python313\python.exe C:\Developer\soccer\footy-model\src\modeling\evaluation\score_market_outcomes_fixtures_first.py --league F2 --since-days 30 --limit 300
Scanned 204 predictions, scored 204, skipped 0 (missing required settlement inputs).
COMMAND: C:\Python313\python.exe C:\Developer\soccer\footy-model\src\modeling\evaluation\score_market_outcomes_fixtures_first.py --league N1 --since-days 30 --limit 300
Scanned 222 predictions, scored 222, skipped 0 (missing required settlement inputs).
COMMAND: C:\Python313\python.exe C:\Developer\soccer\footy-model\src\modeling\evaluation\score_market_outcomes_fixtures_first.py --league B1 --since-days 30 --limit 300
Scanned 191 predictions, scored 191, skipped 0 (missing required settlement inputs).
COMMAND: C:\Python313\python.exe C:\Developer\soccer\footy-model\src\modeling\evaluation\score_market_outcomes_fixtures_first.py --league P1 --since-days 30 --limit 300
Scanned 226 predictions, scored 226, skipped 0 (missing required settlement inputs).
COMMAND: C:\Python313\python.exe C:\Developer\soccer\footy-model\src\modeling\evaluation\score_market_outcomes_fixtures_first.py --league T1 --since-days 30 --limit 300
Scanned 159 predictions, scored 159, skipped 0 (missing required settlement inputs).
COMMAND: C:\Python313\python.exe C:\Developer\soccer\footy-model\src\modeling\evaluation\score_market_outcomes_fixtures_first.py --league G1 --since-days 30 --limit 300
Scanned 189 predictions, scored 189, skipped 0 (missing required settlement inputs).
COMMAND: C:\Python313\python.exe C:\Developer\soccer\footy-model\src\modeling\evaluation\score_market_outcomes_fixtures_first.py --league AT1 --since-days 30 --limit 300
Scanned 138 predictions, scored 138, skipped 0 (missing required settlement inputs).
COMMAND: C:\Python313\python.exe C:\Developer\soccer\footy-model\src\modeling\evaluation\score_market_outcomes_fixtures_first.py --league BR1 --since-days 30 --limit 300
Scanned 117 predictions, scored 117, skipped 0 (missing required settlement inputs).
COMMAND: C:\Python313\python.exe C:\Developer\soccer\footy-model\src\modeling\evaluation\score_market_outcomes_fixtures_first.py --league DK1 --since-days 30 --limit 300
Scanned 110 predictions, scored 110, skipped 0 (missing required settlement inputs).
COMMAND: C:\Python313\python.exe C:\Developer\soccer\footy-model\src\modeling\evaluation\score_market_outcomes_fixtures_first.py --league IE1 --since-days 30 --limit 300
Scanned 116 predictions, scored 116, skipped 0 (missing required settlement inputs).
COMMAND: C:\Python313\python.exe C:\Developer\soccer\footy-model\src\modeling\evaluation\score_market_outcomes_fixtures_first.py --league JP1 --since-days 30 --limit 300
Scanned 226 predictions, scored 226, skipped 0 (missing required settlement inputs).
COMMAND: C:\Python313\python.exe C:\Developer\soccer\footy-model\src\modeling\evaluation\score_market_outcomes_fixtures_first.py --league MX1 --since-days 30 --limit 300
Scanned 255 predictions, scored 255, skipped 0 (missing required settlement inputs).
COMMAND: C:\Python313\python.exe C:\Developer\soccer\footy-model\src\modeling\evaluation\score_market_outcomes_fixtures_first.py --league PL1 --since-days 30 --limit 300
Scanned 207 predictions, scored 207, skipped 0 (missing required settlement inputs).
COMMAND: C:\Python313\python.exe C:\Developer\soccer\footy-model\src\modeling\evaluation\score_market_outcomes_fixtures_first.py --league RO1 --since-days 30 --limit 300
Scanned 195 predictions, scored 195, skipped 0 (missing required settlement inputs).
COMMAND: C:\Python313\python.exe C:\Developer\soccer\footy-model\src\modeling\evaluation\score_market_outcomes_fixtures_first.py --league RU1 --since-days 30 --limit 300
No eligible unscored predictions found.
COMMAND: C:\Python313\python.exe C:\Developer\soccer\footy-model\src\modeling\evaluation\score_market_outcomes_fixtures_first.py --league CH1 --since-days 30 --limit 300
Scanned 230 predictions, scored 230, skipped 0 (missing required settlement inputs).
COMMAND: C:\Python313\python.exe C:\Developer\soccer\footy-model\src\modeling\evaluation\score_market_outcomes_fixtures_first.py --league CH2 --since-days 30 --limit 300
Scanned 209 predictions, scored 209, skipped 0 (missing required settlement inputs).
COMMAND: C:\Python313\python.exe C:\Developer\soccer\footy-model\src\modeling\evaluation\score_market_outcomes_fixtures_first.py --league CL --since-days 30 --limit 300
Scanned 112 predictions, scored 112, skipped 0 (missing required settlement inputs).
COMMAND: C:\Python313\python.exe C:\Developer\soccer\footy-model\src\modeling\evaluation\score_market_outcomes_fixtures_first.py --league EL --since-days 30 --limit 300
Scanned 109 predictions, scored 109, skipped 0 (missing required settlement inputs).
COMMAND: C:\Python313\python.exe C:\Developer\soccer\footy-model\src\modeling\evaluation\score_market_outcomes_fixtures_first.py --league ECL --since-days 30 --limit 300
Scanned 107 predictions, scored 107, skipped 0 (missing required settlement inputs).
[2026-03-11T14:15:37+00:00] Score scheduler end rc=0.
[2026-03-11T17:15:08+00:00] Score scheduler start.
Log file: artifacts/logs/score_scheduler.log
Log file: artifacts\logs\score_scheduler.log
Skipping settle phase (--skip-settle).
Skipping predict phase (--skip-predict).
COMMAND: C:\Python313\python.exe C:\Developer\soccer\footy-model\src\modeling\evaluation\score_market_outcomes_fixtures_first.py --league E0 --since-days 30 --limit 300
Scanned 223 predictions, scored 223, skipped 0 (missing required settlement inputs).
COMMAND: C:\Python313\python.exe C:\Developer\soccer\footy-model\src\modeling\evaluation\score_market_outcomes_fixtures_first.py --league E1 --since-days 30 --limit 300
Scanned 300 predictions, scored 300, skipped 0 (missing required settlement inputs).
COMMAND: C:\Python313\python.exe C:\Developer\soccer\footy-model\src\modeling\evaluation\score_market_outcomes_fixtures_first.py --league E2 --since-days 30 --limit 300
Scanned 300 predictions, scored 300, skipped 0 (missing required settlement inputs).
COMMAND: C:\Python313\python.exe C:\Developer\soccer\footy-model\src\modeling\evaluation\score_market_outcomes_fixtures_first.py --league E3 --since-days 30 --limit 300
Scanned 300 predictions, scored 300, skipped 0 (missing required settlement inputs).
COMMAND: C:\Python313\python.exe C:\Developer\soccer\footy-model\src\modeling\evaluation\score_market_outcomes_fixtures_first.py --league EC --since-days 30 --limit 300
Scanned 300 predictions, scored 300, skipped 0 (missing required settlement inputs).
COMMAND: C:\Python313\python.exe C:\Developer\soccer\footy-model\src\modeling\evaluation\score_market_outcomes_fixtures_first.py --league SC0 --since-days 30 --limit 300
Scanned 191 predictions, scored 191, skipped 0 (missing required settlement inputs).
COMMAND: C:\Python313\python.exe C:\Developer\soccer\footy-model\src\modeling\evaluation\score_market_outcomes_fixtures_first.py --league SC1 --since-days 30 --limit 300
Scanned 135 predictions, scored 135, skipped 0 (missing required settlement inputs).
COMMAND: C:\Python313\python.exe C:\Developer\soccer\footy-model\src\modeling\evaluation\score_market_outcomes_fixtures_first.py --league SC2 --since-days 30 --limit 300
Scanned 114 predictions, scored 114, skipped 0 (missing required settlement inputs).
COMMAND: C:\Python313\python.exe C:\Developer\soccer\footy-model\src\modeling\evaluation\score_market_outcomes_fixtures_first.py --league SC3 --since-days 30 --limit 300
Scanned 117 predictions, scored 117, skipped 0 (missing required settlement inputs).
COMMAND: C:\Python313\python.exe C:\Developer\soccer\footy-model\src\modeling\evaluation\score_market_outcomes_fixtures_first.py --league D1 --since-days 30 --limit 300
Scanned 239 predictions, scored 239, skipped 0 (missing required settlement inputs).
COMMAND: C:\Python313\python.exe C:\Developer\soccer\footy-model\src\modeling\evaluation\score_market_outcomes_fixtures_first.py --league D2 --since-days 30 --limit 300
Scanned 208 predictions, scored 208, skipped 0 (missing required settlement inputs).
COMMAND: C:\Python313\python.exe C:\Developer\soccer\footy-model\src\modeling\evaluation\score_market_outcomes_fixtures_first.py --league I1 --since-days 30 --limit 300
Scanned 243 predictions, scored 243, skipped 0 (missing required settlement inputs).
COMMAND: C:\Python313\python.exe C:\Developer\soccer\footy-model\src\modeling\evaluation\score_market_outcomes_fixtures_first.py --league I2 --since-days 30 --limit 300
Scanned 300 predictions, scored 300, skipped 0 (missing required settlement inputs).
COMMAND: C:\Python313\python.exe C:\Developer\soccer\footy-model\src\modeling\evaluation\score_market_outcomes_fixtures_first.py --league SP1 --since-days 30 --limit 300
Scanned 217 predictions, scored 217, skipped 0 (missing required settlement inputs).
COMMAND: C:\Python313\python.exe C:\Developer\soccer\footy-model\src\modeling\evaluation\score_market_outcomes_fixtures_first.py --league SP2 --since-days 30 --limit 300
Scanned 217 predictions, scored 217, skipped 0 (missing required settlement inputs).
COMMAND: C:\Python313\python.exe C:\Developer\soccer\footy-model\src\modeling\evaluation\score_market_outcomes_fixtures_first.py --league F1 --since-days 30 --limit 300
Scanned 216 predictions, scored 216, skipped 0 (missing required settlement inputs).
COMMAND: C:\Python313\python.exe C:\Developer\soccer\footy-model\src\modeling\evaluation\score_market_outcomes_fixtures_first.py --league F2 --since-days 30 --limit 300
Scanned 204 predictions, scored 204, skipped 0 (missing required settlement inputs).
COMMAND: C:\Python313\python.exe C:\Developer\soccer\footy-model\src\modeling\evaluation\score_market_outcomes_fixtures_first.py --league N1 --since-days 30 --limit 300
Scanned 222 predictions, scored 222, skipped 0 (missing required settlement inputs).
COMMAND: C:\Python313\python.exe C:\Developer\soccer\footy-model\src\modeling\evaluation\score_market_outcomes_fixtures_first.py --league B1 --since-days 30 --limit 300
Scanned 191 predictions, scored 191, skipped 0 (missing required settlement inputs).
COMMAND: C:\Python313\python.exe C:\Developer\soccer\footy-model\src\modeling\evaluation\score_market_outcomes_fixtures_first.py --league P1 --since-days 30 --limit 300
Scanned 226 predictions, scored 226, skipped 0 (missing required settlement inputs).
COMMAND: C:\Python313\python.exe C:\Developer\soccer\footy-model\src\modeling\evaluation\score_market_outcomes_fixtures_first.py --league T1 --since-days 30 --limit 300
Scanned 159 predictions, scored 159, skipped 0 (missing required settlement inputs).
COMMAND: C:\Python313\python.exe C:\Developer\soccer\footy-model\src\modeling\evaluation\score_market_outcomes_fixtures_first.py --league G1 --since-days 30 --limit 300
Scanned 189 predictions, scored 189, skipped 0 (missing required settlement inputs).
COMMAND: C:\Python313\python.exe C:\Developer\soccer\footy-model\src\modeling\evaluation\score_market_outcomes_fixtures_first.py --league AT1 --since-days 30 --limit 300
Scanned 138 predictions, scored 138, skipped 0 (missing required settlement inputs).
COMMAND: C:\Python313\python.exe C:\Developer\soccer\footy-model\src\modeling\evaluation\score_market_outcomes_fixtures_first.py --league BR1 --since-days 30 --limit 300
Scanned 117 predictions, scored 117, skipped 0 (missing required settlement inputs).
COMMAND: C:\Python313\python.exe C:\Developer\soccer\footy-model\src\modeling\evaluation\score_market_outcomes_fixtures_first.py --league DK1 --since-days 30 --limit 300
Scanned 103 predictions, scored 103, skipped 0 (missing required settlement inputs).
COMMAND: C:\Python313\python.exe C:\Developer\soccer\footy-model\src\modeling\evaluation\score_market_outcomes_fixtures_first.py --league IE1 --since-days 30 --limit 300
Scanned 116 predictions, scored 116, skipped 0 (missing required settlement inputs).
COMMAND: C:\Python313\python.exe C:\Developer\soccer\footy-model\src\modeling\evaluation\score_market_outcomes_fixtures_first.py --league JP1 --since-days 30 --limit 300
Scanned 226 predictions, scored 226, skipped 0 (missing required settlement inputs).
COMMAND: C:\Python313\python.exe C:\Developer\soccer\footy-model\src\modeling\evaluation\score_market_outcomes_fixtures_first.py --league MX1 --since-days 30 --limit 300
Scanned 255 predictions, scored 255, skipped 0 (missing required settlement inputs).
COMMAND: C:\Python313\python.exe C:\Developer\soccer\footy-model\src\modeling\evaluation\score_market_outcomes_fixtures_first.py --league PL1 --since-days 30 --limit 300
Scanned 200 predictions, scored 200, skipped 0 (missing required settlement inputs).
COMMAND: C:\Python313\python.exe C:\Developer\soccer\footy-model\src\modeling\evaluation\score_market_outcomes_fixtures_first.py --league RO1 --since-days 30 --limit 300
Scanned 188 predictions, scored 188, skipped 0 (missing required settlement inputs).
COMMAND: C:\Python313\python.exe C:\Developer\soccer\footy-model\src\modeling\evaluation\score_market_outcomes_fixtures_first.py --league RU1 --since-days 30 --limit 300
No eligible unscored predictions found.
COMMAND: C:\Python313\python.exe C:\Developer\soccer\footy-model\src\modeling\evaluation\score_market_outcomes_fixtures_first.py --league CH1 --since-days 30 --limit 300
Scanned 230 predictions, scored 230, skipped 0 (missing required settlement inputs).
COMMAND: C:\Python313\python.exe C:\Developer\soccer\footy-model\src\modeling\evaluation\score_market_outcomes_fixtures_first.py --league CH2 --since-days 30 --limit 300
Scanned 209 predictions, scored 209, skipped 0 (missing required settlement inputs).
COMMAND: C:\Python313\python.exe C:\Developer\soccer\footy-model\src\modeling\evaluation\score_market_outcomes_fixtures_first.py --league CL --since-days 30 --limit 300
Scanned 112 predictions, scored 112, skipped 0 (missing required settlement inputs).
COMMAND: C:\Python313\python.exe C:\Developer\soccer\footy-model\src\modeling\evaluation\score_market_outcomes_fixtures_first.py --league EL --since-days 30 --limit 300
Scanned 109 predictions, scored 109, skipped 0 (missing required settlement inputs).
COMMAND: C:\Python313\python.exe C:\Developer\soccer\footy-model\src\modeling\evaluation\score_market_outcomes_fixtures_first.py --league ECL --since-days 30 --limit 300
Scanned 107 predictions, scored 107, skipped 0 (missing required settlement inputs).
[2026-03-11T17:15:38+00:00] Score scheduler end rc=0.
[2026-03-11T18:15:08+00:00] Score scheduler start.
Log file: artifacts/logs/score_scheduler.log
Log file: artifacts\logs\score_scheduler.log
Skipping settle phase (--skip-settle).
Skipping predict phase (--skip-predict).
COMMAND: C:\Python313\python.exe C:\Developer\soccer\footy-model\src\modeling\evaluation\score_market_outcomes_fixtures_first.py --league E0 --since-days 30 --limit 300
Scanned 289 predictions, scored 289, skipped 0 (missing required settlement inputs).
COMMAND: C:\Python313\python.exe C:\Developer\soccer\footy-model\src\modeling\evaluation\score_market_outcomes_fixtures_first.py --league E1 --since-days 30 --limit 300
Scanned 300 predictions, scored 300, skipped 0 (missing required settlement inputs).
COMMAND: C:\Python313\python.exe C:\Developer\soccer\footy-model\src\modeling\evaluation\score_market_outcomes_fixtures_first.py --league E2 --since-days 30 --limit 300
Scanned 300 predictions, scored 300, skipped 0 (missing required settlement inputs).
COMMAND: C:\Python313\python.exe C:\Developer\soccer\footy-model\src\modeling\evaluation\score_market_outcomes_fixtures_first.py --league E3 --since-days 30 --limit 300
Scanned 300 predictions, scored 300, skipped 0 (missing required settlement inputs).
COMMAND: C:\Python313\python.exe C:\Developer\soccer\footy-model\src\modeling\evaluation\score_market_outcomes_fixtures_first.py --league EC --since-days 30 --limit 300
Scanned 300 predictions, scored 300, skipped 0 (missing required settlement inputs).
COMMAND: C:\Python313\python.exe C:\Developer\soccer\footy-model\src\modeling\evaluation\score_market_outcomes_fixtures_first.py --league SC0 --since-days 30 --limit 300
Scanned 191 predictions, scored 191, skipped 0 (missing required settlement inputs).
COMMAND: C:\Python313\python.exe C:\Developer\soccer\footy-model\src\modeling\evaluation\score_market_outcomes_fixtures_first.py --league SC1 --since-days 30 --limit 300
Scanned 136 predictions, scored 136, skipped 0 (missing required settlement inputs).
COMMAND: C:\Python313\python.exe C:\Developer\soccer\footy-model\src\modeling\evaluation\score_market_outcomes_fixtures_first.py --league SC2 --since-days 30 --limit 300
Scanned 138 predictions, scored 138, skipped 0 (missing required settlement inputs).
COMMAND: C:\Python313\python.exe C:\Developer\soccer\footy-model\src\modeling\evaluation\score_market_outcomes_fixtures_first.py --league SC3 --since-days 30 --limit 300
Scanned 117 predictions, scored 117, skipped 0 (missing required settlement inputs).
COMMAND: C:\Python313\python.exe C:\Developer\soccer\footy-model\src\modeling\evaluation\score_market_outcomes_fixtures_first.py --league D1 --since-days 30 --limit 300
Scanned 239 predictions, scored 239, skipped 0 (missing required settlement inputs).
COMMAND: C:\Python313\python.exe C:\Developer\soccer\footy-model\src\modeling\evaluation\score_market_outcomes_fixtures_first.py --league D2 --since-days 30 --limit 300
Scanned 208 predictions, scored 208, skipped 0 (missing required settlement inputs).
COMMAND: C:\Python313\python.exe C:\Developer\soccer\footy-model\src\modeling\evaluation\score_market_outcomes_fixtures_first.py --league I1 --since-days 30 --limit 300
Scanned 243 predictions, scored 243, skipped 0 (missing required settlement inputs).
COMMAND: C:\Python313\python.exe C:\Developer\soccer\footy-model\src\modeling\evaluation\score_market_outcomes_fixtures_first.py --league I2 --since-days 30 --limit 300
Scanned 300 predictions, scored 300, skipped 0 (missing required settlement inputs).
COMMAND: C:\Python313\python.exe C:\Developer\soccer\footy-model\src\modeling\evaluation\score_market_outcomes_fixtures_first.py --league SP1 --since-days 30 --limit 300
Scanned 227 predictions, scored 227, skipped 0 (missing required settlement inputs).
COMMAND: C:\Python313\python.exe C:\Developer\soccer\footy-model\src\modeling\evaluation\score_market_outcomes_fixtures_first.py --league SP2 --since-days 30 --limit 300
Scanned 224 predictions, scored 224, skipped 0 (missing required settlement inputs).
COMMAND: C:\Python313\python.exe C:\Developer\soccer\footy-model\src\modeling\evaluation\score_market_outcomes_fixtures_first.py --league F1 --since-days 30 --limit 300
Scanned 216 predictions, scored 216, skipped 0 (missing required settlement inputs).
COMMAND: C:\Python313\python.exe C:\Developer\soccer\footy-model\src\modeling\evaluation\score_market_outcomes_fixtures_first.py --league F2 --since-days 30 --limit 300
Scanned 204 predictions, scored 204, skipped 0 (missing required settlement inputs).
COMMAND: C:\Python313\python.exe C:\Developer\soccer\footy-model\src\modeling\evaluation\score_market_outcomes_fixtures_first.py --league N1 --since-days 30 --limit 300
Scanned 299 predictions, scored 299, skipped 0 (missing required settlement inputs).
COMMAND: C:\Python313\python.exe C:\Developer\soccer\footy-model\src\modeling\evaluation\score_market_outcomes_fixtures_first.py --league B1 --since-days 30 --limit 300
Scanned 293 predictions, scored 293, skipped 0 (missing required settlement inputs).
COMMAND: C:\Python313\python.exe C:\Developer\soccer\footy-model\src\modeling\evaluation\score_market_outcomes_fixtures_first.py --league P1 --since-days 30 --limit 300
Scanned 293 predictions, scored 293, skipped 0 (missing required settlement inputs).
COMMAND: C:\Python313\python.exe C:\Developer\soccer\footy-model\src\modeling\evaluation\score_market_outcomes_fixtures_first.py --league T1 --since-days 30 --limit 300
Scanned 163 predictions, scored 163, skipped 0 (missing required settlement inputs).
COMMAND: C:\Python313\python.exe C:\Developer\soccer\footy-model\src\modeling\evaluation\score_market_outcomes_fixtures_first.py --league G1 --since-days 30 --limit 300
Scanned 203 predictions, scored 203, skipped 0 (missing required settlement inputs).
COMMAND: C:\Python313\python.exe C:\Developer\soccer\footy-model\src\modeling\evaluation\score_market_outcomes_fixtures_first.py --league AT1 --since-days 30 --limit 300
Scanned 138 predictions, scored 138, skipped 0 (missing required settlement inputs).
COMMAND: C:\Python313\python.exe C:\Developer\soccer\footy-model\src\modeling\evaluation\score_market_outcomes_fixtures_first.py --league BR1 --since-days 30 --limit 300
Scanned 117 predictions, scored 117, skipped 0 (missing required settlement inputs).
COMMAND: C:\Python313\python.exe C:\Developer\soccer\footy-model\src\modeling\evaluation\score_market_outcomes_fixtures_first.py --league DK1 --since-days 30 --limit 300
Scanned 103 predictions, scored 103, skipped 0 (missing required settlement inputs).
COMMAND: C:\Python313\python.exe C:\Developer\soccer\footy-model\src\modeling\evaluation\score_market_outcomes_fixtures_first.py --league IE1 --since-days 30 --limit 300
Scanned 116 predictions, scored 116, skipped 0 (missing required settlement inputs).
COMMAND: C:\Python313\python.exe C:\Developer\soccer\footy-model\src\modeling\evaluation\score_market_outcomes_fixtures_first.py --league JP1 --since-days 30 --limit 300
Scanned 226 predictions, scored 226, skipped 0 (missing required settlement inputs).
COMMAND: C:\Python313\python.exe C:\Developer\soccer\footy-model\src\modeling\evaluation\score_market_outcomes_fixtures_first.py --league MX1 --since-days 30 --limit 300
Scanned 255 predictions, scored 255, skipped 0 (missing required settlement inputs).
COMMAND: C:\Python313\python.exe C:\Developer\soccer\footy-model\src\modeling\evaluation\score_market_outcomes_fixtures_first.py --league PL1 --since-days 30 --limit 300
Scanned 201 predictions, scored 201, skipped 0 (missing required settlement inputs).
COMMAND: C:\Python313\python.exe C:\Developer\soccer\footy-model\src\modeling\evaluation\score_market_outcomes_fixtures_first.py --league RO1 --since-days 30 --limit 300
Scanned 188 predictions, scored 188, skipped 0 (missing required settlement inputs).
COMMAND: C:\Python313\python.exe C:\Developer\soccer\footy-model\src\modeling\evaluation\score_market_outcomes_fixtures_first.py --league RU1 --since-days 30 --limit 300
No eligible unscored predictions found.
COMMAND: C:\Python313\python.exe C:\Developer\soccer\footy-model\src\modeling\evaluation\score_market_outcomes_fixtures_first.py --league CH1 --since-days 30 --limit 300
Scanned 230 predictions, scored 230, skipped 0 (missing required settlement inputs).
COMMAND: C:\Python313\python.exe C:\Developer\soccer\footy-model\src\modeling\evaluation\score_market_outcomes_fixtures_first.py --league CH2 --since-days 30 --limit 300
Scanned 222 predictions, scored 222, skipped 0 (missing required settlement inputs).
COMMAND: C:\Python313\python.exe C:\Developer\soccer\footy-model\src\modeling\evaluation\score_market_outcomes_fixtures_first.py --league CL --since-days 30 --limit 300
Scanned 112 predictions, scored 112, skipped 0 (missing required settlement inputs).
COMMAND: C:\Python313\python.exe C:\Developer\soccer\footy-model\src\modeling\evaluation\score_market_outcomes_fixtures_first.py --league EL --since-days 30 --limit 300
Scanned 109 predictions, scored 109, skipped 0 (missing required settlement inputs).
COMMAND: C:\Python313\python.exe C:\Developer\soccer\footy-model\src\modeling\evaluation\score_market_outcomes_fixtures_first.py --league ECL --since-days 30 --limit 300
Scanned 107 predictions, scored 107, skipped 0 (missing required settlement inputs).
[2026-03-11T18:15:48+00:00] Score scheduler end rc=0.
[2026-03-11T19:15:08+00:00] Score scheduler start.
Log file: artifacts/logs/score_scheduler.log
Log file: artifacts\logs\score_scheduler.log
Skipping settle phase (--skip-settle).
Skipping predict phase (--skip-predict).
COMMAND: C:\Python313\python.exe C:\Developer\soccer\footy-model\src\modeling\evaluation\score_market_outcomes_fixtures_first.py --league E0 --since-days 30 --limit 300
Scanned 283 predictions, scored 283, skipped 0 (missing required settlement inputs).
COMMAND: C:\Python313\python.exe C:\Developer\soccer\footy-model\src\modeling\evaluation\score_market_outcomes_fixtures_first.py --league E1 --since-days 30 --limit 300
Scanned 300 predictions, scored 300, skipped 0 (missing required settlement inputs).
COMMAND: C:\Python313\python.exe C:\Developer\soccer\footy-model\src\modeling\evaluation\score_market_outcomes_fixtures_first.py --league E2 --since-days 30 --limit 300
Scanned 300 predictions, scored 300, skipped 0 (missing required settlement inputs).
COMMAND: C:\Python313\python.exe C:\Developer\soccer\footy-model\src\modeling\evaluation\score_market_outcomes_fixtures_first.py --league E3 --since-days 30 --limit 300
Scanned 300 predictions, scored 300, skipped 0 (missing required settlement inputs).
COMMAND: C:\Python313\python.exe C:\Developer\soccer\footy-model\src\modeling\evaluation\score_market_outcomes_fixtures_first.py --league EC --since-days 30 --limit 300
Scanned 300 predictions, scored 300, skipped 0 (missing required settlement inputs).
COMMAND: C:\Python313\python.exe C:\Developer\soccer\footy-model\src\modeling\evaluation\score_market_outcomes_fixtures_first.py --league SC0 --since-days 30 --limit 300
Scanned 191 predictions, scored 191, skipped 0 (missing required settlement inputs).
COMMAND: C:\Python313\python.exe C:\Developer\soccer\footy-model\src\modeling\evaluation\score_market_outcomes_fixtures_first.py --league SC1 --since-days 30 --limit 300
Scanned 136 predictions, scored 136, skipped 0 (missing required settlement inputs).
COMMAND: C:\Python313\python.exe C:\Developer\soccer\footy-model\src\modeling\evaluation\score_market_outcomes_fixtures_first.py --league SC2 --since-days 30 --limit 300
Scanned 136 predictions, scored 136, skipped 0 (missing required settlement inputs).
COMMAND: C:\Python313\python.exe C:\Developer\soccer\footy-model\src\modeling\evaluation\score_market_outcomes_fixtures_first.py --league SC3 --since-days 30 --limit 300
Scanned 117 predictions, scored 117, skipped 0 (missing required settlement inputs).
COMMAND: C:\Python313\python.exe C:\Developer\soccer\footy-model\src\modeling\evaluation\score_market_outcomes_fixtures_first.py --league D1 --since-days 30 --limit 300
Scanned 239 predictions, scored 239, skipped 0 (missing required settlement inputs).
COMMAND: C:\Python313\python.exe C:\Developer\soccer\footy-model\src\modeling\evaluation\score_market_outcomes_fixtures_first.py --league D2 --since-days 30 --limit 300
Scanned 208 predictions, scored 208, skipped 0 (missing required settlement inputs).
COMMAND: C:\Python313\python.exe C:\Developer\soccer\footy-model\src\modeling\evaluation\score_market_outcomes_fixtures_first.py --league I1 --since-days 30 --limit 300
Scanned 236 predictions, scored 236, skipped 0 (missing required settlement inputs).
COMMAND: C:\Python313\python.exe C:\Developer\soccer\footy-model\src\modeling\evaluation\score_market_outcomes_fixtures_first.py --league I2 --since-days 30 --limit 300
Scanned 300 predictions, scored 300, skipped 0 (missing required settlement inputs).
COMMAND: C:\Python313\python.exe C:\Developer\soccer\footy-model\src\modeling\evaluation\score_market_outcomes_fixtures_first.py --league SP1 --since-days 30 --limit 300
Scanned 218 predictions, scored 218, skipped 0 (missing required settlement inputs).
COMMAND: C:\Python313\python.exe C:\Developer\soccer\footy-model\src\modeling\evaluation\score_market_outcomes_fixtures_first.py --league SP2 --since-days 30 --limit 300
Scanned 216 predictions, scored 216, skipped 0 (missing required settlement inputs).
COMMAND: C:\Python313\python.exe C:\Developer\soccer\footy-model\src\modeling\evaluation\score_market_outcomes_fixtures_first.py --league F1 --since-days 30 --limit 300
Scanned 216 predictions, scored 216, skipped 0 (missing required settlement inputs).
COMMAND: C:\Python313\python.exe C:\Developer\soccer\footy-model\src\modeling\evaluation\score_market_outcomes_fixtures_first.py --league F2 --since-days 30 --limit 300
Scanned 197 predictions, scored 197, skipped 0 (missing required settlement inputs).
COMMAND: C:\Python313\python.exe C:\Developer\soccer\footy-model\src\modeling\evaluation\score_market_outcomes_fixtures_first.py --league N1 --since-days 30 --limit 300
Scanned 293 predictions, scored 293, skipped 0 (missing required settlement inputs).
COMMAND: C:\Python313\python.exe C:\Developer\soccer\footy-model\src\modeling\evaluation\score_market_outcomes_fixtures_first.py --league B1 --since-days 30 --limit 300
Scanned 285 predictions, scored 285, skipped 0 (missing required settlement inputs).
COMMAND: C:\Python313\python.exe C:\Developer\soccer\footy-model\src\modeling\evaluation\score_market_outcomes_fixtures_first.py --league P1 --since-days 30 --limit 300
Scanned 280 predictions, scored 280, skipped 0 (missing required settlement inputs).
COMMAND: C:\Python313\python.exe C:\Developer\soccer\footy-model\src\modeling\evaluation\score_market_outcomes_fixtures_first.py --league T1 --since-days 30 --limit 300
Scanned 163 predictions, scored 163, skipped 0 (missing required settlement inputs).
COMMAND: C:\Python313\python.exe C:\Developer\soccer\footy-model\src\modeling\evaluation\score_market_outcomes_fixtures_first.py --league G1 --since-days 30 --limit 300
Scanned 200 predictions, scored 200, skipped 0 (missing required settlement inputs).
COMMAND: C:\Python313\python.exe C:\Developer\soccer\footy-model\src\modeling\evaluation\score_market_outcomes_fixtures_first.py --league AT1 --since-days 30 --limit 300
Scanned 138 predictions, scored 138, skipped 0 (missing required settlement inputs).
COMMAND: C:\Python313\python.exe C:\Developer\soccer\footy-model\src\modeling\evaluation\score_market_outcomes_fixtures_first.py --league BR1 --since-days 30 --limit 300
Scanned 117 predictions, scored 117, skipped 0 (missing required settlement inputs).
COMMAND: C:\Python313\python.exe C:\Developer\soccer\footy-model\src\modeling\evaluation\score_market_outcomes_fixtures_first.py --league DK1 --since-days 30 --limit 300
Scanned 96 predictions, scored 96, skipped 0 (missing required settlement inputs).
COMMAND: C:\Python313\python.exe C:\Developer\soccer\footy-model\src\modeling\evaluation\score_market_outcomes_fixtures_first.py --league IE1 --since-days 30 --limit 300
Scanned 116 predictions, scored 116, skipped 0 (missing required settlement inputs).
COMMAND: C:\Python313\python.exe C:\Developer\soccer\footy-model\src\modeling\evaluation\score_market_outcomes_fixtures_first.py --league JP1 --since-days 30 --limit 300
Scanned 226 predictions, scored 226, skipped 0 (missing required settlement inputs).
COMMAND: C:\Python313\python.exe C:\Developer\soccer\footy-model\src\modeling\evaluation\score_market_outcomes_fixtures_first.py --league MX1 --since-days 30 --limit 300
Scanned 255 predictions, scored 255, skipped 0 (missing required settlement inputs).
COMMAND: C:\Python313\python.exe C:\Developer\soccer\footy-model\src\modeling\evaluation\score_market_outcomes_fixtures_first.py --league PL1 --since-days 30 --limit 300
Scanned 201 predictions, scored 201, skipped 0 (missing required settlement inputs).
COMMAND: C:\Python313\python.exe C:\Developer\soccer\footy-model\src\modeling\evaluation\score_market_outcomes_fixtures_first.py --league RO1 --since-days 30 --limit 300
Scanned 188 predictions, scored 188, skipped 0 (missing required settlement inputs).
COMMAND: C:\Python313\python.exe C:\Developer\soccer\footy-model\src\modeling\evaluation\score_market_outcomes_fixtures_first.py --league RU1 --since-days 30 --limit 300
No eligible unscored predictions found.
COMMAND: C:\Python313\python.exe C:\Developer\soccer\footy-model\src\modeling\evaluation\score_market_outcomes_fixtures_first.py --league CH1 --since-days 30 --limit 300
Scanned 230 predictions, scored 230, skipped 0 (missing required settlement inputs).
COMMAND: C:\Python313\python.exe C:\Developer\soccer\footy-model\src\modeling\evaluation\score_market_outcomes_fixtures_first.py --league CH2 --since-days 30 --limit 300
Scanned 222 predictions, scored 222, skipped 0 (missing required settlement inputs).
COMMAND: C:\Python313\python.exe C:\Developer\soccer\footy-model\src\modeling\evaluation\score_market_outcomes_fixtures_first.py --league CL --since-days 30 --limit 300
Scanned 112 predictions, scored 112, skipped 0 (missing required settlement inputs).
COMMAND: C:\Python313\python.exe C:\Developer\soccer\footy-model\src\modeling\evaluation\score_market_outcomes_fixtures_first.py --league EL --since-days 30 --limit 300
Scanned 109 predictions, scored 109, skipped 0 (missing required settlement inputs).
COMMAND: C:\Python313\python.exe C:\Developer\soccer\footy-model\src\modeling\evaluation\score_market_outcomes_fixtures_first.py --league ECL --since-days 30 --limit 300
Scanned 107 predictions, scored 107, skipped 0 (missing required settlement inputs).
[2026-03-11T19:15:49+00:00] Score scheduler end rc=0.
[2026-03-11T20:15:07+00:00] Score scheduler start.
Log file: artifacts/logs/score_scheduler.log
Log file: artifacts\logs\score_scheduler.log
Skipping settle phase (--skip-settle).
Skipping predict phase (--skip-predict).
COMMAND: C:\Python313\python.exe C:\Developer\soccer\footy-model\src\modeling\evaluation\score_market_outcomes_fixtures_first.py --league E0 --since-days 30 --limit 300
Scanned 283 predictions, scored 283, skipped 0 (missing required settlement inputs).
COMMAND: C:\Python313\python.exe C:\Developer\soccer\footy-model\src\modeling\evaluation\score_market_outcomes_fixtures_first.py --league E1 --since-days 30 --limit 300
Scanned 300 predictions, scored 300, skipped 0 (missing required settlement inputs).
COMMAND: C:\Python313\python.exe C:\Developer\soccer\footy-model\src\modeling\evaluation\score_market_outcomes_fixtures_first.py --league E2 --since-days 30 --limit 300
Scanned 300 predictions, scored 300, skipped 0 (missing required settlement inputs).
COMMAND: C:\Python313\python.exe C:\Developer\soccer\footy-model\src\modeling\evaluation\score_market_outcomes_fixtures_first.py --league E3 --since-days 30 --limit 300
Scanned 300 predictions, scored 300, skipped 0 (missing required settlement inputs).
COMMAND: C:\Python313\python.exe C:\Developer\soccer\footy-model\src\modeling\evaluation\score_market_outcomes_fixtures_first.py --league EC --since-days 30 --limit 300
Scanned 300 predictions, scored 300, skipped 0 (missing required settlement inputs).
COMMAND: C:\Python313\python.exe C:\Developer\soccer\footy-model\src\modeling\evaluation\score_market_outcomes_fixtures_first.py --league SC0 --since-days 30 --limit 300
Scanned 191 predictions, scored 191, skipped 0 (missing required settlement inputs).
COMMAND: C:\Python313\python.exe C:\Developer\soccer\footy-model\src\modeling\evaluation\score_market_outcomes_fixtures_first.py --league SC1 --since-days 30 --limit 300
Scanned 136 predictions, scored 136, skipped 0 (missing required settlement inputs).
COMMAND: C:\Python313\python.exe C:\Developer\soccer\footy-model\src\modeling\evaluation\score_market_outcomes_fixtures_first.py --league SC2 --since-days 30 --limit 300
Scanned 136 predictions, scored 136, skipped 0 (missing required settlement inputs).
COMMAND: C:\Python313\python.exe C:\Developer\soccer\footy-model\src\modeling\evaluation\score_market_outcomes_fixtures_first.py --league SC3 --since-days 30 --limit 300
Scanned 117 predictions, scored 117, skipped 0 (missing required settlement inputs).
COMMAND: C:\Python313\python.exe C:\Developer\soccer\footy-model\src\modeling\evaluation\score_market_outcomes_fixtures_first.py --league D1 --since-days 30 --limit 300
Scanned 239 predictions, scored 239, skipped 0 (missing required settlement inputs).
COMMAND: C:\Python313\python.exe C:\Developer\soccer\footy-model\src\modeling\evaluation\score_market_outcomes_fixtures_first.py --league D2 --since-days 30 --limit 300
Scanned 208 predictions, scored 208, skipped 0 (missing required settlement inputs).
COMMAND: C:\Python313\python.exe C:\Developer\soccer\footy-model\src\modeling\evaluation\score_market_outcomes_fixtures_first.py --league I1 --since-days 30 --limit 300
Scanned 236 predictions, scored 236, skipped 0 (missing required settlement inputs).
COMMAND: C:\Python313\python.exe C:\Developer\soccer\footy-model\src\modeling\evaluation\score_market_outcomes_fixtures_first.py --league I2 --since-days 30 --limit 300
Scanned 300 predictions, scored 300, skipped 0 (missing required settlement inputs).
COMMAND: C:\Python313\python.exe C:\Developer\soccer\footy-model\src\modeling\evaluation\score_market_outcomes_fixtures_first.py --league SP1 --since-days 30 --limit 300
Scanned 218 predictions, scored 218, skipped 0 (missing required settlement inputs).
COMMAND: C:\Python313\python.exe C:\Developer\soccer\footy-model\src\modeling\evaluation\score_market_outcomes_fixtures_first.py --league SP2 --since-days 30 --limit 300
Scanned 216 predictions, scored 216, skipped 0 (missing required settlement inputs).
COMMAND: C:\Python313\python.exe C:\Developer\soccer\footy-model\src\modeling\evaluation\score_market_outcomes_fixtures_first.py --league F1 --since-days 30 --limit 300
Scanned 216 predictions, scored 216, skipped 0 (missing required settlement inputs).
COMMAND: C:\Python313\python.exe C:\Developer\soccer\footy-model\src\modeling\evaluation\score_market_outcomes_fixtures_first.py --league F2 --since-days 30 --limit 300
Scanned 197 predictions, scored 197, skipped 0 (missing required settlement inputs).
COMMAND: C:\Python313\python.exe C:\Developer\soccer\footy-model\src\modeling\evaluation\score_market_outcomes_fixtures_first.py --league N1 --since-days 30 --limit 300
Scanned 293 predictions, scored 293, skipped 0 (missing required settlement inputs).
COMMAND: C:\Python313\python.exe C:\Developer\soccer\footy-model\src\modeling\evaluation\score_market_outcomes_fixtures_first.py --league B1 --since-days 30 --limit 300
Scanned 285 predictions, scored 285, skipped 0 (missing required settlement inputs).
COMMAND: C:\Python313\python.exe C:\Developer\soccer\footy-model\src\modeling\evaluation\score_market_outcomes_fixtures_first.py --league P1 --since-days 30 --limit 300
Scanned 280 predictions, scored 280, skipped 0 (missing required settlement inputs).
COMMAND: C:\Python313\python.exe C:\Developer\soccer\footy-model\src\modeling\evaluation\score_market_outcomes_fixtures_first.py --league T1 --since-days 30 --limit 300
Scanned 163 predictions, scored 163, skipped 0 (missing required settlement inputs).
COMMAND: C:\Python313\python.exe C:\Developer\soccer\footy-model\src\modeling\evaluation\score_market_outcomes_fixtures_first.py --league G1 --since-days 30 --limit 300
Scanned 200 predictions, scored 200, skipped 0 (missing required settlement inputs).
COMMAND: C:\Python313\python.exe C:\Developer\soccer\footy-model\src\modeling\evaluation\score_market_outcomes_fixtures_first.py --league AT1 --since-days 30 --limit 300
Scanned 138 predictions, scored 138, skipped 0 (missing required settlement inputs).
COMMAND: C:\Python313\python.exe C:\Developer\soccer\footy-model\src\modeling\evaluation\score_market_outcomes_fixtures_first.py --league BR1 --since-days 30 --limit 300
Scanned 117 predictions, scored 117, skipped 0 (missing required settlement inputs).
COMMAND: C:\Python313\python.exe C:\Developer\soccer\footy-model\src\modeling\evaluation\score_market_outcomes_fixtures_first.py --league DK1 --since-days 30 --limit 300
Scanned 96 predictions, scored 96, skipped 0 (missing required settlement inputs).
COMMAND: C:\Python313\python.exe C:\Developer\soccer\footy-model\src\modeling\evaluation\score_market_outcomes_fixtures_first.py --league IE1 --since-days 30 --limit 300
Scanned 116 predictions, scored 116, skipped 0 (missing required settlement inputs).
COMMAND: C:\Python313\python.exe C:\Developer\soccer\footy-model\src\modeling\evaluation\score_market_outcomes_fixtures_first.py --league JP1 --since-days 30 --limit 300
Scanned 226 predictions, scored 226, skipped 0 (missing required settlement inputs).
COMMAND: C:\Python313\python.exe C:\Developer\soccer\footy-model\src\modeling\evaluation\score_market_outcomes_fixtures_first.py --league MX1 --since-days 30 --limit 300
Scanned 255 predictions, scored 255, skipped 0 (missing required settlement inputs).
COMMAND: C:\Python313\python.exe C:\Developer\soccer\footy-model\src\modeling\evaluation\score_market_outcomes_fixtures_first.py --league PL1 --since-days 30 --limit 300
Scanned 201 predictions, scored 201, skipped 0 (missing required settlement inputs).
COMMAND: C:\Python313\python.exe C:\Developer\soccer\footy-model\src\modeling\evaluation\score_market_outcomes_fixtures_first.py --league RO1 --since-days 30 --limit 300
Scanned 188 predictions, scored 188, skipped 0 (missing required settlement inputs).
COMMAND: C:\Python313\python.exe C:\Developer\soccer\footy-model\src\modeling\evaluation\score_market_outcomes_fixtures_first.py --league RU1 --since-days 30 --limit 300
No eligible unscored predictions found.
COMMAND: C:\Python313\python.exe C:\Developer\soccer\footy-model\src\modeling\evaluation\score_market_outcomes_fixtures_first.py --league CH1 --since-days 30 --limit 300
Scanned 230 predictions, scored 230, skipped 0 (missing required settlement inputs).
COMMAND: C:\Python313\python.exe C:\Developer\soccer\footy-model\src\modeling\evaluation\score_market_outcomes_fixtures_first.py --league CH2 --since-days 30 --limit 300
Scanned 222 predictions, scored 222, skipped 0 (missing required settlement inputs).
COMMAND: C:\Python313\python.exe C:\Developer\soccer\footy-model\src\modeling\evaluation\score_market_outcomes_fixtures_first.py --league CL --since-days 30 --limit 300
Scanned 112 predictions, scored 112, skipped 0 (missing required settlement inputs).
COMMAND: C:\Python313\python.exe C:\Developer\soccer\footy-model\src\modeling\evaluation\score_market_outcomes_fixtures_first.py --league EL --since-days 30 --limit 300
Scanned 109 predictions, scored 109, skipped 0 (missing required settlement inputs).
COMMAND: C:\Python313\python.exe C:\Developer\soccer\footy-model\src\modeling\evaluation\score_market_outcomes_fixtures_first.py --league ECL --since-days 30 --limit 300
Scanned 107 predictions, scored 107, skipped 0 (missing required settlement inputs).
[2026-03-11T20:15:47+00:00] Score scheduler end rc=0.
[2026-03-11T21:15:08+00:00] Score scheduler start.
Log file: artifacts/logs/score_scheduler.log
Log file: artifacts\logs\score_scheduler.log
Skipping settle phase (--skip-settle).
Skipping predict phase (--skip-predict).
COMMAND: C:\Python313\python.exe C:\Developer\soccer\footy-model\src\modeling\evaluation\score_market_outcomes_fixtures_first.py --league E0 --since-days 30 --limit 300
Scanned 283 predictions, scored 283, skipped 0 (missing required settlement inputs).
COMMAND: C:\Python313\python.exe C:\Developer\soccer\footy-model\src\modeling\evaluation\score_market_outcomes_fixtures_first.py --league E1 --since-days 30 --limit 300
Scanned 300 predictions, scored 300, skipped 0 (missing required settlement inputs).
COMMAND: C:\Python313\python.exe C:\Developer\soccer\footy-model\src\modeling\evaluation\score_market_outcomes_fixtures_first.py --league E2 --since-days 30 --limit 300
Scanned 300 predictions, scored 300, skipped 0 (missing required settlement inputs).
COMMAND: C:\Python313\python.exe C:\Developer\soccer\footy-model\src\modeling\evaluation\score_market_outcomes_fixtures_first.py --league E3 --since-days 30 --limit 300
Scanned 300 predictions, scored 300, skipped 0 (missing required settlement inputs).
COMMAND: C:\Python313\python.exe C:\Developer\soccer\footy-model\src\modeling\evaluation\score_market_outcomes_fixtures_first.py --league EC --since-days 30 --limit 300
Scanned 300 predictions, scored 300, skipped 0 (missing required settlement inputs).
COMMAND: C:\Python313\python.exe C:\Developer\soccer\footy-model\src\modeling\evaluation\score_market_outcomes_fixtures_first.py --league SC0 --since-days 30 --limit 300
Scanned 191 predictions, scored 191, skipped 0 (missing required settlement inputs).
COMMAND: C:\Python313\python.exe C:\Developer\soccer\footy-model\src\modeling\evaluation\score_market_outcomes_fixtures_first.py --league SC1 --since-days 30 --limit 300
Scanned 136 predictions, scored 136, skipped 0 (missing required settlement inputs).
COMMAND: C:\Python313\python.exe C:\Developer\soccer\footy-model\src\modeling\evaluation\score_market_outcomes_fixtures_first.py --league SC2 --since-days 30 --limit 300
Scanned 136 predictions, scored 136, skipped 0 (missing required settlement inputs).
COMMAND: C:\Python313\python.exe C:\Developer\soccer\footy-model\src\modeling\evaluation\score_market_outcomes_fixtures_first.py --league SC3 --since-days 30 --limit 300
Scanned 117 predictions, scored 117, skipped 0 (missing required settlement inputs).
COMMAND: C:\Python313\python.exe C:\Developer\soccer\footy-model\src\modeling\evaluation\score_market_outcomes_fixtures_first.py --league D1 --since-days 30 --limit 300
Scanned 239 predictions, scored 239, skipped 0 (missing required settlement inputs).
COMMAND: C:\Python313\python.exe C:\Developer\soccer\footy-model\src\modeling\evaluation\score_market_outcomes_fixtures_first.py --league D2 --since-days 30 --limit 300
Scanned 208 predictions, scored 208, skipped 0 (missing required settlement inputs).
COMMAND: C:\Python313\python.exe C:\Developer\soccer\footy-model\src\modeling\evaluation\score_market_outcomes_fixtures_first.py --league I1 --since-days 30 --limit 300
Scanned 236 predictions, scored 236, skipped 0 (missing required settlement inputs).
COMMAND: C:\Python313\python.exe C:\Developer\soccer\footy-model\src\modeling\evaluation\score_market_outcomes_fixtures_first.py --league I2 --since-days 30 --limit 300
Scanned 300 predictions, scored 300, skipped 0 (missing required settlement inputs).
COMMAND: C:\Python313\python.exe C:\Developer\soccer\footy-model\src\modeling\evaluation\score_market_outcomes_fixtures_first.py --league SP1 --since-days 30 --limit 300
Scanned 218 predictions, scored 218, skipped 0 (missing required settlement inputs).
COMMAND: C:\Python313\python.exe C:\Developer\soccer\footy-model\src\modeling\evaluation\score_market_outcomes_fixtures_first.py --league SP2 --since-days 30 --limit 300
Scanned 216 predictions, scored 216, skipped 0 (missing required settlement inputs).
COMMAND: C:\Python313\python.exe C:\Developer\soccer\footy-model\src\modeling\evaluation\score_market_outcomes_fixtures_first.py --league F1 --since-days 30 --limit 300
Scanned 216 predictions, scored 216, skipped 0 (missing required settlement inputs).
COMMAND: C:\Python313\python.exe C:\Developer\soccer\footy-model\src\modeling\evaluation\score_market_outcomes_fixtures_first.py --league F2 --since-days 30 --limit 300
Scanned 197 predictions, scored 197, skipped 0 (missing required settlement inputs).
COMMAND: C:\Python313\python.exe C:\Developer\soccer\footy-model\src\modeling\evaluation\score_market_outcomes_fixtures_first.py --league N1 --since-days 30 --limit 300
Scanned 293 predictions, scored 293, skipped 0 (missing required settlement inputs).
COMMAND: C:\Python313\python.exe C:\Developer\soccer\footy-model\src\modeling\evaluation\score_market_outcomes_fixtures_first.py --league B1 --since-days 30 --limit 300
Scanned 285 predictions, scored 285, skipped 0 (missing required settlement inputs).
COMMAND: C:\Python313\python.exe C:\Developer\soccer\footy-model\src\modeling\evaluation\score_market_outcomes_fixtures_first.py --league P1 --since-days 30 --limit 300
Scanned 274 predictions, scored 274, skipped 0 (missing required settlement inputs).
COMMAND: C:\Python313\python.exe C:\Developer\soccer\footy-model\src\modeling\evaluation\score_market_outcomes_fixtures_first.py --league T1 --since-days 30 --limit 300
Scanned 163 predictions, scored 163, skipped 0 (missing required settlement inputs).
COMMAND: C:\Python313\python.exe C:\Developer\soccer\footy-model\src\modeling\evaluation\score_market_outcomes_fixtures_first.py --league G1 --since-days 30 --limit 300
Scanned 200 predictions, scored 200, skipped 0 (missing required settlement inputs).
COMMAND: C:\Python313\python.exe C:\Developer\soccer\footy-model\src\modeling\evaluation\score_market_outcomes_fixtures_first.py --league AT1 --since-days 30 --limit 300
Scanned 138 predictions, scored 138, skipped 0 (missing required settlement inputs).
COMMAND: C:\Python313\python.exe C:\Developer\soccer\footy-model\src\modeling\evaluation\score_market_outcomes_fixtures_first.py --league BR1 --since-days 30 --limit 300
Scanned 117 predictions, scored 117, skipped 0 (missing required settlement inputs).
COMMAND: C:\Python313\python.exe C:\Developer\soccer\footy-model\src\modeling\evaluation\score_market_outcomes_fixtures_first.py --league DK1 --since-days 30 --limit 300
Scanned 96 predictions, scored 96, skipped 0 (missing required settlement inputs).
COMMAND: C:\Python313\python.exe C:\Developer\soccer\footy-model\src\modeling\evaluation\score_market_outcomes_fixtures_first.py --league IE1 --since-days 30 --limit 300
Scanned 116 predictions, scored 116, skipped 0 (missing required settlement inputs).
COMMAND: C:\Python313\python.exe C:\Developer\soccer\footy-model\src\modeling\evaluation\score_market_outcomes_fixtures_first.py --league JP1 --since-days 30 --limit 300
Scanned 226 predictions, scored 226, skipped 0 (missing required settlement inputs).
COMMAND: C:\Python313\python.exe C:\Developer\soccer\footy-model\src\modeling\evaluation\score_market_outcomes_fixtures_first.py --league MX1 --since-days 30 --limit 300
Scanned 255 predictions, scored 255, skipped 0 (missing required settlement inputs).
COMMAND: C:\Python313\python.exe C:\Developer\soccer\footy-model\src\modeling\evaluation\score_market_outcomes_fixtures_first.py --league PL1 --since-days 30 --limit 300
Scanned 201 predictions, scored 201, skipped 0 (missing required settlement inputs).
COMMAND: C:\Python313\python.exe C:\Developer\soccer\footy-model\src\modeling\evaluation\score_market_outcomes_fixtures_first.py --league RO1 --since-days 30 --limit 300
Scanned 188 predictions, scored 188, skipped 0 (missing required settlement inputs).
COMMAND: C:\Python313\python.exe C:\Developer\soccer\footy-model\src\modeling\evaluation\score_market_outcomes_fixtures_first.py --league RU1 --since-days 30 --limit 300
No eligible unscored predictions found.
COMMAND: C:\Python313\python.exe C:\Developer\soccer\footy-model\src\modeling\evaluation\score_market_outcomes_fixtures_first.py --league CH1 --since-days 30 --limit 300
Scanned 230 predictions, scored 230, skipped 0 (missing required settlement inputs).
COMMAND: C:\Python313\python.exe C:\Developer\soccer\footy-model\src\modeling\evaluation\score_market_outcomes_fixtures_first.py --league CH2 --since-days 30 --limit 300
Scanned 222 predictions, scored 222, skipped 0 (missing required settlement inputs).
COMMAND: C:\Python313\python.exe C:\Developer\soccer\footy-model\src\modeling\evaluation\score_market_outcomes_fixtures_first.py --league CL --since-days 30 --limit 300
Scanned 112 predictions, scored 112, skipped 0 (missing required settlement inputs).
COMMAND: C:\Python313\python.exe C:\Developer\soccer\footy-model\src\modeling\evaluation\score_market_outcomes_fixtures_first.py --league EL --since-days 30 --limit 300
Scanned 109 predictions, scored 109, skipped 0 (missing required settlement inputs).
COMMAND: C:\Python313\python.exe C:\Developer\soccer\footy-model\src\modeling\evaluation\score_market_outcomes_fixtures_first.py --league ECL --since-days 30 --limit 300
Scanned 107 predictions, scored 107, skipped 0 (missing required settlement inputs).
[2026-03-11T21:15:43+00:00] Score scheduler end rc=0.
[2026-03-11T22:15:08+00:00] Score scheduler start.
Log file: artifacts/logs/score_scheduler.log
Log file: artifacts\logs\score_scheduler.log
Skipping settle phase (--skip-settle).
Skipping predict phase (--skip-predict).
COMMAND: C:\Python313\python.exe C:\Developer\soccer\footy-model\src\modeling\evaluation\score_market_outcomes_fixtures_first.py --league E0 --since-days 30 --limit 300
Scanned 283 predictions, scored 283, skipped 0 (missing required settlement inputs).
COMMAND: C:\Python313\python.exe C:\Developer\soccer\footy-model\src\modeling\evaluation\score_market_outcomes_fixtures_first.py --league E1 --since-days 30 --limit 300
Scanned 300 predictions, scored 300, skipped 0 (missing required settlement inputs).
COMMAND: C:\Python313\python.exe C:\Developer\soccer\footy-model\src\modeling\evaluation\score_market_outcomes_fixtures_first.py --league E2 --since-days 30 --limit 300
Scanned 300 predictions, scored 300, skipped 0 (missing required settlement inputs).
COMMAND: C:\Python313\python.exe C:\Developer\soccer\footy-model\src\modeling\evaluation\score_market_outcomes_fixtures_first.py --league E3 --since-days 30 --limit 300
Scanned 300 predictions, scored 300, skipped 0 (missing required settlement inputs).
COMMAND: C:\Python313\python.exe C:\Developer\soccer\footy-model\src\modeling\evaluation\score_market_outcomes_fixtures_first.py --league EC --since-days 30 --limit 300
Scanned 300 predictions, scored 300, skipped 0 (missing required settlement inputs).
COMMAND: C:\Python313\python.exe C:\Developer\soccer\footy-model\src\modeling\evaluation\score_market_outcomes_fixtures_first.py --league SC0 --since-days 30 --limit 300
Scanned 191 predictions, scored 191, skipped 0 (missing required settlement inputs).
COMMAND: C:\Python313\python.exe C:\Developer\soccer\footy-model\src\modeling\evaluation\score_market_outcomes_fixtures_first.py --league SC1 --since-days 30 --limit 300
Scanned 136 predictions, scored 136, skipped 0 (missing required settlement inputs).
COMMAND: C:\Python313\python.exe C:\Developer\soccer\footy-model\src\modeling\evaluation\score_market_outcomes_fixtures_first.py --league SC2 --since-days 30 --limit 300
Scanned 136 predictions, scored 136, skipped 0 (missing required settlement inputs).
COMMAND: C:\Python313\python.exe C:\Developer\soccer\footy-model\src\modeling\evaluation\score_market_outcomes_fixtures_first.py --league SC3 --since-days 30 --limit 300
Scanned 117 predictions, scored 117, skipped 0 (missing required settlement inputs).
COMMAND: C:\Python313\python.exe C:\Developer\soccer\footy-model\src\modeling\evaluation\score_market_outcomes_fixtures_first.py --league D1 --since-days 30 --limit 300
Scanned 239 predictions, scored 239, skipped 0 (missing required settlement inputs).
COMMAND: C:\Python313\python.exe C:\Developer\soccer\footy-model\src\modeling\evaluation\score_market_outcomes_fixtures_first.py --league D2 --since-days 30 --limit 300
Scanned 208 predictions, scored 208, skipped 0 (missing required settlement inputs).
COMMAND: C:\Python313\python.exe C:\Developer\soccer\footy-model\src\modeling\evaluation\score_market_outcomes_fixtures_first.py --league I1 --since-days 30 --limit 300
Scanned 236 predictions, scored 236, skipped 0 (missing required settlement inputs).
COMMAND: C:\Python313\python.exe C:\Developer\soccer\footy-model\src\modeling\evaluation\score_market_outcomes_fixtures_first.py --league I2 --since-days 30 --limit 300
Scanned 300 predictions, scored 300, skipped 0 (missing required settlement inputs).
COMMAND: C:\Python313\python.exe C:\Developer\soccer\footy-model\src\modeling\evaluation\score_market_outcomes_fixtures_first.py --league SP1 --since-days 30 --limit 300
Scanned 218 predictions, scored 218, skipped 0 (missing required settlement inputs).
COMMAND: C:\Python313\python.exe C:\Developer\soccer\footy-model\src\modeling\evaluation\score_market_outcomes_fixtures_first.py --league SP2 --since-days 30 --limit 300
Scanned 216 predictions, scored 216, skipped 0 (missing required settlement inputs).
COMMAND: C:\Python313\python.exe C:\Developer\soccer\footy-model\src\modeling\evaluation\score_market_outcomes_fixtures_first.py --league F1 --since-days 30 --limit 300
Scanned 216 predictions, scored 216, skipped 0 (missing required settlement inputs).
COMMAND: C:\Python313\python.exe C:\Developer\soccer\footy-model\src\modeling\evaluation\score_market_outcomes_fixtures_first.py --league F2 --since-days 30 --limit 300
Scanned 197 predictions, scored 197, skipped 0 (missing required settlement inputs).
COMMAND: C:\Python313\python.exe C:\Developer\soccer\footy-model\src\modeling\evaluation\score_market_outcomes_fixtures_first.py --league N1 --since-days 30 --limit 300
Scanned 293 predictions, scored 293, skipped 0 (missing required settlement inputs).
COMMAND: C:\Python313\python.exe C:\Developer\soccer\footy-model\src\modeling\evaluation\score_market_outcomes_fixtures_first.py --league B1 --since-days 30 --limit 300
Scanned 285 predictions, scored 285, skipped 0 (missing required settlement inputs).
COMMAND: C:\Python313\python.exe C:\Developer\soccer\footy-model\src\modeling\evaluation\score_market_outcomes_fixtures_first.py --league P1 --since-days 30 --limit 300
Scanned 274 predictions, scored 274, skipped 0 (missing required settlement inputs).
COMMAND: C:\Python313\python.exe C:\Developer\soccer\footy-model\src\modeling\evaluation\score_market_outcomes_fixtures_first.py --league T1 --since-days 30 --limit 300
Scanned 163 predictions, scored 163, skipped 0 (missing required settlement inputs).
COMMAND: C:\Python313\python.exe C:\Developer\soccer\footy-model\src\modeling\evaluation\score_market_outcomes_fixtures_first.py --league G1 --since-days 30 --limit 300
Scanned 200 predictions, scored 200, skipped 0 (missing required settlement inputs).
COMMAND: C:\Python313\python.exe C:\Developer\soccer\footy-model\src\modeling\evaluation\score_market_outcomes_fixtures_first.py --league AT1 --since-days 30 --limit 300
Scanned 138 predictions, scored 138, skipped 0 (missing required settlement inputs).
COMMAND: C:\Python313\python.exe C:\Developer\soccer\footy-model\src\modeling\evaluation\score_market_outcomes_fixtures_first.py --league BR1 --since-days 30 --limit 300
Scanned 117 predictions, scored 117, skipped 0 (missing required settlement inputs).
COMMAND: C:\Python313\python.exe C:\Developer\soccer\footy-model\src\modeling\evaluation\score_market_outcomes_fixtures_first.py --league DK1 --since-days 30 --limit 300
Scanned 96 predictions, scored 96, skipped 0 (missing required settlement inputs).
COMMAND: C:\Python313\python.exe C:\Developer\soccer\footy-model\src\modeling\evaluation\score_market_outcomes_fixtures_first.py --league IE1 --since-days 30 --limit 300
Scanned 116 predictions, scored 116, skipped 0 (missing required settlement inputs).
COMMAND: C:\Python313\python.exe C:\Developer\soccer\footy-model\src\modeling\evaluation\score_market_outcomes_fixtures_first.py --league JP1 --since-days 30 --limit 300
Scanned 226 predictions, scored 226, skipped 0 (missing required settlement inputs).
COMMAND: C:\Python313\python.exe C:\Developer\soccer\footy-model\src\modeling\evaluation\score_market_outcomes_fixtures_first.py --league MX1 --since-days 30 --limit 300
Scanned 255 predictions, scored 255, skipped 0 (missing required settlement inputs).
COMMAND: C:\Python313\python.exe C:\Developer\soccer\footy-model\src\modeling\evaluation\score_market_outcomes_fixtures_first.py --league PL1 --since-days 30 --limit 300
Scanned 201 predictions, scored 201, skipped 0 (missing required settlement inputs).
COMMAND: C:\Python313\python.exe C:\Developer\soccer\footy-model\src\modeling\evaluation\score_market_outcomes_fixtures_first.py --league RO1 --since-days 30 --limit 300
Scanned 188 predictions, scored 188, skipped 0 (missing required settlement inputs).
COMMAND: C:\Python313\python.exe C:\Developer\soccer\footy-model\src\modeling\evaluation\score_market_outcomes_fixtures_first.py --league RU1 --since-days 30 --limit 300
No eligible unscored predictions found.
COMMAND: C:\Python313\python.exe C:\Developer\soccer\footy-model\src\modeling\evaluation\score_market_outcomes_fixtures_first.py --league CH1 --since-days 30 --limit 300
Scanned 230 predictions, scored 230, skipped 0 (missing required settlement inputs).
COMMAND: C:\Python313\python.exe C:\Developer\soccer\footy-model\src\modeling\evaluation\score_market_outcomes_fixtures_first.py --league CH2 --since-days 30 --limit 300
Scanned 222 predictions, scored 222, skipped 0 (missing required settlement inputs).
COMMAND: C:\Python313\python.exe C:\Developer\soccer\footy-model\src\modeling\evaluation\score_market_outcomes_fixtures_first.py --league CL --since-days 30 --limit 300
Scanned 112 predictions, scored 112, skipped 0 (missing required settlement inputs).
COMMAND: C:\Python313\python.exe C:\Developer\soccer\footy-model\src\modeling\evaluation\score_market_outcomes_fixtures_first.py --league EL --since-days 30 --limit 300
Scanned 109 predictions, scored 109, skipped 0 (missing required settlement inputs).
COMMAND: C:\Python313\python.exe C:\Developer\soccer\footy-model\src\modeling\evaluation\score_market_outcomes_fixtures_first.py --league ECL --since-days 30 --limit 300
Scanned 107 predictions, scored 107, skipped 0 (missing required settlement inputs).
[2026-03-11T22:15:46+00:00] Score scheduler end rc=0.
[2026-03-11T23:15:05+00:00] Score scheduler start.
Log file: artifacts/logs/score_scheduler.log
Log file: artifacts\logs\score_scheduler.log
Skipping settle phase (--skip-settle).
Skipping predict phase (--skip-predict).
COMMAND: C:\Python313\python.exe C:\Developer\soccer\footy-model\src\modeling\evaluation\score_market_outcomes_fixtures_first.py --league E0 --since-days 30 --limit 300
Scanned 283 predictions, scored 283, skipped 0 (missing required settlement inputs).
COMMAND: C:\Python313\python.exe C:\Developer\soccer\footy-model\src\modeling\evaluation\score_market_outcomes_fixtures_first.py --league E1 --since-days 30 --limit 300
Scanned 300 predictions, scored 300, skipped 0 (missing required settlement inputs).
COMMAND: C:\Python313\python.exe C:\Developer\soccer\footy-model\src\modeling\evaluation\score_market_outcomes_fixtures_first.py --league E2 --since-days 30 --limit 300
Scanned 300 predictions, scored 300, skipped 0 (missing required settlement inputs).
COMMAND: C:\Python313\python.exe C:\Developer\soccer\footy-model\src\modeling\evaluation\score_market_outcomes_fixtures_first.py --league E3 --since-days 30 --limit 300
Scanned 300 predictions, scored 300, skipped 0 (missing required settlement inputs).
COMMAND: C:\Python313\python.exe C:\Developer\soccer\footy-model\src\modeling\evaluation\score_market_outcomes_fixtures_first.py --league EC --since-days 30 --limit 300
Scanned 300 predictions, scored 300, skipped 0 (missing required settlement inputs).
COMMAND: C:\Python313\python.exe C:\Developer\soccer\footy-model\src\modeling\evaluation\score_market_outcomes_fixtures_first.py --league SC0 --since-days 30 --limit 300
Scanned 191 predictions, scored 191, skipped 0 (missing required settlement inputs).
COMMAND: C:\Python313\python.exe C:\Developer\soccer\footy-model\src\modeling\evaluation\score_market_outcomes_fixtures_first.py --league SC1 --since-days 30 --limit 300
Scanned 136 predictions, scored 136, skipped 0 (missing required settlement inputs).
COMMAND: C:\Python313\python.exe C:\Developer\soccer\footy-model\src\modeling\evaluation\score_market_outcomes_fixtures_first.py --league SC2 --since-days 30 --limit 300
Scanned 136 predictions, scored 136, skipped 0 (missing required settlement inputs).
COMMAND: C:\Python313\python.exe C:\Developer\soccer\footy-model\src\modeling\evaluation\score_market_outcomes_fixtures_first.py --league SC3 --since-days 30 --limit 300
Scanned 117 predictions, scored 117, skipped 0 (missing required settlement inputs).
COMMAND: C:\Python313\python.exe C:\Developer\soccer\footy-model\src\modeling\evaluation\score_market_outcomes_fixtures_first.py --league D1 --since-days 30 --limit 300
Scanned 239 predictions, scored 239, skipped 0 (missing required settlement inputs).
COMMAND: C:\Python313\python.exe C:\Developer\soccer\footy-model\src\modeling\evaluation\score_market_outcomes_fixtures_first.py --league D2 --since-days 30 --limit 300
Scanned 208 predictions, scored 208, skipped 0 (missing required settlement inputs).
COMMAND: C:\Python313\python.exe C:\Developer\soccer\footy-model\src\modeling\evaluation\score_market_outcomes_fixtures_first.py --league I1 --since-days 30 --limit 300
Scanned 236 predictions, scored 236, skipped 0 (missing required settlement inputs).
COMMAND: C:\Python313\python.exe C:\Developer\soccer\footy-model\src\modeling\evaluation\score_market_outcomes_fixtures_first.py --league I2 --since-days 30 --limit 300
Scanned 300 predictions, scored 300, skipped 0 (missing required settlement inputs).
COMMAND: C:\Python313\python.exe C:\Developer\soccer\footy-model\src\modeling\evaluation\score_market_outcomes_fixtures_first.py --league SP1 --since-days 30 --limit 300
Scanned 218 predictions, scored 218, skipped 0 (missing required settlement inputs).
COMMAND: C:\Python313\python.exe C:\Developer\soccer\footy-model\src\modeling\evaluation\score_market_outcomes_fixtures_first.py --league SP2 --since-days 30 --limit 300
Scanned 216 predictions, scored 216, skipped 0 (missing required settlement inputs).
COMMAND: C:\Python313\python.exe C:\Developer\soccer\footy-model\src\modeling\evaluation\score_market_outcomes_fixtures_first.py --league F1 --since-days 30 --limit 300
Scanned 216 predictions, scored 216, skipped 0 (missing required settlement inputs).
COMMAND: C:\Python313\python.exe C:\Developer\soccer\footy-model\src\modeling\evaluation\score_market_outcomes_fixtures_first.py --league F2 --since-days 30 --limit 300
Scanned 197 predictions, scored 197, skipped 0 (missing required settlement inputs).
COMMAND: C:\Python313\python.exe C:\Developer\soccer\footy-model\src\modeling\evaluation\score_market_outcomes_fixtures_first.py --league N1 --since-days 30 --limit 300
Scanned 293 predictions, scored 293, skipped 0 (missing required settlement inputs).
COMMAND: C:\Python313\python.exe C:\Developer\soccer\footy-model\src\modeling\evaluation\score_market_outcomes_fixtures_first.py --league B1 --since-days 30 --limit 300
Scanned 285 predictions, scored 285, skipped 0 (missing required settlement inputs).
COMMAND: C:\Python313\python.exe C:\Developer\soccer\footy-model\src\modeling\evaluation\score_market_outcomes_fixtures_first.py --league P1 --since-days 30 --limit 300
Scanned 274 predictions, scored 274, skipped 0 (missing required settlement inputs).
COMMAND: C:\Python313\python.exe C:\Developer\soccer\footy-model\src\modeling\evaluation\score_market_outcomes_fixtures_first.py --league T1 --since-days 30 --limit 300
Scanned 163 predictions, scored 163, skipped 0 (missing required settlement inputs).
COMMAND: C:\Python313\python.exe C:\Developer\soccer\footy-model\src\modeling\evaluation\score_market_outcomes_fixtures_first.py --league G1 --since-days 30 --limit 300
Scanned 200 predictions, scored 200, skipped 0 (missing required settlement inputs).
COMMAND: C:\Python313\python.exe C:\Developer\soccer\footy-model\src\modeling\evaluation\score_market_outcomes_fixtures_first.py --league AT1 --since-days 30 --limit 300
Scanned 138 predictions, scored 138, skipped 0 (missing required settlement inputs).
COMMAND: C:\Python313\python.exe C:\Developer\soccer\footy-model\src\modeling\evaluation\score_market_outcomes_fixtures_first.py --league BR1 --since-days 30 --limit 300
Scanned 117 predictions, scored 117, skipped 0 (missing required settlement inputs).
COMMAND: C:\Python313\python.exe C:\Developer\soccer\footy-model\src\modeling\evaluation\score_market_outcomes_fixtures_first.py --league DK1 --since-days 30 --limit 300
Scanned 96 predictions, scored 96, skipped 0 (missing required settlement inputs).
COMMAND: C:\Python313\python.exe C:\Developer\soccer\footy-model\src\modeling\evaluation\score_market_outcomes_fixtures_first.py --league IE1 --since-days 30 --limit 300
Scanned 116 predictions, scored 116, skipped 0 (missing required settlement inputs).
COMMAND: C:\Python313\python.exe C:\Developer\soccer\footy-model\src\modeling\evaluation\score_market_outcomes_fixtures_first.py --league JP1 --since-days 30 --limit 300
Scanned 226 predictions, scored 226, skipped 0 (missing required settlement inputs).
COMMAND: C:\Python313\python.exe C:\Developer\soccer\footy-model\src\modeling\evaluation\score_market_outcomes_fixtures_first.py --league MX1 --since-days 30 --limit 300
Scanned 255 predictions, scored 255, skipped 0 (missing required settlement inputs).
COMMAND: C:\Python313\python.exe C:\Developer\soccer\footy-model\src\modeling\evaluation\score_market_outcomes_fixtures_first.py --league PL1 --since-days 30 --limit 300
Scanned 201 predictions, scored 201, skipped 0 (missing required settlement inputs).
COMMAND: C:\Python313\python.exe C:\Developer\soccer\footy-model\src\modeling\evaluation\score_market_outcomes_fixtures_first.py --league RO1 --since-days 30 --limit 300
Scanned 188 predictions, scored 188, skipped 0 (missing required settlement inputs).
COMMAND: C:\Python313\python.exe C:\Developer\soccer\footy-model\src\modeling\evaluation\score_market_outcomes_fixtures_first.py --league RU1 --since-days 30 --limit 300
No eligible unscored predictions found.
COMMAND: C:\Python313\python.exe C:\Developer\soccer\footy-model\src\modeling\evaluation\score_market_outcomes_fixtures_first.py --league CH1 --since-days 30 --limit 300
Scanned 230 predictions, scored 230, skipped 0 (missing required settlement inputs).
COMMAND: C:\Python313\python.exe C:\Developer\soccer\footy-model\src\modeling\evaluation\score_market_outcomes_fixtures_first.py --league CH2 --since-days 30 --limit 300
Scanned 222 predictions, scored 222, skipped 0 (missing required settlement inputs).
COMMAND: C:\Python313\python.exe C:\Developer\soccer\footy-model\src\modeling\evaluation\score_market_outcomes_fixtures_first.py --league CL --since-days 30 --limit 300
Scanned 112 predictions, scored 112, skipped 0 (missing required settlement inputs).
COMMAND: C:\Python313\python.exe C:\Developer\soccer\footy-model\src\modeling\evaluation\score_market_outcomes_fixtures_first.py --league EL --since-days 30 --limit 300
Scanned 109 predictions, scored 109, skipped 0 (missing required settlement inputs).
COMMAND: C:\Python313\python.exe C:\Developer\soccer\footy-model\src\modeling\evaluation\score_market_outcomes_fixtures_first.py --league ECL --since-days 30 --limit 300
Scanned 107 predictions, scored 107, skipped 0 (missing required settlement inputs).
[2026-03-11T23:15:38+00:00] Score scheduler end rc=0.
[2026-03-12T00:15:08+00:00] Score scheduler start.
Log file: artifacts/logs/score_scheduler.log
Log file: artifacts\logs\score_scheduler.log
Skipping settle phase (--skip-settle).
Skipping predict phase (--skip-predict).
COMMAND: C:\Python313\python.exe C:\Developer\soccer\footy-model\src\modeling\evaluation\score_market_outcomes_fixtures_first.py --league E0 --since-days 30 --limit 300
Scanned 283 predictions, scored 283, skipped 0 (missing required settlement inputs).
COMMAND: C:\Python313\python.exe C:\Developer\soccer\footy-model\src\modeling\evaluation\score_market_outcomes_fixtures_first.py --league E1 --since-days 30 --limit 300
Scanned 300 predictions, scored 300, skipped 0 (missing required settlement inputs).
COMMAND: C:\Python313\python.exe C:\Developer\soccer\footy-model\src\modeling\evaluation\score_market_outcomes_fixtures_first.py --league E2 --since-days 30 --limit 300
Scanned 300 predictions, scored 300, skipped 0 (missing required settlement inputs).
COMMAND: C:\Python313\python.exe C:\Developer\soccer\footy-model\src\modeling\evaluation\score_market_outcomes_fixtures_first.py --league E3 --since-days 30 --limit 300
Scanned 300 predictions, scored 300, skipped 0 (missing required settlement inputs).
COMMAND: C:\Python313\python.exe C:\Developer\soccer\footy-model\src\modeling\evaluation\score_market_outcomes_fixtures_first.py --league EC --since-days 30 --limit 300
Scanned 300 predictions, scored 300, skipped 0 (missing required settlement inputs).
COMMAND: C:\Python313\python.exe C:\Developer\soccer\footy-model\src\modeling\evaluation\score_market_outcomes_fixtures_first.py --league SC0 --since-days 30 --limit 300
Scanned 191 predictions, scored 191, skipped 0 (missing required settlement inputs).
COMMAND: C:\Python313\python.exe C:\Developer\soccer\footy-model\src\modeling\evaluation\score_market_outcomes_fixtures_first.py --league SC1 --since-days 30 --limit 300
Scanned 136 predictions, scored 136, skipped 0 (missing required settlement inputs).
COMMAND: C:\Python313\python.exe C:\Developer\soccer\footy-model\src\modeling\evaluation\score_market_outcomes_fixtures_first.py --league SC2 --since-days 30 --limit 300
Scanned 136 predictions, scored 136, skipped 0 (missing required settlement inputs).
COMMAND: C:\Python313\python.exe C:\Developer\soccer\footy-model\src\modeling\evaluation\score_market_outcomes_fixtures_first.py --league SC3 --since-days 30 --limit 300
Scanned 117 predictions, scored 117, skipped 0 (missing required settlement inputs).
COMMAND: C:\Python313\python.exe C:\Developer\soccer\footy-model\src\modeling\evaluation\score_market_outcomes_fixtures_first.py --league D1 --since-days 30 --limit 300
Scanned 239 predictions, scored 239, skipped 0 (missing required settlement inputs).
COMMAND: C:\Python313\python.exe C:\Developer\soccer\footy-model\src\modeling\evaluation\score_market_outcomes_fixtures_first.py --league D2 --since-days 30 --limit 300
Scanned 208 predictions, scored 208, skipped 0 (missing required settlement inputs).
COMMAND: C:\Python313\python.exe C:\Developer\soccer\footy-model\src\modeling\evaluation\score_market_outcomes_fixtures_first.py --league I1 --since-days 30 --limit 300
Scanned 236 predictions, scored 236, skipped 0 (missing required settlement inputs).
COMMAND: C:\Python313\python.exe C:\Developer\soccer\footy-model\src\modeling\evaluation\score_market_outcomes_fixtures_first.py --league I2 --since-days 30 --limit 300
Scanned 300 predictions, scored 300, skipped 0 (missing required settlement inputs).
COMMAND: C:\Python313\python.exe C:\Developer\soccer\footy-model\src\modeling\evaluation\score_market_outcomes_fixtures_first.py --league SP1 --since-days 30 --limit 300
Scanned 218 predictions, scored 218, skipped 0 (missing required settlement inputs).
COMMAND: C:\Python313\python.exe C:\Developer\soccer\footy-model\src\modeling\evaluation\score_market_outcomes_fixtures_first.py --league SP2 --since-days 30 --limit 300
Scanned 216 predictions, scored 216, skipped 0 (missing required settlement inputs).
COMMAND: C:\Python313\python.exe C:\Developer\soccer\footy-model\src\modeling\evaluation\score_market_outcomes_fixtures_first.py --league F1 --since-days 30 --limit 300
Scanned 216 predictions, scored 216, skipped 0 (missing required settlement inputs).
COMMAND: C:\Python313\python.exe C:\Developer\soccer\footy-model\src\modeling\evaluation\score_market_outcomes_fixtures_first.py --league F2 --since-days 30 --limit 300
Scanned 197 predictions, scored 197, skipped 0 (missing required settlement inputs).
COMMAND: C:\Python313\python.exe C:\Developer\soccer\footy-model\src\modeling\evaluation\score_market_outcomes_fixtures_first.py --league N1 --since-days 30 --limit 300
Scanned 293 predictions, scored 293, skipped 0 (missing required settlement inputs).
COMMAND: C:\Python313\python.exe C:\Developer\soccer\footy-model\src\modeling\evaluation\score_market_outcomes_fixtures_first.py --league B1 --since-days 30 --limit 300
Scanned 285 predictions, scored 285, skipped 0 (missing required settlement inputs).
COMMAND: C:\Python313\python.exe C:\Developer\soccer\footy-model\src\modeling\evaluation\score_market_outcomes_fixtures_first.py --league P1 --since-days 30 --limit 300
Scanned 274 predictions, scored 274, skipped 0 (missing required settlement inputs).
COMMAND: C:\Python313\python.exe C:\Developer\soccer\footy-model\src\modeling\evaluation\score_market_outcomes_fixtures_first.py --league T1 --since-days 30 --limit 300
Scanned 163 predictions, scored 163, skipped 0 (missing required settlement inputs).
COMMAND: C:\Python313\python.exe C:\Developer\soccer\footy-model\src\modeling\evaluation\score_market_outcomes_fixtures_first.py --league G1 --since-days 30 --limit 300
Scanned 200 predictions, scored 200, skipped 0 (missing required settlement inputs).
COMMAND: C:\Python313\python.exe C:\Developer\soccer\footy-model\src\modeling\evaluation\score_market_outcomes_fixtures_first.py --league AT1 --since-days 30 --limit 300
Scanned 138 predictions, scored 138, skipped 0 (missing required settlement inputs).
COMMAND: C:\Python313\python.exe C:\Developer\soccer\footy-model\src\modeling\evaluation\score_market_outcomes_fixtures_first.py --league BR1 --since-days 30 --limit 300
Scanned 117 predictions, scored 117, skipped 0 (missing required settlement inputs).
COMMAND: C:\Python313\python.exe C:\Developer\soccer\footy-model\src\modeling\evaluation\score_market_outcomes_fixtures_first.py --league DK1 --since-days 30 --limit 300
Scanned 96 predictions, scored 96, skipped 0 (missing required settlement inputs).
COMMAND: C:\Python313\python.exe C:\Developer\soccer\footy-model\src\modeling\evaluation\score_market_outcomes_fixtures_first.py --league IE1 --since-days 30 --limit 300
Scanned 116 predictions, scored 116, skipped 0 (missing required settlement inputs).
COMMAND: C:\Python313\python.exe C:\Developer\soccer\footy-model\src\modeling\evaluation\score_market_outcomes_fixtures_first.py --league JP1 --since-days 30 --limit 300
Scanned 226 predictions, scored 226, skipped 0 (missing required settlement inputs).
COMMAND: C:\Python313\python.exe C:\Developer\soccer\footy-model\src\modeling\evaluation\score_market_outcomes_fixtures_first.py --league MX1 --since-days 30 --limit 300
Scanned 255 predictions, scored 255, skipped 0 (missing required settlement inputs).
COMMAND: C:\Python313\python.exe C:\Developer\soccer\footy-model\src\modeling\evaluation\score_market_outcomes_fixtures_first.py --league PL1 --since-days 30 --limit 300
Scanned 201 predictions, scored 201, skipped 0 (missing required settlement inputs).
COMMAND: C:\Python313\python.exe C:\Developer\soccer\footy-model\src\modeling\evaluation\score_market_outcomes_fixtures_first.py --league RO1 --since-days 30 --limit 300
Scanned 188 predictions, scored 188, skipped 0 (missing required settlement inputs).
COMMAND: C:\Python313\python.exe C:\Developer\soccer\footy-model\src\modeling\evaluation\score_market_outcomes_fixtures_first.py --league RU1 --since-days 30 --limit 300
No eligible unscored predictions found.
COMMAND: C:\Python313\python.exe C:\Developer\soccer\footy-model\src\modeling\evaluation\score_market_outcomes_fixtures_first.py --league CH1 --since-days 30 --limit 300
Scanned 230 predictions, scored 230, skipped 0 (missing required settlement inputs).
COMMAND: C:\Python313\python.exe C:\Developer\soccer\footy-model\src\modeling\evaluation\score_market_outcomes_fixtures_first.py --league CH2 --since-days 30 --limit 300
Scanned 222 predictions, scored 222, skipped 0 (missing required settlement inputs).
COMMAND: C:\Python313\python.exe C:\Developer\soccer\footy-model\src\modeling\evaluation\score_market_outcomes_fixtures_first.py --league CL --since-days 30 --limit 300
Scanned 112 predictions, scored 112, skipped 0 (missing required settlement inputs).
COMMAND: C:\Python313\python.exe C:\Developer\soccer\footy-model\src\modeling\evaluation\score_market_outcomes_fixtures_first.py --league EL --since-days 30 --limit 300
Scanned 109 predictions, scored 109, skipped 0 (missing required settlement inputs).
COMMAND: C:\Python313\python.exe C:\Developer\soccer\footy-model\src\modeling\evaluation\score_market_outcomes_fixtures_first.py --league ECL --since-days 30 --limit 300
Scanned 107 predictions, scored 107, skipped 0 (missing required settlement inputs).
[2026-03-12T00:15:51+00:00] Score scheduler end rc=0.
[2026-03-12T01:15:08+00:00] Score scheduler start.
Log file: artifacts/logs/score_scheduler.log
Log file: artifacts\logs\score_scheduler.log
Skipping settle phase (--skip-settle).
Skipping predict phase (--skip-predict).
COMMAND: C:\Python313\python.exe C:\Developer\soccer\footy-model\src\modeling\evaluation\score_market_outcomes_fixtures_first.py --league E0 --since-days 30 --limit 300
Scanned 283 predictions, scored 283, skipped 0 (missing required settlement inputs).
COMMAND: C:\Python313\python.exe C:\Developer\soccer\footy-model\src\modeling\evaluation\score_market_outcomes_fixtures_first.py --league E1 --since-days 30 --limit 300
Scanned 300 predictions, scored 300, skipped 0 (missing required settlement inputs).
COMMAND: C:\Python313\python.exe C:\Developer\soccer\footy-model\src\modeling\evaluation\score_market_outcomes_fixtures_first.py --league E2 --since-days 30 --limit 300
Scanned 300 predictions, scored 300, skipped 0 (missing required settlement inputs).
COMMAND: C:\Python313\python.exe C:\Developer\soccer\footy-model\src\modeling\evaluation\score_market_outcomes_fixtures_first.py --league E3 --since-days 30 --limit 300
Scanned 300 predictions, scored 300, skipped 0 (missing required settlement inputs).
COMMAND: C:\Python313\python.exe C:\Developer\soccer\footy-model\src\modeling\evaluation\score_market_outcomes_fixtures_first.py --league EC --since-days 30 --limit 300
Scanned 300 predictions, scored 300, skipped 0 (missing required settlement inputs).
COMMAND: C:\Python313\python.exe C:\Developer\soccer\footy-model\src\modeling\evaluation\score_market_outcomes_fixtures_first.py --league SC0 --since-days 30 --limit 300
Scanned 191 predictions, scored 191, skipped 0 (missing required settlement inputs).
COMMAND: C:\Python313\python.exe C:\Developer\soccer\footy-model\src\modeling\evaluation\score_market_outcomes_fixtures_first.py --league SC1 --since-days 30 --limit 300
Scanned 136 predictions, scored 136, skipped 0 (missing required settlement inputs).
COMMAND: C:\Python313\python.exe C:\Developer\soccer\footy-model\src\modeling\evaluation\score_market_outcomes_fixtures_first.py --league SC2 --since-days 30 --limit 300
Scanned 136 predictions, scored 136, skipped 0 (missing required settlement inputs).
COMMAND: C:\Python313\python.exe C:\Developer\soccer\footy-model\src\modeling\evaluation\score_market_outcomes_fixtures_first.py --league SC3 --since-days 30 --limit 300
Scanned 117 predictions, scored 117, skipped 0 (missing required settlement inputs).
COMMAND: C:\Python313\python.exe C:\Developer\soccer\footy-model\src\modeling\evaluation\score_market_outcomes_fixtures_first.py --league D1 --since-days 30 --limit 300
Scanned 239 predictions, scored 239, skipped 0 (missing required settlement inputs).
COMMAND: C:\Python313\python.exe C:\Developer\soccer\footy-model\src\modeling\evaluation\score_market_outcomes_fixtures_first.py --league D2 --since-days 30 --limit 300
Scanned 208 predictions, scored 208, skipped 0 (missing required settlement inputs).
COMMAND: C:\Python313\python.exe C:\Developer\soccer\footy-model\src\modeling\evaluation\score_market_outcomes_fixtures_first.py --league I1 --since-days 30 --limit 300
Scanned 236 predictions, scored 236, skipped 0 (missing required settlement inputs).
COMMAND: C:\Python313\python.exe C:\Developer\soccer\footy-model\src\modeling\evaluation\score_market_outcomes_fixtures_first.py --league I2 --since-days 30 --limit 300
Scanned 300 predictions, scored 300, skipped 0 (missing required settlement inputs).
COMMAND: C:\Python313\python.exe C:\Developer\soccer\footy-model\src\modeling\evaluation\score_market_outcomes_fixtures_first.py --league SP1 --since-days 30 --limit 300
Scanned 218 predictions, scored 218, skipped 0 (missing required settlement inputs).
COMMAND: C:\Python313\python.exe C:\Developer\soccer\footy-model\src\modeling\evaluation\score_market_outcomes_fixtures_first.py --league SP2 --since-days 30 --limit 300
Scanned 216 predictions, scored 216, skipped 0 (missing required settlement inputs).
COMMAND: C:\Python313\python.exe C:\Developer\soccer\footy-model\src\modeling\evaluation\score_market_outcomes_fixtures_first.py --league F1 --since-days 30 --limit 300
Scanned 216 predictions, scored 216, skipped 0 (missing required settlement inputs).
COMMAND: C:\Python313\python.exe C:\Developer\soccer\footy-model\src\modeling\evaluation\score_market_outcomes_fixtures_first.py --league F2 --since-days 30 --limit 300
Scanned 197 predictions, scored 197, skipped 0 (missing required settlement inputs).
COMMAND: C:\Python313\python.exe C:\Developer\soccer\footy-model\src\modeling\evaluation\score_market_outcomes_fixtures_first.py --league N1 --since-days 30 --limit 300
Scanned 293 predictions, scored 293, skipped 0 (missing required settlement inputs).
COMMAND: C:\Python313\python.exe C:\Developer\soccer\footy-model\src\modeling\evaluation\score_market_outcomes_fixtures_first.py --league B1 --since-days 30 --limit 300
Scanned 285 predictions, scored 285, skipped 0 (missing required settlement inputs).
COMMAND: C:\Python313\python.exe C:\Developer\soccer\footy-model\src\modeling\evaluation\score_market_outcomes_fixtures_first.py --league P1 --since-days 30 --limit 300
Scanned 274 predictions, scored 274, skipped 0 (missing required settlement inputs).
COMMAND: C:\Python313\python.exe C:\Developer\soccer\footy-model\src\modeling\evaluation\score_market_outcomes_fixtures_first.py --league T1 --since-days 30 --limit 300
Scanned 163 predictions, scored 163, skipped 0 (missing required settlement inputs).
COMMAND: C:\Python313\python.exe C:\Developer\soccer\footy-model\src\modeling\evaluation\score_market_outcomes_fixtures_first.py --league G1 --since-days 30 --limit 300
Scanned 200 predictions, scored 200, skipped 0 (missing required settlement inputs).
COMMAND: C:\Python313\python.exe C:\Developer\soccer\footy-model\src\modeling\evaluation\score_market_outcomes_fixtures_first.py --league AT1 --since-days 30 --limit 300
Scanned 138 predictions, scored 138, skipped 0 (missing required settlement inputs).
COMMAND: C:\Python313\python.exe C:\Developer\soccer\footy-model\src\modeling\evaluation\score_market_outcomes_fixtures_first.py --league BR1 --since-days 30 --limit 300
Scanned 117 predictions, scored 117, skipped 0 (missing required settlement inputs).
COMMAND: C:\Python313\python.exe C:\Developer\soccer\footy-model\src\modeling\evaluation\score_market_outcomes_fixtures_first.py --league DK1 --since-days 30 --limit 300
Scanned 96 predictions, scored 96, skipped 0 (missing required settlement inputs).
COMMAND: C:\Python313\python.exe C:\Developer\soccer\footy-model\src\modeling\evaluation\score_market_outcomes_fixtures_first.py --league IE1 --since-days 30 --limit 300
Scanned 116 predictions, scored 116, skipped 0 (missing required settlement inputs).
COMMAND: C:\Python313\python.exe C:\Developer\soccer\footy-model\src\modeling\evaluation\score_market_outcomes_fixtures_first.py --league JP1 --since-days 30 --limit 300
Scanned 226 predictions, scored 226, skipped 0 (missing required settlement inputs).
COMMAND: C:\Python313\python.exe C:\Developer\soccer\footy-model\src\modeling\evaluation\score_market_outcomes_fixtures_first.py --league MX1 --since-days 30 --limit 300
Scanned 255 predictions, scored 255, skipped 0 (missing required settlement inputs).
COMMAND: C:\Python313\python.exe C:\Developer\soccer\footy-model\src\modeling\evaluation\score_market_outcomes_fixtures_first.py --league PL1 --since-days 30 --limit 300
Scanned 201 predictions, scored 201, skipped 0 (missing required settlement inputs).
COMMAND: C:\Python313\python.exe C:\Developer\soccer\footy-model\src\modeling\evaluation\score_market_outcomes_fixtures_first.py --league RO1 --since-days 30 --limit 300
Scanned 188 predictions, scored 188, skipped 0 (missing required settlement inputs).
COMMAND: C:\Python313\python.exe C:\Developer\soccer\footy-model\src\modeling\evaluation\score_market_outcomes_fixtures_first.py --league RU1 --since-days 30 --limit 300
No eligible unscored predictions found.
COMMAND: C:\Python313\python.exe C:\Developer\soccer\footy-model\src\modeling\evaluation\score_market_outcomes_fixtures_first.py --league CH1 --since-days 30 --limit 300
Scanned 230 predictions, scored 230, skipped 0 (missing required settlement inputs).
COMMAND: C:\Python313\python.exe C:\Developer\soccer\footy-model\src\modeling\evaluation\score_market_outcomes_fixtures_first.py --league CH2 --since-days 30 --limit 300
Scanned 222 predictions, scored 222, skipped 0 (missing required settlement inputs).
COMMAND: C:\Python313\python.exe C:\Developer\soccer\footy-model\src\modeling\evaluation\score_market_outcomes_fixtures_first.py --league CL --since-days 30 --limit 300
Scanned 112 predictions, scored 112, skipped 0 (missing required settlement inputs).
COMMAND: C:\Python313\python.exe C:\Developer\soccer\footy-model\src\modeling\evaluation\score_market_outcomes_fixtures_first.py --league EL --since-days 30 --limit 300
Scanned 109 predictions, scored 109, skipped 0 (missing required settlement inputs).
COMMAND: C:\Python313\python.exe C:\Developer\soccer\footy-model\src\modeling\evaluation\score_market_outcomes_fixtures_first.py --league ECL --since-days 30 --limit 300
Scanned 107 predictions, scored 107, skipped 0 (missing required settlement inputs).
[2026-03-12T01:15:42+00:00] Score scheduler end rc=0.
[2026-03-12T02:15:08+00:00] Score scheduler start.
Log file: artifacts/logs/score_scheduler.log
Log file: artifacts\logs\score_scheduler.log
Skipping settle phase (--skip-settle).
Skipping predict phase (--skip-predict).
COMMAND: C:\Python313\python.exe C:\Developer\soccer\footy-model\src\modeling\evaluation\score_market_outcomes_fixtures_first.py --league E0 --since-days 30 --limit 300
Scanned 283 predictions, scored 283, skipped 0 (missing required settlement inputs).
COMMAND: C:\Python313\python.exe C:\Developer\soccer\footy-model\src\modeling\evaluation\score_market_outcomes_fixtures_first.py --league E1 --since-days 30 --limit 300
Scanned 300 predictions, scored 300, skipped 0 (missing required settlement inputs).
COMMAND: C:\Python313\python.exe C:\Developer\soccer\footy-model\src\modeling\evaluation\score_market_outcomes_fixtures_first.py --league E2 --since-days 30 --limit 300
Scanned 300 predictions, scored 300, skipped 0 (missing required settlement inputs).
COMMAND: C:\Python313\python.exe C:\Developer\soccer\footy-model\src\modeling\evaluation\score_market_outcomes_fixtures_first.py --league E3 --since-days 30 --limit 300
Scanned 300 predictions, scored 300, skipped 0 (missing required settlement inputs).
COMMAND: C:\Python313\python.exe C:\Developer\soccer\footy-model\src\modeling\evaluation\score_market_outcomes_fixtures_first.py --league EC --since-days 30 --limit 300
Scanned 300 predictions, scored 300, skipped 0 (missing required settlement inputs).
COMMAND: C:\Python313\python.exe C:\Developer\soccer\footy-model\src\modeling\evaluation\score_market_outcomes_fixtures_first.py --league SC0 --since-days 30 --limit 300
Scanned 191 predictions, scored 191, skipped 0 (missing required settlement inputs).
COMMAND: C:\Python313\python.exe C:\Developer\soccer\footy-model\src\modeling\evaluation\score_market_outcomes_fixtures_first.py --league SC1 --since-days 30 --limit 300
Scanned 136 predictions, scored 136, skipped 0 (missing required settlement inputs).
COMMAND: C:\Python313\python.exe C:\Developer\soccer\footy-model\src\modeling\evaluation\score_market_outcomes_fixtures_first.py --league SC2 --since-days 30 --limit 300
Scanned 136 predictions, scored 136, skipped 0 (missing required settlement inputs).
COMMAND: C:\Python313\python.exe C:\Developer\soccer\footy-model\src\modeling\evaluation\score_market_outcomes_fixtures_first.py --league SC3 --since-days 30 --limit 300
Scanned 117 predictions, scored 117, skipped 0 (missing required settlement inputs).
COMMAND: C:\Python313\python.exe C:\Developer\soccer\footy-model\src\modeling\evaluation\score_market_outcomes_fixtures_first.py --league D1 --since-days 30 --limit 300
Scanned 239 predictions, scored 239, skipped 0 (missing required settlement inputs).
COMMAND: C:\Python313\python.exe C:\Developer\soccer\footy-model\src\modeling\evaluation\score_market_outcomes_fixtures_first.py --league D2 --since-days 30 --limit 300
Scanned 208 predictions, scored 208, skipped 0 (missing required settlement inputs).
COMMAND: C:\Python313\python.exe C:\Developer\soccer\footy-model\src\modeling\evaluation\score_market_outcomes_fixtures_first.py --league I1 --since-days 30 --limit 300
Scanned 236 predictions, scored 236, skipped 0 (missing required settlement inputs).
COMMAND: C:\Python313\python.exe C:\Developer\soccer\footy-model\src\modeling\evaluation\score_market_outcomes_fixtures_first.py --league I2 --since-days 30 --limit 300
Scanned 300 predictions, scored 300, skipped 0 (missing required settlement inputs).
COMMAND: C:\Python313\python.exe C:\Developer\soccer\footy-model\src\modeling\evaluation\score_market_outcomes_fixtures_first.py --league SP1 --since-days 30 --limit 300
Scanned 218 predictions, scored 218, skipped 0 (missing required settlement inputs).
COMMAND: C:\Python313\python.exe C:\Developer\soccer\footy-model\src\modeling\evaluation\score_market_outcomes_fixtures_first.py --league SP2 --since-days 30 --limit 300
Scanned 216 predictions, scored 216, skipped 0 (missing required settlement inputs).
COMMAND: C:\Python313\python.exe C:\Developer\soccer\footy-model\src\modeling\evaluation\score_market_outcomes_fixtures_first.py --league F1 --since-days 30 --limit 300
Scanned 216 predictions, scored 216, skipped 0 (missing required settlement inputs).
COMMAND: C:\Python313\python.exe C:\Developer\soccer\footy-model\src\modeling\evaluation\score_market_outcomes_fixtures_first.py --league F2 --since-days 30 --limit 300
Scanned 197 predictions, scored 197, skipped 0 (missing required settlement inputs).
COMMAND: C:\Python313\python.exe C:\Developer\soccer\footy-model\src\modeling\evaluation\score_market_outcomes_fixtures_first.py --league N1 --since-days 30 --limit 300
Scanned 293 predictions, scored 293, skipped 0 (missing required settlement inputs).
COMMAND: C:\Python313\python.exe C:\Developer\soccer\footy-model\src\modeling\evaluation\score_market_outcomes_fixtures_first.py --league B1 --since-days 30 --limit 300
Scanned 285 predictions, scored 285, skipped 0 (missing required settlement inputs).
COMMAND: C:\Python313\python.exe C:\Developer\soccer\footy-model\src\modeling\evaluation\score_market_outcomes_fixtures_first.py --league P1 --since-days 30 --limit 300
Scanned 274 predictions, scored 274, skipped 0 (missing required settlement inputs).
COMMAND: C:\Python313\python.exe C:\Developer\soccer\footy-model\src\modeling\evaluation\score_market_outcomes_fixtures_first.py --league T1 --since-days 30 --limit 300
Scanned 163 predictions, scored 163, skipped 0 (missing required settlement inputs).
COMMAND: C:\Python313\python.exe C:\Developer\soccer\footy-model\src\modeling\evaluation\score_market_outcomes_fixtures_first.py --league G1 --since-days 30 --limit 300
Scanned 200 predictions, scored 200, skipped 0 (missing required settlement inputs).
COMMAND: C:\Python313\python.exe C:\Developer\soccer\footy-model\src\modeling\evaluation\score_market_outcomes_fixtures_first.py --league AT1 --since-days 30 --limit 300
Scanned 138 predictions, scored 138, skipped 0 (missing required settlement inputs).
COMMAND: C:\Python313\python.exe C:\Developer\soccer\footy-model\src\modeling\evaluation\score_market_outcomes_fixtures_first.py --league BR1 --since-days 30 --limit 300
Scanned 117 predictions, scored 117, skipped 0 (missing required settlement inputs).
COMMAND: C:\Python313\python.exe C:\Developer\soccer\footy-model\src\modeling\evaluation\score_market_outcomes_fixtures_first.py --league DK1 --since-days 30 --limit 300
Scanned 96 predictions, scored 96, skipped 0 (missing required settlement inputs).
COMMAND: C:\Python313\python.exe C:\Developer\soccer\footy-model\src\modeling\evaluation\score_market_outcomes_fixtures_first.py --league IE1 --since-days 30 --limit 300
Scanned 116 predictions, scored 116, skipped 0 (missing required settlement inputs).
COMMAND: C:\Python313\python.exe C:\Developer\soccer\footy-model\src\modeling\evaluation\score_market_outcomes_fixtures_first.py --league JP1 --since-days 30 --limit 300
Scanned 226 predictions, scored 226, skipped 0 (missing required settlement inputs).
COMMAND: C:\Python313\python.exe C:\Developer\soccer\footy-model\src\modeling\evaluation\score_market_outcomes_fixtures_first.py --league MX1 --since-days 30 --limit 300
Scanned 255 predictions, scored 255, skipped 0 (missing required settlement inputs).
COMMAND: C:\Python313\python.exe C:\Developer\soccer\footy-model\src\modeling\evaluation\score_market_outcomes_fixtures_first.py --league PL1 --since-days 30 --limit 300
Scanned 201 predictions, scored 201, skipped 0 (missing required settlement inputs).
COMMAND: C:\Python313\python.exe C:\Developer\soccer\footy-model\src\modeling\evaluation\score_market_outcomes_fixtures_first.py --league RO1 --since-days 30 --limit 300
Scanned 188 predictions, scored 188, skipped 0 (missing required settlement inputs).
COMMAND: C:\Python313\python.exe C:\Developer\soccer\footy-model\src\modeling\evaluation\score_market_outcomes_fixtures_first.py --league RU1 --since-days 30 --limit 300
No eligible unscored predictions found.
COMMAND: C:\Python313\python.exe C:\Developer\soccer\footy-model\src\modeling\evaluation\score_market_outcomes_fixtures_first.py --league CH1 --since-days 30 --limit 300
Scanned 230 predictions, scored 230, skipped 0 (missing required settlement inputs).
COMMAND: C:\Python313\python.exe C:\Developer\soccer\footy-model\src\modeling\evaluation\score_market_outcomes_fixtures_first.py --league CH2 --since-days 30 --limit 300
Scanned 222 predictions, scored 222, skipped 0 (missing required settlement inputs).
COMMAND: C:\Python313\python.exe C:\Developer\soccer\footy-model\src\modeling\evaluation\score_market_outcomes_fixtures_first.py --league CL --since-days 30 --limit 300
Scanned 112 predictions, scored 112, skipped 0 (missing required settlement inputs).
COMMAND: C:\Python313\python.exe C:\Developer\soccer\footy-model\src\modeling\evaluation\score_market_outcomes_fixtures_first.py --league EL --since-days 30 --limit 300
Scanned 109 predictions, scored 109, skipped 0 (missing required settlement inputs).
COMMAND: C:\Python313\python.exe C:\Developer\soccer\footy-model\src\modeling\evaluation\score_market_outcomes_fixtures_first.py --league ECL --since-days 30 --limit 300
Scanned 107 predictions, scored 107, skipped 0 (missing required settlement inputs).
[2026-03-12T02:15:52+00:00] Score scheduler end rc=0.
[2026-03-12T03:15:08+00:00] Score scheduler start.
Log file: artifacts/logs/score_scheduler.log
Log file: artifacts\logs\score_scheduler.log
Skipping settle phase (--skip-settle).
Skipping predict phase (--skip-predict).
COMMAND: C:\Python313\python.exe C:\Developer\soccer\footy-model\src\modeling\evaluation\score_market_outcomes_fixtures_first.py --league E0 --since-days 30 --limit 300
Scanned 283 predictions, scored 283, skipped 0 (missing required settlement inputs).
COMMAND: C:\Python313\python.exe C:\Developer\soccer\footy-model\src\modeling\evaluation\score_market_outcomes_fixtures_first.py --league E1 --since-days 30 --limit 300
Scanned 300 predictions, scored 300, skipped 0 (missing required settlement inputs).
COMMAND: C:\Python313\python.exe C:\Developer\soccer\footy-model\src\modeling\evaluation\score_market_outcomes_fixtures_first.py --league E2 --since-days 30 --limit 300
Scanned 300 predictions, scored 300, skipped 0 (missing required settlement inputs).
COMMAND: C:\Python313\python.exe C:\Developer\soccer\footy-model\src\modeling\evaluation\score_market_outcomes_fixtures_first.py --league E3 --since-days 30 --limit 300
Scanned 300 predictions, scored 300, skipped 0 (missing required settlement inputs).
COMMAND: C:\Python313\python.exe C:\Developer\soccer\footy-model\src\modeling\evaluation\score_market_outcomes_fixtures_first.py --league EC --since-days 30 --limit 300
Scanned 300 predictions, scored 300, skipped 0 (missing required settlement inputs).
COMMAND: C:\Python313\python.exe C:\Developer\soccer\footy-model\src\modeling\evaluation\score_market_outcomes_fixtures_first.py --league SC0 --since-days 30 --limit 300
Scanned 191 predictions, scored 191, skipped 0 (missing required settlement inputs).
COMMAND: C:\Python313\python.exe C:\Developer\soccer\footy-model\src\modeling\evaluation\score_market_outcomes_fixtures_first.py --league SC1 --since-days 30 --limit 300
Scanned 136 predictions, scored 136, skipped 0 (missing required settlement inputs).
COMMAND: C:\Python313\python.exe C:\Developer\soccer\footy-model\src\modeling\evaluation\score_market_outcomes_fixtures_first.py --league SC2 --since-days 30 --limit 300
Scanned 136 predictions, scored 136, skipped 0 (missing required settlement inputs).
COMMAND: C:\Python313\python.exe C:\Developer\soccer\footy-model\src\modeling\evaluation\score_market_outcomes_fixtures_first.py --league SC3 --since-days 30 --limit 300
Scanned 117 predictions, scored 117, skipped 0 (missing required settlement inputs).
COMMAND: C:\Python313\python.exe C:\Developer\soccer\footy-model\src\modeling\evaluation\score_market_outcomes_fixtures_first.py --league D1 --since-days 30 --limit 300
Scanned 239 predictions, scored 239, skipped 0 (missing required settlement inputs).
COMMAND: C:\Python313\python.exe C:\Developer\soccer\footy-model\src\modeling\evaluation\score_market_outcomes_fixtures_first.py --league D2 --since-days 30 --limit 300
Scanned 208 predictions, scored 208, skipped 0 (missing required settlement inputs).
COMMAND: C:\Python313\python.exe C:\Developer\soccer\footy-model\src\modeling\evaluation\score_market_outcomes_fixtures_first.py --league I1 --since-days 30 --limit 300
Scanned 236 predictions, scored 236, skipped 0 (missing required settlement inputs).
COMMAND: C:\Python313\python.exe C:\Developer\soccer\footy-model\src\modeling\evaluation\score_market_outcomes_fixtures_first.py --league I2 --since-days 30 --limit 300
Scanned 300 predictions, scored 300, skipped 0 (missing required settlement inputs).
COMMAND: C:\Python313\python.exe C:\Developer\soccer\footy-model\src\modeling\evaluation\score_market_outcomes_fixtures_first.py --league SP1 --since-days 30 --limit 300
Scanned 218 predictions, scored 218, skipped 0 (missing required settlement inputs).
COMMAND: C:\Python313\python.exe C:\Developer\soccer\footy-model\src\modeling\evaluation\score_market_outcomes_fixtures_first.py --league SP2 --since-days 30 --limit 300
Scanned 216 predictions, scored 216, skipped 0 (missing required settlement inputs).
COMMAND: C:\Python313\python.exe C:\Developer\soccer\footy-model\src\modeling\evaluation\score_market_outcomes_fixtures_first.py --league F1 --since-days 30 --limit 300
Scanned 216 predictions, scored 216, skipped 0 (missing required settlement inputs).
COMMAND: C:\Python313\python.exe C:\Developer\soccer\footy-model\src\modeling\evaluation\score_market_outcomes_fixtures_first.py --league F2 --since-days 30 --limit 300
Scanned 197 predictions, scored 197, skipped 0 (missing required settlement inputs).
COMMAND: C:\Python313\python.exe C:\Developer\soccer\footy-model\src\modeling\evaluation\score_market_outcomes_fixtures_first.py --league N1 --since-days 30 --limit 300
Scanned 293 predictions, scored 293, skipped 0 (missing required settlement inputs).
COMMAND: C:\Python313\python.exe C:\Developer\soccer\footy-model\src\modeling\evaluation\score_market_outcomes_fixtures_first.py --league B1 --since-days 30 --limit 300
Scanned 285 predictions, scored 285, skipped 0 (missing required settlement inputs).
COMMAND: C:\Python313\python.exe C:\Developer\soccer\footy-model\src\modeling\evaluation\score_market_outcomes_fixtures_first.py --league P1 --since-days 30 --limit 300
Scanned 274 predictions, scored 274, skipped 0 (missing required settlement inputs).
COMMAND: C:\Python313\python.exe C:\Developer\soccer\footy-model\src\modeling\evaluation\score_market_outcomes_fixtures_first.py --league T1 --since-days 30 --limit 300
Scanned 163 predictions, scored 163, skipped 0 (missing required settlement inputs).
COMMAND: C:\Python313\python.exe C:\Developer\soccer\footy-model\src\modeling\evaluation\score_market_outcomes_fixtures_first.py --league G1 --since-days 30 --limit 300
Scanned 200 predictions, scored 200, skipped 0 (missing required settlement inputs).
COMMAND: C:\Python313\python.exe C:\Developer\soccer\footy-model\src\modeling\evaluation\score_market_outcomes_fixtures_first.py --league AT1 --since-days 30 --limit 300
Scanned 138 predictions, scored 138, skipped 0 (missing required settlement inputs).
COMMAND: C:\Python313\python.exe C:\Developer\soccer\footy-model\src\modeling\evaluation\score_market_outcomes_fixtures_first.py --league BR1 --since-days 30 --limit 300
Scanned 117 predictions, scored 117, skipped 0 (missing required settlement inputs).
COMMAND: C:\Python313\python.exe C:\Developer\soccer\footy-model\src\modeling\evaluation\score_market_outcomes_fixtures_first.py --league DK1 --since-days 30 --limit 300
Scanned 96 predictions, scored 96, skipped 0 (missing required settlement inputs).
COMMAND: C:\Python313\python.exe C:\Developer\soccer\footy-model\src\modeling\evaluation\score_market_outcomes_fixtures_first.py --league IE1 --since-days 30 --limit 300
Scanned 116 predictions, scored 116, skipped 0 (missing required settlement inputs).
COMMAND: C:\Python313\python.exe C:\Developer\soccer\footy-model\src\modeling\evaluation\score_market_outcomes_fixtures_first.py --league JP1 --since-days 30 --limit 300
Scanned 226 predictions, scored 226, skipped 0 (missing required settlement inputs).
COMMAND: C:\Python313\python.exe C:\Developer\soccer\footy-model\src\modeling\evaluation\score_market_outcomes_fixtures_first.py --league MX1 --since-days 30 --limit 300
Scanned 255 predictions, scored 255, skipped 0 (missing required settlement inputs).
COMMAND: C:\Python313\python.exe C:\Developer\soccer\footy-model\src\modeling\evaluation\score_market_outcomes_fixtures_first.py --league PL1 --since-days 30 --limit 300
Scanned 201 predictions, scored 201, skipped 0 (missing required settlement inputs).
COMMAND: C:\Python313\python.exe C:\Developer\soccer\footy-model\src\modeling\evaluation\score_market_outcomes_fixtures_first.py --league RO1 --since-days 30 --limit 300
Scanned 188 predictions, scored 188, skipped 0 (missing required settlement inputs).
COMMAND: C:\Python313\python.exe C:\Developer\soccer\footy-model\src\modeling\evaluation\score_market_outcomes_fixtures_first.py --league RU1 --since-days 30 --limit 300
No eligible unscored predictions found.
COMMAND: C:\Python313\python.exe C:\Developer\soccer\footy-model\src\modeling\evaluation\score_market_outcomes_fixtures_first.py --league CH1 --since-days 30 --limit 300
Scanned 230 predictions, scored 230, skipped 0 (missing required settlement inputs).
COMMAND: C:\Python313\python.exe C:\Developer\soccer\footy-model\src\modeling\evaluation\score_market_outcomes_fixtures_first.py --league CH2 --since-days 30 --limit 300
Scanned 222 predictions, scored 222, skipped 0 (missing required settlement inputs).
COMMAND: C:\Python313\python.exe C:\Developer\soccer\footy-model\src\modeling\evaluation\score_market_outcomes_fixtures_first.py --league CL --since-days 30 --limit 300
Scanned 112 predictions, scored 112, skipped 0 (missing required settlement inputs).
COMMAND: C:\Python313\python.exe C:\Developer\soccer\footy-model\src\modeling\evaluation\score_market_outcomes_fixtures_first.py --league EL --since-days 30 --limit 300
Scanned 109 predictions, scored 109, skipped 0 (missing required settlement inputs).
COMMAND: C:\Python313\python.exe C:\Developer\soccer\footy-model\src\modeling\evaluation\score_market_outcomes_fixtures_first.py --league ECL --since-days 30 --limit 300
Scanned 107 predictions, scored 107, skipped 0 (missing required settlement inputs).
[2026-03-12T03:15:42+00:00] Score scheduler end rc=0.
[2026-03-12T04:15:01+00:00] Score scheduler start.
Log file: artifacts/logs/score_scheduler.log
Log file: artifacts\logs\score_scheduler.log
Skipping settle phase (--skip-settle).
Skipping predict phase (--skip-predict).
COMMAND: C:\Python313\python.exe C:\Developer\soccer\footy-model\src\modeling\evaluation\score_market_outcomes_fixtures_first.py --league E0 --since-days 30 --limit 300
Scanned 283 predictions, scored 283, skipped 0 (missing required settlement inputs).
COMMAND: C:\Python313\python.exe C:\Developer\soccer\footy-model\src\modeling\evaluation\score_market_outcomes_fixtures_first.py --league E1 --since-days 30 --limit 300
Scanned 300 predictions, scored 300, skipped 0 (missing required settlement inputs).
COMMAND: C:\Python313\python.exe C:\Developer\soccer\footy-model\src\modeling\evaluation\score_market_outcomes_fixtures_first.py --league E2 --since-days 30 --limit 300
Scanned 300 predictions, scored 300, skipped 0 (missing required settlement inputs).
COMMAND: C:\Python313\python.exe C:\Developer\soccer\footy-model\src\modeling\evaluation\score_market_outcomes_fixtures_first.py --league E3 --since-days 30 --limit 300
Scanned 300 predictions, scored 300, skipped 0 (missing required settlement inputs).
COMMAND: C:\Python313\python.exe C:\Developer\soccer\footy-model\src\modeling\evaluation\score_market_outcomes_fixtures_first.py --league EC --since-days 30 --limit 300
Scanned 300 predictions, scored 300, skipped 0 (missing required settlement inputs).
COMMAND: C:\Python313\python.exe C:\Developer\soccer\footy-model\src\modeling\evaluation\score_market_outcomes_fixtures_first.py --league SC0 --since-days 30 --limit 300
Scanned 191 predictions, scored 191, skipped 0 (missing required settlement inputs).
COMMAND: C:\Python313\python.exe C:\Developer\soccer\footy-model\src\modeling\evaluation\score_market_outcomes_fixtures_first.py --league SC1 --since-days 30 --limit 300
Scanned 136 predictions, scored 136, skipped 0 (missing required settlement inputs).
COMMAND: C:\Python313\python.exe C:\Developer\soccer\footy-model\src\modeling\evaluation\score_market_outcomes_fixtures_first.py --league SC2 --since-days 30 --limit 300
Scanned 136 predictions, scored 136, skipped 0 (missing required settlement inputs).
COMMAND: C:\Python313\python.exe C:\Developer\soccer\footy-model\src\modeling\evaluation\score_market_outcomes_fixtures_first.py --league SC3 --since-days 30 --limit 300
Scanned 117 predictions, scored 117, skipped 0 (missing required settlement inputs).
COMMAND: C:\Python313\python.exe C:\Developer\soccer\footy-model\src\modeling\evaluation\score_market_outcomes_fixtures_first.py --league D1 --since-days 30 --limit 300
Scanned 239 predictions, scored 239, skipped 0 (missing required settlement inputs).
COMMAND: C:\Python313\python.exe C:\Developer\soccer\footy-model\src\modeling\evaluation\score_market_outcomes_fixtures_first.py --league D2 --since-days 30 --limit 300
Scanned 208 predictions, scored 208, skipped 0 (missing required settlement inputs).
COMMAND: C:\Python313\python.exe C:\Developer\soccer\footy-model\src\modeling\evaluation\score_market_outcomes_fixtures_first.py --league I1 --since-days 30 --limit 300
Scanned 236 predictions, scored 236, skipped 0 (missing required settlement inputs).
COMMAND: C:\Python313\python.exe C:\Developer\soccer\footy-model\src\modeling\evaluation\score_market_outcomes_fixtures_first.py --league I2 --since-days 30 --limit 300
Scanned 300 predictions, scored 300, skipped 0 (missing required settlement inputs).
COMMAND: C:\Python313\python.exe C:\Developer\soccer\footy-model\src\modeling\evaluation\score_market_outcomes_fixtures_first.py --league SP1 --since-days 30 --limit 300
Scanned 218 predictions, scored 218, skipped 0 (missing required settlement inputs).
COMMAND: C:\Python313\python.exe C:\Developer\soccer\footy-model\src\modeling\evaluation\score_market_outcomes_fixtures_first.py --league SP2 --since-days 30 --limit 300
Scanned 216 predictions, scored 216, skipped 0 (missing required settlement inputs).
COMMAND: C:\Python313\python.exe C:\Developer\soccer\footy-model\src\modeling\evaluation\score_market_outcomes_fixtures_first.py --league F1 --since-days 30 --limit 300
Scanned 216 predictions, scored 216, skipped 0 (missing required settlement inputs).
COMMAND: C:\Python313\python.exe C:\Developer\soccer\footy-model\src\modeling\evaluation\score_market_outcomes_fixtures_first.py --league F2 --since-days 30 --limit 300
Scanned 197 predictions, scored 197, skipped 0 (missing required settlement inputs).
COMMAND: C:\Python313\python.exe C:\Developer\soccer\footy-model\src\modeling\evaluation\score_market_outcomes_fixtures_first.py --league N1 --since-days 30 --limit 300
Scanned 293 predictions, scored 293, skipped 0 (missing required settlement inputs).
COMMAND: C:\Python313\python.exe C:\Developer\soccer\footy-model\src\modeling\evaluation\score_market_outcomes_fixtures_first.py --league B1 --since-days 30 --limit 300
Scanned 285 predictions, scored 285, skipped 0 (missing required settlement inputs).
COMMAND: C:\Python313\python.exe C:\Developer\soccer\footy-model\src\modeling\evaluation\score_market_outcomes_fixtures_first.py --league P1 --since-days 30 --limit 300
Scanned 274 predictions, scored 274, skipped 0 (missing required settlement inputs).
COMMAND: C:\Python313\python.exe C:\Developer\soccer\footy-model\src\modeling\evaluation\score_market_outcomes_fixtures_first.py --league T1 --since-days 30 --limit 300
Scanned 163 predictions, scored 163, skipped 0 (missing required settlement inputs).
COMMAND: C:\Python313\python.exe C:\Developer\soccer\footy-model\src\modeling\evaluation\score_market_outcomes_fixtures_first.py --league G1 --since-days 30 --limit 300
Scanned 200 predictions, scored 200, skipped 0 (missing required settlement inputs).
COMMAND: C:\Python313\python.exe C:\Developer\soccer\footy-model\src\modeling\evaluation\score_market_outcomes_fixtures_first.py --league AT1 --since-days 30 --limit 300
Scanned 138 predictions, scored 138, skipped 0 (missing required settlement inputs).
COMMAND: C:\Python313\python.exe C:\Developer\soccer\footy-model\src\modeling\evaluation\score_market_outcomes_fixtures_first.py --league BR1 --since-days 30 --limit 300
Scanned 159 predictions, scored 159, skipped 0 (missing required settlement inputs).
COMMAND: C:\Python313\python.exe C:\Developer\soccer\footy-model\src\modeling\evaluation\score_market_outcomes_fixtures_first.py --league DK1 --since-days 30 --limit 300
Scanned 96 predictions, scored 96, skipped 0 (missing required settlement inputs).
COMMAND: C:\Python313\python.exe C:\Developer\soccer\footy-model\src\modeling\evaluation\score_market_outcomes_fixtures_first.py --league IE1 --since-days 30 --limit 300
Scanned 116 predictions, scored 116, skipped 0 (missing required settlement inputs).
COMMAND: C:\Python313\python.exe C:\Developer\soccer\footy-model\src\modeling\evaluation\score_market_outcomes_fixtures_first.py --league JP1 --since-days 30 --limit 300
Scanned 226 predictions, scored 226, skipped 0 (missing required settlement inputs).
COMMAND: C:\Python313\python.exe C:\Developer\soccer\footy-model\src\modeling\evaluation\score_market_outcomes_fixtures_first.py --league MX1 --since-days 30 --limit 300
Scanned 255 predictions, scored 255, skipped 0 (missing required settlement inputs).
COMMAND: C:\Python313\python.exe C:\Developer\soccer\footy-model\src\modeling\evaluation\score_market_outcomes_fixtures_first.py --league PL1 --since-days 30 --limit 300
Scanned 201 predictions, scored 201, skipped 0 (missing required settlement inputs).
COMMAND: C:\Python313\python.exe C:\Developer\soccer\footy-model\src\modeling\evaluation\score_market_outcomes_fixtures_first.py --league RO1 --since-days 30 --limit 300
Scanned 188 predictions, scored 188, skipped 0 (missing required settlement inputs).
COMMAND: C:\Python313\python.exe C:\Developer\soccer\footy-model\src\modeling\evaluation\score_market_outcomes_fixtures_first.py --league RU1 --since-days 30 --limit 300
No eligible unscored predictions found.
COMMAND: C:\Python313\python.exe C:\Developer\soccer\footy-model\src\modeling\evaluation\score_market_outcomes_fixtures_first.py --league CH1 --since-days 30 --limit 300
Scanned 230 predictions, scored 230, skipped 0 (missing required settlement inputs).
COMMAND: C:\Python313\python.exe C:\Developer\soccer\footy-model\src\modeling\evaluation\score_market_outcomes_fixtures_first.py --league CH2 --since-days 30 --limit 300
Scanned 222 predictions, scored 222, skipped 0 (missing required settlement inputs).
COMMAND: C:\Python313\python.exe C:\Developer\soccer\footy-model\src\modeling\evaluation\score_market_outcomes_fixtures_first.py --league CL --since-days 30 --limit 300
Scanned 112 predictions, scored 112, skipped 0 (missing required settlement inputs).
COMMAND: C:\Python313\python.exe C:\Developer\soccer\footy-model\src\modeling\evaluation\score_market_outcomes_fixtures_first.py --league EL --since-days 30 --limit 300
Scanned 109 predictions, scored 109, skipped 0 (missing required settlement inputs).
COMMAND: C:\Python313\python.exe C:\Developer\soccer\footy-model\src\modeling\evaluation\score_market_outcomes_fixtures_first.py --league ECL --since-days 30 --limit 300
Scanned 107 predictions, scored 107, skipped 0 (missing required settlement inputs).
[2026-03-12T04:15:47+00:00] Score scheduler end rc=0.
[2026-03-12T05:15:02+00:00] Score scheduler start.
Log file: artifacts/logs/score_scheduler.log
Log file: artifacts\logs\score_scheduler.log
Skipping settle phase (--skip-settle).
Skipping predict phase (--skip-predict).
COMMAND: C:\Python313\python.exe C:\Developer\soccer\footy-model\src\modeling\evaluation\score_market_outcomes_fixtures_first.py --league E0 --since-days 30 --limit 300
Scanned 283 predictions, scored 283, skipped 0 (missing required settlement inputs).
COMMAND: C:\Python313\python.exe C:\Developer\soccer\footy-model\src\modeling\evaluation\score_market_outcomes_fixtures_first.py --league E1 --since-days 30 --limit 300
Scanned 300 predictions, scored 300, skipped 0 (missing required settlement inputs).
COMMAND: C:\Python313\python.exe C:\Developer\soccer\footy-model\src\modeling\evaluation\score_market_outcomes_fixtures_first.py --league E2 --since-days 30 --limit 300
Scanned 300 predictions, scored 300, skipped 0 (missing required settlement inputs).
COMMAND: C:\Python313\python.exe C:\Developer\soccer\footy-model\src\modeling\evaluation\score_market_outcomes_fixtures_first.py --league E3 --since-days 30 --limit 300
Scanned 300 predictions, scored 300, skipped 0 (missing required settlement inputs).
COMMAND: C:\Python313\python.exe C:\Developer\soccer\footy-model\src\modeling\evaluation\score_market_outcomes_fixtures_first.py --league EC --since-days 30 --limit 300
Scanned 300 predictions, scored 300, skipped 0 (missing required settlement inputs).
COMMAND: C:\Python313\python.exe C:\Developer\soccer\footy-model\src\modeling\evaluation\score_market_outcomes_fixtures_first.py --league SC0 --since-days 30 --limit 300
Scanned 191 predictions, scored 191, skipped 0 (missing required settlement inputs).
COMMAND: C:\Python313\python.exe C:\Developer\soccer\footy-model\src\modeling\evaluation\score_market_outcomes_fixtures_first.py --league SC1 --since-days 30 --limit 300
Scanned 136 predictions, scored 136, skipped 0 (missing required settlement inputs).
COMMAND: C:\Python313\python.exe C:\Developer\soccer\footy-model\src\modeling\evaluation\score_market_outcomes_fixtures_first.py --league SC2 --since-days 30 --limit 300
Scanned 136 predictions, scored 136, skipped 0 (missing required settlement inputs).
COMMAND: C:\Python313\python.exe C:\Developer\soccer\footy-model\src\modeling\evaluation\score_market_outcomes_fixtures_first.py --league SC3 --since-days 30 --limit 300
Scanned 117 predictions, scored 117, skipped 0 (missing required settlement inputs).
COMMAND: C:\Python313\python.exe C:\Developer\soccer\footy-model\src\modeling\evaluation\score_market_outcomes_fixtures_first.py --league D1 --since-days 30 --limit 300
Scanned 239 predictions, scored 239, skipped 0 (missing required settlement inputs).
COMMAND: C:\Python313\python.exe C:\Developer\soccer\footy-model\src\modeling\evaluation\score_market_outcomes_fixtures_first.py --league D2 --since-days 30 --limit 300
Scanned 208 predictions, scored 208, skipped 0 (missing required settlement inputs).
COMMAND: C:\Python313\python.exe C:\Developer\soccer\footy-model\src\modeling\evaluation\score_market_outcomes_fixtures_first.py --league I1 --since-days 30 --limit 300
Scanned 236 predictions, scored 236, skipped 0 (missing required settlement inputs).
COMMAND: C:\Python313\python.exe C:\Developer\soccer\footy-model\src\modeling\evaluation\score_market_outcomes_fixtures_first.py --league I2 --since-days 30 --limit 300
Scanned 300 predictions, scored 300, skipped 0 (missing required settlement inputs).
COMMAND: C:\Python313\python.exe C:\Developer\soccer\footy-model\src\modeling\evaluation\score_market_outcomes_fixtures_first.py --league SP1 --since-days 30 --limit 300
Scanned 218 predictions, scored 218, skipped 0 (missing required settlement inputs).
COMMAND: C:\Python313\python.exe C:\Developer\soccer\footy-model\src\modeling\evaluation\score_market_outcomes_fixtures_first.py --league SP2 --since-days 30 --limit 300
Scanned 216 predictions, scored 216, skipped 0 (missing required settlement inputs).
COMMAND: C:\Python313\python.exe C:\Developer\soccer\footy-model\src\modeling\evaluation\score_market_outcomes_fixtures_first.py --league F1 --since-days 30 --limit 300
Scanned 216 predictions, scored 216, skipped 0 (missing required settlement inputs).
COMMAND: C:\Python313\python.exe C:\Developer\soccer\footy-model\src\modeling\evaluation\score_market_outcomes_fixtures_first.py --league F2 --since-days 30 --limit 300
Scanned 197 predictions, scored 197, skipped 0 (missing required settlement inputs).
COMMAND: C:\Python313\python.exe C:\Developer\soccer\footy-model\src\modeling\evaluation\score_market_outcomes_fixtures_first.py --league N1 --since-days 30 --limit 300
Scanned 293 predictions, scored 293, skipped 0 (missing required settlement inputs).
COMMAND: C:\Python313\python.exe C:\Developer\soccer\footy-model\src\modeling\evaluation\score_market_outcomes_fixtures_first.py --league B1 --since-days 30 --limit 300
Scanned 285 predictions, scored 285, skipped 0 (missing required settlement inputs).
COMMAND: C:\Python313\python.exe C:\Developer\soccer\footy-model\src\modeling\evaluation\score_market_outcomes_fixtures_first.py --league P1 --since-days 30 --limit 300
Scanned 274 predictions, scored 274, skipped 0 (missing required settlement inputs).
COMMAND: C:\Python313\python.exe C:\Developer\soccer\footy-model\src\modeling\evaluation\score_market_outcomes_fixtures_first.py --league T1 --since-days 30 --limit 300
Scanned 163 predictions, scored 163, skipped 0 (missing required settlement inputs).
COMMAND: C:\Python313\python.exe C:\Developer\soccer\footy-model\src\modeling\evaluation\score_market_outcomes_fixtures_first.py --league G1 --since-days 30 --limit 300
Scanned 200 predictions, scored 200, skipped 0 (missing required settlement inputs).
COMMAND: C:\Python313\python.exe C:\Developer\soccer\footy-model\src\modeling\evaluation\score_market_outcomes_fixtures_first.py --league AT1 --since-days 30 --limit 300
Scanned 138 predictions, scored 138, skipped 0 (missing required settlement inputs).
COMMAND: C:\Python313\python.exe C:\Developer\soccer\footy-model\src\modeling\evaluation\score_market_outcomes_fixtures_first.py --league BR1 --since-days 30 --limit 300
Scanned 185 predictions, scored 185, skipped 0 (missing required settlement inputs).
COMMAND: C:\Python313\python.exe C:\Developer\soccer\footy-model\src\modeling\evaluation\score_market_outcomes_fixtures_first.py --league DK1 --since-days 30 --limit 300
Scanned 96 predictions, scored 96, skipped 0 (missing required settlement inputs).
COMMAND: C:\Python313\python.exe C:\Developer\soccer\footy-model\src\modeling\evaluation\score_market_outcomes_fixtures_first.py --league IE1 --since-days 30 --limit 300
Scanned 116 predictions, scored 116, skipped 0 (missing required settlement inputs).
COMMAND: C:\Python313\python.exe C:\Developer\soccer\footy-model\src\modeling\evaluation\score_market_outcomes_fixtures_first.py --league JP1 --since-days 30 --limit 300
Scanned 226 predictions, scored 226, skipped 0 (missing required settlement inputs).
COMMAND: C:\Python313\python.exe C:\Developer\soccer\footy-model\src\modeling\evaluation\score_market_outcomes_fixtures_first.py --league MX1 --since-days 30 --limit 300
Scanned 255 predictions, scored 255, skipped 0 (missing required settlement inputs).
COMMAND: C:\Python313\python.exe C:\Developer\soccer\footy-model\src\modeling\evaluation\score_market_outcomes_fixtures_first.py --league PL1 --since-days 30 --limit 300
Scanned 201 predictions, scored 201, skipped 0 (missing required settlement inputs).
COMMAND: C:\Python313\python.exe C:\Developer\soccer\footy-model\src\modeling\evaluation\score_market_outcomes_fixtures_first.py --league RO1 --since-days 30 --limit 300
Scanned 188 predictions, scored 188, skipped 0 (missing required settlement inputs).
COMMAND: C:\Python313\python.exe C:\Developer\soccer\footy-model\src\modeling\evaluation\score_market_outcomes_fixtures_first.py --league RU1 --since-days 30 --limit 300
No eligible unscored predictions found.
COMMAND: C:\Python313\python.exe C:\Developer\soccer\footy-model\src\modeling\evaluation\score_market_outcomes_fixtures_first.py --league CH1 --since-days 30 --limit 300
Scanned 230 predictions, scored 230, skipped 0 (missing required settlement inputs).
COMMAND: C:\Python313\python.exe C:\Developer\soccer\footy-model\src\modeling\evaluation\score_market_outcomes_fixtures_first.py --league CH2 --since-days 30 --limit 300
Scanned 222 predictions, scored 222, skipped 0 (missing required settlement inputs).
COMMAND: C:\Python313\python.exe C:\Developer\soccer\footy-model\src\modeling\evaluation\score_market_outcomes_fixtures_first.py --league CL --since-days 30 --limit 300
Scanned 112 predictions, scored 112, skipped 0 (missing required settlement inputs).
COMMAND: C:\Python313\python.exe C:\Developer\soccer\footy-model\src\modeling\evaluation\score_market_outcomes_fixtures_first.py --league EL --since-days 30 --limit 300
Scanned 109 predictions, scored 109, skipped 0 (missing required settlement inputs).
COMMAND: C:\Python313\python.exe C:\Developer\soccer\footy-model\src\modeling\evaluation\score_market_outcomes_fixtures_first.py --league ECL --since-days 30 --limit 300
Scanned 107 predictions, scored 107, skipped 0 (missing required settlement inputs).
[2026-03-12T05:15:45+00:00] Score scheduler end rc=0.
[2026-03-12T06:15:02+00:00] Score scheduler start.
Log file: artifacts/logs/score_scheduler.log
Log file: artifacts\logs\score_scheduler.log
Skipping settle phase (--skip-settle).
Skipping predict phase (--skip-predict).
COMMAND: C:\Python313\python.exe C:\Developer\soccer\footy-model\src\modeling\evaluation\score_market_outcomes_fixtures_first.py --league E0 --since-days 30 --limit 300
Scanned 283 predictions, scored 283, skipped 0 (missing required settlement inputs).
COMMAND: C:\Python313\python.exe C:\Developer\soccer\footy-model\src\modeling\evaluation\score_market_outcomes_fixtures_first.py --league E1 --since-days 30 --limit 300
Scanned 300 predictions, scored 300, skipped 0 (missing required settlement inputs).
COMMAND: C:\Python313\python.exe C:\Developer\soccer\footy-model\src\modeling\evaluation\score_market_outcomes_fixtures_first.py --league E2 --since-days 30 --limit 300
Scanned 300 predictions, scored 300, skipped 0 (missing required settlement inputs).
COMMAND: C:\Python313\python.exe C:\Developer\soccer\footy-model\src\modeling\evaluation\score_market_outcomes_fixtures_first.py --league E3 --since-days 30 --limit 300
Scanned 300 predictions, scored 300, skipped 0 (missing required settlement inputs).
COMMAND: C:\Python313\python.exe C:\Developer\soccer\footy-model\src\modeling\evaluation\score_market_outcomes_fixtures_first.py --league EC --since-days 30 --limit 300
Scanned 300 predictions, scored 300, skipped 0 (missing required settlement inputs).
COMMAND: C:\Python313\python.exe C:\Developer\soccer\footy-model\src\modeling\evaluation\score_market_outcomes_fixtures_first.py --league SC0 --since-days 30 --limit 300
Scanned 191 predictions, scored 191, skipped 0 (missing required settlement inputs).
COMMAND: C:\Python313\python.exe C:\Developer\soccer\footy-model\src\modeling\evaluation\score_market_outcomes_fixtures_first.py --league SC1 --since-days 30 --limit 300
Scanned 136 predictions, scored 136, skipped 0 (missing required settlement inputs).
COMMAND: C:\Python313\python.exe C:\Developer\soccer\footy-model\src\modeling\evaluation\score_market_outcomes_fixtures_first.py --league SC2 --since-days 30 --limit 300
Scanned 136 predictions, scored 136, skipped 0 (missing required settlement inputs).
COMMAND: C:\Python313\python.exe C:\Developer\soccer\footy-model\src\modeling\evaluation\score_market_outcomes_fixtures_first.py --league SC3 --since-days 30 --limit 300
Scanned 117 predictions, scored 117, skipped 0 (missing required settlement inputs).
COMMAND: C:\Python313\python.exe C:\Developer\soccer\footy-model\src\modeling\evaluation\score_market_outcomes_fixtures_first.py --league D1 --since-days 30 --limit 300
Scanned 239 predictions, scored 239, skipped 0 (missing required settlement inputs).
COMMAND: C:\Python313\python.exe C:\Developer\soccer\footy-model\src\modeling\evaluation\score_market_outcomes_fixtures_first.py --league D2 --since-days 30 --limit 300
Scanned 208 predictions, scored 208, skipped 0 (missing required settlement inputs).
COMMAND: C:\Python313\python.exe C:\Developer\soccer\footy-model\src\modeling\evaluation\score_market_outcomes_fixtures_first.py --league I1 --since-days 30 --limit 300
Scanned 236 predictions, scored 236, skipped 0 (missing required settlement inputs).
COMMAND: C:\Python313\python.exe C:\Developer\soccer\footy-model\src\modeling\evaluation\score_market_outcomes_fixtures_first.py --league I2 --since-days 30 --limit 300
Scanned 300 predictions, scored 300, skipped 0 (missing required settlement inputs).
COMMAND: C:\Python313\python.exe C:\Developer\soccer\footy-model\src\modeling\evaluation\score_market_outcomes_fixtures_first.py --league SP1 --since-days 30 --limit 300
Scanned 218 predictions, scored 218, skipped 0 (missing required settlement inputs).
COMMAND: C:\Python313\python.exe C:\Developer\soccer\footy-model\src\modeling\evaluation\score_market_outcomes_fixtures_first.py --league SP2 --since-days 30 --limit 300
Scanned 216 predictions, scored 216, skipped 0 (missing required settlement inputs).
COMMAND: C:\Python313\python.exe C:\Developer\soccer\footy-model\src\modeling\evaluation\score_market_outcomes_fixtures_first.py --league F1 --since-days 30 --limit 300
Scanned 216 predictions, scored 216, skipped 0 (missing required settlement inputs).
COMMAND: C:\Python313\python.exe C:\Developer\soccer\footy-model\src\modeling\evaluation\score_market_outcomes_fixtures_first.py --league F2 --since-days 30 --limit 300
Scanned 197 predictions, scored 197, skipped 0 (missing required settlement inputs).
COMMAND: C:\Python313\python.exe C:\Developer\soccer\footy-model\src\modeling\evaluation\score_market_outcomes_fixtures_first.py --league N1 --since-days 30 --limit 300
Scanned 293 predictions, scored 293, skipped 0 (missing required settlement inputs).
COMMAND: C:\Python313\python.exe C:\Developer\soccer\footy-model\src\modeling\evaluation\score_market_outcomes_fixtures_first.py --league B1 --since-days 30 --limit 300
Scanned 285 predictions, scored 285, skipped 0 (missing required settlement inputs).
COMMAND: C:\Python313\python.exe C:\Developer\soccer\footy-model\src\modeling\evaluation\score_market_outcomes_fixtures_first.py --league P1 --since-days 30 --limit 300
Scanned 274 predictions, scored 274, skipped 0 (missing required settlement inputs).
COMMAND: C:\Python313\python.exe C:\Developer\soccer\footy-model\src\modeling\evaluation\score_market_outcomes_fixtures_first.py --league T1 --since-days 30 --limit 300
Scanned 163 predictions, scored 163, skipped 0 (missing required settlement inputs).
COMMAND: C:\Python313\python.exe C:\Developer\soccer\footy-model\src\modeling\evaluation\score_market_outcomes_fixtures_first.py --league G1 --since-days 30 --limit 300
Scanned 200 predictions, scored 200, skipped 0 (missing required settlement inputs).
COMMAND: C:\Python313\python.exe C:\Developer\soccer\footy-model\src\modeling\evaluation\score_market_outcomes_fixtures_first.py --league AT1 --since-days 30 --limit 300
Scanned 138 predictions, scored 138, skipped 0 (missing required settlement inputs).
COMMAND: C:\Python313\python.exe C:\Developer\soccer\footy-model\src\modeling\evaluation\score_market_outcomes_fixtures_first.py --league BR1 --since-days 30 --limit 300
Scanned 169 predictions, scored 169, skipped 0 (missing required settlement inputs).
COMMAND: C:\Python313\python.exe C:\Developer\soccer\footy-model\src\modeling\evaluation\score_market_outcomes_fixtures_first.py --league DK1 --since-days 30 --limit 300
Scanned 96 predictions, scored 96, skipped 0 (missing required settlement inputs).
COMMAND: C:\Python313\python.exe C:\Developer\soccer\footy-model\src\modeling\evaluation\score_market_outcomes_fixtures_first.py --league IE1 --since-days 30 --limit 300
Scanned 116 predictions, scored 116, skipped 0 (missing required settlement inputs).
COMMAND: C:\Python313\python.exe C:\Developer\soccer\footy-model\src\modeling\evaluation\score_market_outcomes_fixtures_first.py --league JP1 --since-days 30 --limit 300
Scanned 226 predictions, scored 226, skipped 0 (missing required settlement inputs).
COMMAND: C:\Python313\python.exe C:\Developer\soccer\footy-model\src\modeling\evaluation\score_market_outcomes_fixtures_first.py --league MX1 --since-days 30 --limit 300
Scanned 255 predictions, scored 255, skipped 0 (missing required settlement inputs).
COMMAND: C:\Python313\python.exe C:\Developer\soccer\footy-model\src\modeling\evaluation\score_market_outcomes_fixtures_first.py --league PL1 --since-days 30 --limit 300
Scanned 201 predictions, scored 201, skipped 0 (missing required settlement inputs).
COMMAND: C:\Python313\python.exe C:\Developer\soccer\footy-model\src\modeling\evaluation\score_market_outcomes_fixtures_first.py --league RO1 --since-days 30 --limit 300
Scanned 188 predictions, scored 188, skipped 0 (missing required settlement inputs).
COMMAND: C:\Python313\python.exe C:\Developer\soccer\footy-model\src\modeling\evaluation\score_market_outcomes_fixtures_first.py --league RU1 --since-days 30 --limit 300
No eligible unscored predictions found.
COMMAND: C:\Python313\python.exe C:\Developer\soccer\footy-model\src\modeling\evaluation\score_market_outcomes_fixtures_first.py --league CH1 --since-days 30 --limit 300
Scanned 230 predictions, scored 230, skipped 0 (missing required settlement inputs).
COMMAND: C:\Python313\python.exe C:\Developer\soccer\footy-model\src\modeling\evaluation\score_market_outcomes_fixtures_first.py --league CH2 --since-days 30 --limit 300
Scanned 222 predictions, scored 222, skipped 0 (missing required settlement inputs).
COMMAND: C:\Python313\python.exe C:\Developer\soccer\footy-model\src\modeling\evaluation\score_market_outcomes_fixtures_first.py --league CL --since-days 30 --limit 300
Scanned 112 predictions, scored 112, skipped 0 (missing required settlement inputs).
COMMAND: C:\Python313\python.exe C:\Developer\soccer\footy-model\src\modeling\evaluation\score_market_outcomes_fixtures_first.py --league EL --since-days 30 --limit 300
Scanned 109 predictions, scored 109, skipped 0 (missing required settlement inputs).
COMMAND: C:\Python313\python.exe C:\Developer\soccer\footy-model\src\modeling\evaluation\score_market_outcomes_fixtures_first.py --league ECL --since-days 30 --limit 300
Scanned 107 predictions, scored 107, skipped 0 (missing required settlement inputs).
[2026-03-12T06:15:55+00:00] Score scheduler end rc=0.
[2026-03-12T07:15:03+00:00] Score scheduler start.
Log file: artifacts/logs/score_scheduler.log
Log file: artifacts\logs\score_scheduler.log
Skipping settle phase (--skip-settle).
Skipping predict phase (--skip-predict).
COMMAND: C:\Python313\python.exe C:\Developer\soccer\footy-model\src\modeling\evaluation\score_market_outcomes_fixtures_first.py --league E0 --since-days 30 --limit 300
Scanned 283 predictions, scored 283, skipped 0 (missing required settlement inputs).
COMMAND: C:\Python313\python.exe C:\Developer\soccer\footy-model\src\modeling\evaluation\score_market_outcomes_fixtures_first.py --league E1 --since-days 30 --limit 300
Scanned 300 predictions, scored 300, skipped 0 (missing required settlement inputs).
COMMAND: C:\Python313\python.exe C:\Developer\soccer\footy-model\src\modeling\evaluation\score_market_outcomes_fixtures_first.py --league E2 --since-days 30 --limit 300
Scanned 300 predictions, scored 300, skipped 0 (missing required settlement inputs).
COMMAND: C:\Python313\python.exe C:\Developer\soccer\footy-model\src\modeling\evaluation\score_market_outcomes_fixtures_first.py --league E3 --since-days 30 --limit 300
Scanned 300 predictions, scored 300, skipped 0 (missing required settlement inputs).
COMMAND: C:\Python313\python.exe C:\Developer\soccer\footy-model\src\modeling\evaluation\score_market_outcomes_fixtures_first.py --league EC --since-days 30 --limit 300
Scanned 300 predictions, scored 300, skipped 0 (missing required settlement inputs).
COMMAND: C:\Python313\python.exe C:\Developer\soccer\footy-model\src\modeling\evaluation\score_market_outcomes_fixtures_first.py --league SC0 --since-days 30 --limit 300
Scanned 191 predictions, scored 191, skipped 0 (missing required settlement inputs).
COMMAND: C:\Python313\python.exe C:\Developer\soccer\footy-model\src\modeling\evaluation\score_market_outcomes_fixtures_first.py --league SC1 --since-days 30 --limit 300
Scanned 136 predictions, scored 136, skipped 0 (missing required settlement inputs).
COMMAND: C:\Python313\python.exe C:\Developer\soccer\footy-model\src\modeling\evaluation\score_market_outcomes_fixtures_first.py --league SC2 --since-days 30 --limit 300
Scanned 136 predictions, scored 136, skipped 0 (missing required settlement inputs).
COMMAND: C:\Python313\python.exe C:\Developer\soccer\footy-model\src\modeling\evaluation\score_market_outcomes_fixtures_first.py --league SC3 --since-days 30 --limit 300
Scanned 117 predictions, scored 117, skipped 0 (missing required settlement inputs).
COMMAND: C:\Python313\python.exe C:\Developer\soccer\footy-model\src\modeling\evaluation\score_market_outcomes_fixtures_first.py --league D1 --since-days 30 --limit 300
Scanned 239 predictions, scored 239, skipped 0 (missing required settlement inputs).
COMMAND: C:\Python313\python.exe C:\Developer\soccer\footy-model\src\modeling\evaluation\score_market_outcomes_fixtures_first.py --league D2 --since-days 30 --limit 300
Scanned 208 predictions, scored 208, skipped 0 (missing required settlement inputs).
COMMAND: C:\Python313\python.exe C:\Developer\soccer\footy-model\src\modeling\evaluation\score_market_outcomes_fixtures_first.py --league I1 --since-days 30 --limit 300
Scanned 236 predictions, scored 236, skipped 0 (missing required settlement inputs).
COMMAND: C:\Python313\python.exe C:\Developer\soccer\footy-model\src\modeling\evaluation\score_market_outcomes_fixtures_first.py --league I2 --since-days 30 --limit 300
Scanned 300 predictions, scored 300, skipped 0 (missing required settlement inputs).
COMMAND: C:\Python313\python.exe C:\Developer\soccer\footy-model\src\modeling\evaluation\score_market_outcomes_fixtures_first.py --league SP1 --since-days 30 --limit 300
Scanned 218 predictions, scored 218, skipped 0 (missing required settlement inputs).
COMMAND: C:\Python313\python.exe C:\Developer\soccer\footy-model\src\modeling\evaluation\score_market_outcomes_fixtures_first.py --league SP2 --since-days 30 --limit 300
Scanned 216 predictions, scored 216, skipped 0 (missing required settlement inputs).
COMMAND: C:\Python313\python.exe C:\Developer\soccer\footy-model\src\modeling\evaluation\score_market_outcomes_fixtures_first.py --league F1 --since-days 30 --limit 300
Scanned 216 predictions, scored 216, skipped 0 (missing required settlement inputs).
COMMAND: C:\Python313\python.exe C:\Developer\soccer\footy-model\src\modeling\evaluation\score_market_outcomes_fixtures_first.py --league F2 --since-days 30 --limit 300
Scanned 197 predictions, scored 197, skipped 0 (missing required settlement inputs).
COMMAND: C:\Python313\python.exe C:\Developer\soccer\footy-model\src\modeling\evaluation\score_market_outcomes_fixtures_first.py --league N1 --since-days 30 --limit 300
Scanned 293 predictions, scored 293, skipped 0 (missing required settlement inputs).
COMMAND: C:\Python313\python.exe C:\Developer\soccer\footy-model\src\modeling\evaluation\score_market_outcomes_fixtures_first.py --league B1 --since-days 30 --limit 300
Scanned 285 predictions, scored 285, skipped 0 (missing required settlement inputs).
COMMAND: C:\Python313\python.exe C:\Developer\soccer\footy-model\src\modeling\evaluation\score_market_outcomes_fixtures_first.py --league P1 --since-days 30 --limit 300
Scanned 274 predictions, scored 274, skipped 0 (missing required settlement inputs).
COMMAND: C:\Python313\python.exe C:\Developer\soccer\footy-model\src\modeling\evaluation\score_market_outcomes_fixtures_first.py --league T1 --since-days 30 --limit 300
Scanned 163 predictions, scored 163, skipped 0 (missing required settlement inputs).
COMMAND: C:\Python313\python.exe C:\Developer\soccer\footy-model\src\modeling\evaluation\score_market_outcomes_fixtures_first.py --league G1 --since-days 30 --limit 300
Scanned 200 predictions, scored 200, skipped 0 (missing required settlement inputs).
COMMAND: C:\Python313\python.exe C:\Developer\soccer\footy-model\src\modeling\evaluation\score_market_outcomes_fixtures_first.py --league AT1 --since-days 30 --limit 300
Scanned 138 predictions, scored 138, skipped 0 (missing required settlement inputs).
COMMAND: C:\Python313\python.exe C:\Developer\soccer\footy-model\src\modeling\evaluation\score_market_outcomes_fixtures_first.py --league BR1 --since-days 30 --limit 300
Scanned 253 predictions, scored 253, skipped 0 (missing required settlement inputs).
COMMAND: C:\Python313\python.exe C:\Developer\soccer\footy-model\src\modeling\evaluation\score_market_outcomes_fixtures_first.py --league DK1 --since-days 30 --limit 300
Scanned 96 predictions, scored 96, skipped 0 (missing required settlement inputs).
COMMAND: C:\Python313\python.exe C:\Developer\soccer\footy-model\src\modeling\evaluation\score_market_outcomes_fixtures_first.py --league IE1 --since-days 30 --limit 300
Scanned 116 predictions, scored 116, skipped 0 (missing required settlement inputs).
COMMAND: C:\Python313\python.exe C:\Developer\soccer\footy-model\src\modeling\evaluation\score_market_outcomes_fixtures_first.py --league JP1 --since-days 30 --limit 300
Scanned 226 predictions, scored 226, skipped 0 (missing required settlement inputs).
COMMAND: C:\Python313\python.exe C:\Developer\soccer\footy-model\src\modeling\evaluation\score_market_outcomes_fixtures_first.py --league MX1 --since-days 30 --limit 300
Scanned 255 predictions, scored 255, skipped 0 (missing required settlement inputs).
COMMAND: C:\Python313\python.exe C:\Developer\soccer\footy-model\src\modeling\evaluation\score_market_outcomes_fixtures_first.py --league PL1 --since-days 30 --limit 300
Scanned 201 predictions, scored 201, skipped 0 (missing required settlement inputs).
COMMAND: C:\Python313\python.exe C:\Developer\soccer\footy-model\src\modeling\evaluation\score_market_outcomes_fixtures_first.py --league RO1 --since-days 30 --limit 300
Scanned 188 predictions, scored 188, skipped 0 (missing required settlement inputs).
COMMAND: C:\Python313\python.exe C:\Developer\soccer\footy-model\src\modeling\evaluation\score_market_outcomes_fixtures_first.py --league RU1 --since-days 30 --limit 300
No eligible unscored predictions found.
COMMAND: C:\Python313\python.exe C:\Developer\soccer\footy-model\src\modeling\evaluation\score_market_outcomes_fixtures_first.py --league CH1 --since-days 30 --limit 300
Scanned 230 predictions, scored 230, skipped 0 (missing required settlement inputs).
COMMAND: C:\Python313\python.exe C:\Developer\soccer\footy-model\src\modeling\evaluation\score_market_outcomes_fixtures_first.py --league CH2 --since-days 30 --limit 300
Scanned 222 predictions, scored 222, skipped 0 (missing required settlement inputs).
COMMAND: C:\Python313\python.exe C:\Developer\soccer\footy-model\src\modeling\evaluation\score_market_outcomes_fixtures_first.py --league CL --since-days 30 --limit 300
Scanned 112 predictions, scored 112, skipped 0 (missing required settlement inputs).
COMMAND: C:\Python313\python.exe C:\Developer\soccer\footy-model\src\modeling\evaluation\score_market_outcomes_fixtures_first.py --league EL --since-days 30 --limit 300
Scanned 109 predictions, scored 109, skipped 0 (missing required settlement inputs).
COMMAND: C:\Python313\python.exe C:\Developer\soccer\footy-model\src\modeling\evaluation\score_market_outcomes_fixtures_first.py --league ECL --since-days 30 --limit 300
Scanned 107 predictions, scored 107, skipped 0 (missing required settlement inputs).
[2026-03-12T07:15:39+00:00] Score scheduler end rc=0.
[2026-03-12T08:15:03+00:00] Score scheduler start.
Log file: artifacts/logs/score_scheduler.log
Log file: artifacts\logs\score_scheduler.log
Skipping settle phase (--skip-settle).
Skipping predict phase (--skip-predict).
COMMAND: C:\Python313\python.exe C:\Developer\soccer\footy-model\src\modeling\evaluation\score_market_outcomes_fixtures_first.py --league E0 --since-days 30 --limit 300
Scanned 283 predictions, scored 283, skipped 0 (missing required settlement inputs).
COMMAND: C:\Python313\python.exe C:\Developer\soccer\footy-model\src\modeling\evaluation\score_market_outcomes_fixtures_first.py --league E1 --since-days 30 --limit 300
Scanned 300 predictions, scored 300, skipped 0 (missing required settlement inputs).
COMMAND: C:\Python313\python.exe C:\Developer\soccer\footy-model\src\modeling\evaluation\score_market_outcomes_fixtures_first.py --league E2 --since-days 30 --limit 300
Scanned 300 predictions, scored 300, skipped 0 (missing required settlement inputs).
COMMAND: C:\Python313\python.exe C:\Developer\soccer\footy-model\src\modeling\evaluation\score_market_outcomes_fixtures_first.py --league E3 --since-days 30 --limit 300
Scanned 300 predictions, scored 300, skipped 0 (missing required settlement inputs).
COMMAND: C:\Python313\python.exe C:\Developer\soccer\footy-model\src\modeling\evaluation\score_market_outcomes_fixtures_first.py --league EC --since-days 30 --limit 300
Scanned 300 predictions, scored 300, skipped 0 (missing required settlement inputs).
COMMAND: C:\Python313\python.exe C:\Developer\soccer\footy-model\src\modeling\evaluation\score_market_outcomes_fixtures_first.py --league SC0 --since-days 30 --limit 300
Scanned 191 predictions, scored 191, skipped 0 (missing required settlement inputs).
COMMAND: C:\Python313\python.exe C:\Developer\soccer\footy-model\src\modeling\evaluation\score_market_outcomes_fixtures_first.py --league SC1 --since-days 30 --limit 300
Scanned 136 predictions, scored 136, skipped 0 (missing required settlement inputs).
COMMAND: C:\Python313\python.exe C:\Developer\soccer\footy-model\src\modeling\evaluation\score_market_outcomes_fixtures_first.py --league SC2 --since-days 30 --limit 300
Scanned 136 predictions, scored 136, skipped 0 (missing required settlement inputs).
COMMAND: C:\Python313\python.exe C:\Developer\soccer\footy-model\src\modeling\evaluation\score_market_outcomes_fixtures_first.py --league SC3 --since-days 30 --limit 300
Scanned 117 predictions, scored 117, skipped 0 (missing required settlement inputs).
COMMAND: C:\Python313\python.exe C:\Developer\soccer\footy-model\src\modeling\evaluation\score_market_outcomes_fixtures_first.py --league D1 --since-days 30 --limit 300
Scanned 239 predictions, scored 239, skipped 0 (missing required settlement inputs).
COMMAND: C:\Python313\python.exe C:\Developer\soccer\footy-model\src\modeling\evaluation\score_market_outcomes_fixtures_first.py --league D2 --since-days 30 --limit 300
Scanned 208 predictions, scored 208, skipped 0 (missing required settlement inputs).
COMMAND: C:\Python313\python.exe C:\Developer\soccer\footy-model\src\modeling\evaluation\score_market_outcomes_fixtures_first.py --league I1 --since-days 30 --limit 300
Scanned 236 predictions, scored 236, skipped 0 (missing required settlement inputs).
COMMAND: C:\Python313\python.exe C:\Developer\soccer\footy-model\src\modeling\evaluation\score_market_outcomes_fixtures_first.py --league I2 --since-days 30 --limit 300
Scanned 300 predictions, scored 300, skipped 0 (missing required settlement inputs).
COMMAND: C:\Python313\python.exe C:\Developer\soccer\footy-model\src\modeling\evaluation\score_market_outcomes_fixtures_first.py --league SP1 --since-days 30 --limit 300
Scanned 218 predictions, scored 218, skipped 0 (missing required settlement inputs).
COMMAND: C:\Python313\python.exe C:\Developer\soccer\footy-model\src\modeling\evaluation\score_market_outcomes_fixtures_first.py --league SP2 --since-days 30 --limit 300
Scanned 216 predictions, scored 216, skipped 0 (missing required settlement inputs).
COMMAND: C:\Python313\python.exe C:\Developer\soccer\footy-model\src\modeling\evaluation\score_market_outcomes_fixtures_first.py --league F1 --since-days 30 --limit 300
Scanned 216 predictions, scored 216, skipped 0 (missing required settlement inputs).
COMMAND: C:\Python313\python.exe C:\Developer\soccer\footy-model\src\modeling\evaluation\score_market_outcomes_fixtures_first.py --league F2 --since-days 30 --limit 300
Scanned 197 predictions, scored 197, skipped 0 (missing required settlement inputs).
COMMAND: C:\Python313\python.exe C:\Developer\soccer\footy-model\src\modeling\evaluation\score_market_outcomes_fixtures_first.py --league N1 --since-days 30 --limit 300
Scanned 293 predictions, scored 293, skipped 0 (missing required settlement inputs).
COMMAND: C:\Python313\python.exe C:\Developer\soccer\footy-model\src\modeling\evaluation\score_market_outcomes_fixtures_first.py --league B1 --since-days 30 --limit 300
Scanned 285 predictions, scored 285, skipped 0 (missing required settlement inputs).
COMMAND: C:\Python313\python.exe C:\Developer\soccer\footy-model\src\modeling\evaluation\score_market_outcomes_fixtures_first.py --league P1 --since-days 30 --limit 300
Scanned 274 predictions, scored 274, skipped 0 (missing required settlement inputs).
COMMAND: C:\Python313\python.exe C:\Developer\soccer\footy-model\src\modeling\evaluation\score_market_outcomes_fixtures_first.py --league T1 --since-days 30 --limit 300
Scanned 163 predictions, scored 163, skipped 0 (missing required settlement inputs).
COMMAND: C:\Python313\python.exe C:\Developer\soccer\footy-model\src\modeling\evaluation\score_market_outcomes_fixtures_first.py --league G1 --since-days 30 --limit 300
Scanned 200 predictions, scored 200, skipped 0 (missing required settlement inputs).
COMMAND: C:\Python313\python.exe C:\Developer\soccer\footy-model\src\modeling\evaluation\score_market_outcomes_fixtures_first.py --league AT1 --since-days 30 --limit 300
Scanned 138 predictions, scored 138, skipped 0 (missing required settlement inputs).
COMMAND: C:\Python313\python.exe C:\Developer\soccer\footy-model\src\modeling\evaluation\score_market_outcomes_fixtures_first.py --league BR1 --since-days 30 --limit 300
Scanned 221 predictions, scored 221, skipped 0 (missing required settlement inputs).
COMMAND: C:\Python313\python.exe C:\Developer\soccer\footy-model\src\modeling\evaluation\score_market_outcomes_fixtures_first.py --league DK1 --since-days 30 --limit 300
Scanned 96 predictions, scored 96, skipped 0 (missing required settlement inputs).
COMMAND: C:\Python313\python.exe C:\Developer\soccer\footy-model\src\modeling\evaluation\score_market_outcomes_fixtures_first.py --league IE1 --since-days 30 --limit 300
Scanned 116 predictions, scored 116, skipped 0 (missing required settlement inputs).
COMMAND: C:\Python313\python.exe C:\Developer\soccer\footy-model\src\modeling\evaluation\score_market_outcomes_fixtures_first.py --league JP1 --since-days 30 --limit 300
Scanned 226 predictions, scored 226, skipped 0 (missing required settlement inputs).
COMMAND: C:\Python313\python.exe C:\Developer\soccer\footy-model\src\modeling\evaluation\score_market_outcomes_fixtures_first.py --league MX1 --since-days 30 --limit 300
Scanned 255 predictions, scored 255, skipped 0 (missing required settlement inputs).
COMMAND: C:\Python313\python.exe C:\Developer\soccer\footy-model\src\modeling\evaluation\score_market_outcomes_fixtures_first.py --league PL1 --since-days 30 --limit 300
Scanned 201 predictions, scored 201, skipped 0 (missing required settlement inputs).
COMMAND: C:\Python313\python.exe C:\Developer\soccer\footy-model\src\modeling\evaluation\score_market_outcomes_fixtures_first.py --league RO1 --since-days 30 --limit 300
Scanned 188 predictions, scored 188, skipped 0 (missing required settlement inputs).
COMMAND: C:\Python313\python.exe C:\Developer\soccer\footy-model\src\modeling\evaluation\score_market_outcomes_fixtures_first.py --league RU1 --since-days 30 --limit 300
No eligible unscored predictions found.
COMMAND: C:\Python313\python.exe C:\Developer\soccer\footy-model\src\modeling\evaluation\score_market_outcomes_fixtures_first.py --league CH1 --since-days 30 --limit 300
Scanned 230 predictions, scored 230, skipped 0 (missing required settlement inputs).
COMMAND: C:\Python313\python.exe C:\Developer\soccer\footy-model\src\modeling\evaluation\score_market_outcomes_fixtures_first.py --league CH2 --since-days 30 --limit 300
Scanned 222 predictions, scored 222, skipped 0 (missing required settlement inputs).
COMMAND: C:\Python313\python.exe C:\Developer\soccer\footy-model\src\modeling\evaluation\score_market_outcomes_fixtures_first.py --league CL --since-days 30 --limit 300
Scanned 112 predictions, scored 112, skipped 0 (missing required settlement inputs).
COMMAND: C:\Python313\python.exe C:\Developer\soccer\footy-model\src\modeling\evaluation\score_market_outcomes_fixtures_first.py --league EL --since-days 30 --limit 300
Scanned 109 predictions, scored 109, skipped 0 (missing required settlement inputs).
COMMAND: C:\Python313\python.exe C:\Developer\soccer\footy-model\src\modeling\evaluation\score_market_outcomes_fixtures_first.py --league ECL --since-days 30 --limit 300
Scanned 107 predictions, scored 107, skipped 0 (missing required settlement inputs).
[2026-03-12T08:15:43+00:00] Score scheduler end rc=0.
[2026-03-12T09:15:04+00:00] Score scheduler start.
Log file: artifacts/logs/score_scheduler.log
Log file: artifacts\logs\score_scheduler.log
Skipping settle phase (--skip-settle).
Skipping predict phase (--skip-predict).
COMMAND: C:\Python313\python.exe C:\Developer\soccer\footy-model\src\modeling\evaluation\score_market_outcomes_fixtures_first.py --league E0 --since-days 30 --limit 300
Scanned 283 predictions, scored 283, skipped 0 (missing required settlement inputs).
COMMAND: C:\Python313\python.exe C:\Developer\soccer\footy-model\src\modeling\evaluation\score_market_outcomes_fixtures_first.py --league E1 --since-days 30 --limit 300
Scanned 300 predictions, scored 300, skipped 0 (missing required settlement inputs).
COMMAND: C:\Python313\python.exe C:\Developer\soccer\footy-model\src\modeling\evaluation\score_market_outcomes_fixtures_first.py --league E2 --since-days 30 --limit 300
Scanned 300 predictions, scored 300, skipped 0 (missing required settlement inputs).
COMMAND: C:\Python313\python.exe C:\Developer\soccer\footy-model\src\modeling\evaluation\score_market_outcomes_fixtures_first.py --league E3 --since-days 30 --limit 300
Scanned 300 predictions, scored 300, skipped 0 (missing required settlement inputs).
COMMAND: C:\Python313\python.exe C:\Developer\soccer\footy-model\src\modeling\evaluation\score_market_outcomes_fixtures_first.py --league EC --since-days 30 --limit 300
Scanned 300 predictions, scored 300, skipped 0 (missing required settlement inputs).
COMMAND: C:\Python313\python.exe C:\Developer\soccer\footy-model\src\modeling\evaluation\score_market_outcomes_fixtures_first.py --league SC0 --since-days 30 --limit 300
Scanned 191 predictions, scored 191, skipped 0 (missing required settlement inputs).
COMMAND: C:\Python313\python.exe C:\Developer\soccer\footy-model\src\modeling\evaluation\score_market_outcomes_fixtures_first.py --league SC1 --since-days 30 --limit 300
Scanned 136 predictions, scored 136, skipped 0 (missing required settlement inputs).
COMMAND: C:\Python313\python.exe C:\Developer\soccer\footy-model\src\modeling\evaluation\score_market_outcomes_fixtures_first.py --league SC2 --since-days 30 --limit 300
Scanned 136 predictions, scored 136, skipped 0 (missing required settlement inputs).
COMMAND: C:\Python313\python.exe C:\Developer\soccer\footy-model\src\modeling\evaluation\score_market_outcomes_fixtures_first.py --league SC3 --since-days 30 --limit 300
Scanned 117 predictions, scored 117, skipped 0 (missing required settlement inputs).
COMMAND: C:\Python313\python.exe C:\Developer\soccer\footy-model\src\modeling\evaluation\score_market_outcomes_fixtures_first.py --league D1 --since-days 30 --limit 300
Scanned 239 predictions, scored 239, skipped 0 (missing required settlement inputs).
COMMAND: C:\Python313\python.exe C:\Developer\soccer\footy-model\src\modeling\evaluation\score_market_outcomes_fixtures_first.py --league D2 --since-days 30 --limit 300
Scanned 208 predictions, scored 208, skipped 0 (missing required settlement inputs).
COMMAND: C:\Python313\python.exe C:\Developer\soccer\footy-model\src\modeling\evaluation\score_market_outcomes_fixtures_first.py --league I1 --since-days 30 --limit 300
Scanned 236 predictions, scored 236, skipped 0 (missing required settlement inputs).
COMMAND: C:\Python313\python.exe C:\Developer\soccer\footy-model\src\modeling\evaluation\score_market_outcomes_fixtures_first.py --league I2 --since-days 30 --limit 300
Scanned 300 predictions, scored 300, skipped 0 (missing required settlement inputs).
COMMAND: C:\Python313\python.exe C:\Developer\soccer\footy-model\src\modeling\evaluation\score_market_outcomes_fixtures_first.py --league SP1 --since-days 30 --limit 300
Scanned 218 predictions, scored 218, skipped 0 (missing required settlement inputs).
COMMAND: C:\Python313\python.exe C:\Developer\soccer\footy-model\src\modeling\evaluation\score_market_outcomes_fixtures_first.py --league SP2 --since-days 30 --limit 300
Scanned 216 predictions, scored 216, skipped 0 (missing required settlement inputs).
COMMAND: C:\Python313\python.exe C:\Developer\soccer\footy-model\src\modeling\evaluation\score_market_outcomes_fixtures_first.py --league F1 --since-days 30 --limit 300
Scanned 216 predictions, scored 216, skipped 0 (missing required settlement inputs).
COMMAND: C:\Python313\python.exe C:\Developer\soccer\footy-model\src\modeling\evaluation\score_market_outcomes_fixtures_first.py --league F2 --since-days 30 --limit 300
Scanned 197 predictions, scored 197, skipped 0 (missing required settlement inputs).
COMMAND: C:\Python313\python.exe C:\Developer\soccer\footy-model\src\modeling\evaluation\score_market_outcomes_fixtures_first.py --league N1 --since-days 30 --limit 300
Scanned 293 predictions, scored 293, skipped 0 (missing required settlement inputs).
COMMAND: C:\Python313\python.exe C:\Developer\soccer\footy-model\src\modeling\evaluation\score_market_outcomes_fixtures_first.py --league B1 --since-days 30 --limit 300
Scanned 285 predictions, scored 285, skipped 0 (missing required settlement inputs).
COMMAND: C:\Python313\python.exe C:\Developer\soccer\footy-model\src\modeling\evaluation\score_market_outcomes_fixtures_first.py --league P1 --since-days 30 --limit 300
Scanned 274 predictions, scored 274, skipped 0 (missing required settlement inputs).
COMMAND: C:\Python313\python.exe C:\Developer\soccer\footy-model\src\modeling\evaluation\score_market_outcomes_fixtures_first.py --league T1 --since-days 30 --limit 300
Scanned 163 predictions, scored 163, skipped 0 (missing required settlement inputs).
COMMAND: C:\Python313\python.exe C:\Developer\soccer\footy-model\src\modeling\evaluation\score_market_outcomes_fixtures_first.py --league G1 --since-days 30 --limit 300
Scanned 200 predictions, scored 200, skipped 0 (missing required settlement inputs).
COMMAND: C:\Python313\python.exe C:\Developer\soccer\footy-model\src\modeling\evaluation\score_market_outcomes_fixtures_first.py --league AT1 --since-days 30 --limit 300
Scanned 138 predictions, scored 138, skipped 0 (missing required settlement inputs).
COMMAND: C:\Python313\python.exe C:\Developer\soccer\footy-model\src\modeling\evaluation\score_market_outcomes_fixtures_first.py --league BR1 --since-days 30 --limit 300
Scanned 221 predictions, scored 221, skipped 0 (missing required settlement inputs).
COMMAND: C:\Python313\python.exe C:\Developer\soccer\footy-model\src\modeling\evaluation\score_market_outcomes_fixtures_first.py --league DK1 --since-days 30 --limit 300
Scanned 96 predictions, scored 96, skipped 0 (missing required settlement inputs).
COMMAND: C:\Python313\python.exe C:\Developer\soccer\footy-model\src\modeling\evaluation\score_market_outcomes_fixtures_first.py --league IE1 --since-days 30 --limit 300
Scanned 116 predictions, scored 116, skipped 0 (missing required settlement inputs).
COMMAND: C:\Python313\python.exe C:\Developer\soccer\footy-model\src\modeling\evaluation\score_market_outcomes_fixtures_first.py --league JP1 --since-days 30 --limit 300
Scanned 226 predictions, scored 226, skipped 0 (missing required settlement inputs).
COMMAND: C:\Python313\python.exe C:\Developer\soccer\footy-model\src\modeling\evaluation\score_market_outcomes_fixtures_first.py --league MX1 --since-days 30 --limit 300
Scanned 255 predictions, scored 255, skipped 0 (missing required settlement inputs).
COMMAND: C:\Python313\python.exe C:\Developer\soccer\footy-model\src\modeling\evaluation\score_market_outcomes_fixtures_first.py --league PL1 --since-days 30 --limit 300
Scanned 201 predictions, scored 201, skipped 0 (missing required settlement inputs).
COMMAND: C:\Python313\python.exe C:\Developer\soccer\footy-model\src\modeling\evaluation\score_market_outcomes_fixtures_first.py --league RO1 --since-days 30 --limit 300
Scanned 188 predictions, scored 188, skipped 0 (missing required settlement inputs).
COMMAND: C:\Python313\python.exe C:\Developer\soccer\footy-model\src\modeling\evaluation\score_market_outcomes_fixtures_first.py --league RU1 --since-days 30 --limit 300
No eligible unscored predictions found.
COMMAND: C:\Python313\python.exe C:\Developer\soccer\footy-model\src\modeling\evaluation\score_market_outcomes_fixtures_first.py --league CH1 --since-days 30 --limit 300
Scanned 230 predictions, scored 230, skipped 0 (missing required settlement inputs).
COMMAND: C:\Python313\python.exe C:\Developer\soccer\footy-model\src\modeling\evaluation\score_market_outcomes_fixtures_first.py --league CH2 --since-days 30 --limit 300
Scanned 222 predictions, scored 222, skipped 0 (missing required settlement inputs).
COMMAND: C:\Python313\python.exe C:\Developer\soccer\footy-model\src\modeling\evaluation\score_market_outcomes_fixtures_first.py --league CL --since-days 30 --limit 300
Scanned 112 predictions, scored 112, skipped 0 (missing required settlement inputs).
COMMAND: C:\Python313\python.exe C:\Developer\soccer\footy-model\src\modeling\evaluation\score_market_outcomes_fixtures_first.py --league EL --since-days 30 --limit 300
Scanned 109 predictions, scored 109, skipped 0 (missing required settlement inputs).
COMMAND: C:\Python313\python.exe C:\Developer\soccer\footy-model\src\modeling\evaluation\score_market_outcomes_fixtures_first.py --league ECL --since-days 30 --limit 300
Scanned 107 predictions, scored 107, skipped 0 (missing required settlement inputs).
[2026-03-12T09:15:44+00:00] Score scheduler end rc=0.
[2026-03-12T10:15:04+00:00] Score scheduler start.
Log file: artifacts/logs/score_scheduler.log
Log file: artifacts\logs\score_scheduler.log
Skipping settle phase (--skip-settle).
Skipping predict phase (--skip-predict).
COMMAND: C:\Python313\python.exe C:\Developer\soccer\footy-model\src\modeling\evaluation\score_market_outcomes_fixtures_first.py --league E0 --since-days 30 --limit 300
Scanned 283 predictions, scored 283, skipped 0 (missing required settlement inputs).
COMMAND: C:\Python313\python.exe C:\Developer\soccer\footy-model\src\modeling\evaluation\score_market_outcomes_fixtures_first.py --league E1 --since-days 30 --limit 300
Scanned 300 predictions, scored 300, skipped 0 (missing required settlement inputs).
COMMAND: C:\Python313\python.exe C:\Developer\soccer\footy-model\src\modeling\evaluation\score_market_outcomes_fixtures_first.py --league E2 --since-days 30 --limit 300
Scanned 300 predictions, scored 300, skipped 0 (missing required settlement inputs).
COMMAND: C:\Python313\python.exe C:\Developer\soccer\footy-model\src\modeling\evaluation\score_market_outcomes_fixtures_first.py --league E3 --since-days 30 --limit 300
Scanned 300 predictions, scored 300, skipped 0 (missing required settlement inputs).
COMMAND: C:\Python313\python.exe C:\Developer\soccer\footy-model\src\modeling\evaluation\score_market_outcomes_fixtures_first.py --league EC --since-days 30 --limit 300
Scanned 300 predictions, scored 300, skipped 0 (missing required settlement inputs).
COMMAND: C:\Python313\python.exe C:\Developer\soccer\footy-model\src\modeling\evaluation\score_market_outcomes_fixtures_first.py --league SC0 --since-days 30 --limit 300
Scanned 191 predictions, scored 191, skipped 0 (missing required settlement inputs).
COMMAND: C:\Python313\python.exe C:\Developer\soccer\footy-model\src\modeling\evaluation\score_market_outcomes_fixtures_first.py --league SC1 --since-days 30 --limit 300
Scanned 136 predictions, scored 136, skipped 0 (missing required settlement inputs).
COMMAND: C:\Python313\python.exe C:\Developer\soccer\footy-model\src\modeling\evaluation\score_market_outcomes_fixtures_first.py --league SC2 --since-days 30 --limit 300
Scanned 136 predictions, scored 136, skipped 0 (missing required settlement inputs).
COMMAND: C:\Python313\python.exe C:\Developer\soccer\footy-model\src\modeling\evaluation\score_market_outcomes_fixtures_first.py --league SC3 --since-days 30 --limit 300
Scanned 117 predictions, scored 117, skipped 0 (missing required settlement inputs).
COMMAND: C:\Python313\python.exe C:\Developer\soccer\footy-model\src\modeling\evaluation\score_market_outcomes_fixtures_first.py --league D1 --since-days 30 --limit 300
Scanned 239 predictions, scored 239, skipped 0 (missing required settlement inputs).
COMMAND: C:\Python313\python.exe C:\Developer\soccer\footy-model\src\modeling\evaluation\score_market_outcomes_fixtures_first.py --league D2 --since-days 30 --limit 300
Scanned 208 predictions, scored 208, skipped 0 (missing required settlement inputs).
COMMAND: C:\Python313\python.exe C:\Developer\soccer\footy-model\src\modeling\evaluation\score_market_outcomes_fixtures_first.py --league I1 --since-days 30 --limit 300
Scanned 236 predictions, scored 236, skipped 0 (missing required settlement inputs).
COMMAND: C:\Python313\python.exe C:\Developer\soccer\footy-model\src\modeling\evaluation\score_market_outcomes_fixtures_first.py --league I2 --since-days 30 --limit 300
Scanned 300 predictions, scored 300, skipped 0 (missing required settlement inputs).
COMMAND: C:\Python313\python.exe C:\Developer\soccer\footy-model\src\modeling\evaluation\score_market_outcomes_fixtures_first.py --league SP1 --since-days 30 --limit 300
Scanned 218 predictions, scored 218, skipped 0 (missing required settlement inputs).
COMMAND: C:\Python313\python.exe C:\Developer\soccer\footy-model\src\modeling\evaluation\score_market_outcomes_fixtures_first.py --league SP2 --since-days 30 --limit 300
Scanned 216 predictions, scored 216, skipped 0 (missing required settlement inputs).
COMMAND: C:\Python313\python.exe C:\Developer\soccer\footy-model\src\modeling\evaluation\score_market_outcomes_fixtures_first.py --league F1 --since-days 30 --limit 300
Scanned 216 predictions, scored 216, skipped 0 (missing required settlement inputs).
COMMAND: C:\Python313\python.exe C:\Developer\soccer\footy-model\src\modeling\evaluation\score_market_outcomes_fixtures_first.py --league F2 --since-days 30 --limit 300
Scanned 197 predictions, scored 197, skipped 0 (missing required settlement inputs).
COMMAND: C:\Python313\python.exe C:\Developer\soccer\footy-model\src\modeling\evaluation\score_market_outcomes_fixtures_first.py --league N1 --since-days 30 --limit 300
Scanned 293 predictions, scored 293, skipped 0 (missing required settlement inputs).
COMMAND: C:\Python313\python.exe C:\Developer\soccer\footy-model\src\modeling\evaluation\score_market_outcomes_fixtures_first.py --league B1 --since-days 30 --limit 300
Scanned 285 predictions, scored 285, skipped 0 (missing required settlement inputs).
COMMAND: C:\Python313\python.exe C:\Developer\soccer\footy-model\src\modeling\evaluation\score_market_outcomes_fixtures_first.py --league P1 --since-days 30 --limit 300
Scanned 274 predictions, scored 274, skipped 0 (missing required settlement inputs).
COMMAND: C:\Python313\python.exe C:\Developer\soccer\footy-model\src\modeling\evaluation\score_market_outcomes_fixtures_first.py --league T1 --since-days 30 --limit 300
Scanned 163 predictions, scored 163, skipped 0 (missing required settlement inputs).
COMMAND: C:\Python313\python.exe C:\Developer\soccer\footy-model\src\modeling\evaluation\score_market_outcomes_fixtures_first.py --league G1 --since-days 30 --limit 300
Scanned 200 predictions, scored 200, skipped 0 (missing required settlement inputs).
COMMAND: C:\Python313\python.exe C:\Developer\soccer\footy-model\src\modeling\evaluation\score_market_outcomes_fixtures_first.py --league AT1 --since-days 30 --limit 300
Scanned 138 predictions, scored 138, skipped 0 (missing required settlement inputs).
COMMAND: C:\Python313\python.exe C:\Developer\soccer\footy-model\src\modeling\evaluation\score_market_outcomes_fixtures_first.py --league BR1 --since-days 30 --limit 300
Scanned 221 predictions, scored 221, skipped 0 (missing required settlement inputs).
COMMAND: C:\Python313\python.exe C:\Developer\soccer\footy-model\src\modeling\evaluation\score_market_outcomes_fixtures_first.py --league DK1 --since-days 30 --limit 300
Scanned 96 predictions, scored 96, skipped 0 (missing required settlement inputs).
COMMAND: C:\Python313\python.exe C:\Developer\soccer\footy-model\src\modeling\evaluation\score_market_outcomes_fixtures_first.py --league IE1 --since-days 30 --limit 300
Scanned 116 predictions, scored 116, skipped 0 (missing required settlement inputs).
COMMAND: C:\Python313\python.exe C:\Developer\soccer\footy-model\src\modeling\evaluation\score_market_outcomes_fixtures_first.py --league JP1 --since-days 30 --limit 300
Scanned 226 predictions, scored 226, skipped 0 (missing required settlement inputs).
COMMAND: C:\Python313\python.exe C:\Developer\soccer\footy-model\src\modeling\evaluation\score_market_outcomes_fixtures_first.py --league MX1 --since-days 30 --limit 300
Scanned 255 predictions, scored 255, skipped 0 (missing required settlement inputs).
COMMAND: C:\Python313\python.exe C:\Developer\soccer\footy-model\src\modeling\evaluation\score_market_outcomes_fixtures_first.py --league PL1 --since-days 30 --limit 300
Scanned 201 predictions, scored 201, skipped 0 (missing required settlement inputs).
COMMAND: C:\Python313\python.exe C:\Developer\soccer\footy-model\src\modeling\evaluation\score_market_outcomes_fixtures_first.py --league RO1 --since-days 30 --limit 300
Scanned 188 predictions, scored 188, skipped 0 (missing required settlement inputs).
COMMAND: C:\Python313\python.exe C:\Developer\soccer\footy-model\src\modeling\evaluation\score_market_outcomes_fixtures_first.py --league RU1 --since-days 30 --limit 300
No eligible unscored predictions found.
COMMAND: C:\Python313\python.exe C:\Developer\soccer\footy-model\src\modeling\evaluation\score_market_outcomes_fixtures_first.py --league CH1 --since-days 30 --limit 300
Scanned 230 predictions, scored 230, skipped 0 (missing required settlement inputs).
COMMAND: C:\Python313\python.exe C:\Developer\soccer\footy-model\src\modeling\evaluation\score_market_outcomes_fixtures_first.py --league CH2 --since-days 30 --limit 300
Scanned 222 predictions, scored 222, skipped 0 (missing required settlement inputs).
COMMAND: C:\Python313\python.exe C:\Developer\soccer\footy-model\src\modeling\evaluation\score_market_outcomes_fixtures_first.py --league CL --since-days 30 --limit 300
Scanned 112 predictions, scored 112, skipped 0 (missing required settlement inputs).
COMMAND: C:\Python313\python.exe C:\Developer\soccer\footy-model\src\modeling\evaluation\score_market_outcomes_fixtures_first.py --league EL --since-days 30 --limit 300
Scanned 109 predictions, scored 109, skipped 0 (missing required settlement inputs).
COMMAND: C:\Python313\python.exe C:\Developer\soccer\footy-model\src\modeling\evaluation\score_market_outcomes_fixtures_first.py --league ECL --since-days 30 --limit 300
Scanned 107 predictions, scored 107, skipped 0 (missing required settlement inputs).
[2026-03-12T10:15:41+00:00] Score scheduler end rc=0.
[2026-03-12T11:15:04+00:00] Score scheduler start.
Log file: artifacts/logs/score_scheduler.log
Log file: artifacts\logs\score_scheduler.log
Skipping settle phase (--skip-settle).
Skipping predict phase (--skip-predict).
COMMAND: C:\Python313\python.exe C:\Developer\soccer\footy-model\src\modeling\evaluation\score_market_outcomes_fixtures_first.py --league E0 --since-days 30 --limit 300
Scanned 283 predictions, scored 283, skipped 0 (missing required settlement inputs).
COMMAND: C:\Python313\python.exe C:\Developer\soccer\footy-model\src\modeling\evaluation\score_market_outcomes_fixtures_first.py --league E1 --since-days 30 --limit 300
Scanned 300 predictions, scored 300, skipped 0 (missing required settlement inputs).
COMMAND: C:\Python313\python.exe C:\Developer\soccer\footy-model\src\modeling\evaluation\score_market_outcomes_fixtures_first.py --league E2 --since-days 30 --limit 300
Scanned 300 predictions, scored 300, skipped 0 (missing required settlement inputs).
COMMAND: C:\Python313\python.exe C:\Developer\soccer\footy-model\src\modeling\evaluation\score_market_outcomes_fixtures_first.py --league E3 --since-days 30 --limit 300
Scanned 300 predictions, scored 300, skipped 0 (missing required settlement inputs).
COMMAND: C:\Python313\python.exe C:\Developer\soccer\footy-model\src\modeling\evaluation\score_market_outcomes_fixtures_first.py --league EC --since-days 30 --limit 300
Scanned 300 predictions, scored 300, skipped 0 (missing required settlement inputs).
COMMAND: C:\Python313\python.exe C:\Developer\soccer\footy-model\src\modeling\evaluation\score_market_outcomes_fixtures_first.py --league SC0 --since-days 30 --limit 300
Scanned 191 predictions, scored 191, skipped 0 (missing required settlement inputs).
COMMAND: C:\Python313\python.exe C:\Developer\soccer\footy-model\src\modeling\evaluation\score_market_outcomes_fixtures_first.py --league SC1 --since-days 30 --limit 300
Scanned 136 predictions, scored 136, skipped 0 (missing required settlement inputs).
COMMAND: C:\Python313\python.exe C:\Developer\soccer\footy-model\src\modeling\evaluation\score_market_outcomes_fixtures_first.py --league SC2 --since-days 30 --limit 300
Scanned 136 predictions, scored 136, skipped 0 (missing required settlement inputs).
COMMAND: C:\Python313\python.exe C:\Developer\soccer\footy-model\src\modeling\evaluation\score_market_outcomes_fixtures_first.py --league SC3 --since-days 30 --limit 300
Scanned 117 predictions, scored 117, skipped 0 (missing required settlement inputs).
COMMAND: C:\Python313\python.exe C:\Developer\soccer\footy-model\src\modeling\evaluation\score_market_outcomes_fixtures_first.py --league D1 --since-days 30 --limit 300
Scanned 239 predictions, scored 239, skipped 0 (missing required settlement inputs).
COMMAND: C:\Python313\python.exe C:\Developer\soccer\footy-model\src\modeling\evaluation\score_market_outcomes_fixtures_first.py --league D2 --since-days 30 --limit 300
Scanned 208 predictions, scored 208, skipped 0 (missing required settlement inputs).
COMMAND: C:\Python313\python.exe C:\Developer\soccer\footy-model\src\modeling\evaluation\score_market_outcomes_fixtures_first.py --league I1 --since-days 30 --limit 300
Scanned 236 predictions, scored 236, skipped 0 (missing required settlement inputs).
COMMAND: C:\Python313\python.exe C:\Developer\soccer\footy-model\src\modeling\evaluation\score_market_outcomes_fixtures_first.py --league I2 --since-days 30 --limit 300
Scanned 300 predictions, scored 300, skipped 0 (missing required settlement inputs).
COMMAND: C:\Python313\python.exe C:\Developer\soccer\footy-model\src\modeling\evaluation\score_market_outcomes_fixtures_first.py --league SP1 --since-days 30 --limit 300
Scanned 218 predictions, scored 218, skipped 0 (missing required settlement inputs).
COMMAND: C:\Python313\python.exe C:\Developer\soccer\footy-model\src\modeling\evaluation\score_market_outcomes_fixtures_first.py --league SP2 --since-days 30 --limit 300
Scanned 216 predictions, scored 216, skipped 0 (missing required settlement inputs).
COMMAND: C:\Python313\python.exe C:\Developer\soccer\footy-model\src\modeling\evaluation\score_market_outcomes_fixtures_first.py --league F1 --since-days 30 --limit 300
Scanned 216 predictions, scored 216, skipped 0 (missing required settlement inputs).
COMMAND: C:\Python313\python.exe C:\Developer\soccer\footy-model\src\modeling\evaluation\score_market_outcomes_fixtures_first.py --league F2 --since-days 30 --limit 300
Scanned 197 predictions, scored 197, skipped 0 (missing required settlement inputs).
COMMAND: C:\Python313\python.exe C:\Developer\soccer\footy-model\src\modeling\evaluation\score_market_outcomes_fixtures_first.py --league N1 --since-days 30 --limit 300
Scanned 293 predictions, scored 293, skipped 0 (missing required settlement inputs).
COMMAND: C:\Python313\python.exe C:\Developer\soccer\footy-model\src\modeling\evaluation\score_market_outcomes_fixtures_first.py --league B1 --since-days 30 --limit 300
Scanned 285 predictions, scored 285, skipped 0 (missing required settlement inputs).
COMMAND: C:\Python313\python.exe C:\Developer\soccer\footy-model\src\modeling\evaluation\score_market_outcomes_fixtures_first.py --league P1 --since-days 30 --limit 300
Scanned 274 predictions, scored 274, skipped 0 (missing required settlement inputs).
COMMAND: C:\Python313\python.exe C:\Developer\soccer\footy-model\src\modeling\evaluation\score_market_outcomes_fixtures_first.py --league T1 --since-days 30 --limit 300
Scanned 163 predictions, scored 163, skipped 0 (missing required settlement inputs).
COMMAND: C:\Python313\python.exe C:\Developer\soccer\footy-model\src\modeling\evaluation\score_market_outcomes_fixtures_first.py --league G1 --since-days 30 --limit 300
Scanned 200 predictions, scored 200, skipped 0 (missing required settlement inputs).
COMMAND: C:\Python313\python.exe C:\Developer\soccer\footy-model\src\modeling\evaluation\score_market_outcomes_fixtures_first.py --league AT1 --since-days 30 --limit 300
Scanned 138 predictions, scored 138, skipped 0 (missing required settlement inputs).
COMMAND: C:\Python313\python.exe C:\Developer\soccer\footy-model\src\modeling\evaluation\score_market_outcomes_fixtures_first.py --league BR1 --since-days 30 --limit 300
Scanned 221 predictions, scored 221, skipped 0 (missing required settlement inputs).
COMMAND: C:\Python313\python.exe C:\Developer\soccer\footy-model\src\modeling\evaluation\score_market_outcomes_fixtures_first.py --league DK1 --since-days 30 --limit 300
Scanned 96 predictions, scored 96, skipped 0 (missing required settlement inputs).
COMMAND: C:\Python313\python.exe C:\Developer\soccer\footy-model\src\modeling\evaluation\score_market_outcomes_fixtures_first.py --league IE1 --since-days 30 --limit 300
Scanned 116 predictions, scored 116, skipped 0 (missing required settlement inputs).
COMMAND: C:\Python313\python.exe C:\Developer\soccer\footy-model\src\modeling\evaluation\score_market_outcomes_fixtures_first.py --league JP1 --since-days 30 --limit 300
Scanned 226 predictions, scored 226, skipped 0 (missing required settlement inputs).
COMMAND: C:\Python313\python.exe C:\Developer\soccer\footy-model\src\modeling\evaluation\score_market_outcomes_fixtures_first.py --league MX1 --since-days 30 --limit 300
Scanned 255 predictions, scored 255, skipped 0 (missing required settlement inputs).
COMMAND: C:\Python313\python.exe C:\Developer\soccer\footy-model\src\modeling\evaluation\score_market_outcomes_fixtures_first.py --league PL1 --since-days 30 --limit 300
Scanned 201 predictions, scored 201, skipped 0 (missing required settlement inputs).
COMMAND: C:\Python313\python.exe C:\Developer\soccer\footy-model\src\modeling\evaluation\score_market_outcomes_fixtures_first.py --league RO1 --since-days 30 --limit 300
Scanned 188 predictions, scored 188, skipped 0 (missing required settlement inputs).
COMMAND: C:\Python313\python.exe C:\Developer\soccer\footy-model\src\modeling\evaluation\score_market_outcomes_fixtures_first.py --league RU1 --since-days 30 --limit 300
No eligible unscored predictions found.
COMMAND: C:\Python313\python.exe C:\Developer\soccer\footy-model\src\modeling\evaluation\score_market_outcomes_fixtures_first.py --league CH1 --since-days 30 --limit 300
Scanned 230 predictions, scored 230, skipped 0 (missing required settlement inputs).
COMMAND: C:\Python313\python.exe C:\Developer\soccer\footy-model\src\modeling\evaluation\score_market_outcomes_fixtures_first.py --league CH2 --since-days 30 --limit 300
Scanned 222 predictions, scored 222, skipped 0 (missing required settlement inputs).
COMMAND: C:\Python313\python.exe C:\Developer\soccer\footy-model\src\modeling\evaluation\score_market_outcomes_fixtures_first.py --league CL --since-days 30 --limit 300
Scanned 112 predictions, scored 112, skipped 0 (missing required settlement inputs).
COMMAND: C:\Python313\python.exe C:\Developer\soccer\footy-model\src\modeling\evaluation\score_market_outcomes_fixtures_first.py --league EL --since-days 30 --limit 300
Scanned 109 predictions, scored 109, skipped 0 (missing required settlement inputs).
COMMAND: C:\Python313\python.exe C:\Developer\soccer\footy-model\src\modeling\evaluation\score_market_outcomes_fixtures_first.py --league ECL --since-days 30 --limit 300
Scanned 107 predictions, scored 107, skipped 0 (missing required settlement inputs).
[2026-03-12T11:15:37+00:00] Score scheduler end rc=0.
[2026-03-12T12:15:05+00:00] Score scheduler start.
Log file: artifacts/logs/score_scheduler.log
Log file: artifacts\logs\score_scheduler.log
Skipping settle phase (--skip-settle).
Skipping predict phase (--skip-predict).
COMMAND: C:\Python313\python.exe C:\Developer\soccer\footy-model\src\modeling\evaluation\score_market_outcomes_fixtures_first.py --league E0 --since-days 30 --limit 300
Scanned 283 predictions, scored 283, skipped 0 (missing required settlement inputs).
COMMAND: C:\Python313\python.exe C:\Developer\soccer\footy-model\src\modeling\evaluation\score_market_outcomes_fixtures_first.py --league E1 --since-days 30 --limit 300
Scanned 300 predictions, scored 300, skipped 0 (missing required settlement inputs).
COMMAND: C:\Python313\python.exe C:\Developer\soccer\footy-model\src\modeling\evaluation\score_market_outcomes_fixtures_first.py --league E2 --since-days 30 --limit 300
Scanned 300 predictions, scored 300, skipped 0 (missing required settlement inputs).
COMMAND: C:\Python313\python.exe C:\Developer\soccer\footy-model\src\modeling\evaluation\score_market_outcomes_fixtures_first.py --league E3 --since-days 30 --limit 300
Scanned 300 predictions, scored 300, skipped 0 (missing required settlement inputs).
COMMAND: C:\Python313\python.exe C:\Developer\soccer\footy-model\src\modeling\evaluation\score_market_outcomes_fixtures_first.py --league EC --since-days 30 --limit 300
Scanned 300 predictions, scored 300, skipped 0 (missing required settlement inputs).
COMMAND: C:\Python313\python.exe C:\Developer\soccer\footy-model\src\modeling\evaluation\score_market_outcomes_fixtures_first.py --league SC0 --since-days 30 --limit 300
Scanned 191 predictions, scored 191, skipped 0 (missing required settlement inputs).
COMMAND: C:\Python313\python.exe C:\Developer\soccer\footy-model\src\modeling\evaluation\score_market_outcomes_fixtures_first.py --league SC1 --since-days 30 --limit 300
Scanned 136 predictions, scored 136, skipped 0 (missing required settlement inputs).
COMMAND: C:\Python313\python.exe C:\Developer\soccer\footy-model\src\modeling\evaluation\score_market_outcomes_fixtures_first.py --league SC2 --since-days 30 --limit 300
Scanned 136 predictions, scored 136, skipped 0 (missing required settlement inputs).
COMMAND: C:\Python313\python.exe C:\Developer\soccer\footy-model\src\modeling\evaluation\score_market_outcomes_fixtures_first.py --league SC3 --since-days 30 --limit 300
Scanned 117 predictions, scored 117, skipped 0 (missing required settlement inputs).
COMMAND: C:\Python313\python.exe C:\Developer\soccer\footy-model\src\modeling\evaluation\score_market_outcomes_fixtures_first.py --league D1 --since-days 30 --limit 300
Scanned 239 predictions, scored 239, skipped 0 (missing required settlement inputs).
COMMAND: C:\Python313\python.exe C:\Developer\soccer\footy-model\src\modeling\evaluation\score_market_outcomes_fixtures_first.py --league D2 --since-days 30 --limit 300
Scanned 208 predictions, scored 208, skipped 0 (missing required settlement inputs).
COMMAND: C:\Python313\python.exe C:\Developer\soccer\footy-model\src\modeling\evaluation\score_market_outcomes_fixtures_first.py --league I1 --since-days 30 --limit 300
Scanned 236 predictions, scored 236, skipped 0 (missing required settlement inputs).
COMMAND: C:\Python313\python.exe C:\Developer\soccer\footy-model\src\modeling\evaluation\score_market_outcomes_fixtures_first.py --league I2 --since-days 30 --limit 300
Scanned 300 predictions, scored 300, skipped 0 (missing required settlement inputs).
COMMAND: C:\Python313\python.exe C:\Developer\soccer\footy-model\src\modeling\evaluation\score_market_outcomes_fixtures_first.py --league SP1 --since-days 30 --limit 300
Scanned 218 predictions, scored 218, skipped 0 (missing required settlement inputs).
COMMAND: C:\Python313\python.exe C:\Developer\soccer\footy-model\src\modeling\evaluation\score_market_outcomes_fixtures_first.py --league SP2 --since-days 30 --limit 300
Scanned 216 predictions, scored 216, skipped 0 (missing required settlement inputs).
COMMAND: C:\Python313\python.exe C:\Developer\soccer\footy-model\src\modeling\evaluation\score_market_outcomes_fixtures_first.py --league F1 --since-days 30 --limit 300
Scanned 216 predictions, scored 216, skipped 0 (missing required settlement inputs).
COMMAND: C:\Python313\python.exe C:\Developer\soccer\footy-model\src\modeling\evaluation\score_market_outcomes_fixtures_first.py --league F2 --since-days 30 --limit 300
Scanned 197 predictions, scored 197, skipped 0 (missing required settlement inputs).
COMMAND: C:\Python313\python.exe C:\Developer\soccer\footy-model\src\modeling\evaluation\score_market_outcomes_fixtures_first.py --league N1 --since-days 30 --limit 300
Scanned 293 predictions, scored 293, skipped 0 (missing required settlement inputs).
COMMAND: C:\Python313\python.exe C:\Developer\soccer\footy-model\src\modeling\evaluation\score_market_outcomes_fixtures_first.py --league B1 --since-days 30 --limit 300
Scanned 285 predictions, scored 285, skipped 0 (missing required settlement inputs).
COMMAND: C:\Python313\python.exe C:\Developer\soccer\footy-model\src\modeling\evaluation\score_market_outcomes_fixtures_first.py --league P1 --since-days 30 --limit 300
Scanned 274 predictions, scored 274, skipped 0 (missing required settlement inputs).
COMMAND: C:\Python313\python.exe C:\Developer\soccer\footy-model\src\modeling\evaluation\score_market_outcomes_fixtures_first.py --league T1 --since-days 30 --limit 300
Scanned 163 predictions, scored 163, skipped 0 (missing required settlement inputs).
COMMAND: C:\Python313\python.exe C:\Developer\soccer\footy-model\src\modeling\evaluation\score_market_outcomes_fixtures_first.py --league G1 --since-days 30 --limit 300
Scanned 200 predictions, scored 200, skipped 0 (missing required settlement inputs).
COMMAND: C:\Python313\python.exe C:\Developer\soccer\footy-model\src\modeling\evaluation\score_market_outcomes_fixtures_first.py --league AT1 --since-days 30 --limit 300
Scanned 138 predictions, scored 138, skipped 0 (missing required settlement inputs).
COMMAND: C:\Python313\python.exe C:\Developer\soccer\footy-model\src\modeling\evaluation\score_market_outcomes_fixtures_first.py --league BR1 --since-days 30 --limit 300
Scanned 221 predictions, scored 221, skipped 0 (missing required settlement inputs).
COMMAND: C:\Python313\python.exe C:\Developer\soccer\footy-model\src\modeling\evaluation\score_market_outcomes_fixtures_first.py --league DK1 --since-days 30 --limit 300
Scanned 96 predictions, scored 96, skipped 0 (missing required settlement inputs).
COMMAND: C:\Python313\python.exe C:\Developer\soccer\footy-model\src\modeling\evaluation\score_market_outcomes_fixtures_first.py --league IE1 --since-days 30 --limit 300
Scanned 116 predictions, scored 116, skipped 0 (missing required settlement inputs).
COMMAND: C:\Python313\python.exe C:\Developer\soccer\footy-model\src\modeling\evaluation\score_market_outcomes_fixtures_first.py --league JP1 --since-days 30 --limit 300
Scanned 226 predictions, scored 226, skipped 0 (missing required settlement inputs).
COMMAND: C:\Python313\python.exe C:\Developer\soccer\footy-model\src\modeling\evaluation\score_market_outcomes_fixtures_first.py --league MX1 --since-days 30 --limit 300
Scanned 255 predictions, scored 255, skipped 0 (missing required settlement inputs).
COMMAND: C:\Python313\python.exe C:\Developer\soccer\footy-model\src\modeling\evaluation\score_market_outcomes_fixtures_first.py --league PL1 --since-days 30 --limit 300
Scanned 201 predictions, scored 201, skipped 0 (missing required settlement inputs).
COMMAND: C:\Python313\python.exe C:\Developer\soccer\footy-model\src\modeling\evaluation\score_market_outcomes_fixtures_first.py --league RO1 --since-days 30 --limit 300
Scanned 188 predictions, scored 188, skipped 0 (missing required settlement inputs).
COMMAND: C:\Python313\python.exe C:\Developer\soccer\footy-model\src\modeling\evaluation\score_market_outcomes_fixtures_first.py --league RU1 --since-days 30 --limit 300
No eligible unscored predictions found.
COMMAND: C:\Python313\python.exe C:\Developer\soccer\footy-model\src\modeling\evaluation\score_market_outcomes_fixtures_first.py --league CH1 --since-days 30 --limit 300
Scanned 230 predictions, scored 230, skipped 0 (missing required settlement inputs).
COMMAND: C:\Python313\python.exe C:\Developer\soccer\footy-model\src\modeling\evaluation\score_market_outcomes_fixtures_first.py --league CH2 --since-days 30 --limit 300
Scanned 222 predictions, scored 222, skipped 0 (missing required settlement inputs).
COMMAND: C:\Python313\python.exe C:\Developer\soccer\footy-model\src\modeling\evaluation\score_market_outcomes_fixtures_first.py --league CL --since-days 30 --limit 300
Scanned 112 predictions, scored 112, skipped 0 (missing required settlement inputs).
COMMAND: C:\Python313\python.exe C:\Developer\soccer\footy-model\src\modeling\evaluation\score_market_outcomes_fixtures_first.py --league EL --since-days 30 --limit 300
Scanned 109 predictions, scored 109, skipped 0 (missing required settlement inputs).
COMMAND: C:\Python313\python.exe C:\Developer\soccer\footy-model\src\modeling\evaluation\score_market_outcomes_fixtures_first.py --league ECL --since-days 30 --limit 300
Scanned 107 predictions, scored 107, skipped 0 (missing required settlement inputs).
[2026-03-12T12:15:34+00:00] Score scheduler end rc=0.
[2026-03-12T13:15:02+00:00] Score scheduler start.
Log file: artifacts/logs/score_scheduler.log
Log file: artifacts\logs\score_scheduler.log
Skipping settle phase (--skip-settle).
Skipping predict phase (--skip-predict).
COMMAND: C:\Python313\python.exe C:\Developer\soccer\footy-model\src\modeling\evaluation\score_market_outcomes_fixtures_first.py --league E0 --since-days 30 --limit 300
Scanned 283 predictions, scored 283, skipped 0 (missing required settlement inputs).
COMMAND: C:\Python313\python.exe C:\Developer\soccer\footy-model\src\modeling\evaluation\score_market_outcomes_fixtures_first.py --league E1 --since-days 30 --limit 300
Scanned 300 predictions, scored 300, skipped 0 (missing required settlement inputs).
COMMAND: C:\Python313\python.exe C:\Developer\soccer\footy-model\src\modeling\evaluation\score_market_outcomes_fixtures_first.py --league E2 --since-days 30 --limit 300
Scanned 300 predictions, scored 300, skipped 0 (missing required settlement inputs).
COMMAND: C:\Python313\python.exe C:\Developer\soccer\footy-model\src\modeling\evaluation\score_market_outcomes_fixtures_first.py --league E3 --since-days 30 --limit 300
Scanned 300 predictions, scored 300, skipped 0 (missing required settlement inputs).
COMMAND: C:\Python313\python.exe C:\Developer\soccer\footy-model\src\modeling\evaluation\score_market_outcomes_fixtures_first.py --league EC --since-days 30 --limit 300
Scanned 300 predictions, scored 300, skipped 0 (missing required settlement inputs).
COMMAND: C:\Python313\python.exe C:\Developer\soccer\footy-model\src\modeling\evaluation\score_market_outcomes_fixtures_first.py --league SC0 --since-days 30 --limit 300
Scanned 191 predictions, scored 191, skipped 0 (missing required settlement inputs).
COMMAND: C:\Python313\python.exe C:\Developer\soccer\footy-model\src\modeling\evaluation\score_market_outcomes_fixtures_first.py --league SC1 --since-days 30 --limit 300
Scanned 136 predictions, scored 136, skipped 0 (missing required settlement inputs).
COMMAND: C:\Python313\python.exe C:\Developer\soccer\footy-model\src\modeling\evaluation\score_market_outcomes_fixtures_first.py --league SC2 --since-days 30 --limit 300
Scanned 136 predictions, scored 136, skipped 0 (missing required settlement inputs).
COMMAND: C:\Python313\python.exe C:\Developer\soccer\footy-model\src\modeling\evaluation\score_market_outcomes_fixtures_first.py --league SC3 --since-days 30 --limit 300
Scanned 117 predictions, scored 117, skipped 0 (missing required settlement inputs).
COMMAND: C:\Python313\python.exe C:\Developer\soccer\footy-model\src\modeling\evaluation\score_market_outcomes_fixtures_first.py --league D1 --since-days 30 --limit 300
Scanned 239 predictions, scored 239, skipped 0 (missing required settlement inputs).
COMMAND: C:\Python313\python.exe C:\Developer\soccer\footy-model\src\modeling\evaluation\score_market_outcomes_fixtures_first.py --league D2 --since-days 30 --limit 300
Scanned 208 predictions, scored 208, skipped 0 (missing required settlement inputs).
COMMAND: C:\Python313\python.exe C:\Developer\soccer\footy-model\src\modeling\evaluation\score_market_outcomes_fixtures_first.py --league I1 --since-days 30 --limit 300
Scanned 236 predictions, scored 236, skipped 0 (missing required settlement inputs).
COMMAND: C:\Python313\python.exe C:\Developer\soccer\footy-model\src\modeling\evaluation\score_market_outcomes_fixtures_first.py --league I2 --since-days 30 --limit 300
Scanned 300 predictions, scored 300, skipped 0 (missing required settlement inputs).
COMMAND: C:\Python313\python.exe C:\Developer\soccer\footy-model\src\modeling\evaluation\score_market_outcomes_fixtures_first.py --league SP1 --since-days 30 --limit 300
Scanned 218 predictions, scored 218, skipped 0 (missing required settlement inputs).
COMMAND: C:\Python313\python.exe C:\Developer\soccer\footy-model\src\modeling\evaluation\score_market_outcomes_fixtures_first.py --league SP2 --since-days 30 --limit 300
Scanned 216 predictions, scored 216, skipped 0 (missing required settlement inputs).
COMMAND: C:\Python313\python.exe C:\Developer\soccer\footy-model\src\modeling\evaluation\score_market_outcomes_fixtures_first.py --league F1 --since-days 30 --limit 300
Scanned 216 predictions, scored 216, skipped 0 (missing required settlement inputs).
COMMAND: C:\Python313\python.exe C:\Developer\soccer\footy-model\src\modeling\evaluation\score_market_outcomes_fixtures_first.py --league F2 --since-days 30 --limit 300
Scanned 197 predictions, scored 197, skipped 0 (missing required settlement inputs).
COMMAND: C:\Python313\python.exe C:\Developer\soccer\footy-model\src\modeling\evaluation\score_market_outcomes_fixtures_first.py --league N1 --since-days 30 --limit 300
Scanned 293 predictions, scored 293, skipped 0 (missing required settlement inputs).
COMMAND: C:\Python313\python.exe C:\Developer\soccer\footy-model\src\modeling\evaluation\score_market_outcomes_fixtures_first.py --league B1 --since-days 30 --limit 300
Scanned 285 predictions, scored 285, skipped 0 (missing required settlement inputs).
COMMAND: C:\Python313\python.exe C:\Developer\soccer\footy-model\src\modeling\evaluation\score_market_outcomes_fixtures_first.py --league P1 --since-days 30 --limit 300
Scanned 274 predictions, scored 274, skipped 0 (missing required settlement inputs).
COMMAND: C:\Python313\python.exe C:\Developer\soccer\footy-model\src\modeling\evaluation\score_market_outcomes_fixtures_first.py --league T1 --since-days 30 --limit 300
Scanned 163 predictions, scored 163, skipped 0 (missing required settlement inputs).
COMMAND: C:\Python313\python.exe C:\Developer\soccer\footy-model\src\modeling\evaluation\score_market_outcomes_fixtures_first.py --league G1 --since-days 30 --limit 300
Scanned 200 predictions, scored 200, skipped 0 (missing required settlement inputs).
COMMAND: C:\Python313\python.exe C:\Developer\soccer\footy-model\src\modeling\evaluation\score_market_outcomes_fixtures_first.py --league AT1 --since-days 30 --limit 300
Scanned 138 predictions, scored 138, skipped 0 (missing required settlement inputs).
COMMAND: C:\Python313\python.exe C:\Developer\soccer\footy-model\src\modeling\evaluation\score_market_outcomes_fixtures_first.py --league BR1 --since-days 30 --limit 300
Scanned 221 predictions, scored 221, skipped 0 (missing required settlement inputs).
COMMAND: C:\Python313\python.exe C:\Developer\soccer\footy-model\src\modeling\evaluation\score_market_outcomes_fixtures_first.py --league DK1 --since-days 30 --limit 300
Scanned 96 predictions, scored 96, skipped 0 (missing required settlement inputs).
COMMAND: C:\Python313\python.exe C:\Developer\soccer\footy-model\src\modeling\evaluation\score_market_outcomes_fixtures_first.py --league IE1 --since-days 30 --limit 300
Scanned 116 predictions, scored 116, skipped 0 (missing required settlement inputs).
COMMAND: C:\Python313\python.exe C:\Developer\soccer\footy-model\src\modeling\evaluation\score_market_outcomes_fixtures_first.py --league JP1 --since-days 30 --limit 300
Scanned 226 predictions, scored 226, skipped 0 (missing required settlement inputs).
COMMAND: C:\Python313\python.exe C:\Developer\soccer\footy-model\src\modeling\evaluation\score_market_outcomes_fixtures_first.py --league MX1 --since-days 30 --limit 300
Scanned 255 predictions, scored 255, skipped 0 (missing required settlement inputs).
COMMAND: C:\Python313\python.exe C:\Developer\soccer\footy-model\src\modeling\evaluation\score_market_outcomes_fixtures_first.py --league PL1 --since-days 30 --limit 300
Scanned 201 predictions, scored 201, skipped 0 (missing required settlement inputs).
COMMAND: C:\Python313\python.exe C:\Developer\soccer\footy-model\src\modeling\evaluation\score_market_outcomes_fixtures_first.py --league RO1 --since-days 30 --limit 300
Scanned 188 predictions, scored 188, skipped 0 (missing required settlement inputs).
COMMAND: C:\Python313\python.exe C:\Developer\soccer\footy-model\src\modeling\evaluation\score_market_outcomes_fixtures_first.py --league RU1 --since-days 30 --limit 300
No eligible unscored predictions found.
COMMAND: C:\Python313\python.exe C:\Developer\soccer\footy-model\src\modeling\evaluation\score_market_outcomes_fixtures_first.py --league CH1 --since-days 30 --limit 300
Scanned 230 predictions, scored 230, skipped 0 (missing required settlement inputs).
COMMAND: C:\Python313\python.exe C:\Developer\soccer\footy-model\src\modeling\evaluation\score_market_outcomes_fixtures_first.py --league CH2 --since-days 30 --limit 300
Scanned 222 predictions, scored 222, skipped 0 (missing required settlement inputs).
COMMAND: C:\Python313\python.exe C:\Developer\soccer\footy-model\src\modeling\evaluation\score_market_outcomes_fixtures_first.py --league CL --since-days 30 --limit 300
Scanned 112 predictions, scored 112, skipped 0 (missing required settlement inputs).
COMMAND: C:\Python313\python.exe C:\Developer\soccer\footy-model\src\modeling\evaluation\score_market_outcomes_fixtures_first.py --league EL --since-days 30 --limit 300
Scanned 109 predictions, scored 109, skipped 0 (missing required settlement inputs).
COMMAND: C:\Python313\python.exe C:\Developer\soccer\footy-model\src\modeling\evaluation\score_market_outcomes_fixtures_first.py --league ECL --since-days 30 --limit 300
Scanned 107 predictions, scored 107, skipped 0 (missing required settlement inputs).
[2026-03-12T13:15:31+00:00] Score scheduler end rc=0.
[2026-03-12T14:15:03+00:00] Score scheduler start.
Log file: artifacts/logs/score_scheduler.log
Log file: artifacts\logs\score_scheduler.log
Skipping settle phase (--skip-settle).
Skipping predict phase (--skip-predict).
COMMAND: C:\Python313\python.exe C:\Developer\soccer\footy-model\src\modeling\evaluation\score_market_outcomes_fixtures_first.py --league E0 --since-days 30 --limit 300
Scanned 283 predictions, scored 283, skipped 0 (missing required settlement inputs).
COMMAND: C:\Python313\python.exe C:\Developer\soccer\footy-model\src\modeling\evaluation\score_market_outcomes_fixtures_first.py --league E1 --since-days 30 --limit 300
Scanned 300 predictions, scored 300, skipped 0 (missing required settlement inputs).
COMMAND: C:\Python313\python.exe C:\Developer\soccer\footy-model\src\modeling\evaluation\score_market_outcomes_fixtures_first.py --league E2 --since-days 30 --limit 300
Scanned 300 predictions, scored 300, skipped 0 (missing required settlement inputs).
COMMAND: C:\Python313\python.exe C:\Developer\soccer\footy-model\src\modeling\evaluation\score_market_outcomes_fixtures_first.py --league E3 --since-days 30 --limit 300
Scanned 300 predictions, scored 300, skipped 0 (missing required settlement inputs).
COMMAND: C:\Python313\python.exe C:\Developer\soccer\footy-model\src\modeling\evaluation\score_market_outcomes_fixtures_first.py --league EC --since-days 30 --limit 300
Scanned 300 predictions, scored 300, skipped 0 (missing required settlement inputs).
COMMAND: C:\Python313\python.exe C:\Developer\soccer\footy-model\src\modeling\evaluation\score_market_outcomes_fixtures_first.py --league SC0 --since-days 30 --limit 300
Scanned 191 predictions, scored 191, skipped 0 (missing required settlement inputs).
COMMAND: C:\Python313\python.exe C:\Developer\soccer\footy-model\src\modeling\evaluation\score_market_outcomes_fixtures_first.py --league SC1 --since-days 30 --limit 300
Scanned 136 predictions, scored 136, skipped 0 (missing required settlement inputs).
COMMAND: C:\Python313\python.exe C:\Developer\soccer\footy-model\src\modeling\evaluation\score_market_outcomes_fixtures_first.py --league SC2 --since-days 30 --limit 300
Scanned 136 predictions, scored 136, skipped 0 (missing required settlement inputs).
COMMAND: C:\Python313\python.exe C:\Developer\soccer\footy-model\src\modeling\evaluation\score_market_outcomes_fixtures_first.py --league SC3 --since-days 30 --limit 300
Scanned 117 predictions, scored 117, skipped 0 (missing required settlement inputs).
COMMAND: C:\Python313\python.exe C:\Developer\soccer\footy-model\src\modeling\evaluation\score_market_outcomes_fixtures_first.py --league D1 --since-days 30 --limit 300
Scanned 239 predictions, scored 239, skipped 0 (missing required settlement inputs).
COMMAND: C:\Python313\python.exe C:\Developer\soccer\footy-model\src\modeling\evaluation\score_market_outcomes_fixtures_first.py --league D2 --since-days 30 --limit 300
Scanned 208 predictions, scored 208, skipped 0 (missing required settlement inputs).
COMMAND: C:\Python313\python.exe C:\Developer\soccer\footy-model\src\modeling\evaluation\score_market_outcomes_fixtures_first.py --league I1 --since-days 30 --limit 300
Scanned 236 predictions, scored 236, skipped 0 (missing required settlement inputs).
COMMAND: C:\Python313\python.exe C:\Developer\soccer\footy-model\src\modeling\evaluation\score_market_outcomes_fixtures_first.py --league I2 --since-days 30 --limit 300
Scanned 300 predictions, scored 300, skipped 0 (missing required settlement inputs).
COMMAND: C:\Python313\python.exe C:\Developer\soccer\footy-model\src\modeling\evaluation\score_market_outcomes_fixtures_first.py --league SP1 --since-days 30 --limit 300
Scanned 218 predictions, scored 218, skipped 0 (missing required settlement inputs).
COMMAND: C:\Python313\python.exe C:\Developer\soccer\footy-model\src\modeling\evaluation\score_market_outcomes_fixtures_first.py --league SP2 --since-days 30 --limit 300
Scanned 216 predictions, scored 216, skipped 0 (missing required settlement inputs).
COMMAND: C:\Python313\python.exe C:\Developer\soccer\footy-model\src\modeling\evaluation\score_market_outcomes_fixtures_first.py --league F1 --since-days 30 --limit 300
Scanned 216 predictions, scored 216, skipped 0 (missing required settlement inputs).
COMMAND: C:\Python313\python.exe C:\Developer\soccer\footy-model\src\modeling\evaluation\score_market_outcomes_fixtures_first.py --league F2 --since-days 30 --limit 300
Scanned 197 predictions, scored 197, skipped 0 (missing required settlement inputs).
COMMAND: C:\Python313\python.exe C:\Developer\soccer\footy-model\src\modeling\evaluation\score_market_outcomes_fixtures_first.py --league N1 --since-days 30 --limit 300
Scanned 293 predictions, scored 293, skipped 0 (missing required settlement inputs).
COMMAND: C:\Python313\python.exe C:\Developer\soccer\footy-model\src\modeling\evaluation\score_market_outcomes_fixtures_first.py --league B1 --since-days 30 --limit 300
Scanned 285 predictions, scored 285, skipped 0 (missing required settlement inputs).
COMMAND: C:\Python313\python.exe C:\Developer\soccer\footy-model\src\modeling\evaluation\score_market_outcomes_fixtures_first.py --league P1 --since-days 30 --limit 300
Scanned 274 predictions, scored 274, skipped 0 (missing required settlement inputs).
COMMAND: C:\Python313\python.exe C:\Developer\soccer\footy-model\src\modeling\evaluation\score_market_outcomes_fixtures_first.py --league T1 --since-days 30 --limit 300
Scanned 163 predictions, scored 163, skipped 0 (missing required settlement inputs).
COMMAND: C:\Python313\python.exe C:\Developer\soccer\footy-model\src\modeling\evaluation\score_market_outcomes_fixtures_first.py --league G1 --since-days 30 --limit 300
Scanned 200 predictions, scored 200, skipped 0 (missing required settlement inputs).
COMMAND: C:\Python313\python.exe C:\Developer\soccer\footy-model\src\modeling\evaluation\score_market_outcomes_fixtures_first.py --league AT1 --since-days 30 --limit 300
Scanned 138 predictions, scored 138, skipped 0 (missing required settlement inputs).
COMMAND: C:\Python313\python.exe C:\Developer\soccer\footy-model\src\modeling\evaluation\score_market_outcomes_fixtures_first.py --league BR1 --since-days 30 --limit 300
Scanned 221 predictions, scored 221, skipped 0 (missing required settlement inputs).
COMMAND: C:\Python313\python.exe C:\Developer\soccer\footy-model\src\modeling\evaluation\score_market_outcomes_fixtures_first.py --league DK1 --since-days 30 --limit 300
Scanned 96 predictions, scored 96, skipped 0 (missing required settlement inputs).
COMMAND: C:\Python313\python.exe C:\Developer\soccer\footy-model\src\modeling\evaluation\score_market_outcomes_fixtures_first.py --league IE1 --since-days 30 --limit 300
Scanned 116 predictions, scored 116, skipped 0 (missing required settlement inputs).
COMMAND: C:\Python313\python.exe C:\Developer\soccer\footy-model\src\modeling\evaluation\score_market_outcomes_fixtures_first.py --league JP1 --since-days 30 --limit 300
Scanned 226 predictions, scored 226, skipped 0 (missing required settlement inputs).
COMMAND: C:\Python313\python.exe C:\Developer\soccer\footy-model\src\modeling\evaluation\score_market_outcomes_fixtures_first.py --league MX1 --since-days 30 --limit 300
Scanned 255 predictions, scored 255, skipped 0 (missing required settlement inputs).
COMMAND: C:\Python313\python.exe C:\Developer\soccer\footy-model\src\modeling\evaluation\score_market_outcomes_fixtures_first.py --league PL1 --since-days 30 --limit 300
Scanned 201 predictions, scored 201, skipped 0 (missing required settlement inputs).
COMMAND: C:\Python313\python.exe C:\Developer\soccer\footy-model\src\modeling\evaluation\score_market_outcomes_fixtures_first.py --league RO1 --since-days 30 --limit 300
Scanned 188 predictions, scored 188, skipped 0 (missing required settlement inputs).
COMMAND: C:\Python313\python.exe C:\Developer\soccer\footy-model\src\modeling\evaluation\score_market_outcomes_fixtures_first.py --league RU1 --since-days 30 --limit 300
No eligible unscored predictions found.
COMMAND: C:\Python313\python.exe C:\Developer\soccer\footy-model\src\modeling\evaluation\score_market_outcomes_fixtures_first.py --league CH1 --since-days 30 --limit 300
Scanned 230 predictions, scored 230, skipped 0 (missing required settlement inputs).
COMMAND: C:\Python313\python.exe C:\Developer\soccer\footy-model\src\modeling\evaluation\score_market_outcomes_fixtures_first.py --league CH2 --since-days 30 --limit 300
Scanned 222 predictions, scored 222, skipped 0 (missing required settlement inputs).
COMMAND: C:\Python313\python.exe C:\Developer\soccer\footy-model\src\modeling\evaluation\score_market_outcomes_fixtures_first.py --league CL --since-days 30 --limit 300
Scanned 112 predictions, scored 112, skipped 0 (missing required settlement inputs).
COMMAND: C:\Python313\python.exe C:\Developer\soccer\footy-model\src\modeling\evaluation\score_market_outcomes_fixtures_first.py --league EL --since-days 30 --limit 300
Scanned 109 predictions, scored 109, skipped 0 (missing required settlement inputs).
COMMAND: C:\Python313\python.exe C:\Developer\soccer\footy-model\src\modeling\evaluation\score_market_outcomes_fixtures_first.py --league ECL --since-days 30 --limit 300
Scanned 107 predictions, scored 107, skipped 0 (missing required settlement inputs).
[2026-03-12T14:15:51+00:00] Score scheduler end rc=0.
[2026-03-12T15:15:05+00:00] Score scheduler start.
Log file: artifacts/logs/score_scheduler.log
Log file: artifacts\logs\score_scheduler.log
Skipping settle phase (--skip-settle).
Skipping predict phase (--skip-predict).
COMMAND: C:\Python313\python.exe C:\Developer\soccer\footy-model\src\modeling\evaluation\score_market_outcomes_fixtures_first.py --league E0 --since-days 30 --limit 300
Scanned 283 predictions, scored 283, skipped 0 (missing required settlement inputs).
COMMAND: C:\Python313\python.exe C:\Developer\soccer\footy-model\src\modeling\evaluation\score_market_outcomes_fixtures_first.py --league E1 --since-days 30 --limit 300
Scanned 300 predictions, scored 300, skipped 0 (missing required settlement inputs).
COMMAND: C:\Python313\python.exe C:\Developer\soccer\footy-model\src\modeling\evaluation\score_market_outcomes_fixtures_first.py --league E2 --since-days 30 --limit 300
Scanned 300 predictions, scored 300, skipped 0 (missing required settlement inputs).
COMMAND: C:\Python313\python.exe C:\Developer\soccer\footy-model\src\modeling\evaluation\score_market_outcomes_fixtures_first.py --league E3 --since-days 30 --limit 300
Scanned 300 predictions, scored 300, skipped 0 (missing required settlement inputs).
COMMAND: C:\Python313\python.exe C:\Developer\soccer\footy-model\src\modeling\evaluation\score_market_outcomes_fixtures_first.py --league EC --since-days 30 --limit 300
Scanned 300 predictions, scored 300, skipped 0 (missing required settlement inputs).
COMMAND: C:\Python313\python.exe C:\Developer\soccer\footy-model\src\modeling\evaluation\score_market_outcomes_fixtures_first.py --league SC0 --since-days 30 --limit 300
Scanned 191 predictions, scored 191, skipped 0 (missing required settlement inputs).
COMMAND: C:\Python313\python.exe C:\Developer\soccer\footy-model\src\modeling\evaluation\score_market_outcomes_fixtures_first.py --league SC1 --since-days 30 --limit 300
Scanned 136 predictions, scored 136, skipped 0 (missing required settlement inputs).
COMMAND: C:\Python313\python.exe C:\Developer\soccer\footy-model\src\modeling\evaluation\score_market_outcomes_fixtures_first.py --league SC2 --since-days 30 --limit 300
Scanned 136 predictions, scored 136, skipped 0 (missing required settlement inputs).
COMMAND: C:\Python313\python.exe C:\Developer\soccer\footy-model\src\modeling\evaluation\score_market_outcomes_fixtures_first.py --league SC3 --since-days 30 --limit 300
Scanned 117 predictions, scored 117, skipped 0 (missing required settlement inputs).
COMMAND: C:\Python313\python.exe C:\Developer\soccer\footy-model\src\modeling\evaluation\score_market_outcomes_fixtures_first.py --league D1 --since-days 30 --limit 300
Scanned 239 predictions, scored 239, skipped 0 (missing required settlement inputs).
COMMAND: C:\Python313\python.exe C:\Developer\soccer\footy-model\src\modeling\evaluation\score_market_outcomes_fixtures_first.py --league D2 --since-days 30 --limit 300
Scanned 208 predictions, scored 208, skipped 0 (missing required settlement inputs).
COMMAND: C:\Python313\python.exe C:\Developer\soccer\footy-model\src\modeling\evaluation\score_market_outcomes_fixtures_first.py --league I1 --since-days 30 --limit 300
Scanned 236 predictions, scored 236, skipped 0 (missing required settlement inputs).
COMMAND: C:\Python313\python.exe C:\Developer\soccer\footy-model\src\modeling\evaluation\score_market_outcomes_fixtures_first.py --league I2 --since-days 30 --limit 300
Scanned 300 predictions, scored 300, skipped 0 (missing required settlement inputs).
COMMAND: C:\Python313\python.exe C:\Developer\soccer\footy-model\src\modeling\evaluation\score_market_outcomes_fixtures_first.py --league SP1 --since-days 30 --limit 300
Scanned 218 predictions, scored 218, skipped 0 (missing required settlement inputs).
COMMAND: C:\Python313\python.exe C:\Developer\soccer\footy-model\src\modeling\evaluation\score_market_outcomes_fixtures_first.py --league SP2 --since-days 30 --limit 300
Scanned 216 predictions, scored 216, skipped 0 (missing required settlement inputs).
COMMAND: C:\Python313\python.exe C:\Developer\soccer\footy-model\src\modeling\evaluation\score_market_outcomes_fixtures_first.py --league F1 --since-days 30 --limit 300
Scanned 216 predictions, scored 216, skipped 0 (missing required settlement inputs).
COMMAND: C:\Python313\python.exe C:\Developer\soccer\footy-model\src\modeling\evaluation\score_market_outcomes_fixtures_first.py --league F2 --since-days 30 --limit 300
Scanned 197 predictions, scored 197, skipped 0 (missing required settlement inputs).
COMMAND: C:\Python313\python.exe C:\Developer\soccer\footy-model\src\modeling\evaluation\score_market_outcomes_fixtures_first.py --league N1 --since-days 30 --limit 300
Scanned 293 predictions, scored 293, skipped 0 (missing required settlement inputs).
COMMAND: C:\Python313\python.exe C:\Developer\soccer\footy-model\src\modeling\evaluation\score_market_outcomes_fixtures_first.py --league B1 --since-days 30 --limit 300
Scanned 285 predictions, scored 285, skipped 0 (missing required settlement inputs).
COMMAND: C:\Python313\python.exe C:\Developer\soccer\footy-model\src\modeling\evaluation\score_market_outcomes_fixtures_first.py --league P1 --since-days 30 --limit 300
Scanned 274 predictions, scored 274, skipped 0 (missing required settlement inputs).
COMMAND: C:\Python313\python.exe C:\Developer\soccer\footy-model\src\modeling\evaluation\score_market_outcomes_fixtures_first.py --league T1 --since-days 30 --limit 300
Scanned 163 predictions, scored 163, skipped 0 (missing required settlement inputs).
COMMAND: C:\Python313\python.exe C:\Developer\soccer\footy-model\src\modeling\evaluation\score_market_outcomes_fixtures_first.py --league G1 --since-days 30 --limit 300
Scanned 200 predictions, scored 200, skipped 0 (missing required settlement inputs).
COMMAND: C:\Python313\python.exe C:\Developer\soccer\footy-model\src\modeling\evaluation\score_market_outcomes_fixtures_first.py --league AT1 --since-days 30 --limit 300
Scanned 138 predictions, scored 138, skipped 0 (missing required settlement inputs).
COMMAND: C:\Python313\python.exe C:\Developer\soccer\footy-model\src\modeling\evaluation\score_market_outcomes_fixtures_first.py --league BR1 --since-days 30 --limit 300
Scanned 221 predictions, scored 221, skipped 0 (missing required settlement inputs).
COMMAND: C:\Python313\python.exe C:\Developer\soccer\footy-model\src\modeling\evaluation\score_market_outcomes_fixtures_first.py --league DK1 --since-days 30 --limit 300
Scanned 96 predictions, scored 96, skipped 0 (missing required settlement inputs).
COMMAND: C:\Python313\python.exe C:\Developer\soccer\footy-model\src\modeling\evaluation\score_market_outcomes_fixtures_first.py --league IE1 --since-days 30 --limit 300
Scanned 116 predictions, scored 116, skipped 0 (missing required settlement inputs).
COMMAND: C:\Python313\python.exe C:\Developer\soccer\footy-model\src\modeling\evaluation\score_market_outcomes_fixtures_first.py --league JP1 --since-days 30 --limit 300
Scanned 226 predictions, scored 226, skipped 0 (missing required settlement inputs).
COMMAND: C:\Python313\python.exe C:\Developer\soccer\footy-model\src\modeling\evaluation\score_market_outcomes_fixtures_first.py --league MX1 --since-days 30 --limit 300
Scanned 255 predictions, scored 255, skipped 0 (missing required settlement inputs).
COMMAND: C:\Python313\python.exe C:\Developer\soccer\footy-model\src\modeling\evaluation\score_market_outcomes_fixtures_first.py --league PL1 --since-days 30 --limit 300
Scanned 201 predictions, scored 201, skipped 0 (missing required settlement inputs).
COMMAND: C:\Python313\python.exe C:\Developer\soccer\footy-model\src\modeling\evaluation\score_market_outcomes_fixtures_first.py --league RO1 --since-days 30 --limit 300
Scanned 188 predictions, scored 188, skipped 0 (missing required settlement inputs).
COMMAND: C:\Python313\python.exe C:\Developer\soccer\footy-model\src\modeling\evaluation\score_market_outcomes_fixtures_first.py --league RU1 --since-days 30 --limit 300
No eligible unscored predictions found.
COMMAND: C:\Python313\python.exe C:\Developer\soccer\footy-model\src\modeling\evaluation\score_market_outcomes_fixtures_first.py --league CH1 --since-days 30 --limit 300
Scanned 230 predictions, scored 230, skipped 0 (missing required settlement inputs).
COMMAND: C:\Python313\python.exe C:\Developer\soccer\footy-model\src\modeling\evaluation\score_market_outcomes_fixtures_first.py --league CH2 --since-days 30 --limit 300
Scanned 222 predictions, scored 222, skipped 0 (missing required settlement inputs).
COMMAND: C:\Python313\python.exe C:\Developer\soccer\footy-model\src\modeling\evaluation\score_market_outcomes_fixtures_first.py --league CL --since-days 30 --limit 300
Scanned 112 predictions, scored 112, skipped 0 (missing required settlement inputs).
COMMAND: C:\Python313\python.exe C:\Developer\soccer\footy-model\src\modeling\evaluation\score_market_outcomes_fixtures_first.py --league EL --since-days 30 --limit 300
Scanned 109 predictions, scored 109, skipped 0 (missing required settlement inputs).
COMMAND: C:\Python313\python.exe C:\Developer\soccer\footy-model\src\modeling\evaluation\score_market_outcomes_fixtures_first.py --league ECL --since-days 30 --limit 300
Scanned 107 predictions, scored 107, skipped 0 (missing required settlement inputs).
[2026-03-12T15:15:47+00:00] Score scheduler end rc=0.
[2026-03-12T16:15:07+00:00] Score scheduler start.
Log file: artifacts/logs/score_scheduler.log
Log file: artifacts\logs\score_scheduler.log
Skipping settle phase (--skip-settle).
Skipping predict phase (--skip-predict).
COMMAND: C:\Python313\python.exe C:\Developer\soccer\footy-model\src\modeling\evaluation\score_market_outcomes_fixtures_first.py --league E0 --since-days 30 --limit 300
Scanned 283 predictions, scored 283, skipped 0 (missing required settlement inputs).
COMMAND: C:\Python313\python.exe C:\Developer\soccer\footy-model\src\modeling\evaluation\score_market_outcomes_fixtures_first.py --league E1 --since-days 30 --limit 300
Scanned 300 predictions, scored 300, skipped 0 (missing required settlement inputs).
COMMAND: C:\Python313\python.exe C:\Developer\soccer\footy-model\src\modeling\evaluation\score_market_outcomes_fixtures_first.py --league E2 --since-days 30 --limit 300
Scanned 300 predictions, scored 300, skipped 0 (missing required settlement inputs).
COMMAND: C:\Python313\python.exe C:\Developer\soccer\footy-model\src\modeling\evaluation\score_market_outcomes_fixtures_first.py --league E3 --since-days 30 --limit 300
Scanned 300 predictions, scored 300, skipped 0 (missing required settlement inputs).
COMMAND: C:\Python313\python.exe C:\Developer\soccer\footy-model\src\modeling\evaluation\score_market_outcomes_fixtures_first.py --league EC --since-days 30 --limit 300
Scanned 300 predictions, scored 300, skipped 0 (missing required settlement inputs).
COMMAND: C:\Python313\python.exe C:\Developer\soccer\footy-model\src\modeling\evaluation\score_market_outcomes_fixtures_first.py --league SC0 --since-days 30 --limit 300
Scanned 191 predictions, scored 191, skipped 0 (missing required settlement inputs).
COMMAND: C:\Python313\python.exe C:\Developer\soccer\footy-model\src\modeling\evaluation\score_market_outcomes_fixtures_first.py --league SC1 --since-days 30 --limit 300
Scanned 136 predictions, scored 136, skipped 0 (missing required settlement inputs).
COMMAND: C:\Python313\python.exe C:\Developer\soccer\footy-model\src\modeling\evaluation\score_market_outcomes_fixtures_first.py --league SC2 --since-days 30 --limit 300
Scanned 136 predictions, scored 136, skipped 0 (missing required settlement inputs).
COMMAND: C:\Python313\python.exe C:\Developer\soccer\footy-model\src\modeling\evaluation\score_market_outcomes_fixtures_first.py --league SC3 --since-days 30 --limit 300
Scanned 117 predictions, scored 117, skipped 0 (missing required settlement inputs).
COMMAND: C:\Python313\python.exe C:\Developer\soccer\footy-model\src\modeling\evaluation\score_market_outcomes_fixtures_first.py --league D1 --since-days 30 --limit 300
Scanned 239 predictions, scored 239, skipped 0 (missing required settlement inputs).
COMMAND: C:\Python313\python.exe C:\Developer\soccer\footy-model\src\modeling\evaluation\score_market_outcomes_fixtures_first.py --league D2 --since-days 30 --limit 300
Scanned 208 predictions, scored 208, skipped 0 (missing required settlement inputs).
COMMAND: C:\Python313\python.exe C:\Developer\soccer\footy-model\src\modeling\evaluation\score_market_outcomes_fixtures_first.py --league I1 --since-days 30 --limit 300
Scanned 236 predictions, scored 236, skipped 0 (missing required settlement inputs).
COMMAND: C:\Python313\python.exe C:\Developer\soccer\footy-model\src\modeling\evaluation\score_market_outcomes_fixtures_first.py --league I2 --since-days 30 --limit 300
Scanned 300 predictions, scored 300, skipped 0 (missing required settlement inputs).
COMMAND: C:\Python313\python.exe C:\Developer\soccer\footy-model\src\modeling\evaluation\score_market_outcomes_fixtures_first.py --league SP1 --since-days 30 --limit 300
Scanned 218 predictions, scored 218, skipped 0 (missing required settlement inputs).
COMMAND: C:\Python313\python.exe C:\Developer\soccer\footy-model\src\modeling\evaluation\score_market_outcomes_fixtures_first.py --league SP2 --since-days 30 --limit 300
Scanned 216 predictions, scored 216, skipped 0 (missing required settlement inputs).
COMMAND: C:\Python313\python.exe C:\Developer\soccer\footy-model\src\modeling\evaluation\score_market_outcomes_fixtures_first.py --league F1 --since-days 30 --limit 300
Scanned 216 predictions, scored 216, skipped 0 (missing required settlement inputs).
COMMAND: C:\Python313\python.exe C:\Developer\soccer\footy-model\src\modeling\evaluation\score_market_outcomes_fixtures_first.py --league F2 --since-days 30 --limit 300
Scanned 197 predictions, scored 197, skipped 0 (missing required settlement inputs).
COMMAND: C:\Python313\python.exe C:\Developer\soccer\footy-model\src\modeling\evaluation\score_market_outcomes_fixtures_first.py --league N1 --since-days 30 --limit 300
Scanned 293 predictions, scored 293, skipped 0 (missing required settlement inputs).
COMMAND: C:\Python313\python.exe C:\Developer\soccer\footy-model\src\modeling\evaluation\score_market_outcomes_fixtures_first.py --league B1 --since-days 30 --limit 300
Scanned 285 predictions, scored 285, skipped 0 (missing required settlement inputs).
COMMAND: C:\Python313\python.exe C:\Developer\soccer\footy-model\src\modeling\evaluation\score_market_outcomes_fixtures_first.py --league P1 --since-days 30 --limit 300
Scanned 274 predictions, scored 274, skipped 0 (missing required settlement inputs).
COMMAND: C:\Python313\python.exe C:\Developer\soccer\footy-model\src\modeling\evaluation\score_market_outcomes_fixtures_first.py --league T1 --since-days 30 --limit 300
Scanned 163 predictions, scored 163, skipped 0 (missing required settlement inputs).
COMMAND: C:\Python313\python.exe C:\Developer\soccer\footy-model\src\modeling\evaluation\score_market_outcomes_fixtures_first.py --league G1 --since-days 30 --limit 300
Scanned 200 predictions, scored 200, skipped 0 (missing required settlement inputs).
COMMAND: C:\Python313\python.exe C:\Developer\soccer\footy-model\src\modeling\evaluation\score_market_outcomes_fixtures_first.py --league AT1 --since-days 30 --limit 300
Scanned 138 predictions, scored 138, skipped 0 (missing required settlement inputs).
COMMAND: C:\Python313\python.exe C:\Developer\soccer\footy-model\src\modeling\evaluation\score_market_outcomes_fixtures_first.py --league BR1 --since-days 30 --limit 300
Scanned 221 predictions, scored 221, skipped 0 (missing required settlement inputs).
COMMAND: C:\Python313\python.exe C:\Developer\soccer\footy-model\src\modeling\evaluation\score_market_outcomes_fixtures_first.py --league DK1 --since-days 30 --limit 300
Scanned 96 predictions, scored 96, skipped 0 (missing required settlement inputs).
COMMAND: C:\Python313\python.exe C:\Developer\soccer\footy-model\src\modeling\evaluation\score_market_outcomes_fixtures_first.py --league IE1 --since-days 30 --limit 300
Scanned 116 predictions, scored 116, skipped 0 (missing required settlement inputs).
COMMAND: C:\Python313\python.exe C:\Developer\soccer\footy-model\src\modeling\evaluation\score_market_outcomes_fixtures_first.py --league JP1 --since-days 30 --limit 300
Scanned 226 predictions, scored 226, skipped 0 (missing required settlement inputs).
COMMAND: C:\Python313\python.exe C:\Developer\soccer\footy-model\src\modeling\evaluation\score_market_outcomes_fixtures_first.py --league MX1 --since-days 30 --limit 300
Scanned 255 predictions, scored 255, skipped 0 (missing required settlement inputs).
COMMAND: C:\Python313\python.exe C:\Developer\soccer\footy-model\src\modeling\evaluation\score_market_outcomes_fixtures_first.py --league PL1 --since-days 30 --limit 300
Scanned 201 predictions, scored 201, skipped 0 (missing required settlement inputs).
COMMAND: C:\Python313\python.exe C:\Developer\soccer\footy-model\src\modeling\evaluation\score_market_outcomes_fixtures_first.py --league RO1 --since-days 30 --limit 300
Scanned 188 predictions, scored 188, skipped 0 (missing required settlement inputs).
COMMAND: C:\Python313\python.exe C:\Developer\soccer\footy-model\src\modeling\evaluation\score_market_outcomes_fixtures_first.py --league RU1 --since-days 30 --limit 300
No eligible unscored predictions found.
COMMAND: C:\Python313\python.exe C:\Developer\soccer\footy-model\src\modeling\evaluation\score_market_outcomes_fixtures_first.py --league CH1 --since-days 30 --limit 300
Scanned 230 predictions, scored 230, skipped 0 (missing required settlement inputs).
COMMAND: C:\Python313\python.exe C:\Developer\soccer\footy-model\src\modeling\evaluation\score_market_outcomes_fixtures_first.py --league CH2 --since-days 30 --limit 300
Scanned 222 predictions, scored 222, skipped 0 (missing required settlement inputs).
COMMAND: C:\Python313\python.exe C:\Developer\soccer\footy-model\src\modeling\evaluation\score_market_outcomes_fixtures_first.py --league CL --since-days 30 --limit 300
Scanned 112 predictions, scored 112, skipped 0 (missing required settlement inputs).
COMMAND: C:\Python313\python.exe C:\Developer\soccer\footy-model\src\modeling\evaluation\score_market_outcomes_fixtures_first.py --league EL --since-days 30 --limit 300
Scanned 109 predictions, scored 109, skipped 0 (missing required settlement inputs).
COMMAND: C:\Python313\python.exe C:\Developer\soccer\footy-model\src\modeling\evaluation\score_market_outcomes_fixtures_first.py --league ECL --since-days 30 --limit 300
Scanned 107 predictions, scored 107, skipped 0 (missing required settlement inputs).
[2026-03-12T16:15:39+00:00] Score scheduler end rc=0.
[2026-03-12T17:15:04+00:00] Score scheduler start.
Log file: artifacts/logs/score_scheduler.log
Log file: artifacts\logs\score_scheduler.log
Skipping settle phase (--skip-settle).
Skipping predict phase (--skip-predict).
COMMAND: C:\Python313\python.exe C:\Developer\soccer\footy-model\src\modeling\evaluation\score_market_outcomes_fixtures_first.py --league E0 --since-days 30 --limit 300
Scanned 283 predictions, scored 283, skipped 0 (missing required settlement inputs).
COMMAND: C:\Python313\python.exe C:\Developer\soccer\footy-model\src\modeling\evaluation\score_market_outcomes_fixtures_first.py --league E1 --since-days 30 --limit 300
Scanned 300 predictions, scored 300, skipped 0 (missing required settlement inputs).
COMMAND: C:\Python313\python.exe C:\Developer\soccer\footy-model\src\modeling\evaluation\score_market_outcomes_fixtures_first.py --league E2 --since-days 30 --limit 300
Scanned 300 predictions, scored 300, skipped 0 (missing required settlement inputs).
COMMAND: C:\Python313\python.exe C:\Developer\soccer\footy-model\src\modeling\evaluation\score_market_outcomes_fixtures_first.py --league E3 --since-days 30 --limit 300
Scanned 300 predictions, scored 300, skipped 0 (missing required settlement inputs).
COMMAND: C:\Python313\python.exe C:\Developer\soccer\footy-model\src\modeling\evaluation\score_market_outcomes_fixtures_first.py --league EC --since-days 30 --limit 300
Scanned 300 predictions, scored 300, skipped 0 (missing required settlement inputs).
COMMAND: C:\Python313\python.exe C:\Developer\soccer\footy-model\src\modeling\evaluation\score_market_outcomes_fixtures_first.py --league SC0 --since-days 30 --limit 300
Scanned 191 predictions, scored 191, skipped 0 (missing required settlement inputs).
COMMAND: C:\Python313\python.exe C:\Developer\soccer\footy-model\src\modeling\evaluation\score_market_outcomes_fixtures_first.py --league SC1 --since-days 30 --limit 300
Scanned 136 predictions, scored 136, skipped 0 (missing required settlement inputs).
COMMAND: C:\Python313\python.exe C:\Developer\soccer\footy-model\src\modeling\evaluation\score_market_outcomes_fixtures_first.py --league SC2 --since-days 30 --limit 300
Scanned 136 predictions, scored 136, skipped 0 (missing required settlement inputs).
COMMAND: C:\Python313\python.exe C:\Developer\soccer\footy-model\src\modeling\evaluation\score_market_outcomes_fixtures_first.py --league SC3 --since-days 30 --limit 300
Scanned 117 predictions, scored 117, skipped 0 (missing required settlement inputs).
COMMAND: C:\Python313\python.exe C:\Developer\soccer\footy-model\src\modeling\evaluation\score_market_outcomes_fixtures_first.py --league D1 --since-days 30 --limit 300
Scanned 239 predictions, scored 239, skipped 0 (missing required settlement inputs).
COMMAND: C:\Python313\python.exe C:\Developer\soccer\footy-model\src\modeling\evaluation\score_market_outcomes_fixtures_first.py --league D2 --since-days 30 --limit 300
Scanned 208 predictions, scored 208, skipped 0 (missing required settlement inputs).
COMMAND: C:\Python313\python.exe C:\Developer\soccer\footy-model\src\modeling\evaluation\score_market_outcomes_fixtures_first.py --league I1 --since-days 30 --limit 300
Scanned 236 predictions, scored 236, skipped 0 (missing required settlement inputs).
COMMAND: C:\Python313\python.exe C:\Developer\soccer\footy-model\src\modeling\evaluation\score_market_outcomes_fixtures_first.py --league I2 --since-days 30 --limit 300
Scanned 300 predictions, scored 300, skipped 0 (missing required settlement inputs).
COMMAND: C:\Python313\python.exe C:\Developer\soccer\footy-model\src\modeling\evaluation\score_market_outcomes_fixtures_first.py --league SP1 --since-days 30 --limit 300
Scanned 218 predictions, scored 218, skipped 0 (missing required settlement inputs).
COMMAND: C:\Python313\python.exe C:\Developer\soccer\footy-model\src\modeling\evaluation\score_market_outcomes_fixtures_first.py --league SP2 --since-days 30 --limit 300
Scanned 216 predictions, scored 216, skipped 0 (missing required settlement inputs).
COMMAND: C:\Python313\python.exe C:\Developer\soccer\footy-model\src\modeling\evaluation\score_market_outcomes_fixtures_first.py --league F1 --since-days 30 --limit 300
Scanned 216 predictions, scored 216, skipped 0 (missing required settlement inputs).
COMMAND: C:\Python313\python.exe C:\Developer\soccer\footy-model\src\modeling\evaluation\score_market_outcomes_fixtures_first.py --league F2 --since-days 30 --limit 300
Scanned 197 predictions, scored 197, skipped 0 (missing required settlement inputs).
COMMAND: C:\Python313\python.exe C:\Developer\soccer\footy-model\src\modeling\evaluation\score_market_outcomes_fixtures_first.py --league N1 --since-days 30 --limit 300
Scanned 293 predictions, scored 293, skipped 0 (missing required settlement inputs).
COMMAND: C:\Python313\python.exe C:\Developer\soccer\footy-model\src\modeling\evaluation\score_market_outcomes_fixtures_first.py --league B1 --since-days 30 --limit 300
Scanned 285 predictions, scored 285, skipped 0 (missing required settlement inputs).
COMMAND: C:\Python313\python.exe C:\Developer\soccer\footy-model\src\modeling\evaluation\score_market_outcomes_fixtures_first.py --league P1 --since-days 30 --limit 300
Scanned 274 predictions, scored 274, skipped 0 (missing required settlement inputs).
COMMAND: C:\Python313\python.exe C:\Developer\soccer\footy-model\src\modeling\evaluation\score_market_outcomes_fixtures_first.py --league T1 --since-days 30 --limit 300
Scanned 163 predictions, scored 163, skipped 0 (missing required settlement inputs).
COMMAND: C:\Python313\python.exe C:\Developer\soccer\footy-model\src\modeling\evaluation\score_market_outcomes_fixtures_first.py --league G1 --since-days 30 --limit 300
Scanned 200 predictions, scored 200, skipped 0 (missing required settlement inputs).
COMMAND: C:\Python313\python.exe C:\Developer\soccer\footy-model\src\modeling\evaluation\score_market_outcomes_fixtures_first.py --league AT1 --since-days 30 --limit 300
Scanned 138 predictions, scored 138, skipped 0 (missing required settlement inputs).
COMMAND: C:\Python313\python.exe C:\Developer\soccer\footy-model\src\modeling\evaluation\score_market_outcomes_fixtures_first.py --league BR1 --since-days 30 --limit 300
Scanned 221 predictions, scored 221, skipped 0 (missing required settlement inputs).
COMMAND: C:\Python313\python.exe C:\Developer\soccer\footy-model\src\modeling\evaluation\score_market_outcomes_fixtures_first.py --league DK1 --since-days 30 --limit 300
Scanned 96 predictions, scored 96, skipped 0 (missing required settlement inputs).
COMMAND: C:\Python313\python.exe C:\Developer\soccer\footy-model\src\modeling\evaluation\score_market_outcomes_fixtures_first.py --league IE1 --since-days 30 --limit 300
Scanned 116 predictions, scored 116, skipped 0 (missing required settlement inputs).
COMMAND: C:\Python313\python.exe C:\Developer\soccer\footy-model\src\modeling\evaluation\score_market_outcomes_fixtures_first.py --league JP1 --since-days 30 --limit 300
Scanned 226 predictions, scored 226, skipped 0 (missing required settlement inputs).
COMMAND: C:\Python313\python.exe C:\Developer\soccer\footy-model\src\modeling\evaluation\score_market_outcomes_fixtures_first.py --league MX1 --since-days 30 --limit 300
Scanned 255 predictions, scored 255, skipped 0 (missing required settlement inputs).
COMMAND: C:\Python313\python.exe C:\Developer\soccer\footy-model\src\modeling\evaluation\score_market_outcomes_fixtures_first.py --league PL1 --since-days 30 --limit 300
Scanned 201 predictions, scored 201, skipped 0 (missing required settlement inputs).
COMMAND: C:\Python313\python.exe C:\Developer\soccer\footy-model\src\modeling\evaluation\score_market_outcomes_fixtures_first.py --league RO1 --since-days 30 --limit 300
Scanned 188 predictions, scored 188, skipped 0 (missing required settlement inputs).
COMMAND: C:\Python313\python.exe C:\Developer\soccer\footy-model\src\modeling\evaluation\score_market_outcomes_fixtures_first.py --league RU1 --since-days 30 --limit 300
No eligible unscored predictions found.
COMMAND: C:\Python313\python.exe C:\Developer\soccer\footy-model\src\modeling\evaluation\score_market_outcomes_fixtures_first.py --league CH1 --since-days 30 --limit 300
Scanned 230 predictions, scored 230, skipped 0 (missing required settlement inputs).
COMMAND: C:\Python313\python.exe C:\Developer\soccer\footy-model\src\modeling\evaluation\score_market_outcomes_fixtures_first.py --league CH2 --since-days 30 --limit 300
Scanned 222 predictions, scored 222, skipped 0 (missing required settlement inputs).
COMMAND: C:\Python313\python.exe C:\Developer\soccer\footy-model\src\modeling\evaluation\score_market_outcomes_fixtures_first.py --league CL --since-days 30 --limit 300
Scanned 112 predictions, scored 112, skipped 0 (missing required settlement inputs).
COMMAND: C:\Python313\python.exe C:\Developer\soccer\footy-model\src\modeling\evaluation\score_market_outcomes_fixtures_first.py --league EL --since-days 30 --limit 300
Scanned 109 predictions, scored 109, skipped 0 (missing required settlement inputs).
COMMAND: C:\Python313\python.exe C:\Developer\soccer\footy-model\src\modeling\evaluation\score_market_outcomes_fixtures_first.py --league ECL --since-days 30 --limit 300
Scanned 107 predictions, scored 107, skipped 0 (missing required settlement inputs).
[2026-03-12T17:15:38+00:00] Score scheduler end rc=0.
