fixture_id,league_code,lambda_home_pred,lambda_away_pred,lambda_total_pred
3041,SC0,1.8053069590408302,1.007993675820349,2.813300634861179
3042,SC0,1.3295166891700854,1.5030061137764632,2.8325228029465483
4840,I2,1.365244627812147,1.18691796043444,2.552162588246587
5859,F1,1.281108306257343,1.4331575991036822,2.7142659053610254
5860,F1,1.3619471700979486,1.1277867005012094,2.4897338705991583
5861,F1,1.5357159098688915,1.0934682445858526,2.629184154454744
3806,D1,1.5311264770899737,1.2292052873863908,2.7603317644763647
19539,P1,1.4918542856580774,1.121443847534276,2.6132981331923535
20107,G1,1.3860584222342023,1.2953532520917845,2.681411674325987
4468,I1,1.7592554183027813,1.1039424793184718,2.8631978976212533
21980,RO1,1.8652667465591275,0.9684361200409702,2.8337028666000976
554,E0,1.503182487978183,1.226750766179202,2.729933254157385
5086,SP1,1.5456512497630208,1.2239697310079938,2.7696209807710144
5480,SP2,1.3206521760963952,1.3400611010578563,2.6607132771542514
19307,B1,1.587508200886701,1.1075790851411398,2.6950872860278405
19308,B1,1.3870061768666446,1.331073279861423,2.7180794567280677
19540,P1,1.9082093842604873,0.9641480338201798,2.872357418080667
19541,P1,1.7425097960316978,0.9311718458976271,2.673681641929325
4469,I1,1.5979414703198855,1.1533329415589693,2.751274411878855
5862,F1,1.5284988248825875,1.2082566799791523,2.7367555048617396
5087,SP1,1.336539585042018,1.2963807336240194,2.6329203186660375
5481,SP2,1.426042321154079,1.2579938860670314,2.6840362072211104
19542,P1,1.9091593513974379,0.9530669023706301,2.862226253768068
21981,RO1,1.943399789773833,0.8864445968315084,2.8298443866053415
19849,T1,1.3196696996862418,1.3852407670380062,2.704910466724248
21982,RO1,1.403108970145006,1.2237341086977631,2.626843078842769
5482,SP2,1.523400653202639,1.1617368053691626,2.6851374585718015
4470,I1,1.3659722761882012,1.1261682332162157,2.492140509404417
12092,F2,1.3344341416782348,1.262433889624357,2.596868031302592
5088,SP1,1.581360240668142,1.0208891691043867,2.6022494097725284
555,E0,1.2891962701200343,1.221152862627132,2.5103491327471663
1048,E1,1.3347073295179581,1.3451434752155909,2.679850804733549
19543,P1,1.7216067352722821,1.0638441048742604,2.7854508401465425
3807,D1,1.3368955459368155,1.346024320096909,2.682919866033725
3808,D1,1.1596263032454908,1.57354156855026,2.733167871795751
2124,E3,1.2790820764651263,1.2903188200954208,2.569400896560547
1573,E2,1.2062288747442764,1.44688640908218,2.6531152838264562
1574,E2,1.521033312631573,1.0257220449163138,2.5467553575478865
1575,E2,1.4485578341997296,1.2432571838413324,2.691815018041062
1576,E2,1.3779733024553626,1.0943872911684587,2.4723605936238213
1577,E2,1.8450943405993725,0.9153704141330793,2.760464754732452
1578,E2,1.3798036614011104,1.1444565317782314,2.524260193179342
1579,E2,1.8414087239954253,0.9703387373408618,2.811747461336287
1580,E2,1.516197120630896,1.1749347096373615,2.691131830268257
1581,E2,1.5064659782006604,1.0043381871478896,2.51080416534855
2125,E3,1.5993444750510064,1.075061772558698,2.6744062476097046
2126,E3,1.277956174561274,1.2787621838262038,2.556718358387478
2127,E3,1.4515137883098022,1.1435895669110587,2.5951033552208607
2128,E3,1.486714667870704,1.18471885797492,2.671433525845624
2129,E3,1.4374959052290168,1.2517768177399617,2.689272722968979
2130,E3,1.5662752171662122,1.1414036438365978,2.70767886100281
2131,E3,1.3210511874692186,1.2918389536961397,2.6128901411653582
2132,E3,1.4702212313799594,1.1042327924553412,2.5744540238353006
2133,E3,1.2719146704297564,1.2337662147352662,2.5056808851650225
2691,EC,1.5545530435510937,1.165631142101296,2.7201841856523896
3564,SC3,1.5293727083618127,1.2088721827774271,2.7382448911392396
1582,E2,1.5135891610008065,1.0781332249157105,2.5917223859165173
1583,E2,1.3828152172809791,1.2131343771100016,2.595949594390981
22813,CL,1.5775873687408546,1.1454725818272025,2.7230599505680573
22814,CL,1.3436861800291553,1.4127070795322094,2.7563932595613645
22815,CL,2.323689424970073,0.7721517866921377,3.0958412116622105
22816,CL,1.1755173635200007,1.3587950723657638,2.5343124358857647
22817,CL,1.9436139529561736,1.042634656681869,2.9862486096380425
22818,CL,2.1623965355966233,0.8923204142075498,3.054716949804173
22819,CL,1.8380569523351484,0.9433105099324696,2.781367462267618
22820,CL,1.1927540168727344,1.5171035506541979,2.7098575675269325
22821,CL,1.6306288806710836,1.0924069709882331,2.7230358516593167
22822,CL,1.5153653129341158,1.250396346300272,2.765761659234388
22823,CL,1.1672340066014049,1.4589883590814938,2.6262223656828985
22824,CL,1.9467166066627035,0.9863828679450347,2.9330994746077383
22825,CL,2.1333075932848016,0.9379746170453663,3.071282210330168
22826,CL,1.6994216074192265,1.1490673441816488,2.848488951600875
22827,CL,1.1898098980795575,1.710129026119609,2.8999389241991667
22828,CL,1.2279269549360117,1.3599279730253677,2.5878549279613794
22829,CL,2.1804722405058055,0.8916865610122797,3.072158801518085
22830,CL,1.116685054121258,1.6266562012638754,2.7433412553851335
20299,BR1,1.5293727083618127,1.2088721827774271,2.7382448911392396
20300,BR1,1.5293727083618127,1.2088721827774271,2.7382448911392396
20301,BR1,1.5293727083618127,1.2088721827774271,2.7382448911392396
20302,BR1,1.5293727083618127,1.2088721827774271,2.7382448911392396
20303,BR1,1.5293727083618127,1.2088721827774271,2.7382448911392396
20304,BR1,1.5293727083618127,1.2088721827774271,2.7382448911392396
20305,BR1,1.5293727083618127,1.2088721827774271,2.7382448911392396
20306,BR1,1.5293727083618127,1.2088721827774271,2.7382448911392396
23197,EL,1.6986244247786442,1.11804730500895,2.8166717297875943
23198,EL,1.4421672475055467,1.1478508821916893,2.5900181296972358
23199,EL,1.6608338925733361,1.066869763737982,2.727703656311318
23200,EL,1.7356861689076017,1.0087354543821092,2.744421623289711
23201,EL,1.710111172091821,1.1052268858584904,2.8153380579503113
23202,EL,1.2251547582259679,1.5238740452626511,2.7490288034886188
23203,EL,1.5290902384548772,1.1098787435701825,2.6389689820250597
23204,EL,1.5025881817532551,1.3243837757590218,2.826971957512277
23205,EL,1.5344176101549862,1.1382937200452965,2.6727113302002827
23206,EL,1.5926674894854815,1.2434423517621938,2.8361098412476755
23207,EL,1.49115518831059,1.161334595563195,2.652489783873785
23208,EL,1.1901502073211963,1.5277391295928795,2.7178893369140757
23209,EL,1.5829687493218152,1.140508172268038,2.723476921589853
23210,EL,1.7981027511638843,1.1185005884749628,2.916603339638847
23211,EL,1.3170956483646457,1.420165091602084,2.7372607399667297
23212,EL,1.6136472040787815,1.1647535882805293,2.778400792359311
23213,EL,1.3391953288254057,1.2077487116677503,2.5469440404931563
23214,EL,1.910177567372317,0.9886344785720471,2.8988120459443643
20307,BR1,1.5293727083618127,1.2088721827774271,2.7382448911392396
20308,BR1,1.5293727083618127,1.2088721827774271,2.7382448911392396
21983,RO1,1.5952179144982264,1.0551891964881752,2.650407110986402
19850,T1,1.2190467066187753,1.3065216485861733,2.525568355204949
19851,T1,1.1544724614509896,1.5271824246041235,2.681654886055113
21654,PL1,1.4323917843054896,1.1334342108062379,2.5658259951117275
21984,RO1,1.9339770720787715,0.9402809675169546,2.874258039595726
4116,D2,1.5049156751977337,1.40751155118066,2.9124272263783935
4117,D2,1.5293168977843778,1.2605397065191544,2.789856604303532
22572,CH2,1.3783028263145558,1.3752520575703466,2.7535548838849024
22573,CH2,1.272795400673411,1.2224250095304794,2.49522041020389
12093,F2,1.4985869325983794,1.0781743637476238,2.576761296346003
12094,F2,1.4371749747659686,1.2124065659532373,2.649581540719206
12095,F2,1.504133347382872,1.1964668778473038,2.7006002252301755
12096,F2,1.2879407044962403,1.2854350304602826,2.5733757349565227
12097,F2,1.5393352645819747,1.2051997318166043,2.744534996398579
12098,F2,1.2474264542973457,1.3539653142608576,2.6013917685582033
19013,N1,1.2318945232219494,1.4239167128432713,2.6558112360652206
22574,CH2,1.4534840512302019,1.1629887495049838,2.6164728007351856
22575,CH2,1.5766138390672846,1.1581008260271746,2.734714665094459
3809,D1,1.6363464776406018,1.1442477326461211,2.780594210286723
4841,I2,1.345849746283779,1.1640791301994315,2.509928876483211
5483,SP2,1.327876012871219,1.3378185231264592,2.6656945359976785
4471,I1,1.458294398591063,1.1375433642153938,2.5958377628064566
5863,F1,1.7114472510564906,1.0331549299623048,2.7446021810187955
19309,B1,1.2361136560078188,1.2997988851590934,2.535912541166912
5089,SP1,1.4342572154238453,1.1797455547797107,2.614002770203556
3213,SC1,1.7315473488392157,1.0988227408657014,2.830370089704917
1049,E1,1.5981340827766017,1.0539604544235779,2.6520945372001794
19544,P1,1.3669324617318461,1.2220294172639403,2.5889618789957867
21368,MX1,1.2393396479484962,1.4007224362394453,2.6400620841879414
19852,T1,1.5773456725571737,1.0456806569236494,2.6230263294808234
21369,MX1,1.595350007145301,1.0569177199498618,2.652267727095163
21370,MX1,1.3186976358651192,1.4136467922894014,2.7323444281545206
21985,RO1,1.3093375228600743,1.1036844706251208,2.413021993485195
4118,D2,1.4664184785059777,1.1467624452157377,2.6131809237217154
4119,D2,1.3514387601573208,1.1727741006255632,2.524212860782884
4120,D2,1.4790057851440852,1.1249991924385236,2.604004977582609
19853,T1,1.9075001143166646,0.9993450700796693,2.906845184396334
5090,SP1,1.3422397447032544,1.2752486232431086,2.617488367946363
12099,F2,1.5533184708400027,1.113921663401317,2.66724013424132
12100,F2,1.3862105907502351,1.1487451757967122,2.5349557665469473
1050,E1,1.1503257217390084,1.3199157109052553,2.4702414326442637
1051,E1,1.3562770613755017,1.267994117688119,2.624271179063621
1052,E1,1.5409282695871644,1.0603767551360577,2.601305024723222
1584,E2,1.1519846161041039,1.4829036805295799,2.634888296633684
1585,E2,1.292078656736968,1.2020642293111732,2.494142886048141
2134,E3,1.4330126306242845,1.1877107515933267,2.6207233822176113
2135,E3,1.5160902736569692,1.1192730843195076,2.635363357976477
21655,PL1,1.596359383442425,1.147263823146487,2.7436232065889117
4472,I1,1.2960659905581815,1.2064431620996692,2.5025091526578507
4842,I2,1.263740524806809,1.3198728146604346,2.5836133394672434
4843,I2,1.3979493593001135,1.2591596237143072,2.657108983014421
4844,I2,1.3055357166352366,1.2437150436109745,2.549250760246211
4845,I2,1.9071678917620603,1.0730399737071794,2.9802078654692394
4846,I2,1.239899394661746,1.267281868678482,2.507181263340228
20108,G1,1.2951943017037768,1.1998431621779593,2.495037463881736
21986,RO1,1.2997461355717588,1.1984136555300748,2.4981597911018336
3810,D1,1.474443123822048,1.0615930153166042,2.536036139138652
3811,D1,1.5768070772083786,1.0940214424080594,2.670828519616438
3812,D1,1.7574410343155598,1.0954412463292191,2.8528822806447787
3813,D1,1.6178549890977876,1.0438873188659523,2.66174230796374
3814,D1,1.3927175324732308,1.3162323190149627,2.7089498514881933
1586,E2,1.1799411909677888,1.3396206371878459,2.5195618281556347
19310,B1,1.507374046640163,1.0706424238346233,2.578016470474786
19854,T1,1.806625668342233,1.1479820400374554,2.9546077083796884
19855,T1,1.265130742634815,1.191134120095396,2.456264862730211
20109,G1,1.4997176827708865,1.082206158239753,2.5819238410106395
5091,SP1,1.4734836640412656,1.0610934683987547,2.5345771324400204
5484,SP2,1.3658592427128367,1.226769809328894,2.5926290520417306
5485,SP2,1.3620510925956977,1.146913147779817,2.508964240375515
19014,N1,1.6577456165338393,1.2248600329131738,2.8826056494470134
556,E0,1.2051363371851287,1.4081233012713184,2.613259638456447
557,E0,1.708965915216852,1.005424520742988,2.7143904359598396
558,E0,1.2403664122874594,1.177121682234525,2.4174880945219845
1053,E1,1.34748717800701,1.206871585740744,2.5543587637477536
1054,E1,1.1873365857378693,1.2344142117570724,2.4217507974949415
1055,E1,1.3188312501393227,1.1890186347201153,2.507849884859438
1056,E1,1.1398899436900087,1.4111665196093317,2.55105646329934
1057,E1,1.8544721521365328,1.0248563655316605,2.8793285176681933
1058,E1,1.4983730135751012,1.0496829594040977,2.548055972979199
1059,E1,1.7295934110032092,0.949342629414048,2.6789360404172573
1060,E1,1.3793083275106044,1.2723638592639466,2.651672186774551
1587,E2,1.639222673236177,1.0634824777549703,2.7027051509911475
1588,E2,1.4072046166000474,1.0862760347821003,2.4934806513821477
1589,E2,1.685674328601701,1.0767630401530726,2.7624373687547736
1590,E2,1.2569262556315297,1.2137515051637564,2.470677760795286
1591,E2,1.3898372036621438,1.1238757409960167,2.5137129446581605
1592,E2,1.60196605945275,1.05869114457774,2.66065720403049
1593,E2,1.1968390208037039,1.29541122409192,2.492250244895624
1594,E2,1.440779292531117,1.1322461192814879,2.573025411812605
1595,E2,1.0998821546544628,1.6273049163838151,2.727187071038278
2136,E3,1.6616406134867474,0.9368946321807091,2.5985352456674566
2137,E3,1.4579878515402533,1.2174340491011302,2.6754219006413837
2138,E3,1.4634359599942377,1.1577088080312483,2.621144768025486
2139,E3,1.3961274610130188,1.1888495383218227,2.5849769993348417
2140,E3,1.372991067690941,1.2203856652289897,2.5933767329199306
2141,E3,1.148670809151989,1.4233864333428323,2.5720572424948216
2142,E3,1.3859714982874594,1.1834646591247384,2.5694361574121976
2143,E3,1.5182522519354333,1.1062084608102474,2.6244607127456807
2144,E3,1.6679085412700583,1.0213212615541964,2.6892298028242547
2145,E3,1.3492957650387294,1.3310769258019013,2.6803726908406307
2692,EC,1.5158976144315945,1.1464134751659305,2.662311089597525
2693,EC,1.2069668066634782,1.6929786363659078,2.8999454430293863
2694,EC,1.3928221707983397,1.2514503565935229,2.6442725273918626
2695,EC,1.7359140392150494,0.9640448590978228,2.699958898312872
2696,EC,1.719720072549396,1.1012039455188496,2.8209240180682453
2697,EC,1.4826276833875212,1.1464798261327591,2.6291075095202805
3043,SC0,1.23311470638519,1.4971799050875647,2.730294611472755
3044,SC0,1.1840125802406631,1.4422371042389988,2.626249684479662
3045,SC0,1.493758921817783,1.0679881666892517,2.5617470885070346
3214,SC1,1.422552936906375,1.2439744485147137,2.6665273854210887
3215,SC1,1.4532418898320794,1.1688348196308882,2.6220767094629673
3216,SC1,1.3646961721974291,1.1349149892154733,2.4996111614129024
3217,SC1,1.3264834895627746,1.1918492473351996,2.518332736897974
3389,SC2,1.5293727083618127,1.2088721827774271,2.7382448911392396
3390,SC2,1.5299908136819202,1.2077410609204178,2.7377318746023382
3391,SC2,1.5293727083618127,1.2088721827774271,2.7382448911392396
3392,SC2,1.537564905059994,1.2052467889767284,2.7428116940367224
3393,SC2,1.5293727083618127,1.2088721827774271,2.7382448911392396
3565,SC3,1.5293727083618127,1.2088721827774271,2.7382448911392396
3566,SC3,1.5293727083618127,1.2088721827774271,2.7382448911392396
3567,SC3,1.5293727083618127,1.2088721827774271,2.7382448911392396
3568,SC3,1.5293727083618127,1.2088721827774271,2.7382448911392396
3569,SC3,1.5293727083618127,1.2088721827774271,2.7382448911392396
5864,F1,1.307856976874088,1.4350306265025996,2.742887603376688
4847,I2,1.4488197054055838,1.2445062317026814,2.6933259371082654
19545,P1,1.2765717010070274,1.3353096605994326,2.61188136160646
21656,PL1,1.4021117962429657,1.3968867957094238,2.7989985919523894
4473,I1,1.4782157796652509,1.2516663765890388,2.7298821562542894
20110,G1,1.410541330898251,1.109154680273617,2.519696011171868
21987,RO1,1.6241864979095413,1.0342818350436023,2.6584683329531433
22404,CH1,1.2327701272714007,1.4000356868330477,2.632805814104448
22405,CH1,1.6094703687531597,1.1745959441106757,2.7840663128638354
19311,B1,1.38869453095471,1.2572836009486061,2.645978131903316
3815,D1,1.1393978334276402,1.9488569923047818,3.088254825732422
5092,SP1,1.2912843854676332,1.4411396988924925,2.732424084360126
5486,SP2,1.4281708195120861,1.1696609629197667,2.597831782431853
19015,N1,1.4189822534046834,1.1796323052488293,2.5986145586535128
5865,F1,1.2440940675287677,1.262391782750562,2.5064858502793297
559,E0,1.6720897690650998,1.0275950413821684,2.699684810447268
4848,I2,1.4587630375060676,1.1341978907113863,2.5929609282174537
12101,F2,1.893760036058733,0.9149544676323018,2.808714503691035
19546,P1,1.3283213578582553,1.2542030680272633,2.5825244258855187
21657,PL1,1.459011871721241,1.2640881075567998,2.723099979278041
4121,D2,1.4604734861362214,1.3011478519519792,2.761621338088201
22406,CH1,1.3513716609382942,1.369946266675226,2.72131792761352
4474,I1,1.3281572366251186,1.1407237547567795,2.468880991381898
19312,B1,1.7163608620685684,1.042824290318212,2.7591851523867805
5093,SP1,1.3349821316783157,1.7733001837205653,3.1082823153988812
5487,SP2,1.7461322560659427,1.047432469977587,2.7935647260435297
19016,N1,1.3125296346427553,1.4385995928138593,2.7511292274566146
5866,F1,1.4929279334301577,1.2609424859142508,2.7538704193444086
560,E0,1.5903731184078465,1.2439887129004588,2.834361831308305
3046,SC0,1.1993000031687433,1.3474309328612313,2.5467309360299746
19547,P1,1.3311396300618492,1.1557971821978672,2.4869368122597164
21371,MX1,1.4086653261985593,1.2325923350062746,2.641257661204834
21372,MX1,1.223578918013646,1.406307537424652,2.629886455438298
21373,MX1,1.4870717060338208,1.080349901377132,2.567421607410953
21374,MX1,1.6535051754682195,1.0306195182231668,2.6841246936913863
21375,MX1,1.2983369317555469,1.3312530886052336,2.6295900203607805
19017,N1,1.2016769984426057,1.5975597486675719,2.799236747110178
21658,PL1,1.3276187383181806,1.4115003945902045,2.7391191329083853
4475,I1,1.5921687967278535,0.9641465362795223,2.556315333007376
19856,T1,1.4670609499812148,1.1533309586245954,2.6203919086058103
4122,D2,1.451487765882108,1.1566876965310675,2.6081754624131754
4123,D2,1.2513164422563519,1.5061941515990074,2.7575105938553595
4124,D2,1.64356078775245,1.1524424681774077,2.7960032559298575
19313,B1,1.3520804111935985,1.3025012122476358,2.654581623441234
5094,SP1,1.8091805425657255,1.1745571837432587,2.983737726308984
5488,SP2,1.5168601483699526,1.2522047915129457,2.7690649398828984
20111,G1,1.8617714566313228,0.9500945413485674,2.8118659979798903
22407,CH1,1.4400473594195027,1.1812384334271737,2.6212857928466766
22576,CH2,1.4830893969102958,1.10791306326841,2.591002460178706
19018,N1,1.7999878208266327,1.2436757246989252,3.0436635455255576
19019,N1,1.6135436960396885,1.0759817895202501,2.6895254855599386
21659,PL1,1.2091332106001984,1.3552594644962521,2.5643926750964505
4476,I1,1.7792821133922259,1.1503779104608125,2.9296600238530384
4849,I2,1.2446229532843358,1.3115313272055884,2.556154280489924
5867,F1,1.8187264013938236,1.0831454988566165,2.9018719002504403
21988,RO1,1.2370214841803326,1.4896981094960366,2.7267195936763695
3816,D1,1.688992197932327,1.1870354246385861,2.876027622570913
20112,G1,1.6932777327966235,1.106230607546059,2.7995083403426824
561,E0,1.6346024912180974,1.1188328509993413,2.753435342217439
562,E0,1.3479235263364602,1.146380426786946,2.4943039531234064
563,E0,1.5594982019348567,1.2192217649730797,2.7787199669079365
3047,SC0,1.1849629021102581,1.5701428605311305,2.7551057626413886
19314,B1,1.2296810302686862,1.423616704901631,2.6532977351703173
19857,T1,2.171472002008892,0.8884316121878957,3.0599036141967875
5095,SP1,1.549376724419459,1.1412232156823678,2.690599940101827
5489,SP2,1.258098084160955,1.3241142359586793,2.582212320119634
22408,CH1,1.626024202150208,1.2254005554889633,2.8514247576391716
22409,CH1,1.5485665777115705,1.2999883684564315,2.8485549461680018
19020,N1,1.6562673898650428,1.1038204245743803,2.760087814439423
3048,SC0,1.8468626458388822,1.0076515681197833,2.8545142139586654
4850,I2,1.3593267581291537,1.3396171047341623,2.698943862863316
5868,F1,1.3403512109642748,1.2750532963401935,2.6154045073044685
5869,F1,1.460751164101002,1.1429983801970975,2.6037495442980996
5870,F1,1.5040820770611905,1.0446025007129536,2.548684577774144
3817,D1,1.7766689684162271,0.9335073241926747,2.7101762926089017
19548,P1,1.363631664124071,1.2688586328809588,2.63249029700503
20113,G1,2.1594927696907935,0.8358435455388264,2.99533631522962
21660,PL1,1.5795407794824767,1.0860698341761574,2.665610613658634
4477,I1,1.0794909900571479,1.7124758881056392,2.7919668781627873
21989,RO1,2.1621361646272583,0.8478788958294046,3.010015060456663
564,E0,1.4395568116730086,1.3431793950580968,2.7827362067311054
5096,SP1,1.1772830498047457,1.3695522811706173,2.5468353309753633
5490,SP2,1.5997320517018845,1.3253040131734732,2.925036064875358
5491,SP2,1.2390561621483407,1.2352414999923027,2.4742976621406436
19315,B1,1.4737371860653699,1.4107399800711649,2.8844771661365347
20114,G1,1.525787257397823,1.2729555098453758,2.7987427672431986
19316,B1,1.4155580448921439,1.2399835391455272,2.655541584037671
19021,N1,1.2617393052863042,1.4049598345300975,2.6666991398164015
19549,P1,2.023565518809698,0.9484943954101327,2.9720599142198307
4478,I1,1.1094894508327382,1.5516107583527372,2.6611002091854754
5871,F1,1.3711331627467496,1.5684231075331452,2.939556270279895
5097,SP1,1.5823248194227915,1.2063379733198245,2.788662792742616
5492,SP2,1.4014127381158594,1.2316512110513649,2.6330639491672243
19550,P1,1.0183539300517142,1.6199647612704788,2.638318691322193
21376,MX1,1.2296477690003087,1.2764629916829664,2.506110760683275
19858,T1,1.2039064885949367,1.5134812468034375,2.717387735398374
21990,RO1,1.4037954254244678,1.346522179817226,2.750317605241694
21661,PL1,1.3120357306709458,1.3030097649569032,2.6150454956278493
5493,SP2,1.189019036500389,1.402421667584202,2.591440704084591
4479,I1,1.2357655670280157,1.404601071036272,2.640366638064288
19551,P1,1.1525308581786398,1.627234046680633,2.779764904859273
5098,SP1,1.364786108377209,1.3856159761987608,2.7504020845759696
565,E0,1.5163062395012443,1.0462211508000607,2.5625273903013053
19552,P1,1.2232389083287512,1.424030498533158,2.647269406861909
21991,RO1,1.3362196762937224,1.1351640635215794,2.471383739815302
21992,RO1,1.439842790310985,1.0183257723055266,2.4581685626165113
21993,RO1,1.202067371027066,1.3285957628877303,2.5306631339147962
21662,PL1,1.359619177146978,1.3585688989537221,2.7181880761007005
4480,I1,1.492316360306611,1.1841572124714006,2.6764735727780113
1596,E2,1.358604818792737,1.1081804901881829,2.4667853089809197
1061,E1,1.2722334771722577,1.3214926764819221,2.59372615365418
1062,E1,1.6091144526955232,0.9618051548906104,2.5709196075861334
1063,E1,1.5633753394626435,0.965829117912483,2.5292044573751267
1597,E2,1.2293673636462707,1.247482737311331,2.476850100957602
1598,E2,1.5751833055285462,1.0286723276964111,2.603855633224957
2146,E3,1.7417135792549199,0.994206260810844,2.7359198400657636
2147,E3,1.3588864890845398,1.3582391073465916,2.7171255964311314
2148,E3,1.2811989750524917,1.323702747129104,2.6049017221815958
2149,E3,1.5128715313949113,0.9784700176686801,2.4913415490635913
2698,EC,1.5522866911174067,1.0812573837999158,2.6335440749173227
2699,EC,1.3864276560187392,1.2499912457532407,2.6364189017719797
2700,EC,1.490257173177664,1.2945688228503587,2.7848259960280224
3218,SC1,1.311934064476963,1.2760767246829599,2.588010789159923
3049,SC0,1.1409929132721015,1.5309779394872882,2.6719708527593897
21994,RO1,1.5442265569402367,1.0138932585250957,2.558119815465332
21995,RO1,1.4647105880869267,1.1807873336712955,2.6454979217582224
20115,G1,1.2588648331269405,1.4614344044086571,2.7202992375355977
21996,RO1,1.2774891968856938,1.502329471543991,2.7798186684296846
3050,SC0,1.7893063929643251,0.9903206499860681,2.779627042950393
3051,SC0,1.2944955951516233,1.223446193372805,2.5179417885244284
3052,SC0,1.7221332234204616,0.9512573634042171,2.6733905868246786
20309,BR1,2.7598066027624775,0.8307595671931436,3.590566169955621
20310,BR1,1.5132462403900373,1.5858035902220682,3.0990498306121053
20311,BR1,1.548502865651446,1.16362994896304,2.7121328146144856
20312,BR1,2.1849955760952704,0.9490691016247191,3.1340646777199894
20313,BR1,1.4210784838240602,1.3074818554266996,2.72856033925076
20314,BR1,1.4732552180448424,1.2606320288215125,2.733887246866355
21997,RO1,1.7505659146707275,1.177432238321767,2.9279981529924948
21998,RO1,1.7953572379311535,1.0626982352381962,2.8580554731693497
2150,E3,1.4443602017053576,1.1262583030576496,2.570618504763007
20315,BR1,1.3710137027394904,1.4710449962491192,2.84205869898861
20991,JP1,1.5293727083618127,1.2088721827774271,2.7382448911392396
20992,JP1,1.5293727083618127,1.2088721827774271,2.7382448911392396
20993,JP1,1.5293727083618127,1.2088721827774271,2.7382448911392396
20316,BR1,1.717878581335934,0.9790265424634569,2.696905123799391
20317,BR1,2.2077297145769803,0.7718881733850766,2.979617887962057
21999,RO1,1.3890745596175829,1.0509512038058357,2.4400257634234186
21663,PL1,1.4612834928425913,1.1022531165598974,2.5635366094024885
22000,RO1,1.5423395982050558,1.0857637797073652,2.6281033779124208
4125,D2,1.4995843019784982,1.1573945628488336,2.656978864827332
4126,D2,1.1860019808567652,1.54481597152142,2.7308179523781853
22577,CH2,1.3889109944334217,1.2030986064656928,2.5920096008991145
12102,F2,1.4001251620641433,1.111810863371218,2.5119360254353613
12103,F2,1.4762119986214421,1.1941197236960297,2.6703317223174716
12104,F2,1.5852184810768384,1.1407745232251465,2.725993004301985
12105,F2,1.543181012316803,1.1861805723611951,2.7293615846779984
12106,F2,1.353024333630736,1.1556481861678256,2.5086725197985613
19022,N1,1.546213528437786,1.0982191721535364,2.6444327005913224
22578,CH2,1.7855403153606608,1.0696861295880464,2.8552264449487073
3818,D1,1.4157952716525346,1.1662557746671338,2.5820510463196684
4851,I2,1.6150950637480128,1.1700509463825604,2.785146010130573
5494,SP2,1.5799891896353284,1.1055124477017726,2.685501637337101
20269,AT1,1.7668414988995869,1.0977603670595606,2.8646018659591475
21664,PL1,1.3958259930430867,1.290527244197009,2.6863532372400956
4481,I1,1.3529410136007496,1.1862609118863392,2.539201925487089
5872,F1,1.3762403864265413,1.2229953618223792,2.599235748248921
19317,B1,1.4271353093421444,1.2841574008951016,2.711292710237246
5099,SP1,1.6121357101365794,1.064173589144568,2.6763092992811472
20994,JP1,1.5293727083618127,1.2088721827774271,2.7382448911392396
20995,JP1,1.5293727083618127,1.2088721827774271,2.7382448911392396
20811,IE1,1.5293727083618127,1.2088721827774271,2.7382448911392396
20812,IE1,1.5293727083618127,1.2088721827774271,2.7382448911392396
566,E0,1.4790056997532752,1.0563327694345948,2.53533846918787
20813,IE1,1.5293727083618127,1.2088721827774271,2.7382448911392396
1064,E1,1.392812390607384,1.0827743813544715,2.475586771961855
20996,JP1,1.5293727083618127,1.2088721827774271,2.7382448911392396
21377,MX1,1.6517567396557349,0.9988413270745905,2.6505980667303253
21378,MX1,1.4995774450527277,1.1247280832117024,2.62430552826443
19859,T1,1.3967475954453217,1.0394555379143102,2.4362031333596317
22001,RO1,1.2696193734965373,1.2550652486099798,2.524684622106517
21379,MX1,1.136828722253342,1.516239725458567,2.6530684477119086
21380,MX1,1.5352876329906986,1.04364558127298,2.5789332142636785
4127,D2,1.678678147393506,1.1403181787338823,2.8189963261273885
4128,D2,1.5862471621949936,1.2398189773631239,2.8260661395581175
4129,D2,1.3985914917232904,1.174599565816618,2.5731910575399084
22002,RO1,1.1852862881768076,1.2893083467656805,2.474594634942488
5495,SP2,1.910768802209221,0.9425196992646943,2.8532885014739153
12107,F2,1.2371006913056475,1.2917978718268421,2.52889856313249
12108,F2,1.4220795957141699,1.059093039596435,2.481172635310605
567,E0,1.549267596189277,1.2169868743596406,2.7662544705489176
1065,E1,1.5717552068604195,1.0862450022236272,2.6580002090840464
1066,E1,1.353916344704481,1.192507431267759,2.54642377597224
1067,E1,1.2456765854108185,1.3550437748350683,2.600720360245887
1599,E2,1.3177488755736035,1.1507931822219715,2.468542057795575
1600,E2,1.6476629376581198,1.012051614243837,2.6597145519019567
2151,E3,1.6550694109703137,1.0701135716140195,2.7251829825843332
2152,E3,1.6373216313714511,1.0135500176692986,2.6508716490407496
21665,PL1,1.250343986298942,1.3878802178611653,2.6382242041601076
4852,I2,1.6559477218061935,1.095443243985715,2.7513909657919084
4853,I2,1.528471975592718,1.1135138922757728,2.641985867868491
4854,I2,1.6493714608384937,1.024336698242601,2.6737081590810945
4855,I2,1.7429629476326827,1.0271780203796013,2.770140968012284
4856,I2,1.2756581336444943,1.5752776954256476,2.850935829070142
4857,I2,1.4550019467128583,1.043972389200211,2.4989743359130694
20116,G1,1.4668446694937436,1.1243916037236956,2.591236273217439
3819,D1,1.3282453858749959,1.212188360516098,2.540433746391094
3820,D1,1.2294474004100586,1.5008578416717455,2.730305242081804
3821,D1,1.3688957520219205,1.395152744391828,2.764048496413748
3822,D1,1.3501839801077622,1.285572344939928,2.63575632504769
3823,D1,1.45958709957772,1.1920809280933249,2.651668027671045
19318,B1,1.4257838924014354,1.187333224779851,2.6131171171812864
19860,T1,1.3246907995699408,1.3475273102372276,2.6722181098071687
20117,G1,1.4442390422866251,1.1400986319051911,2.5843376741918163
5100,SP1,2.413130681760379,0.8916669705653248,3.304797652325704
5496,SP2,1.691719811209756,1.0097817449951918,2.701501556204948
19023,N1,1.696889127777059,1.1094545863524836,2.8063437141295426
568,E0,1.1687726417529127,1.4788844209114778,2.6476570626643907
569,E0,1.2282703728625743,1.4230917942577614,2.651362167120336
570,E0,1.742534284002514,1.006690816435712,2.7492251004382258
571,E0,1.6169160759040029,1.0334675415997383,2.650383617503741
572,E0,1.2567505106330974,1.1864712434973221,2.4432217541304198
2701,EC,1.1475305484740856,1.4447737696013074,2.592304318075393
2702,EC,1.5267397068760786,1.1551172967834316,2.68185700365951
2703,EC,1.480336528502144,1.1711805634381858,2.6515170919403297
2704,EC,1.6681427324432576,1.0552758406931628,2.7234185731364207
2705,EC,1.5634131718307522,1.1801232439716334,2.7435364158023856
2706,EC,1.5941133011370383,1.0053141511983403,2.5994274523353784
2707,EC,1.799196053193151,1.122791128396815,2.921987181589966
2708,EC,1.4452770526470997,1.290487677406272,2.7357647300533716
3394,SC2,1.537564905059994,1.2052467889767284,2.7428116940367224
3395,SC2,1.5293727083618127,1.2088721827774271,2.7382448911392396
3570,SC3,1.5293727083618127,1.2088721827774271,2.7382448911392396
3571,SC3,1.5293727083618127,1.2088721827774271,2.7382448911392396
3572,SC3,1.5293727083618127,1.2088721827774271,2.7382448911392396
5873,F1,1.6170885510700683,1.1886420607356782,2.8057306118057466
20270,AT1,1.8484433443708017,0.9661706180419718,2.8146139624127735
20271,AT1,1.6632543275816036,1.0590271413275592,2.722281468909163
1068,E1,1.2312294036543905,1.2250854311122032,2.4563148347665935
1069,E1,1.4473433699362297,1.1290649740276502,2.57640834396388
1070,E1,1.5083732678791806,1.0904237044041982,2.598796972283379
1071,E1,1.4833637592509727,1.14592883262895,2.629292591879923
1072,E1,1.699861868807736,0.9170544935567668,2.6169163623645026
1073,E1,1.280789678302949,1.269010404359185,2.5498000826621343
1601,E2,1.431800424418984,1.0687140808030302,2.5005145052220143
1602,E2,1.3643029733496772,1.1578710225258153,2.5221739958754927
1603,E2,1.1692789933693486,1.2751018180446496,2.444380811413998
1604,E2,1.3076475100306626,1.2424221684629775,2.55006967849364
1605,E2,1.231942377772011,1.4730874597958357,2.7050298375678468
1606,E2,1.8200050396315748,1.0354024477492996,2.8554074873808744
1607,E2,1.6834074570516948,1.0480399143941916,2.7314473714458867
1608,E2,1.3270149753222877,1.1866207144975385,2.513635689819826
1609,E2,1.8312470531138036,0.9509704978404121,2.7822175509542157
1610,E2,1.2489061410195015,1.2325328667393676,2.481439007758869
2153,E3,1.486980036805298,1.1306568627779505,2.617636899583249
2154,E3,1.3145345769579588,1.2804498498975347,2.5949844268554934
2155,E3,1.4419125498841356,1.093034030714836,2.5349465805989717
2156,E3,1.5492038886486585,1.1876338804315514,2.7368377690802097
2157,E3,1.3235397589473576,1.2913450929893995,2.614884851936757
2158,E3,1.739455208308736,0.8821068145309675,2.6215620228397034
2159,E3,1.1251207188362329,1.4222235592926955,2.5473442781289286
2160,E3,1.4369869707941527,1.0806105530144963,2.517597523808649
2161,E3,1.2198733471837295,1.3296648072871726,2.549538154470902
4858,I2,1.508153782494384,1.0828127866259407,2.590966569120325
19553,P1,1.3622962379328942,1.1357044065563946,2.498000644489289
19554,P1,1.4179832384051576,1.2651322417114188,2.6831154801165766
21666,PL1,1.7227096202150822,1.0876616627762055,2.8103712829912877
4482,I1,1.2921690671893138,1.3229831685977385,2.6151522357870522
20118,G1,1.4573451390349332,1.2223758676109828,2.679721006645916
22003,RO1,1.3990665446650472,1.1874732195679287,2.5865397642329757
22410,CH1,1.1304317865551996,1.5932629142297285,2.723694700784928
22411,CH1,1.5247155590612742,1.1439342170592306,2.668649776120505
22579,CH2,1.5003351561326357,1.1759505628661167,2.676285718998752
22580,CH2,1.3940414254648135,1.2250507270731144,2.619092152537928
19319,B1,1.5333649375587828,1.0416722178813589,2.5750371554401417
3824,D1,1.156457629983271,1.5538367504846424,2.7102943804679134
5497,SP2,1.2843005555191007,1.2880505478779418,2.5723511033970423
19024,N1,1.5343680378051814,1.1219548200541807,2.656322857859362
5874,F1,1.4085295754252458,1.101894498484734,2.51042407390998
573,E0,1.723021370596157,1.0742403776272953,2.7972617482234523
2709,EC,1.5971121405206028,1.157646641722325,2.754758782242928
4859,I2,1.4509930760081162,1.0920805827760809,2.543073658784197
12109,F2,1.688573181537115,1.121679855050219,2.810253036587334
19025,N1,1.637608017495086,1.161328632916663,2.7989366504117488
19555,P1,1.7492212307309263,0.9194748802751841,2.6686961110061103
21667,PL1,1.399768869900258,1.32737907210325,2.7271479420035076
4130,D2,1.6021083421405231,1.1317285398758703,2.7338368820163934
22412,CH1,1.3956281774318668,1.3472689199882608,2.7428970974201277
4483,I1,1.7102312672025168,1.014784820795406,2.725016087997923
19320,B1,1.4355958620154996,1.1759899021220346,2.6115857641375344
5101,SP1,1.6549306218150392,1.2454628451461316,2.900393466961171
19026,N1,1.2859679531777022,1.343635690662607,2.6296036438403094
5875,F1,1.2934565613456432,1.3290518196885501,2.6225083810341934
20997,JP1,1.5293727083618127,1.2088721827774271,2.7382448911392396
20998,JP1,1.5293727083618127,1.2088721827774271,2.7382448911392396
19556,P1,1.5168739641200626,1.112804144213271,2.6296781083333336
20999,JP1,1.5293727083618127,1.2088721827774271,2.7382448911392396
21000,JP1,1.5293727083618127,1.2088721827774271,2.7382448911392396
21381,MX1,1.2988039625501995,1.27473938592841,2.5735433484786094
21382,MX1,1.6980834739422221,1.1358926595799663,2.8339761335221887
21383,MX1,1.3580306933708624,1.199685374234192,2.557716067605054
21384,MX1,1.3655302185051859,1.281074476911979,2.6466046954171647
19861,T1,1.3182678944175836,1.3840614694572824,2.702329363874866
21385,MX1,1.4382807316301445,1.2754171885653347,2.713697920195479
19027,N1,1.3492655211453823,1.3605751269257182,2.7098406480711006
21668,PL1,1.6878908365732126,1.0484510034469214,2.736341840020134
4484,I1,1.644588906180088,1.0120902559707252,2.6566791621508132
19862,T1,1.6358689467923038,1.0126193177724911,2.648488264564795
19863,T1,1.2137386798844045,1.5384591558554048,2.7521978357398096
4131,D2,1.4695082330332392,1.156305860796346,2.625814093829585
4132,D2,1.6318283367550785,1.0971791514641573,2.729007488219236
4133,D2,1.4036271888070841,1.2040457116075218,2.607672900414606
19321,B1,1.6264817659349529,1.1997834989464824,2.8262652648814353
5102,SP1,1.5955490176582066,0.9814169963418563,2.576966014000063
5498,SP2,1.2481898129743318,1.329759919029426,2.577949732003758
20119,G1,1.0679560622583741,1.5403023875973199,2.608258449855694
20787,DK1,1.819406512829459,1.0860232126668012,2.90542972549626
20788,DK1,1.4403834835663214,1.2390596087329036,2.679443092299225
22413,CH1,1.5454248074350578,1.1729287592225806,2.7183535666576386
22581,CH2,1.2478445865049699,1.3529577225498155,2.600802309054785
1074,E1,1.8327931824943808,0.8963855899372241,2.729178772431605
19028,N1,1.5779578380259716,1.0730290813490275,2.650986919374999
19029,N1,1.3533905659227583,1.4472982914932286,2.800688857415987
20272,AT1,1.5488620093803942,1.083986332502192,2.6328483418825863
20273,AT1,1.5427611422999203,1.0847781202050353,2.6275392625049556
21669,PL1,1.6724024748184008,1.1442762815756755,2.8166787563940763
4485,I1,1.2377411400158564,1.1910428984953851,2.4287840385112416
4860,I2,1.6095484877730626,1.1295847689298963,2.739133256702959
5876,F1,1.4281371798360374,1.2286158031971912,2.6567529830332286
20120,G1,1.1382295702551548,1.5329960272336844,2.6712255974888395
22004,RO1,1.525225152516377,1.1259893535504142,2.651214506066791
3825,D1,1.3150448026879533,1.500294587356503,2.815339390044456
574,E0,1.6038195970130054,1.0846019508645435,2.6884215478775486
19322,B1,1.6047328315873925,0.9656827688867742,2.570415600474167
19864,T1,1.6777781116020627,1.1260345759473156,2.803812687549378
20789,DK1,1.67661856326741,1.2047035425850006,2.8813221058524103
20814,IE1,1.5293727083618127,1.2088721827774271,2.7382448911392396
5103,SP1,1.6964198836747881,1.0662958069905533,2.7627156906653414
5104,SP1,1.7506632565573084,1.137695890286659,2.8883591468439676
5499,SP2,1.3560672553084745,1.391876031332874,2.7479432866413482
5500,SP2,1.5571207242461231,1.020599000297892,2.577719724544015
22414,CH1,1.5460588143645335,1.112151016930172,2.6582098312947053
22415,CH1,1.7831414193872575,1.1683342769246383,2.9514756963118955
19030,N1,1.3203626099987578,1.5130630571903625,2.83342566718912
20121,G1,1.2410181767464659,1.5297603580149362,2.7707785347614022
20274,AT1,1.49408712356184,1.1834475475161883,2.6775346710780283
5877,F1,1.3517599573951975,1.2587072729495832,2.6104672303447805
5878,F1,1.3367388902852781,1.1949277171012092,2.5316666073864873
5879,F1,1.4693249435265094,1.0733646834420505,2.54268962696856
3826,D1,2.305390444493283,1.0120511248309827,3.3174415693242656
19557,P1,1.5178474731638492,1.068715803125195,2.586563276289044
21670,PL1,1.4123112381215683,1.1798980334794236,2.592209271600992
4486,I1,1.1000498778250791,1.6623674790006566,2.7624173568257357
20790,DK1,1.6144261289423187,1.0939601930525436,2.7083863219948623
22005,RO1,1.3175858953914905,1.4922890248303882,2.809874920221879
575,E0,1.6193023917820089,1.262222800229149,2.881525192011158
5105,SP1,1.6583731405928368,1.1470133997166345,2.8053865403094713
5501,SP2,1.6263380235337848,0.9903153860037409,2.6166534095375256
19323,B1,1.9798187991938858,0.9279038074696442,2.9077226066635298
20122,G1,1.8861243202630895,1.0424205669569768,2.9285448872200663
19324,B1,1.3847479447918516,1.2932045259974334,2.677952470789285
19558,P1,2.034969130474135,0.9277684945422798,2.962737625016415
4487,I1,1.7825461918741998,1.0501879229274895,2.8327341148016894
5880,F1,1.9593265367333903,1.122453529868655,3.0817800666020454
5106,SP1,1.2413340882353556,1.5267201771472139,2.7680542653825695
5502,SP2,1.7236134296801713,1.1042098147573258,2.8278232444374973
19559,P1,1.9906789408923853,0.9350607370336045,2.9257396779259897
19865,T1,1.2231355808327797,1.2477693087254964,2.470904889558276
19866,T1,1.8950886717385378,0.9757683062765813,2.870856978015119
19867,T1,1.474781240211963,1.088420303744397,2.5632015439563602
22006,RO1,1.6528093712844238,1.2787207256992574,2.931530096983681
4488,I1,1.5763217192415986,1.0579007930335036,2.634222512275102
20791,DK1,1.435790279366802,1.0934823319143752,2.5292726112811774
21671,PL1,1.6216027382970113,0.9792842353330344,2.600886973630046
5503,SP2,1.6368156558277824,0.9915629973783451,2.6283786532061275
4489,I1,1.6724016881346047,1.040720377857816,2.7131220659924207
12110,F2,1.4385411739937626,1.2183661354716717,2.656907309465434
19560,P1,1.5501047992679473,1.051929305367677,2.6020341046356243
5107,SP1,1.389840011199458,1.1678788730331064,2.5577188842325644
20792,DK1,1.4712537680235325,1.2969517490758404,2.768205517099373
1075,E1,1.3228952496484556,1.4118399963008985,2.734735245949354
19561,P1,1.513661450409199,1.3720549234622028,2.885716373871402
4861,I2,1.2861226306338525,1.276603511372066,2.5627261420059186
4862,I2,1.8893704541646201,1.0477023115896251,2.9370727657542455
4863,I2,1.5288696992959254,1.148812244024928,2.677681943320853
4864,I2,1.318645519915446,1.2557317133741348,2.5743772332895807
4865,I2,1.2399325591147374,1.3133433300488284,2.553275889163566
4866,I2,1.5344445657391375,1.2090258204038626,2.743470386143
22416,CH1,1.4750321325453433,1.1120123223862166,2.5870444549315597
576,E0,1.7412977877888982,1.0471495396775299,2.788447327466428
577,E0,1.3380296770810887,1.3261428331683747,2.6641725102494633
578,E0,1.280029615327995,1.2774779796487137,2.557507594976709
1076,E1,1.0862191487073722,1.2742834384557336,2.360502587163106
1077,E1,1.2458227944008118,1.3025161526249431,2.548338947025755
1611,E2,1.3496613452011887,1.2630682154626245,2.612729560663813
1612,E2,1.1254800805239078,1.5027240065294247,2.6282040870533327
2162,E3,1.2445819107610403,1.2489114816817568,2.4934933924427973
2163,E3,1.4399315594364333,1.1965719999695124,2.636503559405946
2710,EC,1.6726609363800191,1.0117173448203018,2.684378281200321
2711,EC,1.3665931902389858,1.26629311030861,2.6328863005475958
2712,EC,1.559864786573366,1.1826852841172104,2.7425500706905765
2713,EC,1.4492253958358274,1.1861882924260791,2.635413688261907
2714,EC,1.3119755349471949,1.1898841932943671,2.5018597282415618
2715,EC,1.6912410257153472,0.999989604259081,2.691230629974428
3396,SC2,1.5293727083618127,1.2088721827774271,2.7382448911392396
3573,SC3,1.5293727083618127,1.2088721827774271,2.7382448911392396
3574,SC3,1.5293727083618127,1.2088721827774271,2.7382448911392396
1078,E1,1.462669960160874,1.082438774980434,2.5451087351413078
3053,SC0,1.513744768577522,1.1615496624501886,2.6752944310277105
579,E0,1.1891465855533587,1.434544122619707,2.623690708173066
20318,BR1,1.3779695177381817,1.4655251009497845,2.8434946186879664
19031,N1,1.5367667718149853,1.2788358922136167,2.815602664028602
4867,I2,1.1772651933524898,1.4024487362059468,2.5797139295584364
4868,I2,1.2984849726184218,1.3012903969437255,2.5997753695621473
4869,I2,1.2380650636061927,1.2413438553113276,2.47940891891752
4870,I2,1.3591418435657485,1.260558252375013,2.6197000959407615
22417,CH1,1.7714450904625967,1.08220651539925,2.8536516058618466
22418,CH1,1.5533861559044628,1.062385792438747,2.61577194834321
22419,CH1,1.2369169488106975,1.4403860168506717,2.677302965661369
19032,N1,1.7000135515913506,1.0703485836337423,2.770362135225093
580,E0,1.7525624979247272,1.098660879531804,2.851223377456531
581,E0,1.5774352543826031,1.1708003504439606,2.7482356048265637
582,E0,1.3973919323376287,1.0569801119419349,2.4543720442795633
583,E0,1.4369644714295422,1.1117534487789489,2.548717920208491
1079,E1,1.3904213984265923,1.1740577624851862,2.5644791609117785
2164,E3,1.5171040084501732,1.1292843732404048,2.6463883816905778
2716,EC,1.438977142370295,1.2189378181060864,2.6579149604763814
2717,EC,1.823698758383142,1.0505022352836677,2.87420099366681
2718,EC,1.7666829734739598,1.025192419367071,2.791875392841031
2719,EC,1.2921898718422857,1.2301547152605155,2.5223445871028014
2720,EC,1.6329176591870125,1.1387346205676696,2.771652279754682
3054,SC0,1.9056430186734057,1.0067760714818192,2.912419090155225
3055,SC0,1.2321687733142954,1.2439042302197385,2.476073003534034
3056,SC0,1.6198965898990754,0.9965669114424215,2.6164635013414967
2165,E3,1.632296116354487,1.0746326244062556,2.7069287407607425
3057,SC0,1.5136467593484748,1.3244521620203764,2.838098921368851
584,E0,1.2997999620685436,1.352409453573382,2.6522094156419254
20319,BR1,1.478834735406594,1.2884804008624777,2.7673151362690716
20320,BR1,1.5558578429339613,0.9560296145989996,2.511887457532961
20321,BR1,1.5976213635159053,1.1733586495536732,2.7709800130695785
20322,BR1,1.91009940130636,1.034139734234872,2.944239135541232
20323,BR1,1.4094562543019482,1.3405777575332596,2.750034011835208
22420,CH1,1.3591064556934138,1.4187448701108014,2.7778513258042152
22421,CH1,1.4701026587172186,1.3124860895874353,2.782588748304654
585,E0,1.3224196371519636,1.317353012526806,2.6397726496787697
20324,BR1,1.0368705474967541,1.7507398982000693,2.7876104456968234
21001,JP1,1.430315798349084,1.2741319522780974,2.7044477506271813
20325,BR1,1.7614351229198948,1.1627825625583514,2.9242176854782462
20326,BR1,1.3608588786360847,1.7575139867139884,3.1183728653500733
26197,TST_f83272,1.5293651093653882,1.208892737620394,2.738257846985782
26202,TST_b593f7,1.5293651093653882,1.208892737620394,2.738257846985782
26752,TST_f6c25e,1.5293651093653882,1.208892737620394,2.738257846985782
20327,BR1,1.909446744246238,1.135816586643189,3.0452633308894272
19868,T1,1.2642676859337163,1.2420855346882518,2.506353220621968
19869,T1,2.083921951761419,0.8999533737103049,2.983875325471724
21672,PL1,1.5141939838941665,1.1531625600712576,2.667356543965424
22007,RO1,1.3029078224718404,1.1819988346559303,2.4849066571277705
4134,D2,1.5076945416655736,1.1550250101439634,2.662719551809537
4135,D2,1.6458614021240607,1.068331528386942,2.7141929305110026
5881,F1,1.2625016646035843,1.5843178050115791,2.8468194696151636
20793,DK1,1.470398274324113,1.1403484386528175,2.6107467129769306
22582,CH2,1.5617265599429708,1.128121234453258,2.689847794396229
22583,CH2,1.2852659806013218,1.4553317534070664,2.7405977340083885
12111,F2,1.250843448052329,1.1544379783210823,2.4052814263734112
12112,F2,1.5445335361077273,1.0873220586388264,2.6318555947465536
12113,F2,1.6977648239207646,0.9602478749567712,2.6580126988775357
12114,F2,1.4149103964976126,1.3020401287226768,2.7169505252202892
12115,F2,1.5583367576046998,0.9914806327042088,2.5498173903089087
19033,N1,1.1746407689609295,1.6335803227791375,2.8082210917400667
22584,CH2,1.5910006830977605,1.1116734447039986,2.7026741278017594
22585,CH2,1.5456317978247804,1.12021082341441,2.6658426212391904
22586,CH2,1.4329383665869666,1.3276893861009558,2.760627752687922
3827,D1,1.728188017990012,1.0295093655337304,2.7576973835237424
5504,SP2,1.5530714887096972,1.3626097601835159,2.915681248893213
19562,P1,1.155613752418792,1.6105202582712046,2.7661340106899965
21673,PL1,1.264938823826739,1.3937185728258492,2.658657396652588
4490,I1,1.1847203103077844,1.4309221435845974,2.6156424538923817
19325,B1,1.3212311091920428,1.4025268907618595,2.7237579999539023
5108,SP1,1.6937314049695846,1.1079380115807487,2.8016694165503333
5882,F1,1.567479129042711,1.049831833293689,2.6173109623363997
3219,SC1,1.2618487194996408,1.4577210732146617,2.7195697927143025
20815,IE1,2.214974588899052,0.9929095109924053,3.2078840998914573
20816,IE1,1.6646527466374097,0.9278330483479889,2.5924857949853983
21002,JP1,1.2445845724881668,1.3741997619371127,2.6187843344252792
21003,JP1,1.3683603234355934,1.397466079744047,2.7658264031796405
21004,JP1,1.6875707877746875,0.9948363409113474,2.6824071286860347
19563,P1,1.169067147548937,1.191837661026735,2.360904808575672
21005,JP1,1.6835083163772049,1.2363210580267876,2.9198293744039923
21006,JP1,1.156776485742703,1.7030695719385214,2.8598460576812244
21386,MX1,1.3566861238189531,1.2431314484232758,2.599817572242229
19870,T1,1.3843457353096422,1.1696131567289938,2.553958892038636
21387,MX1,1.836442953110145,0.9792305094762128,2.815673462586358
22008,RO1,1.358359689277416,1.281758137081575,2.640117826358991
4136,D2,1.4396035784296377,1.2887420851898874,2.728345663619525
4137,D2,1.5008260301176286,1.1035790529562883,2.604405083073917
4138,D2,1.3422732126496133,1.4004790985748026,2.742752311224416
19871,T1,1.3460436894098011,1.2792366520965626,2.6252803415063637
5109,SP1,1.3129015031203615,1.3115609182119525,2.624462421332314
5505,SP2,1.7563438916283758,1.0634084723560022,2.819752363984378
12116,F2,1.5434185256212771,1.0923581842541337,2.635776709875411
12117,F2,1.3933038911017508,1.2677273420036934,2.661031233105444
1613,E2,1.3510604385635945,1.1730034434472576,2.524063882010852
1614,E2,1.5548078538702967,1.1132055432551096,2.6680133971254065
2166,E3,1.873780024992582,1.0357819358574882,2.9095619608500702
21674,PL1,1.3705501918159784,1.3908220375101916,2.76137222932617
4491,I1,1.8296094801324547,1.1368073397272245,2.9664168198596794
4871,I2,1.565494436744031,0.9865496367008547,2.5520440734448857
4872,I2,1.4805052731907693,1.1482592968532608,2.62876457004403
4873,I2,1.5130554149854218,1.1170252655181097,2.6300806805035313
20123,G1,1.3736717203250859,1.1255487107925999,2.4992204311176858
3828,D1,1.556866679130361,1.0255735306146925,2.5824402097450534
3829,D1,1.8000544764723883,0.9381580116518085,2.738212488124197
3830,D1,1.4361465635384132,1.11822226841325,2.5543688319516633
3831,D1,1.2044852278318376,1.8669092147045543,3.071394442536392
3832,D1,1.5200196268527353,1.2127755278211614,2.7327951546738967
19326,B1,1.4389540603282156,1.1732695850323913,2.612223645360607
19872,T1,1.560736367947874,1.3273938408274824,2.8881302087753564
5110,SP1,1.2838745017114015,1.1627180861093833,2.446592587820785
5506,SP2,1.2852071897516804,1.1943724467033816,2.479579636455062
19034,N1,1.355305777881844,1.2672225812734672,2.6225283591553112
1080,E1,1.2136774758375308,1.2447624099213548,2.4584398857588856
1081,E1,1.4000575186394542,1.2141531420797789,2.614210660719233
1082,E1,1.388910901118784,1.1003207954939016,2.4892316966126855
1083,E1,1.2512840693622367,1.3348432304455642,2.586127299807801
1084,E1,1.1815330044557408,1.249868767678551,2.4314017721342918
1615,E2,1.4249927664280835,1.1915625216758896,2.616555288103973
1616,E2,1.3033203031856002,1.2020010700771953,2.5053213732627952
1617,E2,1.6048154016061449,1.035396891032054,2.640212292638199
1618,E2,1.611698122862956,1.164790528901508,2.7764886517644642
1619,E2,1.3202435254929679,1.3712251771914006,2.6914687026843684
1620,E2,1.1622311358168054,1.4683995704940942,2.6306307063108996
2167,E3,1.539822689915752,1.0732466682772508,2.6130693581930027
2168,E3,1.1293918536435708,1.3878105721469545,2.517202425790525
2169,E3,1.5237283501223744,1.1071181123618516,2.630846462484226
2170,E3,1.3531198315679147,1.241734899173385,2.5948547307412997
2171,E3,1.758730958662134,0.974190384839368,2.732921343501502
2172,E3,1.1656605778735494,1.389814916227993,2.5554754941015423
2173,E3,1.332378118204195,1.2282991951756788,2.5606773133798737
2174,E3,1.3724578290582754,1.2604645642649102,2.6329223933231853
2175,E3,1.5168954669992338,1.1824049671408319,2.6993004341400657
2721,EC,1.4005123724387014,1.21496558627796,2.6154779587166614
2722,EC,1.4459575032463565,1.1054387432768111,2.5513962465231677
2723,EC,1.2665431932839408,1.3766625326032065,2.6432057258871473
2724,EC,1.2650842715967627,1.3325418817484735,2.597626153345236
2725,EC,1.3262751741707288,1.453948576634593,2.780223750805322
2726,EC,1.3007582330015068,1.4476059425082175,2.7483641755097246
2727,EC,1.4890867189041967,1.0684525740518422,2.557539292956039
2728,EC,1.4490436622693312,1.1538024772218536,2.602846139491185
2729,EC,1.3457034530638254,1.2905631237484338,2.6362665768122593
3058,SC0,1.3750641105971224,1.1848213404943087,2.5598854510914313
3059,SC0,1.605530432494842,0.983167715232896,2.588698147727738
3060,SC0,1.6021935638048876,0.9924127654393965,2.594606329244284
3220,SC1,1.285677913864062,1.303060922667259,2.588738836531321
3221,SC1,1.5366767563634358,1.0713095735864333,2.607986329949869
3397,SC2,1.5293727083618127,1.2088721827774271,2.7382448911392396
3398,SC2,1.5293727083618127,1.2088721827774271,2.7382448911392396
3399,SC2,1.5299908136819202,1.2077410609204178,2.7377318746023382
3400,SC2,1.5293727083618127,1.2088721827774271,2.7382448911392396
3575,SC3,1.5293727083618127,1.2088721827774271,2.7382448911392396
3576,SC3,1.5293727083618127,1.2088721827774271,2.7382448911392396
5883,F1,1.6681845214255775,1.0998581820068065,2.768042703432384
20275,AT1,1.2758053307014119,1.258284442718206,2.534089773419618
20276,AT1,1.3915156384792733,1.2649476217214712,2.6564632602007445
20277,AT1,1.3535585865432018,1.3163707268225973,2.669929313365799
20794,DK1,1.463170744817783,1.3384930430982809,2.801663787916064
22009,RO1,1.769217423723729,0.928948011029258,2.698165434752987
4874,I2,1.4325300353369608,1.2867074231193136,2.7192374584562744
19564,P1,1.2503950046862518,1.239835094097377,2.4902300987836288
20124,G1,1.3840733025318892,1.441318384625308,2.825391687157197
21675,PL1,1.240131992367642,1.3667065098889277,2.6068385022565694
4492,I1,1.3359859667209273,1.3072213193951294,2.6432072861160565
20125,G1,1.4407480537161372,1.139846726988588,2.5805947807047254
22422,CH1,1.3501309321570447,1.201836898522384,2.5519678306794287
22423,CH1,1.4192306257735725,1.283385023793289,2.7026156495668614
19327,B1,1.5009615047100318,1.179513585011529,2.680475089721561
3833,D1,1.8564489334281402,1.0333544557403513,2.8898033891684918
5111,SP1,1.6843520634508429,1.1622968265522218,2.8466488900030646
5507,SP2,1.3166959994078749,1.2726198944063114,2.5893158938141863
19035,N1,1.3031687033991575,1.3077823885144717,2.610951091913629
5884,F1,1.5301421661076704,1.057504724215529,2.5876468903231995
2730,EC,1.5813585668825167,1.058419449098192,2.639778015980709
3401,SC2,1.5299908136819202,1.2077410609204178,2.7377318746023382
4875,I2,1.3306794759563392,1.5210727596200393,2.8517522355763782
12118,F2,1.409232861480212,1.2797717748132855,2.6890046362934976
19036,N1,1.960961341274714,0.9529452039133741,2.9139065451880883
19565,P1,1.6196835990530607,0.993516658958496,2.6132002580115565
21676,PL1,1.260263496849673,1.3297758566818263,2.590039353531499
4139,D2,1.3290226581081015,1.3659094007914026,2.694932058899504
22424,CH1,1.81546211887842,0.9602500378688212,2.7757121567472414
4493,I1,1.7359432432030135,1.262484496987862,2.998427740190875
19328,B1,1.2442816487268546,1.345123013091849,2.589404661818704
5112,SP1,1.8889856885082297,1.0385907016351936,2.9275763901434235
5508,SP2,1.4184634264113796,1.1094109128100798,2.5278743392214595
19037,N1,1.646807125587691,1.0731038193557434,2.719910944943434
21007,JP1,2.0168520630729967,1.1534213333523218,3.1702733964253182
5885,F1,1.3432174363077163,1.331460954688409,2.6746783909961254
20817,IE1,1.0943098348037115,1.4373317378895016,2.5316415726932133
21008,JP1,2.1840033417671543,0.8692539619605597,3.053257303727714
19566,P1,1.2985712609319016,1.5778401689364814,2.8764114298683827
21009,JP1,2.2173506844059787,0.663791915836384,2.8811426002423626
21010,JP1,2.173294646839131,0.9250803287738423,3.0983749756129733
21388,MX1,1.4371489835215563,1.1470984070991124,2.5842473906206687
21389,MX1,1.478677293316352,1.0291067843812278,2.50778407769758
21390,MX1,1.6059831428335125,1.1677719693149988,2.7737551121485113
21391,MX1,1.6815998889055073,1.0934883924275014,2.7750882813330087
19873,T1,1.3490977247011446,1.2095070531629815,2.558604777864126
21392,MX1,1.5497391300474463,1.1488604340687116,2.698599564116158
22010,RO1,1.5260859788553773,1.1735184323187313,2.699604411174109
19038,N1,1.5607017604180713,1.2432530785280163,2.8039548389460878
21677,PL1,1.4432689292836591,1.2452211413382486,2.6884900706219077
4494,I1,1.3469790618863682,1.125372778057335,2.4723518399437032
19874,T1,1.310302181006401,1.1438076813011904,2.4541098623075914
4140,D2,1.6271024868661936,1.1696318220649506,2.7967343089311445
4141,D2,1.3228337322288677,1.4050317599896884,2.727865492218556
4142,D2,1.392538227456279,1.1424073270777315,2.5349455545340103
19329,B1,1.0499480278282052,1.7572420658955694,2.807190093723775
5113,SP1,1.2224923229570288,1.4202679752887115,2.64276029824574
5509,SP2,1.2038604791807686,1.4315924930338833,2.635452972214652
20795,DK1,1.1113399574523615,1.5762077755802706,2.6875477330326323
22425,CH1,1.537028138941447,1.169278233932779,2.7063063728742263
19039,N1,1.1143407230920708,1.5853280706618376,2.6996687937539083
19040,N1,1.6297130292915816,1.1483083537774612,2.778021383069043
20278,AT1,1.3604264930197838,1.4077471460376083,2.768173639057392
20279,AT1,1.4918389913103227,1.1671698438345823,2.6590088351449053
21678,PL1,1.8404604869498933,0.9875115398293008,2.827972026779194
4495,I1,1.3610711611765132,1.1215428299225516,2.4826139910990648
4496,I1,1.3709116908854633,1.0989484997115866,2.46986019059705
4876,I2,1.4073437863442761,1.224147632292438,2.631491418636714
4877,I2,1.5076345547573917,0.9880369585435217,2.4956715133009135
4878,I2,1.6236108742796418,1.1164398858220856,2.7400507601017274
5886,F1,1.4847815697990197,1.0867898881758074,2.571571457974827
22011,RO1,1.3064502985163629,1.3817421160772034,2.6881924145935665
3834,D1,1.4793325227283638,1.154892570475764,2.634225093204128
20126,G1,1.4505387533276226,1.1351093502144458,2.585648103542068
3061,SC0,1.1267111075896281,1.7398696716308428,2.866580779220471
19330,B1,1.6267728861595858,1.130168069119235,2.7569409552788207
19875,T1,1.512963560055257,1.3872333034713118,2.9001968635265687
20796,DK1,1.360407033774543,1.4542314581963391,2.8146384919708822
5114,SP1,1.5130942468885247,1.2926050778432023,2.805699324731727
5510,SP2,1.329000548416111,1.2645038055530609,2.5935043539691716
5511,SP2,1.2317985762591892,1.3236533929001146,2.5554519691593036
3062,SC0,1.8695596335714073,1.044346302224256,2.9139059357956634
22426,CH1,1.5348289581001846,1.1610866770538653,2.6959156351540496
22427,CH1,1.6619209366603391,1.2101447331702806,2.8720656698306195
20280,AT1,1.296108950066988,1.4568142202676146,2.7529231703346024
4879,I2,1.5165771478732333,0.9958312189178444,2.5124083667910777
5887,F1,1.3412480219975613,1.1962521133939454,2.5375001353915065
5888,F1,1.3898022051833672,1.1068307354895606,2.496632940672928
3835,D1,1.8012313487946257,1.049677210919568,2.8509085597141937
19567,P1,1.2885916044832952,1.358521422998934,2.647113027482229
20127,G1,1.5786191315071678,1.303906172157387,2.882525303664555
21679,PL1,1.726056620133665,1.1178459193972248,2.8439025395308897
4497,I1,1.3955672227892864,1.1893134815129127,2.584880704302199
20797,DK1,1.4544752249668207,1.2704848746211996,2.7249600995880203
22012,RO1,1.4232621365429106,1.411398554151003,2.8346606906939136
3063,SC0,1.540157729870309,1.219433905638323,2.759591635508632
5115,SP1,1.397946074330494,1.1747343267161519,2.5726804010466457
5512,SP2,1.238479873738601,1.2877388603621556,2.5262187341007563
19331,B1,1.7456079922645387,0.9526627232658728,2.6982707155304113
20128,G1,1.4851956505627242,1.1753695526779724,2.6605652032406963
19332,B1,1.6087152110697143,1.0483863676720466,2.657101578741761
4880,I2,1.4313196743670016,1.2657200952276075,2.697039769594609
19568,P1,1.1772468718541569,1.4416540416781831,2.61890091353234
4498,I1,1.4527703990335052,1.2438339877001687,2.696604386733674
5889,F1,1.510848316621079,1.1808328482419355,2.691681164863015
5116,SP1,1.3131465625200904,1.2715549467683473,2.584701509288438
5513,SP2,1.5067788388092735,1.1435719432047098,2.6503507820139833
19569,P1,1.7636922026599196,1.1123425318046372,2.8760347344645565
21393,MX1,1.3274979790504822,1.4102971653340892,2.737795144384571
21394,MX1,1.4474641183645534,1.0753635360369111,2.5228276544014645
22013,RO1,1.227422165579768,1.2265415246908162,2.453963690270584
19876,T1,1.4004747064027383,1.089514419350776,2.4899891257535143
20129,G1,1.6189633577075857,0.965617162616567,2.5845805203241525
22014,RO1,1.8478537614885517,0.942331146744008,2.79018490823256
20798,DK1,1.3954198333379486,1.214204254644772,2.609624087982721
21680,PL1,1.3032479910769887,1.3070061051833897,2.6102540962603786
5514,SP2,1.1566550811997098,1.4211640195402242,2.577819100739934
4499,I1,1.4041057754827084,1.0866345475623438,2.490740323045052
12119,F2,1.312604215527682,1.278090956149635,2.590695171677317
5117,SP1,1.1971884758496782,1.8587457004134738,3.0559341762631522
1085,E1,1.4133328959086242,1.3464518227425017,2.759784718651126
19570,P1,1.3881074392396093,1.2190278052432695,2.607135244482879
26198,TST_f83272,1.3142714750747322,1.2687822407277143,2.5830537158024462
26203,TST_b593f7,1.3142714750747322,1.2687822407277143,2.5830537158024462
26753,TST_f6c25e,1.3142714750747322,1.2687822407277143,2.5830537158024462
24285,CL,1.4927491343972359,1.2752167074004062,2.767965841797642
19041,N1,1.4713289542135903,1.3866669938491596,2.85799594806275
1086,E1,1.3262024128843908,1.2347748556593974,2.5609772685437884
1087,E1,1.2600582691260358,1.249202058055073,2.5092603271811087
1621,E2,1.3487991228628504,1.2148713410747407,2.563670463937591
1622,E2,1.4718496205139247,1.04278510395136,2.5146347244652847
1623,E2,1.344329751042276,1.261111167186708,2.605440918228984
1624,E2,1.3387022949117893,1.2034431129556202,2.5421454078674097
1625,E2,1.5940046894524125,0.9722264978727228,2.566231187325135
1626,E2,1.4626095440147262,1.226195628191805,2.688805172206531
1627,E2,1.470612353565095,1.1089515803822463,2.579563933947341
1628,E2,1.861947773613354,0.9414374698304627,2.8033852434438167
1629,E2,1.5174152867581425,1.2831081659416408,2.8005234526997835
2176,E3,1.4016547370990486,1.2650287791556691,2.666683516254718
2177,E3,1.4944005808790877,1.1503330962569127,2.644733677136
2178,E3,1.3765792490598712,1.211785925079362,2.5883651741392333
2179,E3,1.5147602861605685,1.1089317650345218,2.62369205119509
2180,E3,1.568926801206456,1.0606480554780233,2.629574856684479
2181,E3,1.1714551821391561,1.3018250710186494,2.4732802531578058
2182,E3,1.3243339059610415,1.2047644345691884,2.52909834053023
2183,E3,1.556665881849967,1.1227743955328822,2.679440277382849
2184,E3,1.41249928242553,1.203487843974043,2.615987126399573
2185,E3,1.6589840921831451,1.136222551644633,2.795206643827778
2186,E3,1.3181655957731542,1.157254158798861,2.475419754572015
2731,EC,1.333132420999053,1.2897310106237017,2.6228634316227546
2732,EC,1.5473818777322321,1.1870767525983692,2.734458630330601
2733,EC,1.406904475213723,1.227381848416405,2.634286323630128
2734,EC,1.747511171983216,1.0326557115772301,2.780166883560446
3222,SC1,1.393095695373268,1.150470025787889,2.543565721161157
3402,SC2,1.5293727083618127,1.2088721827774271,2.7382448911392396
3577,SC3,1.5293727083618127,1.2088721827774271,2.7382448911392396
3578,SC3,1.5293727083618127,1.2088721827774271,2.7382448911392396
1630,E2,1.2790252865704672,1.3466246237374786,2.6256499103079456
1631,E2,1.3653955430641558,1.154110932581045,2.519506475645201
3403,SC2,1.5293727083618127,1.2088721827774271,2.7382448911392396
24286,CL,1.0927185531534964,1.9223598280006178,3.0150783811541144
24287,CL,1.2983348178586487,1.4727315720996033,2.7710663899582517
24288,CL,1.5961443970071845,1.1040134842388345,2.700157881246019
22428,CH1,1.231935358684157,1.2361091967136475,2.4680445553978045
24289,CL,1.3827668588333661,1.3374358765413814,2.7202027353747473
5118,SP1,1.3922987983277042,1.161137559595209,2.553436357922913
4500,I1,1.390691112995668,1.4209658872727948,2.811657000268463
1632,E2,1.2133154154964063,1.3167900398902868,2.530105455386693
2187,E3,1.7162922342013267,0.8797962926835168,2.5960885268848433
586,E0,1.1112253420720268,1.4285577314086602,2.539783073480687
24290,CL,1.2684095988295456,1.6365743302746105,2.904983929104156
24291,CL,1.2907923204572112,1.4163234168087455,2.7071157372659567
24292,CL,1.2194946830194224,1.5482289861222076,2.7677236691416303
24954,EL,1.7033418357814532,1.161918385290038,2.865260221071491
24955,EL,1.3204579182211917,1.3155832570907477,2.6360411753119397
24956,EL,1.7024608730496613,0.9959644108440455,2.698425283893707
24957,EL,1.3076751655731282,1.5495482077002878,2.857223373273416
25620,ECL,1.4221650302110331,1.413449718405667,2.8356147486167
25621,ECL,1.3142834689312373,1.365821046643855,2.680104515575092
25622,ECL,1.4085612088349184,1.3812291569729007,2.789790365807819
25623,ECL,1.2418007313934616,1.4162129019329432,2.658013633326405
24958,EL,1.3546225064282318,1.4957972134794062,2.850419719907638
24959,EL,1.8489497748398986,1.0326571065350354,2.881606881374934
24960,EL,1.5248928835949693,1.1514266616597535,2.6763195452547226
24961,EL,1.6104120580164951,1.0703715216441625,2.6807835796606576
25624,ECL,0.9804902524149011,1.791421870399061,2.771912122813962
25625,ECL,1.2088337671360236,1.4312704623014727,2.6401042294374966
25626,ECL,1.1739852018160846,1.3186379132646608,2.4926231150807454
25627,ECL,1.5528189586836065,1.0224920776474098,2.5753110363310165
20328,BR1,1.11128202020334,1.6636643590426679,2.774946379246008
22015,RO1,1.3463700611673735,1.2656663326822613,2.6120363938496345
19877,T1,1.3587838668285743,1.2438585957483492,2.6026424625769238
21681,PL1,1.4852700602330526,1.195825124647533,2.6810951848805855
22016,RO1,1.4825413510895267,1.2313148951010977,2.713856246190624
4143,D2,1.4776502508005496,1.2324635411489688,2.710113791949518
4144,D2,1.3987963926892084,1.2010840314186506,2.599880424107859
20799,DK1,1.9593567314003368,0.9849156644197288,2.9442723958200654
22587,CH2,1.5212888115066692,1.1060362379939015,2.6273250495005707
12120,F2,1.368453108524182,1.200295359157426,2.568748467681608
12121,F2,1.2617447239742203,1.2803937311352893,2.5421384551095096
12122,F2,1.3321356742813906,1.1624071628688097,2.4945428371502003
12123,F2,1.7353285312257254,1.0203066130296614,2.755635144255387
12124,F2,1.2446562735223707,1.3802092688393,2.624865542361671
19042,N1,1.4105149066107252,1.1411423930368734,2.551657299647599
22588,CH2,1.372008716526263,1.269269918667634,2.6412786351938973
22589,CH2,1.3442803139452335,1.2906353547645986,2.634915668709832
3836,D1,1.4547707171161266,1.183774595058045,2.6385453121741715
4881,I2,1.5565168633044482,1.114019069247256,2.6705359325517044
5515,SP2,1.4157475196239278,1.2420709027773058,2.657818422401234
21682,PL1,1.4843535760244917,1.154518583248556,2.6388721592730477
4501,I1,1.4758578547522023,1.004340784937411,2.4801986396896134
5890,F1,1.3225295000624504,1.3522457125923326,2.674775212654783
19333,B1,1.614440029688959,1.0272749753062667,2.6417150049952256
5119,SP1,1.5747470588661878,1.3008212953667126,2.8755683542329002
3223,SC1,1.3866725766210568,1.3209495983857809,2.7076221750068377
20818,IE1,1.4189898551398883,1.042473045423678,2.461462900563566
20819,IE1,2.041762982273836,1.021145896673283,3.062908878947119
20820,IE1,1.8634235547191849,1.0470518862971996,2.9104754410163842
1088,E1,1.4644085762234131,1.028047212118043,2.492455788341456
20821,IE1,1.619420021296209,1.0244283768335072,2.643848398129716
20822,IE1,1.3811178366838952,1.2798321222531959,2.660949958937091
21011,JP1,1.4947818120432146,1.0663427549169717,2.5611245669601863
21012,JP1,1.604150135428892,1.1718321646030745,2.7759823000319663
21013,JP1,1.4025653719724207,1.1839723188912359,2.586537690863657
19571,P1,1.4992000584073704,0.997481771456541,2.4966818298639115
21014,JP1,1.6126153202724098,1.1702858829572822,2.782901203229692
21015,JP1,1.2219391563488202,1.7486814590439799,2.9706206153928
21016,JP1,1.209001895097976,1.7419669160364015,2.9509688111343775
26199,TST_f83272,1.6177521180459133,1.0616121464926225,2.6793642645385356
26204,TST_b593f7,1.6177521180459133,1.0616121464926225,2.6793642645385356
26755,TST_f6c25e,1.6177521180459133,1.0616121464926225,2.6793642645385356
21395,MX1,1.6154629730577164,1.0242764379466158,2.6397394110043324
19878,T1,1.4811613365416647,1.1143994596525397,2.5955607961942047
21396,MX1,1.194019943834569,1.3101768034484738,2.504196747283043
19879,T1,1.3722593560480982,1.3334223345483693,2.7056816905964673
4145,D2,1.6872703032260865,1.0722292622057215,2.759499565431808
4146,D2,1.5194303423080546,1.163870184292822,2.6833005266008767
4147,D2,1.6816339937108746,1.1105421510222995,2.7921761447331743
5120,SP1,1.5595996554982527,1.0738389184276025,2.6334385739258552
5516,SP2,1.575907424515077,1.0460667370713534,2.6219741615864303
12125,F2,1.4882231861370718,1.1969865450549724,2.685209731192044
12126,F2,1.8174604094154403,1.004212910035546,2.821673319450986
20800,DK1,1.4502088495001317,1.2253810264966536,2.6755898759967853
1089,E1,1.2759861960693046,1.2657635623589958,2.5417497584283004
1090,E1,1.643113048296172,1.0205669621592806,2.6636800104554528
1091,E1,1.3442131193276559,1.1428356846896264,2.4870488040172822
1092,E1,1.5532269876698688,1.027911546804925,2.5811385344747935
1633,E2,1.3649418596958909,1.1332862748690562,2.498228134564947
1634,E2,1.3433535189152874,1.41230513877152,2.7556586576868076
1635,E2,1.4298068348806883,1.160092484043457,2.5898993189241453
2188,E3,1.5556818012241982,1.0451848813844358,2.600866682608634
2189,E3,1.433585638515753,1.1238261776387912,2.557411816154544
4502,I1,1.5105082747559415,1.396874451806302,2.9073827265622434
4882,I2,1.4916499727102877,0.9713482743197487,2.4629982470300362
4883,I2,1.4811031575278555,1.1286269843415926,2.609730141869448
4884,I2,1.8949092986211602,1.0511360653746875,2.9460453639958475
4885,I2,1.297916569279837,1.228373013231515,2.526289582511352
4886,I2,1.5692440809706594,1.0801875864367,2.6494316674073595
20130,G1,1.2712505870340993,1.3150953388067403,2.5863459258408397
20131,G1,2.033480645449872,0.8602075034457078,2.89368814889558
21683,PL1,1.784116123814848,0.9510997886469613,2.7352159124618094
3837,D1,1.3574703518439144,1.2385490415103766,2.596019393354291
3838,D1,1.2711865932290087,1.4058141788431093,2.677000772072118
3839,D1,2.4142381863709645,0.9467659410228921,3.3610041273938567
3840,D1,1.4225775124152031,1.315226240395306,2.737803752810509
19334,B1,1.3123350334621924,1.362786187082238,2.6751212205444306
19880,T1,1.2514335979926667,1.5953382479449671,2.846771845937634
22017,RO1,1.4119956520379453,1.1883409631379138,2.600336615175859
5121,SP1,1.406881431198902,1.3279455207907884,2.7348269519896906
5517,SP2,1.3652007382575144,1.1693655940530134,2.534566332310528
5518,SP2,1.4793444613398032,1.014623503000755,2.493967964340558
587,E0,1.4472159279309225,1.208223850823579,2.655439778754501
588,E0,1.5201481989702592,1.1272480847947737,2.647396283765033
589,E0,1.9561202274567975,0.8761046376570771,2.832224865113875
1093,E1,1.3770448999693123,1.229257334372524,2.606302234341836
1094,E1,1.6252749354376745,1.038823296270609,2.6640982317082837
1095,E1,2.0071284959735167,0.785905923303317,2.7930344192768337
1096,E1,1.3289549325256411,1.2942448857068205,2.623199818232462
1097,E1,1.4519055594277013,1.2253580291659125,2.677263588593614
1098,E1,1.5069332433012066,0.9932698306035052,2.5002030739047116
1636,E2,1.2548556642216975,1.2408457765754333,2.4957014407971307
1637,E2,1.50055200213083,1.2005811893170628,2.7011331914478927
1638,E2,1.7035324920463661,0.9973434365291004,2.7008759285754667
1639,E2,1.2555196737119179,1.241775453461818,2.497295127173736
1640,E2,1.2779878856996585,1.249214214709804,2.5272021004094625
1641,E2,1.2307482780705634,1.231751507875835,2.4624997859463984
1642,E2,1.745972803740491,0.9746074481348387,2.7205802518753295
1643,E2,1.325659713233165,1.2132836524441435,2.5389433656773086
1644,E2,1.48413055356672,1.098964787922809,2.5830953414895292
2190,E3,1.5513806452082564,1.1592107933477178,2.710591438555974
2191,E3,1.3043786058000215,1.1905668662017586,2.4949454720017803
2192,E3,1.5841199195572109,1.061416956297713,2.6455368758549236
2193,E3,1.403511575159209,1.0680471215104836,2.4715586966696925
2194,E3,1.3573779906370698,1.3008187837969774,2.658196774434047
2195,E3,1.3646365278921053,1.1712984138631175,2.535934941755223
2196,E3,1.3840442676931994,1.255995388359959,2.6400396560531583
2197,E3,1.542775065112268,0.9779231364897673,2.5206982016020354
2198,E3,1.3682208342570052,1.2709021815276735,2.639123015784679
2735,EC,1.8701575230021803,1.0430376623589754,2.9131951853611557
2736,EC,1.6516542084425345,1.1211975521741673,2.772851760616702
2737,EC,1.571065574987619,1.0245470143597277,2.595612589347347
2738,EC,1.5525803038325001,1.1291353256665786,2.6817156294990787
2739,EC,1.5204714273590934,1.147202773640894,2.667674200999987
2740,EC,1.63258958881303,1.0718578492907722,2.704447438103802
2741,EC,1.3162906131786374,1.181279684629833,2.4975702978084704
2742,EC,1.682670497529035,1.2016864404582492,2.884356937987284
2743,EC,1.6298548953542344,1.128643683246749,2.7584985786009835
2744,EC,1.537462160757316,1.1045474073092256,2.6420095680665416
2745,EC,1.1743424273115008,1.3133684036175388,2.4877108309290397
3064,SC0,1.2370380037901527,1.2811162067392765,2.5181542105294294
3065,SC0,1.4285368873884372,1.2032089346636967,2.631745822052134
3066,SC0,1.5048181053951166,1.1813129330403107,2.6861310384354273
3224,SC1,1.4727187805163204,1.1896417458107118,2.6623605263270322
3225,SC1,1.3048878493236655,1.2190984730674228,2.5239863223910883
3226,SC1,1.4134954330198424,1.1918445806817015,2.605340013701544
3227,SC1,1.439063040152135,1.1677249698742314,2.6067880100263663
3404,SC2,1.537564905059994,1.2052467889767284,2.7428116940367224
3405,SC2,1.5299908136819202,1.2077410609204178,2.7377318746023382
3406,SC2,1.5381863213064277,1.2041190593411855,2.742305380647613
3407,SC2,1.537564905059994,1.2052467889767284,2.7428116940367224
3408,SC2,1.537564905059994,1.2052467889767284,2.7428116940367224
3579,SC3,1.5293727083618127,1.2088721827774271,2.7382448911392396
3580,SC3,1.5299908136819202,1.2077410609204178,2.7377318746023382
3581,SC3,1.537564905059994,1.2052467889767284,2.7428116940367224
3582,SC3,1.5293727083618127,1.2088721827774271,2.7382448911392396
3583,SC3,1.5293727083618127,1.2088721827774271,2.7382448911392396
5891,F1,1.5681165950712683,1.125508523793972,2.6936251188652403
20281,AT1,1.7787858247274815,1.0944990688112344,2.873284893538716
20282,AT1,1.4407799834313746,1.1110971493905701,2.5518771328219447
20283,AT1,1.2785000529617236,1.2443102629905076,2.5228103159522313
4887,I2,1.5741398584233206,1.152339145140311,2.7264790035636315
19572,P1,1.5383641250442694,1.1379506798590517,2.6763148049033214
19573,P1,1.2872939747357843,1.2087292470056727,2.4960232217414573
21684,PL1,1.5163579878820714,1.2394309745093777,2.755788962391449
4503,I1,1.0072674775119115,1.7551462014417885,2.7624136789537
22429,CH1,1.4467696326939135,1.1622695626578032,2.6090391953517167
19335,B1,1.9810348924352688,0.98386934627446,2.9649042387097286
3841,D1,1.7142045920028173,1.2288734586437808,2.943078050646598
5122,SP1,1.1419023988835086,1.6234642193131283,2.765366618196637
5519,SP2,1.3653768278440064,1.4530648933508834,2.8184417211948896
22018,RO1,1.4609636279076392,1.3421742158719079,2.803137843779547
19043,N1,1.9297518126088826,1.0718673135688412,3.001619126177724
5892,F1,1.6035634217347803,1.1572875214937672,2.7608509432285473
590,E0,1.2388865197986383,1.2836122045555052,2.5224987243541435
2746,EC,1.3426932768097348,1.2229453042446563,2.565638581054391
4888,I2,1.4236917540576388,1.2399893182292376,2.6636810722868765
12127,F2,1.653443069532231,0.9800985804027952,2.6335416499350264
19044,N1,1.6237459451759018,1.0258942281050683,2.64964017328097
19574,P1,1.9601043232375934,0.8571797406072492,2.8172840638448426
19575,P1,1.254708080298468,1.4593625959372654,2.7140706762357336
4148,D2,1.3460152616002823,1.395369766093791,2.741385027694073
21685,PL1,1.751542694529595,0.9608489196596988,2.712391614189294
22431,CH1,1.4217199735448707,1.2242594944773215,2.645979468022192
4504,I1,1.45264872481708,1.133138876116548,2.585787600933628
19336,B1,1.5831985439932823,1.1067642413042929,2.689962785297575
5123,SP1,1.6950711391256235,1.0436802528310454,2.7387513919566686
5520,SP2,1.6235841717989181,1.1196723555002766,2.7432565272991947
19045,N1,1.591348735684318,1.3305869313086809,2.921935666992999
5893,F1,2.2696882775303333,0.9022526739037963,3.1719409514341295
3067,SC0,1.237573312257158,1.4302396748374928,2.667812987094651
591,E0,1.6729382798983223,1.166814346584807,2.839752626483129
21017,JP1,1.6268112586352694,1.2440685362574666,2.870879794892736
21018,JP1,1.0100891679819268,1.7559471252840253,2.766036293265952
21019,JP1,1.6369778262895285,1.221691360768345,2.8586691870578735
19576,P1,1.805410047968234,1.0407802655915106,2.8461903135597444
21020,JP1,1.0064732583152232,1.56485292032162,2.571326178636843
21397,MX1,1.4975981811130288,1.0975258285245302,2.595124009637559
21398,MX1,1.5235272755143312,1.1087499214630072,2.6322771969773386
21399,MX1,1.1946915851543323,1.4595157812150064,2.654207366369339
19881,T1,1.434623649453671,1.0488366727807032,2.4834603222343743
21400,MX1,1.3743075823611821,1.2810608329428026,2.6553684153039847
19882,T1,1.1550246434996119,1.6099937517939886,2.7650183952936005
19046,N1,1.7353132843398964,1.103122149740012,2.8384354340799085
21686,PL1,1.2954461337134358,1.1400571302112648,2.4355032639247005
4505,I1,1.417587068786364,1.1366434427396195,2.554230511525984
22019,RO1,1.4010200919512872,1.1623827575375212,2.563402849488808
21401,MX1,1.6000486892593946,1.0221520093575496,2.622200698616944
4149,D2,1.6114109517549131,1.2199297164657283,2.8313406682206415
4150,D2,1.4437579470635464,1.1883860395792236,2.6321439866427703
4151,D2,1.6740509939640966,1.0786543653648142,2.752705359328911
19337,B1,1.9714970303340487,0.876753383380298,2.8482504137143465
1099,E1,1.6350941329805821,0.9467309009079756,2.581825033888558
5124,SP1,1.2949692993125332,1.2521944719284097,2.547163771240943
5521,SP2,1.5464320461550844,1.0440004233452793,2.5904324695003638
20132,G1,1.2662012494302932,1.3566677825942983,2.6228690320245915
20133,G1,1.1423071451825113,1.3445308560835503,2.4868380012660616
20801,DK1,1.6792937259387766,0.9970603619983729,2.6763540879371495
22432,CH1,1.372970014146674,1.4016265938218138,2.774596607968488
22590,CH2,1.4757435622958448,1.229601644966869,2.705345207262714
22591,CH2,1.8146112108893466,1.0237049402032998,2.8383161510926467
19047,N1,1.4247817638209679,1.257203427771544,2.6819851915925117
19048,N1,1.5200448653054552,1.1343734038188111,2.6544182691242666
20284,AT1,1.3145524059512328,1.2260784412595704,2.540630847210803
20285,AT1,1.5942307819612183,1.0966181790366498,2.690848960997868
21687,PL1,1.681715832625614,1.2155367510921073,2.897252583717721
4506,I1,1.4431748259657466,1.3128677568811273,2.7560425828468738
4889,I2,1.4682313519170789,1.1631893888136622,2.631420740730741
5894,F1,1.2345235492495954,1.319586761482047,2.5541103107316423
3842,D1,1.3681089876486998,1.1343484620745543,2.502457449723254
592,E0,1.253960544777415,1.4132196363676028,2.6671801811450178
593,E0,1.5745589161213143,0.9830505043745734,2.5576094204958877
594,E0,1.3752444569342699,1.2130806428844256,2.5883250998186957
19338,B1,1.1799919475712064,1.2828213931986796,2.462813340769886
19883,T1,1.9133078194606832,0.9072823006381595,2.8205901200988426
19884,T1,1.3712343953091466,1.1900197891030317,2.5612541844121783
20134,G1,1.128515941447561,1.5320872849922431,2.660603226439804
20802,DK1,1.25522878447294,1.5106397732578258,2.765868557730766
5125,SP1,2.385716166016897,0.8900512739982207,3.2757674400151178
5522,SP2,1.8606912771296384,1.029296322506755,2.8899875996363935
22433,CH1,1.5629663914993686,1.1871270001243392,2.750093391623708
22434,CH1,1.4285579195496891,1.34606659018348,2.774624509733169
19049,N1,1.4846969144213382,1.193996961582583,2.678693876003921
3068,SC0,1.0192948424130022,1.656873190422601,2.6761680328356032
3069,SC0,2.0035592048578477,1.0180567756210614,3.0216159804789093
20135,G1,1.4668015713872449,1.1773719176563375,2.6441734890435824
20286,AT1,1.4014124464098832,1.3910137350309035,2.7924261814407867
4890,I2,1.224097192843443,1.2741738255920496,2.4982710184354926
5895,F1,1.5201784790914583,1.039826161806507,2.560004640897965
5896,F1,1.5253368425542675,1.1048739828534255,2.6302108254076932
5897,F1,1.3064466460146702,1.3175750990175121,2.6240217450321826
3843,D1,1.2507079513087718,1.2733907284887467,2.5240986797975182
21688,PL1,1.269186879215617,1.3626937865929007,2.6318806658085174
4507,I1,1.6699718311155862,1.0612738324322248,2.731245663547811
20136,G1,1.607173206372036,1.1279359166917164,2.7351091230637525
20803,DK1,1.726816851357713,1.1020591421908195,2.8288759935485324
22020,RO1,1.0616678038804659,1.491017763526629,2.552685567407095
595,E0,1.2488168872676544,1.3617377624214377,2.6105546496890923
5126,SP1,1.6971143068045949,1.0367827495045372,2.7338970563091323
5523,SP2,1.608065094106162,1.051606934521981,2.659672028628143
19339,B1,1.3832384920059624,1.2522019087870662,2.6354404007930285
19340,B1,1.417655223450978,1.322267031169271,2.7399222546202493
3844,D1,1.2357798995845504,1.4710462252286693,2.7068261248132197
19050,N1,1.8030387784655555,1.0136220441592374,2.816660822624793
19577,P1,1.5483820584009804,1.17711504056107,2.7254970989620504
4508,I1,1.7129620007953301,0.9465343241648413,2.6594963249601715
5898,F1,1.3446013375826151,1.3470484533842622,2.6916497909668773
5127,SP1,1.4699434380153427,1.1177164198397433,2.587659857855086
5524,SP2,1.6325023410742372,1.0267942488910982,2.6592965899653356
19578,P1,1.74526526442863,1.0427084374937998,2.7879737019224295
21402,MX1,1.367245595853615,1.3105444264889243,2.6777900223425393
22021,RO1,1.2425619999117208,1.181516639223518,2.4240786391352387
19885,T1,1.7974186530870155,0.9537547502015926,2.7511734032886084
22022,RO1,1.9732540514291839,0.9810250753318197,2.9542791267610036
4509,I1,1.72010583342229,0.9751829331754399,2.69528876659773
20804,DK1,1.5885598830535246,1.1071984073706398,2.6957582904241644
21689,PL1,1.5790170975725197,1.0391565664765026,2.6181736640490225
5525,SP2,1.4215592324534623,1.0779148341271794,2.4994740665806416
4510,I1,1.6371254030788187,0.9909838618480283,2.628109264926847
12128,F2,1.4022628667487194,1.2605188446520275,2.662781711400747
5128,SP1,1.6004604410657415,1.1685232551200366,2.768983696185778
596,E0,1.2234403506444655,1.3821751768193604,2.6056155274638257
2199,E3,1.0913118744837143,1.3605033761351948,2.451815250618909
20823,IE1,2.1386860788537123,0.8971545540711955,3.035840632924908
19579,P1,1.5464967204138356,1.0265931056149658,2.5730898260288013
24293,CL,1.764104500277949,1.0714453249147908,2.83554982519274
1100,E1,1.295217555647414,1.184372532105301,2.479590087752715
1101,E1,1.300245810474698,1.329012300373276,2.6292581108479736
1102,E1,1.463063884407451,1.1049137730397054,2.5679776574471562
1103,E1,1.476704277068601,1.1637783810862228,2.6404826581548235
1104,E1,1.6721888417574724,0.9787211329591783,2.650909974716651
1105,E1,1.3592333484764028,1.0743576117614775,2.43359096023788
1106,E1,1.9903128370965215,0.9180769627689195,2.908389799865441
1645,E2,1.3134562293858532,1.1120979548714958,2.425554184257349
1646,E2,1.1899772459684896,1.399213952427286,2.589191198395776
1648,E2,1.4716609225194837,1.0740851473280606,2.545746069847544
2200,E3,1.607271363663297,0.9542514181740456,2.5615227818373425
2201,E3,1.388329039513641,1.3281044293158488,2.7164334688294898
2747,EC,1.3593183692290132,1.2842602873108475,2.6435786565398605
2748,EC,1.2282441184192732,1.6208363489441695,2.849080467363443
2749,EC,1.4699378294315888,1.152736371009955,2.6226742004415438
2750,EC,1.3744606669794617,1.4524831068173152,2.826943773796777
2751,EC,1.1264410322657752,1.5519869580669206,2.678427990332696
2752,EC,1.5323743009837685,1.0154985623698534,2.547872863353622
3070,SC0,1.3807037000330502,1.2268147502354547,2.607518450268505
3228,SC1,1.210008093001042,1.4737880091464748,2.6837961021475167
3229,SC1,1.4182920988728618,1.241933064333235,2.6602251632060967
3584,SC3,1.537564905059994,1.2052467889767284,2.7428116940367224
3585,SC3,1.5293727083618127,1.2088721827774271,2.7382448911392396
3586,SC3,1.5299908136819202,1.2077410609204178,2.7377318746023382
1107,E1,1.6909707950164339,1.034798213996322,2.725769009012756
24294,CL,2.015424924883812,0.9052946152776385,2.9207195401614507
24295,CL,1.8843773050672612,0.9751098232196527,2.859487128286914
24296,CL,2.1173581749372716,0.962481705862588,3.0798398807998595
5526,SP2,1.3128270120531813,1.4173862256418035,2.7302132376949846
24297,CL,1.3942236483051984,1.354387650018497,2.7486112983236954
1108,E1,1.3787708070932552,1.1756688503119093,2.5544396574051644
1109,E1,1.3620298043420314,1.182549321861931,2.5445791262039625
1110,E1,1.8158882641474017,0.8700429089541223,2.685931173101524
2753,EC,1.2786431018822855,1.3262929041454345,2.60493600602772
2754,EC,1.4377582090033032,1.1318725651613712,2.5696307741646747
2755,EC,1.4326660753794804,1.208707547548212,2.6413736229276923
2756,EC,1.4549947287889728,1.0989855439183547,2.5539802727073275
2757,EC,1.3386945103320995,1.319294582193246,2.6579890925253453
1111,E1,1.6211829127432162,0.8810735541390811,2.5022564668822973
24298,CL,1.4126269520194878,1.347849728927677,2.760476680947165
24299,CL,2.542618108856716,0.7907177377983722,3.333335846655088
24300,CL,1.847915746415497,0.9645393756056839,2.8124551220211806
20332,BR1,1.3282180847770901,1.6590741842873713,2.9872922690644614
20333,BR1,2.328519827411749,0.8601593688898312,3.18867919630158
20334,BR1,1.585818636801576,1.2918826683812736,2.8777013051828497
20335,BR1,1.5088896522861197,1.3170208289037324,2.825910481189852
20336,BR1,1.448418819421245,1.2925338542315652,2.74095267365281
24962,EL,1.409933643428279,1.2533722549479438,2.6633058983762226
24963,EL,1.3935319589073711,1.3468754813480552,2.740407440255426
24964,EL,1.4890049041831506,1.1348234558624655,2.623828360045616
24965,EL,1.7852178378301535,1.1299913324121578,2.9152091702423113
25628,ECL,1.6545015238475693,0.9966033463572964,2.6511048702048656
25629,ECL,1.3037122474243468,1.3105094432925355,2.6142216907168825
25630,ECL,2.2335786571555802,0.7691231045728422,3.0027017617284226
25631,ECL,1.8735656379409513,0.8648993698013688,2.7384650077423203
24966,EL,1.739908457924955,1.1376363543244645,2.8775448122494196
24967,EL,1.2477847132848172,1.4294075335151688,2.677192246799986
24968,EL,1.610146480020795,1.1093815179537017,2.7195279979744966
24969,EL,1.5129154860168417,1.3894479012377765,2.902363387254618
25632,ECL,1.769207588562284,1.0708464533026145,2.8400540418648985
25633,ECL,1.8129041189539454,1.0150828345019194,2.8279869534558646
25634,ECL,1.6230007808905225,1.1134333848726248,2.7364341657631472
25635,ECL,1.9734281546337693,1.022173784174046,2.9956019388078152
20337,BR1,1.5611936132659758,1.3119808479441297,2.8731744612101053
21021,JP1,1.3823961604325108,1.409593676787477,2.7919898372199876
21022,JP1,1.4201460987799295,1.1878244849845014,2.607970583764431
21023,JP1,1.5529169414170512,1.3176992261333877,2.870616167550439
20338,BR1,1.1810345978098613,1.3911840603077799,2.572218658117641
22023,RO1,1.2598170570543663,1.3600897624715855,2.619906819525952
22183,RU1,1.7516196330302811,0.9943825417773418,2.746002174807623
19886,T1,1.8405355564023786,0.9668837896126777,2.8074193460150565
19887,T1,1.6734842759635222,1.091991174061618,2.76547545002514
21690,PL1,1.4942620210254198,1.1580658041693503,2.65232782519477
22024,RO1,1.466205988285655,1.2371122587283825,2.7033182470140376
4152,D2,1.4260755230400954,1.2159826430479266,2.642058166088022
4153,D2,1.3113134781205562,1.3197642681026833,2.6310777462232395
4891,I2,1.7510961081324994,0.9829587995983539,2.734054907730853
22592,CH2,1.3432921066505747,1.2816345962242917,2.624926702874866
12129,F2,1.368846526289091,1.211471366545995,2.580317892835086
12130,F2,1.372052369104166,1.0482428533798782,2.420295222484044
12131,F2,1.378223357967314,1.282505558254427,2.660728916221741
12132,F2,1.3874926105790455,1.3589809713293979,2.746473581908443
12133,F2,1.3295577211016507,1.1898795134689515,2.519437234570602
19051,N1,1.322470604147284,1.3340468541740538,2.656517458321338
22593,CH2,1.526490909845928,1.1841931011113311,2.710684010957259
3845,D1,1.5436565507926445,1.08754044085249,2.6311969916451345
5527,SP2,1.275721006516277,1.2889806100612593,2.564701616577536
21691,PL1,1.2021085409009151,1.4370144695784266,2.6391230104793415
4511,I1,1.4166512721770863,1.114585742490418,2.5312370146675045
5899,F1,1.444542589699642,1.2542293551856787,2.698771944885321
19341,B1,1.248160307496135,1.0875872174769692,2.335747524973104
19580,P1,1.5081161397026324,1.244270742206151,2.7523868819087833
4892,I2,1.4868877168992214,1.0556794469012747,2.542567163800496
5129,SP1,1.2337863063725978,1.4095086901831482,2.643294996555746
21024,JP1,1.7623644153613367,0.9478433399622483,2.710207755323585
2202,E3,1.3892274949434866,1.1657288473043907,2.5549563422478774
20824,IE1,1.1728031844432538,1.6402855395784535,2.813088724021707
20825,IE1,1.4951304303890116,0.9540742228397069,2.4492046532287186
20826,IE1,1.7436578597215053,0.9364371588107605,2.680095018532266
20827,IE1,2.310606284504026,0.8041328715644566,3.1147391560684827
597,E0,1.2138012787051753,1.3705411726502812,2.5843424513554565
1112,E1,1.4547296980772748,1.1209407775687,2.5756704756459747
20828,IE1,1.5232207621238025,1.1285585173999628,2.6517792795237654
21025,JP1,1.7598802878370081,1.0645994043241007,2.824479692161109
19581,P1,1.9227283186160036,1.1095815003213654,3.032309818937369
21026,JP1,1.5911192843012378,1.3957621848821162,2.986881469183354
21027,JP1,2.0837881113317893,0.9470052484567516,3.030793359788541
21028,JP1,1.7925391236305899,0.87162373590233,2.6641628595329196
22184,RU1,1.4282275499428083,1.088817496219962,2.51704504616277
21404,MX1,1.2186930028508456,1.2891621337868246,2.5078551366376702
21405,MX1,1.2183700780230908,1.2879742972986707,2.5063443753217616
19888,T1,1.3024589162373177,1.2221642225180167,2.5246231387553344
22185,RU1,1.7304909774855084,1.0606207580013787,2.7911117354868873
21406,MX1,1.404388507165909,1.247018737182478,2.6514072443483867
21407,MX1,1.4734053980734123,1.164511536080167,2.637916934153579
19889,T1,1.2442413612588024,1.4779049458104825,2.722146307069285
4154,D2,1.2878084052190295,1.403146351862191,2.6909547570812204
4155,D2,1.36217851915884,1.3290928945742488,2.691271413733089
4156,D2,1.3429590379555085,1.3255048160866727,2.668463854042181
22025,RO1,1.9279426259300538,0.9300005881172038,2.857943214047258
22186,RU1,1.5905512591543567,1.0632690690524853,2.6538203282068418
5130,SP1,1.4874444738887638,1.255182331563592,2.742626805452356
12134,F2,1.7594407113874309,0.9578696521077517,2.7173103634951827
12135,F2,1.5336814204334563,1.0813405866750765,2.615022007108533
598,E0,1.5440879200264177,1.1412250536465334,2.685312973672951
1113,E1,1.3421998931003676,1.1575840060796214,2.499783899179989
1114,E1,1.1948278627113817,1.3740789209587037,2.5689067836700854
1115,E1,1.5422371611048007,1.0479206511696089,2.5901578122744096
1649,E2,1.438149484152336,1.1984415591203395,2.6365910432726753
1650,E2,1.267282252758694,1.3617582646407398,2.629040517399434
2203,E3,1.4373438671184846,1.1278128488654093,2.565156715983894
2204,E3,1.2055545669513679,1.0861966644448124,2.29175123139618
2205,E3,1.562960362693276,1.114986244460791,2.677946607154067
21692,PL1,1.6146235175173733,1.0970320668061706,2.7116555843235437
4512,I1,2.0215090365234127,0.8139897206419554,2.835498757165368
4893,I2,1.0957145454902222,1.6828499739335547,2.778564519423777
4894,I2,1.3367943970521938,1.2501542089130437,2.5869486059652376
4895,I2,1.3839709956516222,1.201195249135104,2.585166244786726
20137,G1,1.353886036910471,1.148326224812716,2.5022122617231872
3846,D1,1.4259743098163948,1.0932696804622826,2.519243990278677
3847,D1,1.8335499048306279,0.9651944408951479,2.7987443457257757
3848,D1,1.8349618375585,0.9651387541279464,2.800100591686446
3849,D1,1.5281370320529586,1.108254675897396,2.6363917079503545
22187,RU1,1.4917953024763912,1.0078859268049485,2.4996812292813395
19342,B1,1.5318670177481954,1.138302713438073,2.6701697311862684
19890,T1,1.8481921077842156,0.988580022586253,2.8367721303704685
19891,T1,1.3310962974596512,1.215223759289815,2.546320056749466
5131,SP1,2.4435894817887354,0.8684996080206674,3.312089089809403
5528,SP2,1.3674945457965137,1.0818175608392142,2.4493121066357277
19052,N1,1.3396284827949039,1.294062302753907,2.633690785548811
599,E0,1.1890192075620591,1.3241028919015567,2.513122099463616
600,E0,1.7280736546488833,0.9609295596575488,2.689003214306432
601,E0,1.609952512072554,1.0795876811597103,2.689540193232264
1116,E1,1.4429672770689188,1.1896411270448584,2.6326084041137774
1117,E1,1.0058418953097692,1.5682443633587106,2.57408625866848
1118,E1,1.4539399089260743,1.2309653118481854,2.68490522077426
1119,E1,1.0513110825484766,1.2821552970989603,2.3334663796474366
1120,E1,1.270735769916037,1.2635969118885484,2.5343326818045853
1121,E1,1.1734387458599573,1.2850371949095336,2.4584759407694907
1122,E1,1.2338638393687154,1.2391796682378076,2.4730435076065227
1651,E2,1.291202492611237,1.3128730532412975,2.6040755458525346
1652,E2,1.2077355699434542,1.2785529578383106,2.486288527781765
1653,E2,1.0894141541673386,1.327451411060761,2.4168655652280995
1654,E2,1.6441593860586254,1.0012214587910766,2.645380844849702
1655,E2,1.4598995983945042,0.9892618171456626,2.449161415540167
1656,E2,1.3287559937542293,1.167780513190607,2.496536506944836
1657,E2,1.1612053336164523,1.5998565185056366,2.761061852122089
1658,E2,1.2490734936535264,1.2294606800873655,2.4785341737408917
1659,E2,1.3314684354431552,1.3362652871518004,2.6677337225949556
1660,E2,1.5828492342313834,1.010910744072485,2.5937599783038685
2206,E3,1.348763765955526,1.2734418562053962,2.622205622160922
2207,E3,1.5818454415570513,1.012146123482033,2.5939915650390843
2208,E3,1.5528810205894152,1.1891471766139545,2.7420281972033695
2209,E3,1.3056414654521789,1.0752189144576179,2.3808603799097967
2210,E3,1.3595715031599458,1.1733213878486146,2.5328928910085606
2211,E3,1.2979874224811039,1.2727542984447626,2.5707417209258665
2212,E3,1.648756136674505,0.9303578657182671,2.579114002392772
2213,E3,1.2200339179226065,1.3239904757202867,2.5440243936428932
2759,EC,1.3751512708214615,1.2242665539399398,2.5994178247614013
2760,EC,1.4126290790321208,1.1509565479420085,2.5635856269741293
2761,EC,1.4521250738938405,1.3272612887347734,2.779386362628614
2762,EC,1.086721063202498,1.6601281144985103,2.7468491777010082
2763,EC,1.3686637877506669,1.1610891780944157,2.5297529658450824
2764,EC,1.4037401332368613,1.3070219864839083,2.7107621197207696
2765,EC,1.4665473396232171,1.3109583321575362,2.7775056717807534
2766,EC,1.1020343981882534,1.4327707940240055,2.534805192212259
3071,SC0,1.4895509337431585,1.104547675372574,2.5940986091157328
3072,SC0,1.686098074223437,1.0003312832935696,2.6864293575170066
3073,SC0,1.5706761737180037,1.0562212262403543,2.626897399958358
3074,SC0,1.2656373271154275,1.2123921953229388,2.4780295224383666
3075,SC0,2.0323943836661575,0.7930607791431138,2.8254551628092712
3230,SC1,1.4985306742307243,1.073318802770188,2.5718494770009124
3231,SC1,1.3893724132035796,1.2269828265433804,2.61635523974696
3232,SC1,1.8239564785245144,0.9771967878387178,2.801153266363232
3233,SC1,1.427932654858434,1.106496521216184,2.534429176074618
3234,SC1,1.5789677014421533,1.0592031459127782,2.6381708473549317
3409,SC2,1.5381786785177916,1.204139533365264,2.7423182118830556
3410,SC2,1.5293651093653882,1.208892737620394,2.738257846985782
3411,SC2,1.5375572653589897,1.2052672821759571,2.742824547534947
3412,SC2,1.5299908136819202,1.2077410609204178,2.7377318746023382
3413,SC2,1.5293651093653882,1.208892737620394,2.738257846985782
3587,SC3,1.5293651093653882,1.208892737620394,2.738257846985782
3588,SC3,1.5293651093653882,1.208892737620394,2.738257846985782
3589,SC3,1.5293651093653882,1.208892737620394,2.738257846985782
3590,SC3,1.5375572653589897,1.2052672821759571,2.742824547534947
3591,SC3,1.5375572653589897,1.2052672821759571,2.742824547534947
5900,F1,1.4280141123475258,1.2022245026319782,2.630238614979504
4896,I2,1.5532595653891208,1.0086638734718845,2.5619234388610055
19582,P1,1.2138092339952855,1.2411611550952515,2.454970389090537
20138,G1,1.6071719964476772,0.9598203373826649,2.566992333830342
21693,PL1,1.4335039070049806,1.1473801688041494,2.58088407580913
4513,I1,1.160638002268927,1.3803215460469138,2.5409595483158407
20139,G1,1.5046293672454087,1.2229071201115933,2.727536487357002
22026,RO1,1.3985236614451033,1.1920347509805513,2.5905584124256547
22435,CH1,1.5337266589756073,1.0934684340644745,2.627195093040082
22436,CH1,1.534637866637053,1.214502037641379,2.749139904278432
22594,CH2,1.6683903193073826,1.0487548648112495,2.717145184118632
19343,B1,1.2785352767527134,1.3545065948708612,2.6330418716235746
3850,D1,1.25784804222119,1.869741228689293,3.127589270910483
5132,SP1,1.3574323481123862,1.3076214251211913,2.6650537732335775
5529,SP2,1.3286508541088555,1.3101613433866879,2.638812197495543
5530,SP2,1.2996214518168208,1.1862637089268158,2.4858851607436367
19053,N1,1.1355638073130951,1.6970464068270432,2.8326102141401384
5901,F1,1.5394520605834803,1.084255140204363,2.6237072007878433
602,E0,1.2182709279983321,1.4514270042542705,2.6696979322526024
2767,EC,1.198323081430161,1.5184856795136341,2.7168087609437954
4897,I2,1.4220367576263937,1.2540863885449838,2.6761231461713777
12136,F2,1.4191515359323275,1.260026608467933,2.6791781444002605
19583,P1,1.2238072133531737,1.490757630072843,2.7145648434260163
21694,PL1,1.3283584038297915,1.26740047526355,2.5957588790933412
4157,D2,1.3200480440818485,1.25440372514212,2.574451769223969
22437,CH1,1.5068461625488243,1.169950839479498,2.676797002028322
4514,I1,2.1449752962080733,0.963697622259821,3.108672918467894
19344,B1,1.6002197451676332,1.1159048805030525,2.7161246256706857
5133,SP1,1.2534419312002372,1.439686920482057,2.693128851682294
5531,SP2,1.541452142848364,1.1293342799164372,2.6707864227648015
19054,N1,1.8413927132427388,1.0016539599881935,2.8430466732309325
5902,F1,1.140814972434357,1.6588711434673509,2.799686115901708
21029,JP1,1.2126182495832178,1.3442586819373592,2.556876931520577
19584,P1,1.643324178200207,0.9629671480992502,2.6062913262994574
21030,JP1,1.4186149898102356,1.3218578486484476,2.7404728384586834
21408,MX1,1.4546547460576775,1.1011798162111543,2.555834562268832
21409,MX1,1.5588605799276578,1.1619093596682628,2.720769939595921
21410,MX1,1.4750813147844872,1.2017116483132317,2.6767929630977187
21411,MX1,1.6581558976375381,1.0945794970612117,2.7527353946987496
22188,RU1,1.8736603429986465,0.8678593507687519,2.7415196937673985
21412,MX1,1.4775300830605018,1.2050995514183005,2.6826296344788023
19892,T1,1.339303675199219,1.1487054477863057,2.488009122985525
19055,N1,1.3622718045743616,1.411103772420541,2.7733755769949027
21695,PL1,1.313520230843611,1.3026825865475604,2.616202817391171
4515,I1,1.1259430105264787,1.4482240535756628,2.5741670641021415
22189,RU1,1.2423225732137655,1.4174151961489767,2.659737769362742
4158,D2,1.3988690718464585,1.2668868662476824,2.665755938094141
4159,D2,1.5594347274721196,1.1776901451474822,2.737124872619602
4160,D2,1.8069111977611652,1.0214962693696945,2.8284074671308597
19345,B1,1.8897863780888986,1.0211466588114257,2.9109330369003246
22027,RO1,1.4912480808693336,0.9866337598748082,2.477881840744142
3076,SC0,1.5730894961620445,1.3871306464927167,2.9602201426547614
5134,SP1,1.6999267135272063,1.0911942928251877,2.7911210063523937
5532,SP2,1.292386204412989,1.289996416652422,2.582382621065411
20140,G1,0.9143578081706466,1.8301544772769829,2.7445122854476294
22438,CH1,1.3441517114114099,1.3564521272943526,2.7006038387057627
22595,CH2,1.856475163149201,0.9741069667475605,2.8305821298967615
22596,CH2,1.3463795467801467,1.2545377452499817,2.6009172920301284
19056,N1,1.2922146777868821,1.3085822103751195,2.6007968881620016
19057,N1,1.534150013870558,1.342602705808727,2.876752719679285
21696,PL1,1.655018364147415,1.1878156250287544,2.842833989176169
4516,I1,1.333800605668026,1.2391997849031335,2.57300039057116
4898,I2,1.3743063030229383,1.3249099816885739,2.699216284711512
4899,I2,1.4300679418673974,1.178643361101252,2.6087113029686493
5903,F1,1.455861602602377,1.1954622006970064,2.651323803299383
22190,RU1,1.389496456717865,1.266003740860153,2.655500197578018
3851,D1,2.0114186882327143,0.9934140455792753,3.0048327338119893
20141,G1,1.3268229793642246,1.3441757284453575,2.670998707809582
603,E0,1.546201480453441,1.0967953067037217,2.6429967871571627
604,E0,1.5582931614537152,1.061808802789173,2.620101964242888
605,E0,1.4508047081221689,1.1815724144400228,2.6323771225621915
19346,B1,1.3073152698931116,1.4162957502337847,2.7236110201268966
19893,T1,1.179377078765881,1.4104389489599463,2.5898160277258273
19894,T1,1.5376227868329908,1.0953466061971493,2.63296939303014
22028,RO1,1.8561050314168617,0.9446813499765264,2.800786381393388
5135,SP1,1.601299108286054,0.9824194066412782,2.583718514927332
5533,SP2,1.241267035201845,1.1724889953815532,2.4137560305833983
5534,SP2,1.4541958481879385,1.218219909300409,2.6724157574883476
22439,CH1,1.759136691182084,1.1351483545004482,2.8942850456825324
22440,CH1,1.39745584704363,1.3046215540885895,2.7020774011322195
19058,N1,1.3114029845545125,1.2993344559303837,2.610737440484896
20142,G1,1.81116343597721,0.9595158841436504,2.7706793201208604
20287,AT1,1.4656227047761559,1.1160017418045656,2.5816244465807214
20288,AT1,1.4212459473129015,1.2406734619565332,2.6619194092694345
20289,AT1,1.4232398394393906,1.2222058592545328,2.6454456986939237
20290,AT1,1.9590269680578356,0.9216339191955447,2.8806608872533803
20291,AT1,1.36346520679669,1.1980534399565839,2.5615186467532736
20292,AT1,1.3378317316744934,1.261915547447347,2.59974727912184
20805,DK1,1.358026599607358,1.215295631111716,2.573322230719074
20806,DK1,1.2577269905442976,1.529997119110397,2.7877241096546945
20807,DK1,1.187857035037809,1.5513322601960946,2.7391892952339036
20808,DK1,1.4062972520265773,1.3088448187436916,2.715142070770269
20809,DK1,1.9891277859316288,1.0357285081171563,3.024856294048785
20810,DK1,1.478070449114974,1.2045683546204995,2.6826388037354736
4900,I2,1.5803035007805022,1.0760048210285742,2.6563083218090764
5904,F1,1.572573155331532,1.0117887239408383,2.5843618792723704
5905,F1,1.3700521452373338,1.0812564381671452,2.451308583404479
5906,F1,1.640870724023288,0.9685776717479215,2.6094483957712096
3852,D1,1.5286161995288525,1.078383386816711,2.6069995863455633
19585,P1,1.272614603929222,1.173828484082379,2.446443088011601
21697,PL1,1.5721398513002867,1.2082196553903408,2.7803595066906275
4517,I1,1.3951037306178837,1.1805493156490243,2.575653046266908
20143,G1,1.6699700193287645,1.0552591000262876,2.725229119355052
606,E0,1.4642697755625023,1.3357781517979352,2.8000479273604375
5136,SP1,1.4435310639995869,1.2680150425376613,2.711546106537248
5535,SP2,1.2672711207176033,1.3559422668067411,2.6232133875243444
19347,B1,1.344180281540563,1.5320527173987897,2.8762329989393525
22029,RO1,1.237972463682959,1.540234889060224,2.778207352743183
19348,B1,1.354589483229561,1.2189879536796315,2.5735774369091926
3853,D1,1.3698376850237535,1.4520505618224429,2.8218882468461963
19059,N1,1.4260095460965347,1.2415549551255882,2.667564501222123
19586,P1,1.2195386322228159,1.202209562816145,2.421748195038961
4518,I1,1.459327897318647,1.2796097065891057,2.7389376039077526
5907,F1,1.5690702353936592,1.2511217432282975,2.8201919786219567
5137,SP1,1.439885735240042,1.2961635930760538,2.7360493283160956
5536,SP2,1.3767607548401863,1.1271698682842357,2.503930623124422
19587,P1,1.218547375814215,1.3694976277968145,2.5880450036110294
22030,RO1,1.12619667641967,1.3534179879353743,2.4796146643550445
4519,I1,1.2100738667756241,1.2876134665482981,2.4976873333239222
21698,PL1,1.2629502183679024,1.1478158870856274,2.41076610545353
5537,SP2,1.3482715624079251,1.3838402068209783,2.7321117692289034
4520,I1,1.2458495378052876,1.2868040233730347,2.5326535611783223
12137,F2,1.2825312717543877,1.374172694727753,2.656703966482141
5138,SP1,1.9832638815305226,0.8960359358218969,2.8792998173524196
20829,IE1,1.2464282991284719,1.2313956875033008,2.4778239866317726
1123,E1,1.2567086016454798,1.4531654500312996,2.7098740516767794
19588,P1,1.3529604563765447,1.4033061420430404,2.756266598419585
4901,I2,1.435094362391801,1.1944731829677127,2.6295675453595138
4902,I2,1.4472067172190488,1.257972735022773,2.705179452241822
4903,I2,2.0222078710613105,1.0062055734563689,3.028413444517679
4904,I2,1.2332803927798304,1.162430920170457,2.3957113129502874
4905,I2,1.2465319256775986,1.2405468417671799,2.4870787674447783
22441,CH1,1.2401900475410084,1.3450867061040424,2.5852767536450507
607,E0,1.3823385528667984,1.2236938067280168,2.606032359594815
608,E0,1.3091090787800084,1.1941340195178753,2.503243098297884
609,E0,1.4812043752233603,1.040616465300738,2.5218208405240983
1124,E1,1.62437639016403,1.1018426905007936,2.7262190806648237
1661,E2,1.1521473202906285,1.2943717369525873,2.446519057243216
1662,E2,1.3065197571259137,1.334121039803951,2.6406407969298646
1663,E2,1.6264657005332726,1.0187289083937492,2.6451946089270217
2214,E3,1.2097913746889852,1.2392713934415995,2.4490627681305845
2215,E3,1.16232338297534,1.2673341896518688,2.429657572627209
2216,E3,1.2649260621045586,1.270636362254867,2.5355624243594255
2217,E3,1.5152591337851922,1.1802913939306183,2.6955505277158105
2768,EC,1.7730061309439216,0.8487992574851567,2.6218053884290784
2769,EC,1.3842797860183629,1.279634723238085,2.663914509256448
2770,EC,1.4808102257817475,1.0613090061311619,2.5421192319129093
2771,EC,1.55204580065148,1.0458016162595603,2.59784741691104
2772,EC,1.5500921498826048,1.1308272963643426,2.6809194462469472
2773,EC,1.5300690938858774,1.0017548969637686,2.531823990849646
2774,EC,1.560801410860141,1.3165643266085683,2.8773657374687094
3077,SC0,1.1457581669281114,1.2024112012729666,2.348169368201078
3235,SC1,1.467941913768001,1.0592540840737197,2.5271959978417207
3236,SC1,1.5741331517941914,1.105943595020789,2.68007674681498
3414,SC2,1.5375572653589897,1.2052672821759571,2.742824547534947
3592,SC3,1.5299832116143148,1.2077615965305557,2.7377448081448703
3415,SC2,1.5375572653589897,1.2052672821759571,2.742824547534947
610,E0,1.1415508615145127,1.4806750772821753,2.6222259387966877
21413,MX1,1.4408572321369222,1.2028725822192081,2.6437298143561305
21414,MX1,1.3543659229209337,1.2605280531989131,2.6148939761198466
21415,MX1,1.2242709805884957,1.4612606983533725,2.685531678941868
21416,MX1,1.5162726817376104,1.0404658787430783,2.5567385604806887
20144,G1,1.4681641608502074,1.145997100907511,2.6141612617577183
20145,G1,1.2360305786006625,1.453787596581904,2.6898181751825665
4906,I2,1.421504457280435,1.1519789121736996,2.5734833694541344
5139,SP1,1.7790043861446985,0.9996121236496018,2.7786165097943005
4907,I2,1.318777572304398,1.2085192066954695,2.5272967789998675
4908,I2,1.3689400366911635,1.1864786199480595,2.555418656639223
4909,I2,1.5166039302264003,1.0969536440973449,2.613557574323745
4910,I2,1.6681889750897883,1.0969980199530358,2.765186995042824
3854,D1,1.2906530897985227,1.440125930934863,2.7307790207333857
22442,CH1,1.5223234902239282,1.3508705902949663,2.8731940805188945
22443,CH1,1.6479053218642012,1.0907754951083741,2.7386808169725754
22444,CH1,1.3720613033152105,1.3134640840888276,2.685525387404038
611,E0,1.5395505863256438,1.063703180002945,2.6032537663285886
612,E0,1.7470165005035028,1.0579434268554742,2.804959927358977
613,E0,1.4048141182627158,1.2850440168104305,2.6898581350731465
614,E0,1.4181573118227713,1.3976695456316794,2.815826857454451
3078,SC0,1.0446346903691937,1.6656449035161323,2.7102795938853257
615,E0,1.4821911777608459,1.242028853404467,2.724220031165313
21417,MX1,1.8759662923573126,0.8863722988407593,2.762338591198072
21418,MX1,1.203376796705396,1.4297411914029132,2.6331179881083093
21419,MX1,1.578930084347639,1.1090637232735696,2.6879938076212087
21420,MX1,1.5048085797505217,1.1739503039906676,2.6787588837411893
22445,CH1,1.572081188111114,1.1815413389358804,2.7536225270469945
22446,CH1,1.464006385688914,1.2233256518543754,2.6873320375432894
616,E0,1.3489358274902659,1.2293836400786546,2.5783194675689205
