fixture_id,rest_delta,congestion_flag,motivation_score
326,,0,0.3
327,,0,0.8
328,,0,-0.4
329,,0,-0.4
330,,0,0.0
331,,0,-0.4
332,,0,0.0
333,,0,0.3
334,,0,-0.5
335,,0,0.0
336,,0,0.10000000000000003
337,,0,0.8
338,,0,-0.8
339,,0,0.4
340,,0,-0.4
341,,0,0.8
342,,0,0.0
343,,0,0.0
344,,0,-0.3
345,,0,-0.3
346,-1.0,0,0.3
347,2.0,0,0.4
348,-2.0,0,-0.10000000000000003
349,0.0,0,0.0
350,1.0,0,0.0
351,-3.0,0,0.0
352,0.0,0,-0.4
353,0.0,0,-0.8
354,1.0,0,-0.5
355,1.0,0,0.8
356,1.0,0,0.8
357,-1.0,0,0.0
358,-1.0,0,-0.8
359,-1.0,0,0.0
360,-3.0,0,-0.4
361,1.0,0,0.0
362,0.0,0,0.4
363,-1.0,0,-0.3
364,2.0,0,0.10000000000000003
365,1.0,0,0.5
366,-1.0,0,0.3
367,14.0,0,0.0
368,14.0,0,0.4
369,-1.0,0,0.4
370,-13.0,0,0.4
371,15.0,0,0.0
372,-14.0,0,0.0
373,14.0,0,-0.8
374,-14.0,0,0.0
375,-13.0,0,0.0
376,1.0,0,-0.3
377,14.0,0,0.3
378,-1.0,0,0.0
379,1.0,0,-0.3
380,-16.0,0,0.4
381,13.0,0,0.0
382,14.0,0,-0.4
383,-2.0,0,0.8
384,-13.0,0,-0.8
385,-13.0,0,-0.4
386,7.0,0,0.0
387,-7.0,0,0.0
388,7.0,0,0.3
389,8.0,0,0.4
390,0.0,0,0.0
391,7.0,0,0.4
392,0.0,0,0.4
393,-8.0,0,0.0
394,-9.0,0,0.0
395,-6.0,0,-0.8
396,-7.0,0,-0.3
397,1.0,0,0.0
398,0.0,0,0.0
399,0.0,0,0.4
400,7.0,0,-0.4
401,-7.0,0,0.8
402,7.0,0,-0.8
403,-7.0,0,-0.8
404,7.0,0,0.0
405,0.0,0,0.4
406,0.0,0,-0.4
407,-1.0,0,0.0
408,-1.0,0,0.3
409,1.0,0,0.3
410,-1.0,0,-0.3
411,1.0,0,0.0
412,1.0,0,0.0
413,0.0,0,0.0
414,1.0,0,0.8
415,-1.0,0,0.0
416,-1.0,0,-0.4
417,0.0,0,0.0
418,3.0,0,0.0
419,1.0,0,-0.3
420,1.0,0,-0.4
421,-1.0,0,-0.3
422,0.0,0,-0.5
423,-3.0,0,0.4
424,0.0,0,0.8
425,0.0,0,0.0
426,0.0,0,-0.3
427,-2.0,0,0.0
428,-7.0,0,0.0
429,-3.0,0,-0.8
430,7.0,0,-0.10000000000000003
431,-7.0,0,0.0
432,8.0,0,0.8
433,7.0,0,0.0
434,0.0,0,0.0
435,-7.0,0,0.5
436,0.0,0,0.10000000000000003
437,-7.0,0,0.3
438,0.0,0,0.0
439,-1.0,0,-0.4
440,-7.0,0,0.0
441,0.0,0,0.4
442,1.0,0,-0.8
443,8.0,0,-0.8
444,0.0,0,0.8
445,9.0,0,0.3
446,-1.0,0,-0.4
447,-1.0,0,0.8
448,0.0,0,0.0
449,1.0,0,0.0
450,0.0,0,0.0
451,-1.0,0,-0.3
452,0.0,0,0.0
453,0.0,0,0.4
454,1.0,0,0.10000000000000003
455,0.0,0,-0.5
456,0.0,0,-0.8
457,3.0,0,0.0
458,1.0,0,0.0
459,0.0,0,0.4
460,1.0,0,-0.8
461,0.0,0,0.4
462,-1.0,0,0.8
463,0.0,0,0.3
464,-1.0,0,-0.3
465,-2.0,0,-0.10000000000000003
466,0.0,1,0.0
467,4.0,1,0.0
468,1.0,1,-0.3
469,5.0,1,0.8
470,-4.0,1,-0.4
471,4.0,1,0.0
472,-4.0,1,-0.3
473,1.0,0,-0.4
474,1.0,0,0.0
475,-3.0,1,0.10000000000000003
476,2.0,1,0.3
477,-4.0,1,0.3
478,-4.0,1,0.4
479,-3.0,1,0.4
480,2.0,1,0.0
481,0.0,0,0.0
482,3.0,0,-0.8
483,3.0,1,-0.4
484,0.0,0,0.0
485,-5.0,0,0.3
486,0.0,0,-0.3
487,-1.0,0,0.0
488,1.0,0,0.4
489,0.0,0,-0.4
490,-3.0,0,0.4
491,0.0,0,-0.3
492,0.0,0,-0.8
493,1.0,0,0.0
494,3.0,0,0.5
495,-1.0,0,0.0
496,-1.0,0,0.3
497,0.0,0,-0.8
498,1.0,0,0.0
499,0.0,0,0.4
500,-1.0,0,0.8
501,-1.0,0,0.4
502,1.0,0,-0.10000000000000003
503,1.0,0,-0.5
504,1.0,0,0.0
505,0.0,0,0.0
506,0.0,0,0.3
507,0.0,0,0.4
508,0.0,0,0.4
509,0.0,0,0.0
510,0.0,0,0.0
511,1.0,0,-0.10000000000000003
512,-1.0,0,0.0
513,1.0,0,0.3
514,1.0,0,0.0
515,-1.0,0,-0.8
516,1.0,1,0.8
517,0.0,1,-0.4
518,0.0,1,0.0
519,1.0,1,-0.8
520,1.0,1,-0.3
521,1.0,0,0.0
522,-1.0,0,0.0
523,-1.0,0,0.0
524,-2.0,1,-0.3
525,0.0,0,0.5
526,4.0,1,0.4
527,-5.0,1,0.8
528,0.0,1,-0.3
529,-1.0,1,0.0
530,-1.0,1,-0.8
531,-4.0,1,-0.4
532,2.0,1,0.0
533,5.0,1,0.10000000000000003
534,-3.0,1,0.0
535,4.0,1,0.5
536,2.0,0,-0.5
537,1.0,0,-0.10000000000000003
538,-2.0,0,0.0
539,4.0,0,0.3
540,-1.0,0,-0.4
541,2.0,0,0.0
542,3.0,0,-0.8
543,-4.0,0,0.4
544,-3.0,0,0.8
545,-4.0,0,0.0
546,1.0,0,0.4
547,0.0,0,0.4
548,0.0,0,0.0
549,0.0,0,0.4
550,1.0,0,-0.3
551,-1.0,0,0.0
552,0.0,0,-0.3
553,0.0,0,-0.8
554,-1.0,0,0.5
555,1.0,0,0.0
556,1.0,0,-0.8
557,-1.0,0,0.0
558,2.0,0,0.4
559,0.0,0,-0.10000000000000003
560,1.0,0,0.3
561,1.0,0,0.3
562,0.0,0,0.0
563,-1.0,0,0.8
564,0.0,0,-0.8
565,0.0,0,-0.4
566,-6.0,0,0.0
567,-8.0,0,0.3
568,-6.0,0,0.10000000000000003
569,0.0,0,-0.8
570,-2.0,0,0.8
571,7.0,0,0.0
572,8.0,0,0.0
573,7.0,0,0.0
574,0.0,0,0.0
575,0.0,0,-0.5
576,-4.0,0,0.3
577,0.0,0,0.0
578,4.0,0,0.0
579,1.0,0,0.10000000000000003
580,8.0,0,0.8
581,-8.0,0,0.8
582,-8.0,0,-0.4
583,9.0,0,-0.4
584,-9.0,0,-0.3
585,6.0,0,-0.8
586,5.0,0,-0.4
706,,0,-0.3
707,,0,0.0
708,,0,0.5
709,,0,-0.3
710,,0,0.4
711,,0,0.4
712,,0,-0.3
713,,0,-0.8
714,,0,0.8
715,,0,-0.3
716,,0,0.0
717,,0,-0.4
718,,0,0.0
719,,0,-0.5
720,,0,-0.10000000000000003
721,,0,0.0
722,,0,0.0
723,,0,0.0
724,,0,0.0
725,,0,0.4
726,,0,0.3
727,,0,0.0
728,,0,0.3
729,,0,-0.10000000000000003
730,-7.0,0,0.3
731,-8.0,0,0.0
732,-8.0,0,0.3
733,8.0,0,0.0
734,7.0,0,0.0
735,7.0,0,0.8
736,-7.0,0,0.0
737,0.0,0,0.4
738,-5.0,0,-0.10000000000000003
739,7.0,0,-0.8
740,-1.0,0,-0.8
741,8.0,0,-0.4
742,6.0,0,0.0
743,6.0,0,-0.4
744,7.0,0,0.8
745,7.0,0,0.0
746,-7.0,0,-0.3
747,0.0,0,0.0
748,-7.0,0,0.5
749,1.0,0,0.0
750,-8.0,0,0.0
751,-7.0,0,0.4
752,-7.0,0,-0.3
753,7.0,0,-0.4
754,0.0,0,0.3
755,-8.0,0,0.4
756,1.0,0,-0.8
757,0.0,0,-0.5
758,7.0,0,0.10000000000000003
759,0.0,0,0.0
760,0.0,0,0.3
761,-7.0,0,0.0
762,7.0,0,-0.3
763,-7.0,0,0.4
764,7.0,0,0.8
765,0.0,0,0.0
766,0.0,0,0.4
767,1.0,0,-0.8
768,-6.0,0,0.0
769,7.0,0,0.0
770,-7.0,0,-0.4
771,7.0,0,0.3
772,7.0,0,0.0
773,7.0,0,-0.3
774,7.0,0,0.0
775,-7.0,0,-0.4
776,-7.0,0,0.8
777,0.0,0,0.4
778,0.0,0,0.0
779,-1.0,0,-0.8
780,0.0,0,0.8
781,0.0,0,0.0
782,0.0,0,0.0
783,0.0,0,0.4
784,0.0,0,-0.3
785,0.0,0,0.3
786,0.0,0,0.4
787,-1.0,0,-0.8
788,1.0,0,0.3
789,-29.0,0,-0.3
790,0.0,0,0.8
791,0.0,0,-0.4
792,21.0,0,0.0
793,0.0,0,-0.3
794,0.0,0,0.0
795,0.0,0,0.0
796,0.0,0,0.3
797,-3.0,0,0.0
798,3.0,0,0.0
799,0.0,0,-0.4
800,1.0,0,-0.4
801,0.0,1,0.3
802,0.0,1,0.0
803,-3.0,1,0.3
804,4.0,1,-0.4
805,-5.0,1,-0.8
806,0.0,1,0.4
807,0.0,0,0.0
808,5.0,1,-0.4
809,-4.0,1,0.0
810,0.0,1,0.3
811,4.0,1,0.3
812,0.0,0,0.3
813,0.0,0,0.5
814,-1.0,0,0.10000000000000003
815,-5.0,0,-0.8
816,3.0,0,0.0
817,4.0,0,-0.3
818,4.0,0,0.10000000000000003
819,-4.0,0,-0.3
820,1.0,0,0.0
821,4.0,0,-0.4
822,-5.0,0,0.0
823,0.0,0,0.8
824,-3.0,0,0.0
825,0.0,0,0.8
826,0.0,0,0.3
827,0.0,0,0.0
828,0.0,0,-0.8
829,-1.0,0,0.3
830,1.0,0,0.3
831,0.0,0,0.3
832,0.0,0,0.0
833,0.0,0,-0.10000000000000003
834,0.0,0,0.0
835,0.0,0,-0.4
836,0.0,0,-0.4
837,0.0,0,0.3
838,0.0,0,0.0
839,1.0,0,-0.10000000000000003
840,0.0,0,0.8
841,0.0,0,0.0
842,0.0,0,0.0
843,0.0,0,0.3
844,1.0,0,0.3
845,0.0,0,0.5
846,0.0,0,0.8
847,-1.0,0,0.0
848,0.0,0,0.0
849,-1.0,1,-0.5
850,0.0,1,0.0
851,0.0,1,-0.3
852,0.0,1,0.0
853,0.0,0,-0.3
854,0.0,0,-0.8
855,0.0,0,0.0
856,0.0,0,-0.3
857,1.0,1,0.0
858,0.0,0,0.0
859,0.0,0,-0.3
860,0.0,0,-0.4
861,7.0,0,0.0
862,0.0,1,-0.8
863,-7.0,1,-0.4
864,-7.0,1,0.4
865,0.0,0,-0.8
866,0.0,1,0.3
867,7.0,0,0.0
868,-1.0,0,0.8
869,0.0,0,0.4
870,-7.0,0,0.0
871,8.0,0,0.3
872,0.0,0,-0.3
873,0.0,1,0.0
874,7.0,1,-0.3
875,7.0,1,0.5
876,7.0,1,0.3
877,-7.0,0,0.0
878,0.0,0,-0.4
879,-7.0,0,0.0
880,-7.0,0,0.0
881,-7.0,0,0.3
882,7.0,0,-0.3
883,0.0,0,0.8
884,0.0,0,-0.8
885,-1.0,0,0.3
886,1.0,0,0.0
887,0.0,0,0.4
888,1.0,0,0.0
889,-1.0,0,-0.8
890,1.0,0,0.0
891,0.0,0,0.0
892,1.0,0,0.0
893,-1.0,0,-0.3
894,0.0,0,0.3
895,0.0,0,-0.4
896,-1.0,0,0.4
897,0.0,0,-0.3
898,0.0,0,0.0
899,0.0,0,-0.4
900,0.0,0,-0.3
901,0.0,0,0.0
902,0.0,0,0.0
903,0.0,0,0.0
904,0.0,0,0.0
905,0.0,0,0.0
906,0.0,0,0.3
907,0.0,0,0.4
908,0.0,0,0.4
909,3.0,0,0.10000000000000003
910,4.0,0,0.0
911,-3.0,0,-0.3
912,0.0,0,0.0
913,-5.0,0,0.4
914,1.0,0,0.0
915,0.0,0,0.5
916,-5.0,0,0.8
917,3.0,0,0.10000000000000003
918,4.0,0,0.8
919,-5.0,0,0.3
920,0.0,0,0.0
921,3.0,1,-0.3
922,-3.0,1,-0.5
923,-3.0,1,0.0
924,3.0,1,0.3
925,-5.0,1,0.0
926,0.0,1,-0.4
927,0.0,1,-0.4
928,4.0,1,-0.5
929,1.0,1,0.0
930,0.0,1,0.0
931,0.0,1,-0.8
932,0.0,1,-0.5
933,0.0,1,-0.4
934,-10.0,1,-0.4
935,-10.0,1,0.0
936,0.0,1,0.0
937,14.0,1,-0.8
938,4.0,1,-0.4
939,0.0,1,0.0
940,0.0,1,0.0
941,0.0,1,0.3
942,0.0,1,-0.5
943,1.0,0,0.0
944,0.0,1,0.4
945,1.0,1,0.0
946,0.0,1,0.0
947,1.0,1,0.10000000000000003
948,0.0,1,0.0
949,-3.0,1,0.0
950,0.0,1,0.8
951,0.0,1,0.8
952,0.0,1,0.5
953,4.0,1,-0.3
954,3.0,1,0.3
955,0.0,0,0.10000000000000003
956,1.0,1,-0.3
957,0.0,1,-0.8
958,1.0,1,-0.8
959,0.0,1,0.3
960,0.0,1,0.0
961,-1.0,1,-0.10000000000000003
962,1.0,1,0.0
963,0.0,1,-0.4
964,-1.0,0,0.3
965,-1.0,1,-0.8
966,1.0,1,0.0
967,-1.0,1,-0.10000000000000003
968,2.0,0,-0.3
969,0.0,0,0.5
970,-3.0,0,0.10000000000000003
971,0.0,0,0.0
972,0.0,0,0.4
973,0.0,0,0.4
974,0.0,0,0.0
975,0.0,0,-0.3
976,0.0,0,0.8
977,0.0,0,0.0
978,0.0,0,0.8
979,0.0,0,0.3
980,0.0,0,0.5
981,0.0,1,0.4
982,0.0,0,0.0
983,0.0,0,0.8
984,0.0,0,0.0
985,0.0,1,-0.3
986,0.0,0,0.4
987,0.0,0,0.4
988,0.0,0,0.0
989,0.0,0,0.5
990,0.0,0,0.0
991,0.0,0,0.0
992,0.0,1,-0.3
993,0.0,1,0.0
994,0.0,1,-0.10000000000000003
995,0.0,1,-0.10000000000000003
996,0.0,1,-0.4
997,0.0,1,0.3
998,0.0,1,-0.5
999,0.0,1,0.0
1000,0.0,1,-0.8
1001,0.0,1,-0.8
1002,0.0,1,0.0
1003,0.0,1,0.0
1004,0.0,1,-0.4
1005,3.0,1,-0.8
1006,0.0,1,0.8
1007,2.0,1,0.0
1008,0.0,1,0.0
1009,0.0,1,0.8
1010,-2.0,1,0.0
1011,-2.0,1,-0.3
1012,3.0,1,-0.4
1013,3.0,0,-0.4
1014,0.0,0,-0.8
1015,3.0,0,0.8
1016,-3.0,0,0.3
1017,2.0,0,0.4
1018,-2.0,0,0.0
1019,0.0,0,0.4
1020,2.0,0,0.3
1021,-2.0,0,0.0
1022,-2.0,0,-0.3
1023,0.0,0,0.0
1024,0.0,0,0.0
1025,0.0,0,0.4
1026,0.0,0,0.4
1027,0.0,0,-0.3
1028,0.0,0,0.0
1029,0.0,0,0.0
1030,0.0,0,0.0
1031,0.0,0,0.3
1032,0.0,0,0.4
1033,0.0,0,0.3
1034,0.0,0,0.0
1035,0.0,0,0.0
1036,-1.0,0,-0.8
1037,1.0,0,-0.10000000000000003
1038,0.0,0,0.8
1039,0.0,0,0.5
1040,3.0,0,0.3
1041,0.0,0,-0.4
1042,-3.0,0,-0.3
1043,0.0,0,0.0
1044,-5.0,0,-0.4
1045,0.0,0,-0.3
1046,-5.0,0,0.0
1047,6.0,0,0.0
1048,0.0,0,-0.8
1049,-4.0,1,-0.3
1050,4.0,1,0.10000000000000003
1051,3.0,1,0.0
1052,-1.0,1,0.0
1053,-2.0,1,0.8
1054,0.0,1,0.4
1055,-1.0,1,-0.4
1056,3.0,1,-0.8
1057,-3.0,1,0.8
1058,-3.0,1,-0.3
1059,3.0,1,0.0
1060,2.0,1,0.0
1061,0.0,1,0.3
1062,-7.0,1,-0.4
1063,0.0,1,-0.4
1064,0.0,0,0.0
1065,13.0,1,0.0
1066,-6.0,1,0.0
1067,1.0,0,0.0
1068,1.0,0,0.3
1069,3.0,0,0.4
1070,-3.0,0,0.0
1071,0.0,0,-0.5
1072,14.0,0,0.4
1073,-14.0,0,0.3
1074,14.0,0,-0.4
1075,-13.0,0,-0.8
1076,0.0,1,0.4
1077,0.0,0,0.0
1078,-7.0,0,-0.4
1079,0.0,0,0.0
1080,-1.0,1,0.3
1081,0.0,1,0.0
1082,7.0,1,0.0
1083,-7.0,0,0.3
1084,8.0,0,-0.4
1085,3.0,0,0.0
1086,0.0,0,-0.3
1087,-4.0,0,0.0
1088,-3.0,0,-0.3
1257,,0,0.0
1258,,0,0.8
1259,,0,0.3
1260,,0,0.0
1261,,0,0.0
1262,,0,0.3
1263,,0,0.0
1264,,0,0.8
1265,,0,0.0
1266,,0,0.0
1267,,0,0.0
1268,,0,-0.5
1269,,0,-0.4
1270,,0,0.0
1271,,0,-0.3
1272,,0,0.8
1273,,0,-0.8
1274,,0,0.0
1275,,0,-0.3
1276,,0,-0.4
1277,,0,0.0
1278,,0,0.0
1279,,0,-0.3
1280,,0,0.0
1281,0.0,0,-0.4
1282,-7.0,0,0.0
1283,-7.0,0,0.0
1284,-7.0,0,0.0
1285,-6.0,0,-0.8
1286,0.0,0,0.0
1287,0.0,0,0.0
1288,7.0,0,0.8
1289,7.0,0,0.3
1290,0.0,0,-0.3
1291,7.0,0,-0.3
1292,7.0,0,0.4
1293,6.0,0,0.0
1294,-7.0,0,0.0
1295,0.0,0,-0.8
1296,0.0,0,0.0
1297,-7.0,0,0.0
1298,-1.0,0,-0.8
1299,0.0,0,0.0
1300,-6.0,0,0.4
1301,7.0,0,0.3
1302,7.0,0,0.0
1303,-7.0,0,0.8
1304,0.0,1,-0.8
1305,17.0,1,0.4
1306,0.0,1,0.3
1307,1.0,1,0.0
1308,0.0,1,0.0
1309,0.0,1,0.4
1310,-11.0,1,0.3
1311,0.0,1,-0.3
1312,0.0,1,0.0
1313,-1.0,1,0.0
1314,0.0,1,0.0
1315,0.0,1,0.0
1316,0.0,1,0.8
1317,0.0,1,-0.4
1318,0.0,1,-0.4
1319,0.0,1,0.8
1320,0.0,1,-0.3
1321,0.0,1,0.0
1322,0.0,1,-0.8
1323,0.0,1,0.0
1324,0.0,1,0.0
1325,0.0,1,0.3
1326,0.0,1,-0.3
1327,0.0,1,0.0
1328,0.0,0,0.4
1329,7.0,0,0.3
1330,-7.0,0,-0.3
1331,-7.0,0,0.8
1332,7.0,0,-0.3
1333,7.0,0,0.8
1334,7.0,0,0.0
1335,0.0,0,0.4
1336,0.0,0,0.0
1337,0.0,0,0.0
1338,7.0,0,0.0
1339,-7.0,0,-0.8
1340,0.0,0,-0.4
1341,7.0,0,0.0
1342,0.0,0,0.0
1343,0.0,0,-0.8
1344,-7.0,0,0.0
1345,0.0,0,-0.5
1346,-7.0,0,0.0
1347,7.0,0,-0.4
1348,-7.0,0,0.8
1349,0.0,0,0.8
1350,-7.0,0,0.0
1351,0.0,0,0.4
1352,7.0,0,0.0
1353,0.0,0,0.0
1354,7.0,0,0.5
1355,-14.0,0,0.3
1356,0.0,0,0.10000000000000003
1357,0.0,0,0.0
1358,7.0,0,0.0
1359,-7.0,0,0.0
1360,0.0,0,0.0
1361,0.0,0,0.0
1362,0.0,0,-0.3
1363,0.0,0,-0.4
1364,0.0,0,0.3
1365,0.0,0,0.3
1366,0.0,0,0.0
1367,0.0,0,-0.8
1368,0.0,0,0.0
1369,0.0,0,-0.4
1370,0.0,0,-0.8
1371,0.0,0,-0.8
1372,0.0,0,0.0
1373,0.0,0,0.8
1374,0.0,0,0.10000000000000003
1375,-1.0,0,0.0
1376,10.0,1,0.0
1377,0.0,0,0.8
1378,0.0,0,0.0
1379,0.0,0,0.8
1380,11.0,0,0.0
1381,-11.0,1,0.8
1382,0.0,0,0.4
1383,-11.0,0,0.0
1384,0.0,0,0.0
1385,0.0,0,0.0
1386,0.0,0,-0.4
1387,0.0,0,-0.4
1388,0.0,0,0.0
1389,0.0,0,0.0
1390,0.0,0,0.0
1391,0.0,1,-0.8
1392,0.0,1,0.3
1393,7.0,0,-0.5
1394,-8.0,0,0.8
1395,-7.0,0,0.0
1396,7.0,0,0.0
1397,0.0,0,-0.4
1398,0.0,0,0.0
1399,1.0,0,0.4
1400,7.0,0,0.8
1401,7.0,0,0.0
1402,-7.0,0,0.3
1403,0.0,0,0.0
1404,7.0,0,0.3
1405,14.0,0,0.0
1406,-14.0,0,0.0
1407,-7.0,0,0.0
1408,7.0,0,0.0
1409,14.0,0,0.0
1410,14.0,0,-0.4
1411,-7.0,0,0.0
1412,-7.0,0,0.0
1413,-11.0,1,0.0
1414,-7.0,0,-0.3
1415,-1.0,0,-0.3
1416,-14.0,0,-0.8
1417,0.0,0,0.10000000000000003
1418,7.0,0,-0.5
1419,-2.0,0,0.0
1420,7.0,0,0.4
1421,-7.0,0,0.0
1422,-7.0,0,0.0
1423,-7.0,0,0.0
1424,7.0,0,0.3
1425,-7.0,0,0.0
1426,0.0,0,0.0
1427,7.0,0,0.3
1428,-7.0,0,0.4
1429,1.0,0,0.0
1430,7.0,0,-0.8
1431,-7.0,0,-0.4
1432,12.0,0,0.3
1433,7.0,0,-0.4
1434,7.0,0,0.8
1435,7.0,0,0.0
1436,-7.0,0,0.0
1437,-10.0,0,0.4
1438,-12.0,0,-0.3
1439,-7.0,0,0.4
1440,0.0,0,-0.8
1441,-14.0,0,0.5
1442,-4.0,0,-0.3
1443,14.0,0,0.0
1444,21.0,0,0.0
1445,0.0,0,-0.8
1446,0.0,0,0.0
1447,14.0,0,0.0
1448,8.0,0,-0.4
1449,-14.0,0,0.0
1450,7.0,0,-0.3
1451,-21.0,0,0.0
1452,0.0,0,0.3
1453,-7.0,0,0.4
1454,-21.0,0,0.0
1455,0.0,0,0.3
1456,39.0,0,0.0
1457,7.0,0,0.4
1458,-7.0,0,0.0
1459,21.0,0,0.8
1460,4.0,0,0.0
1461,-40.0,1,-0.8
1462,7.0,0,0.3
1463,-21.0,0,0.0
1464,-7.0,0,-0.3
1465,-4.0,1,0.5
1466,0.0,0,0.0
1467,21.0,0,0.0
1468,0.0,0,0.0
1469,-8.0,0,-0.3
1470,7.0,0,-0.8
1471,14.0,1,-0.3
1472,0.0,0,0.8
1473,0.0,0,-0.8
1474,7.0,0,0.0
1475,-7.0,0,0.4
1476,-7.0,1,0.3
1477,7.0,0,0.0
1478,7.0,0,0.8
1479,3.0,0,0.0
1480,-14.0,1,0.8
1481,-14.0,1,-0.4
1482,-7.0,0,-0.8
1483,7.0,0,0.0
1484,0.0,0,-0.4
1485,0.0,0,0.3
1486,0.0,0,0.0
1487,0.0,0,0.3
1488,0.0,0,0.0
1489,0.0,0,0.0
1490,-7.0,0,0.0
1491,8.0,0,0.0
1492,18.0,0,0.4
1493,0.0,0,0.0
1494,0.0,0,0.0
1495,-4.0,0,-0.3
1496,0.0,0,0.0
1497,0.0,0,-0.3
1498,0.0,0,-0.8
1499,-1.0,0,0.10000000000000003
1500,0.0,0,0.0
1501,0.0,0,0.0
1502,0.0,0,0.0
1503,0.0,0,0.0
1504,0.0,0,0.0
1505,0.0,0,-0.5
1506,0.0,0,-0.10000000000000003
1507,0.0,0,0.3
1508,0.0,0,0.0
1509,0.0,0,0.8
1510,0.0,0,0.4
1511,0.0,0,0.0
1512,0.0,0,0.0
1513,0.0,0,0.8
1514,0.0,0,0.0
1515,0.0,0,-0.10000000000000003
1516,0.0,0,0.0
1517,0.0,0,0.8
1518,0.0,0,0.3
1519,0.0,0,0.3
1520,0.0,0,-0.8
1521,0.0,0,-0.4
1522,0.0,0,0.0
1523,0.0,0,0.0
1524,0.0,1,0.4
1525,0.0,1,-0.8
1526,0.0,1,0.4
1527,0.0,1,-0.3
1528,0.0,1,0.0
1529,0.0,1,-0.3
1530,0.0,1,0.0
1531,0.0,1,0.5
1532,0.0,1,0.0
1533,-1.0,1,0.0
1534,1.0,1,0.0
1535,0.0,1,-0.8
1536,0.0,1,0.8
1537,0.0,1,0.8
1538,0.0,1,0.3
1539,0.0,1,0.8
1540,0.0,1,-0.3
1541,0.0,1,0.0
1542,2.0,1,-0.3
1543,2.0,1,0.0
1544,0.0,0,0.0
1545,3.0,1,0.0
1546,0.0,1,-0.8
1547,2.0,1,-0.8
1548,9.0,0,-0.8
1549,12.0,0,-0.5
1550,2.0,0,0.0
1551,-11.0,0,0.0
1552,-11.0,0,-0.10000000000000003
1553,-11.0,0,-0.8
1554,0.0,0,0.0
1555,-2.0,0,-0.4
1556,9.0,0,0.0
1557,11.0,0,-0.3
1558,-2.0,0,0.0
1559,-9.0,0,0.0
1560,16.0,0,-0.8
1561,0.0,0,0.8
1562,0.0,0,0.0
1563,0.0,0,0.5
1564,-3.0,0,0.0
1565,0.0,0,0.0
1566,3.0,0,0.0
1567,-5.0,1,0.8
1568,0.0,0,0.0
1569,3.0,0,0.4
1570,-3.0,0,0.0
1571,-22.0,0,0.0
1572,3.0,0,0.4
1573,0.0,1,0.0
1574,0.0,0,0.0
1575,0.0,0,0.3
1576,0.0,0,0.4
1577,-1.0,1,0.8
1578,1.0,0,0.5
1579,0.0,0,0.8
1580,0.0,0,-0.3
1581,0.0,0,0.0
1582,0.0,0,0.0
1583,0.0,0,0.0
1584,3.0,1,-0.8
1585,1.0,1,0.3
1586,0.0,1,0.0
1587,0.0,1,0.0
1588,0.0,1,-0.4
1589,0.0,1,-0.3
1590,0.0,1,-0.8
1591,0.0,1,0.0
1592,0.0,1,0.3
1593,0.0,1,0.0
1594,0.0,1,-0.4
1595,0.0,1,-0.8
1596,0.0,0,0.4
1597,0.0,1,0.0
1598,-4.0,1,0.0
1599,-7.0,1,0.4
1600,-4.0,0,-0.3
1601,3.0,0,-0.8
1602,7.0,1,0.0
1603,-3.0,0,0.0
1604,0.0,0,0.0
1605,3.0,0,-0.4
1606,0.0,1,0.8
1607,-3.0,0,0.3
1608,3.0,0,0.3
1609,-3.0,0,0.0
1610,0.0,1,0.0
1611,7.0,1,0.0
1612,-11.0,1,0.0
1613,4.0,0,-0.3
1614,4.0,1,0.0
1615,0.0,1,0.0
1616,3.0,0,0.0
1617,4.0,0,0.0
1618,0.0,0,0.8
1619,11.0,1,0.3
1620,3.0,0,0.0
1621,14.0,0,0.0
1622,-14.0,0,-0.4
1623,0.0,0,0.0
1624,17.0,0,-0.3
1625,0.0,1,0.8
1626,-18.0,0,0.0
1627,-3.0,0,-0.4
1628,0.0,0,0.8
1629,0.0,1,0.0
1630,0.0,1,-0.8
1631,-18.0,0,0.0
1632,4.0,0,0.0
1808,,0,-0.8
1809,,0,0.0
1810,,0,0.3
1811,,0,0.3
1812,,0,0.0
1813,,0,-0.8
1814,,0,-0.4
1815,,0,0.8
1816,,0,0.0
1817,,0,0.3
1818,,0,0.0
1819,,0,0.10000000000000003
1820,,0,0.0
1821,,0,0.0
1822,,0,-0.3
1823,,0,-0.4
1824,,0,0.0
1825,,0,-0.3
1826,,0,0.8
1827,,0,0.0
1828,,0,0.4
1829,,0,0.0
1830,,0,0.0
1831,,0,0.0
1832,-7.0,0,-0.8
1833,7.0,0,0.3
1834,7.0,0,0.0
1835,-7.0,0,0.0
1836,-6.0,0,-0.3
1837,-7.0,0,0.0
1838,7.0,0,0.0
1839,0.0,0,0.4
1840,-7.0,0,0.8
1841,0.0,0,0.3
1842,7.0,0,0.3
1843,7.0,0,-0.4
1844,7.0,0,0.10000000000000003
1845,0.0,0,-0.3
1846,-7.0,0,0.0
1847,0.0,0,0.0
1848,0.0,0,0.8
1849,0.0,0,-0.3
1850,-7.0,0,-0.8
1851,7.0,0,-0.8
1852,-7.0,0,0.4
1853,7.0,0,0.0
1854,0.0,0,0.3
1855,0.0,1,0.10000000000000003
1856,0.0,1,-0.3
1857,18.0,1,0.0
1858,1.0,1,0.8
1859,0.0,1,0.0
1860,0.0,1,0.0
1861,0.0,1,-0.8
1862,-1.0,1,-0.5
1863,0.0,1,0.0
1864,-18.0,1,0.0
1865,0.0,1,0.10000000000000003
1866,0.0,1,0.0
1867,0.0,1,0.3
1868,-1.0,1,-0.8
1869,0.0,1,0.0
1870,0.0,1,0.0
1871,0.0,1,0.3
1872,0.0,1,0.4
1873,0.0,1,0.0
1874,0.0,1,0.3
1875,0.0,1,-0.3
1876,0.0,1,0.0
1877,0.0,1,0.4
1878,0.0,1,0.0
1879,8.0,0,0.4
1880,-7.0,0,0.3
1881,0.0,0,-0.3
1882,0.0,0,0.0
1883,7.0,0,0.3
1884,7.0,0,0.4
1885,0.0,0,-0.8
1886,-7.0,0,0.8
1887,-7.0,0,0.0
1888,-7.0,0,0.3
1889,7.0,0,0.0
1890,0.0,0,0.8
1891,6.0,0,0.0
1892,7.0,0,0.0
1893,-7.0,0,-0.3
1894,-7.0,0,0.0
1895,0.0,0,-0.4
1896,7.0,0,0.0
1897,-7.0,0,0.0
1898,-7.0,0,-0.8
1899,7.0,0,-0.3
1900,-7.0,0,-0.8
1901,7.0,0,0.4
1902,0.0,0,0.0
1903,0.0,0,0.8
1904,0.0,0,0.4
1905,0.0,0,0.0
1906,0.0,0,0.0
1907,0.0,0,0.3
1908,0.0,0,0.0
1909,-1.0,0,0.5
1910,0.0,0,-0.5
1911,0.0,0,0.0
1912,0.0,0,0.0
1913,1.0,0,0.4
1914,0.0,0,0.3
1915,0.0,0,-0.3
1916,0.0,0,0.0
1917,0.0,0,-0.8
1918,0.0,0,0.0
1919,0.0,0,-0.3
1920,0.0,0,0.0
1921,0.0,0,0.0
1922,0.0,0,-0.10000000000000003
1923,0.0,0,-0.4
1924,0.0,0,-0.3
1925,0.0,0,0.0
1926,0.0,0,0.0
1927,0.0,0,-0.4
1928,0.0,0,0.3
1929,0.0,0,0.8
1930,0.0,0,0.0
1931,0.0,0,0.0
1932,0.0,0,0.8
1933,0.0,0,0.0
1934,0.0,0,0.3
1935,0.0,0,-0.3
1936,0.0,0,0.3
1937,0.0,0,0.0
1938,0.0,0,0.4
1939,0.0,0,0.0
1940,0.0,0,-0.8
1941,0.0,0,-0.4
1942,0.0,0,-0.8
1943,0.0,0,0.0
1944,0.0,0,0.0
1945,0.0,0,-0.4
1946,0.0,0,0.0
1947,0.0,0,0.0
1948,0.0,0,-0.3
1949,0.0,0,0.0
1950,7.0,0,0.0
1951,0.0,0,0.3
1952,7.0,0,-0.4
1953,8.0,0,0.0
1954,-7.0,0,-0.8
1955,-7.0,0,0.3
1956,-7.0,0,0.0
1957,-7.0,0,-0.3
1958,7.0,0,0.4
1959,-7.0,0,0.0
1960,-7.0,0,0.0
1961,3.0,0,0.3
1962,21.0,0,0.5
1963,7.0,0,0.0
1964,-7.0,0,0.0
1965,-7.0,0,0.0
1966,-8.0,0,0.0
1967,7.0,0,0.0
1968,-11.0,0,0.8
1969,7.0,0,-0.5
1970,-7.0,0,-0.3
1971,4.0,0,0.0
1972,7.0,0,0.5
1973,-7.0,0,0.0
1974,0.0,0,-0.3
1975,0.0,0,0.0
1976,-1.0,0,-0.8
1977,0.0,0,0.0
1978,4.0,0,0.8
1979,-7.0,0,0.4
1980,7.0,0,0.3
1981,0.0,0,0.0
1982,7.0,0,-0.3
1983,-7.0,0,0.0
1984,7.0,0,0.4
1985,7.0,0,-0.5
1986,0.0,0,0.0
1987,-4.0,0,-0.3
1988,7.0,0,-0.3
1989,-7.0,0,-0.8
1990,7.0,0,0.0
1991,-7.0,0,-0.10000000000000003
1992,7.0,0,0.0
1993,-7.0,0,0.8
1994,7.0,0,0.8
1995,-7.0,0,0.0
1996,-7.0,0,0.0
1997,7.0,0,-0.4
1998,-4.0,0,0.0
1999,-7.0,0,0.0
2000,0.0,0,0.4
2001,0.0,0,0.0
2002,0.0,0,0.5
2003,0.0,0,0.0
2004,4.0,0,0.0
2005,0.0,0,-0.4
2006,-7.0,0,-0.3
2007,0.0,0,0.8
2008,0.0,0,0.3
2009,0.0,0,-0.8
2010,-7.0,0,0.0
2011,7.0,0,-0.3
2012,-7.0,0,0.0
2013,-7.0,0,0.0
2014,-7.0,0,0.3
2015,7.0,0,-0.5
2016,7.0,0,-0.4
2017,-7.0,0,0.0
2018,8.0,0,0.3
2019,0.0,0,0.8
2020,-7.0,0,-0.8
2021,3.0,0,-0.3
2022,7.0,0,0.4
2023,7.0,0,0.0
2024,0.0,0,0.0
2025,7.0,0,0.8
2026,0.0,0,0.0
2027,0.0,0,0.4
2028,-7.0,0,0.5
2029,-7.0,0,0.0
2030,-7.0,0,0.0
2031,6.0,0,0.0
2032,7.0,0,0.8
2033,0.0,0,-0.3
2034,0.0,0,-0.4
2035,0.0,0,0.0
2036,-7.0,0,0.3
2037,0.0,0,-0.8
2038,0.0,0,-0.8
2039,0.0,0,0.4
2040,-7.0,0,0.3
2041,7.0,0,0.0
2042,7.0,0,-0.4
2043,-7.0,0,-0.5
2044,7.0,0,0.0
2045,1.0,0,-0.3
2046,7.0,0,0.0
2047,-7.0,0,0.0
2048,0.0,0,0.0
2049,-1.0,0,0.0
2050,0.0,0,0.8
2051,1.0,0,0.3
2052,0.0,0,0.8
2053,0.0,0,0.8
2054,0.0,0,0.10000000000000003
2055,-4.0,0,0.0
2056,0.0,0,-0.3
2057,5.0,0,-0.4
2058,0.0,0,-0.3
2059,-1.0,0,0.0
2060,0.0,0,-0.10000000000000003
2061,0.0,0,0.0
2062,0.0,0,0.0
2063,0.0,0,0.4
2064,0.0,0,-0.5
2065,0.0,0,0.0
2066,0.0,0,-0.8
2067,0.0,0,0.0
2068,0.0,0,-0.8
2069,0.0,0,0.0
2070,0.0,0,0.0
2071,0.0,0,0.0
2072,0.0,0,0.4
2073,0.0,0,-0.8
2074,0.0,0,0.3
2075,0.0,0,0.0
2076,0.0,0,-0.5
2077,0.0,0,0.0
2078,0.0,0,-0.8
2079,0.0,0,-0.4
2080,0.0,0,0.0
2081,0.0,0,0.0
2082,0.0,0,0.0
2083,0.0,0,0.0
2084,0.0,1,0.0
2085,0.0,1,0.4
2086,0.0,1,-0.3
2087,0.0,1,-0.3
2088,0.0,1,0.8
2089,0.0,1,0.3
2090,0.0,1,0.0
2091,0.0,1,0.0
2092,0.0,1,-0.3
2093,0.0,1,0.0
2094,0.0,1,0.4
2095,0.0,1,0.8
2096,3.0,1,0.0
2097,3.0,1,0.0
2098,0.0,0,-0.8
2099,-2.0,0,-0.4
2100,12.0,0,-0.5
2101,-9.0,0,0.0
2102,2.0,0,-0.4
2103,0.0,0,0.5
2104,9.0,0,-0.4
2105,-11.0,0,0.0
2106,0.0,0,0.0
2107,2.0,0,-0.3
2108,-2.0,0,-0.8
2109,0.0,0,-0.3
2110,0.0,0,0.0
2111,0.0,0,0.0
2112,-3.0,0,0.0
2113,-3.0,0,0.3
2114,-2.0,0,0.0
2115,3.0,0,0.0
2116,-3.0,0,0.0
2117,-5.0,0,0.3
2118,5.0,0,0.10000000000000003
2119,-2.0,0,0.0
2120,0.0,0,0.4
2121,2.0,0,0.0
2122,2.0,0,0.3
2123,0.0,0,0.8
2124,0.0,0,0.4
2125,0.0,0,0.8
2126,0.0,0,0.0
2127,0.0,0,0.3
2128,0.0,0,0.0
2129,0.0,0,0.0
2130,0.0,0,-0.5
2131,0.0,0,0.0
2132,0.0,0,0.8
2133,0.0,0,0.4
2134,0.0,1,-0.3
2135,0.0,1,-0.4
2136,0.0,0,0.3
2137,0.0,1,0.8
2138,0.0,1,0.0
2139,0.0,1,-0.3
2140,0.0,1,0.0
2141,0.0,1,0.0
2142,0.0,1,-0.3
2143,0.0,0,-0.8
2144,0.0,1,-0.4
2145,0.0,1,-0.8
2146,0.0,1,0.0
2147,-3.0,1,0.3
2148,0.0,1,-0.4
2149,0.0,1,0.0
2150,0.0,1,-0.3
2151,-8.0,1,0.8
2152,3.0,1,0.0
2153,-4.0,1,0.3
2154,0.0,0,0.4
2155,7.0,0,-0.3
2156,-3.0,0,0.0
2157,-7.0,1,-0.3
2158,0.0,0,0.0
2159,3.0,1,0.0
2160,0.0,0,-0.8
2161,-4.0,1,-0.4
2162,7.0,1,0.0
2163,0.0,1,-0.8
2164,-4.0,0,0.0
2165,-7.0,1,0.4
2166,-3.0,1,0.0
2167,15.0,0,-0.10000000000000003
2168,-7.0,1,-0.8
2169,0.0,1,0.8
2170,-3.0,0,0.0
2171,0.0,1,-0.10000000000000003
2172,3.0,1,0.5
2173,4.0,1,0.0
2174,7.0,1,0.0
2175,-3.0,1,0.0
2176,0.0,1,0.3
2177,-3.0,0,0.0
2178,0.0,1,0.8
2179,0.0,1,-0.4
2180,18.0,1,-0.10000000000000003
2181,0.0,1,-0.3
2182,0.0,1,0.0
2183,0.0,1,0.3
2184,0.0,1,0.0
2185,0.0,1,-0.8
2186,0.0,0,0.8
2187,-8.0,0,0.0
2359,,0,0.0
2360,,0,-0.4
2361,,0,-0.3
2362,,0,-0.5
2363,,0,0.0
2364,,0,0.0
2365,,0,0.8
2366,,0,0.4
2367,,0,-0.8
2368,,0,-0.3
2369,,0,0.0
2370,,0,0.8
2371,,0,0.0
2372,,0,0.0
2373,,0,0.3
2374,,0,-0.4
2375,,0,0.5
2376,,0,0.0
2377,0.0,0,0.0
2378,,0,0.0
2379,,0,0.3
2380,,0,-0.4
2381,0.0,0,0.8
2382,0.0,0,0.0
2383,,0,0.0
2384,,0,0.0
2385,0.0,0,-0.4
2386,0.0,0,-0.8
2387,7.0,0,0.3
2388,0.0,0,0.4
2389,-7.0,0,0.3
2390,,0,0.0
2391,-7.0,0,0.0
2392,,1,0.4
2393,0.0,1,0.0
2394,0.0,1,0.0
2395,-8.0,1,0.4
2396,,1,-0.3
2397,7.0,1,0.0
2398,0.0,1,-0.8
2399,-7.0,1,-0.3
2400,7.0,1,0.4
2401,0.0,1,0.0
2402,-7.0,0,-0.8
2403,0.0,1,0.0
2404,0.0,1,0.3
2405,4.0,1,0.3
2406,0.0,1,0.0
2407,0.0,1,-0.4
2408,-1.0,1,0.0
2409,1.0,1,0.8
2410,1.0,1,0.0
2411,,1,-0.4
2412,1.0,1,-0.8
2413,0.0,1,0.8
2414,-1.0,1,-0.10000000000000003
2415,0.0,1,0.0
2416,-7.0,1,-0.3
2417,0.0,1,0.4
2418,0.0,1,0.4
2419,1.0,1,-0.8
2420,0.0,1,0.0
2421,-1.0,1,-0.8
2422,0.0,1,0.0
2423,0.0,1,0.4
2424,0.0,1,-0.3
2425,0.0,1,-0.3
2426,0.0,1,0.0
2427,-7.0,1,0.0
2428,0.0,1,0.10000000000000003
2429,0.0,1,0.0
2430,0.0,1,0.4
2431,0.0,1,-0.3
2432,0.0,1,-0.8
2433,0.0,1,0.0
2434,0.0,1,0.0
2435,0.0,1,0.4
2436,0.0,1,0.0
2437,0.0,1,0.8
2438,0.0,1,0.0
2439,0.0,1,-0.4
2440,0.0,1,-0.10000000000000003
2441,0.0,1,0.0
2442,0.0,1,-0.8
2443,0.0,1,0.4
2444,0.0,1,0.3
2445,0.0,1,0.3
2446,0.0,1,0.0
2447,0.0,1,0.0
2448,24.0,0,0.8
2449,-3.0,1,0.0
2450,-5.0,1,-0.4
2451,3.0,1,-0.8
2452,3.0,1,-0.4
2453,-2.0,1,0.0
2454,-6.0,1,0.0
2455,3.0,1,0.0
2456,3.0,1,-0.4
2457,-2.0,1,0.8
2458,-2.0,1,0.3
2459,6.0,1,0.0
2460,2.0,0,0.0
2461,2.0,0,0.0
2462,7.0,0,0.0
2463,3.0,0,0.4
2464,-1.0,0,0.0
2465,-3.0,0,-0.3
2466,-3.0,1,0.0
2467,-2.0,0,-0.3
2468,-4.0,1,0.8
2469,0.0,0,-0.10000000000000003
2470,-2.0,0,-0.8
2471,2.0,0,0.4
2472,0.0,0,0.0
2473,14.0,0,0.8
2474,0.0,0,-0.3
2475,0.0,1,0.0
2476,0.0,0,-0.4
2477,0.0,0,0.4
2478,0.0,0,0.4
2479,0.0,0,0.0
2480,0.0,0,0.0
2481,0.0,0,0.0
2482,-18.0,0,0.0
2483,0.0,0,0.0
2484,-1.0,1,0.3
2485,0.0,1,-0.4
2486,0.0,1,0.0
2487,0.0,1,-0.3
2488,0.0,1,0.0
2489,0.0,1,0.0
2490,-1.0,1,0.0
2491,1.0,1,0.0
2492,0.0,1,0.0
2493,0.0,1,0.0
2494,0.0,1,0.0
2495,0.0,0,-0.5
2496,3.0,1,0.0
2497,0.0,1,0.4
2498,0.0,1,0.0
2499,-3.0,1,0.0
2500,-3.0,1,0.3
2501,0.0,1,0.0
2502,1.0,1,0.8
2503,-1.0,1,-0.3
2504,-4.0,1,0.8
2505,1.0,1,0.0
2506,4.0,1,0.0
2507,4.0,1,0.5
2508,0.0,1,-0.8
2509,4.0,1,0.4
2510,0.0,1,0.0
2511,-3.0,1,0.0
2512,-1.0,1,0.0
2513,2.0,1,-0.4
2514,0.0,1,0.0
2515,-1.0,1,-0.5
2516,0.0,1,0.0
2517,0.0,1,-0.4
2518,-2.0,1,-0.3
2519,-1.0,1,-0.5
2520,0.0,1,-0.10000000000000003
2521,0.0,0,0.0
2522,-1.0,0,-0.4
2523,0.0,0,0.4
2524,1.0,0,0.4
2525,-1.0,0,0.8
2526,-1.0,0,0.0
2527,1.0,0,0.0
2528,0.0,0,-0.3
2529,0.0,0,0.8
2530,0.0,0,0.3
2531,1.0,0,0.0
2532,0.0,0,0.5
2533,14.0,0,-0.3
2534,-11.0,0,-0.4
2535,-14.0,0,0.5
2536,-1.0,0,-0.8
2537,0.0,0,0.0
2538,0.0,0,-0.4
2539,0.0,0,0.0
2540,18.0,0,0.0
2541,0.0,0,0.0
2542,1.0,0,-0.8
2543,0.0,0,-0.8
2544,0.0,0,0.0
2545,0.0,0,0.0
2546,-4.0,0,0.3
2547,0.0,0,0.0
2548,0.0,0,0.8
2549,7.0,0,0.3
2550,0.0,0,-0.4
2551,-7.0,0,0.0
2552,7.0,0,-0.4
2553,0.0,0,0.0
2554,-7.0,0,0.0
2555,-3.0,0,0.4
2556,0.0,0,0.0
2557,7.0,0,0.0
2558,0.0,0,-0.3
2559,-7.0,0,0.0
2560,-7.0,0,0.3
2561,3.0,0,-0.8
2562,7.0,0,0.4
2563,-6.0,0,0.0
2564,7.0,0,-0.3
2565,7.0,0,0.4
2566,0.0,0,-0.8
2567,0.0,0,0.4
2568,-8.0,0,0.0
2569,0.0,0,-0.8
2570,3.0,0,0.0
2571,-7.0,0,0.3
2572,1.0,0,0.0
2573,7.0,0,0.3
2574,-15.0,0,-0.3
2575,0.0,0,0.0
2576,-7.0,1,0.4
2577,-6.0,0,-0.10000000000000003
2578,1.0,0,0.8
2579,0.0,0,0.0
2580,0.0,0,0.0
2581,0.0,0,-0.4
2582,-1.0,0,0.0
2583,18.0,0,0.8
2584,7.0,1,0.4
2585,1.0,0,0.0
2586,3.0,1,-0.8
2587,0.0,0,0.10000000000000003
2588,-1.0,0,0.0
2589,0.0,1,-0.8
2590,0.0,0,0.0
2591,0.0,0,0.4
2592,-11.0,1,0.4
2593,0.0,0,0.0
2594,0.0,0,-0.3
2595,0.0,0,0.3
2596,0.0,0,-0.8
2597,0.0,0,0.0
2598,0.0,1,-0.4
2599,0.0,0,-0.4
2600,0.0,0,-0.3
2601,0.0,0,-0.4
2602,0.0,0,0.8
2603,0.0,0,0.3
2604,0.0,0,0.8
2605,0.0,0,0.8
2606,3.0,1,0.0
2607,0.0,0,0.0
2608,0.0,0,0.3
2609,7.0,0,0.4
2610,0.0,0,0.0
2611,-7.0,0,0.3
2612,-7.0,0,0.0
2613,0.0,0,0.0
2614,7.0,0,0.3
2615,-7.0,0,0.8
2616,7.0,0,0.4
2617,-7.0,0,-0.8
2618,7.0,0,0.0
2619,0.0,0,-0.3
2620,7.0,0,0.0
2621,0.0,0,0.4
2622,-7.0,0,-0.3
2623,-7.0,0,0.0
2624,7.0,0,-0.4
2625,7.0,0,0.4
2626,-7.0,0,0.0
2627,11.0,0,0.0
2628,-7.0,0,-0.5
2629,14.0,0,-0.3
2630,-14.0,0,0.0
2631,1.0,0,-0.4
2632,0.0,0,-0.3
2633,-11.0,0,0.4
2634,-16.0,0,0.0
2635,0.0,0,0.0
2636,21.0,0,0.0
2637,14.0,0,-0.4
2638,-15.0,0,0.8
2639,19.0,0,0.0
2640,0.0,0,-0.3
2641,-21.0,0,0.0
2642,-14.0,0,0.0
2643,-15.0,0,0.3
2644,22.0,0,0.8
2645,-27.0,0,-0.8
2646,29.0,0,0.0
2647,-21.0,0,0.0
2648,-7.0,0,-0.10000000000000003
2649,15.0,1,0.0
2650,11.0,0,0.4
2651,14.0,1,-0.10000000000000003
2652,1.0,0,0.0
2653,0.0,1,0.8
2654,0.0,1,-0.4
2655,0.0,1,0.0
2656,0.0,1,0.3
2657,0.0,1,0.0
2658,0.0,0,0.0
2659,5.0,0,-0.8
2660,0.0,0,0.0
2661,0.0,0,0.0
2662,0.0,0,0.0
2663,0.0,0,0.0
2664,0.0,0,0.0
2665,0.0,0,-0.8
2666,0.0,0,0.0
2667,0.0,0,0.10000000000000003
2668,0.0,0,0.4
2669,16.0,0,0.0
2670,-16.0,0,-0.3
2671,-15.0,0,-0.3
2672,0.0,0,-0.4
2673,0.0,0,0.8
2674,4.0,0,0.0
2675,-14.0,0,-0.4
2676,18.0,0,0.0
2677,-18.0,0,0.4
2678,-18.0,0,-0.4
2679,14.0,0,0.3
2680,7.0,0,0.0
2681,0.0,0,-0.8
2682,-7.0,1,0.0
2683,15.0,0,0.0
2684,0.0,0,0.4
2685,-14.0,0,0.0
2686,-14.0,1,0.8
2687,-3.0,0,0.0
2688,-7.0,1,0.4
2689,17.0,0,-0.3
2690,17.0,0,0.0
2691,0.0,1,0.8
2692,0.0,0,0.8
2693,0.0,1,-0.8
2694,4.0,1,0.0
2695,4.0,1,0.0
2696,-4.0,1,0.3
2697,-4.0,0,0.0
2698,-4.0,0,0.3
2699,-3.0,1,-0.4
2700,-3.0,1,0.5
2701,0.0,0,0.0
2702,3.0,0,0.3
2703,14.0,0,0.0
2704,-18.0,1,0.0
2705,-18.0,1,0.0
2706,0.0,0,0.0
2707,1.0,0,0.5
2708,0.0,0,0.0
2709,-21.0,0,0.0
2710,-18.0,0,-0.4
2711,-11.0,0,0.5
2712,0.0,1,0.0
2713,0.0,0,0.0
2714,14.0,0,0.4
2715,-21.0,0,0.4
2716,0.0,0,0.5
2717,0.0,0,0.8
2718,-7.0,0,0.0
2719,14.0,0,0.0
2720,7.0,0,0.3
2721,14.0,1,-0.4
2722,14.0,0,0.4
2723,-7.0,0,0.0
2724,18.0,1,-0.8
2725,14.0,1,-0.8
2726,-4.0,1,-0.3
2727,16.0,0,-0.4
2728,-7.0,1,0.3
2729,-7.0,0,0.0
2730,3.0,1,-0.5
2731,0.0,1,0.0
2732,-4.0,1,-0.4
2733,-1.0,1,0.5
2734,-1.0,0,0.0
2906,,0,0.0
2907,,0,-0.5
2908,,0,0.3
2909,,0,-0.3
2910,,0,0.4
2911,,0,0.8
2912,,0,0.10000000000000003
2913,,0,0.10000000000000003
2914,,0,0.8
2915,,0,-0.8
2916,,0,-0.8
2917,,0,-0.10000000000000003
2918,8.0,0,0.4
2919,4.0,0,0.5
2920,-2.0,0,0.4
2921,-7.0,0,-0.4
2922,1.0,0,-0.4
2923,7.0,0,-0.10000000000000003
2924,1.0,0,0.0
2925,-1.0,0,0.0
2926,-6.0,0,-0.10000000000000003
2927,-1.0,0,-0.3
2928,-8.0,0,-0.3
2929,-8.0,0,-0.4
2930,28.0,0,-0.10000000000000003
2931,-1.0,0,0.0
2932,0.0,0,0.3
2933,8.0,0,-0.4
2934,0.0,0,-0.4
2935,-41.0,0,0.0
2936,-5.0,0,0.0
2937,-25.0,0,-0.4
2938,32.0,0,0.5
2939,8.0,0,0.5
2940,-1.0,0,0.4
2941,25.0,0,0.3
2942,-6.0,0,-0.4
2943,-7.0,0,-0.4
2944,-1.0,0,0.0
2945,0.0,0,0.5
2946,-14.0,0,0.5
2947,14.0,0,0.0
2948,4.0,0,-0.5
2949,20.0,0,-0.10000000000000003
2950,1.0,0,0.4
2951,1.0,0,0.8
2952,-1.0,0,0.0
2953,-21.0,0,-0.4
2954,-6.0,0,-0.8
2955,0.0,0,-0.4
2956,7.0,0,0.10000000000000003
2957,0.0,0,0.3
2958,14.0,0,0.0
2959,0.0,0,-0.3
2960,-21.0,0,0.4
2961,0.0,0,0.4
2962,13.0,0,0.5
2963,0.0,0,0.3
2964,-13.0,0,-0.5
2965,0.0,0,-0.4
2966,1.0,1,-0.10000000000000003
2967,1.0,0,0.10000000000000003
2968,-1.0,1,0.8
2969,-14.0,0,-0.10000000000000003
2970,2.0,1,0.10000000000000003
2971,-2.0,0,0.8
2972,11.0,0,-0.8
2973,-1.0,0,-0.3
2974,2.0,0,0.4
2975,10.0,0,0.10000000000000003
2976,2.0,0,0.3
2977,13.0,0,0.4
2978,5.0,0,-0.3
2979,-13.0,0,-0.4
2980,-10.0,0,-0.8
2981,10.0,0,0.0
2982,-15.0,0,-0.4
2983,-3.0,0,-0.5
2984,-13.0,0,0.4
2985,0.0,0,-0.5
2986,0.0,0,0.5
2987,-2.0,0,0.4
2988,13.0,0,0.8
2989,6.0,0,-0.4
2990,-13.0,0,-0.8
2991,0.0,0,0.4
2992,14.0,1,0.0
2993,1.0,1,0.0
2994,7.0,1,0.4
2995,0.0,1,0.0
2996,-7.0,1,-0.10000000000000003
2997,4.0,0,-0.4
2998,-5.0,1,0.0
2999,4.0,1,0.4
3000,0.0,1,-0.3
3001,4.0,1,-0.5
3002,0.0,1,-0.4
3003,-5.0,0,0.5
3004,-13.0,0,-0.8
3005,7.0,0,0.3
3006,-2.0,1,-0.3
3007,0.0,0,0.0
3008,-1.0,0,0.10000000000000003
3009,3.0,0,0.0
3010,-1.0,0,0.8
3011,7.0,0,-0.5
3012,-3.0,0,0.5
3013,5.0,0,-0.4
3014,-6.0,0,0.0
3015,14.0,0,-0.3
3016,-8.0,0,0.0
3017,-6.0,0,0.3
3018,0.0,1,0.4
3019,0.0,0,-0.4
3020,-24.0,0,0.4
3021,7.0,1,-0.5
3022,0.0,1,0.0
3023,0.0,1,0.0
3024,-1.0,1,0.4
3025,0.0,1,0.10000000000000003
3026,17.0,1,0.3
3027,0.0,1,-0.10000000000000003
3028,4.0,1,0.8
3029,-4.0,1,0.0
3030,0.0,1,0.0
3031,-3.0,1,0.8
3032,0.0,1,0.10000000000000003
3033,-4.0,0,-0.8
3034,6.0,1,-0.8
3035,-3.0,0,-0.5
3036,0.0,0,0.4
3037,4.0,0,0.0
3038,-9.0,0,-0.4
3039,-12.0,0,0.0
3040,7.0,0,-0.10000000000000003
3041,-4.0,0,0.8
3042,0.0,0,0.0
3043,-11.0,0,0.10000000000000003
3044,4.0,0,0.4
3045,15.0,0,0.4
3046,8.0,0,-0.8
3047,1.0,0,-0.5
3048,0.0,0,0.5
3049,0.0,0,-0.4
3050,-1.0,0,0.4
3051,1.0,0,0.10000000000000003
3052,-22.0,0,0.3
3053,-1.0,0,0.5
3054,-8.0,0,0.4
3055,-11.0,0,0.0
3056,7.0,0,0.3
3057,8.0,0,-0.5
3058,7.0,1,-0.10000000000000003
3059,-7.0,1,0.3
3060,32.0,1,-0.4
3061,-17.0,0,-0.4
3062,-11.0,0,0.3
3063,-1.0,0,0.0
3103,,0,0.5
3104,,0,0.0
3105,,0,0.0
3106,,0,-0.10000000000000003
3107,,0,0.0
3108,,0,-0.4
3109,,0,-0.4
3110,,0,-0.10000000000000003
3111,,0,0.0
3112,,0,0.5
3113,0.0,0,0.0
3114,7.0,0,0.0
3115,-7.0,0,-0.4
3116,0.0,0,0.0
3117,0.0,0,0.0
3118,7.0,0,0.4
3119,-14.0,0,0.5
3120,-7.0,0,-0.10000000000000003
3121,14.0,0,-0.10000000000000003
3122,0.0,0,0.5
3123,0.0,0,-0.4
3124,7.0,0,0.0
3125,0.0,0,0.4
3126,0.0,0,-0.10000000000000003
3127,-7.0,0,0.5
3128,-14.0,0,-0.5
3129,21.0,0,0.10000000000000003
3130,14.0,0,0.5
3131,14.0,0,0.10000000000000003
3132,0.0,0,0.5
3133,-7.0,0,0.0
3134,-7.0,0,-0.4
3135,-7.0,0,0.0
3136,7.0,0,-0.10000000000000003
3137,11.0,1,-0.4
3138,0.0,0,-0.10000000000000003
3139,-32.0,1,-0.5
3140,-7.0,0,-0.5
3141,0.0,0,-0.4
3142,4.0,0,0.5
3143,-4.0,1,0.10000000000000003
3144,-7.0,1,-0.10000000000000003
3145,0.0,0,0.10000000000000003
3146,14.0,0,0.0
3147,4.0,1,-0.5
3148,7.0,0,0.0
3149,-7.0,0,0.4
3150,14.0,1,0.4
3151,0.0,0,0.0
3152,-4.0,0,0.0
3153,-14.0,0,0.0
3154,7.0,0,0.4
3155,7.0,0,0.0
3156,-15.0,0,0.10000000000000003
3157,-7.0,0,0.5
3158,4.0,1,0.10000000000000003
3159,18.0,0,0.10000000000000003
3160,-18.0,0,-0.4
3161,0.0,1,-0.5
3162,7.0,0,-0.5
3163,7.0,1,0.0
3164,7.0,0,0.4
3165,-7.0,0,0.0
3166,0.0,0,0.4
3167,-11.0,0,0.4
3168,0.0,0,-0.4
3169,0.0,0,0.10000000000000003
3170,7.0,0,-0.5
3171,0.0,0,-0.5
3172,-7.0,0,0.10000000000000003
3173,7.0,0,-0.5
3174,0.0,0,-0.10000000000000003
3175,0.0,0,0.4
3176,-7.0,0,0.10000000000000003
3177,7.0,0,0.5
3178,7.0,0,0.0
3179,0.0,0,0.10000000000000003
3180,7.0,0,0.0
3181,-22.0,0,0.5
3182,7.0,0,-0.10000000000000003
3183,7.0,0,0.5
3184,-7.0,0,-0.5
3185,0.0,0,0.0
3186,-7.0,0,-0.5
3187,-14.0,0,-0.5
3188,-14.0,0,-0.10000000000000003
3189,14.0,0,0.0
3190,18.0,0,0.10000000000000003
3191,0.0,0,-0.10000000000000003
3192,14.0,0,0.0
3193,-14.0,0,0.0
3194,-14.0,0,0.5
3195,10.0,0,0.5
3196,0.0,0,-0.4
3197,0.0,0,0.0
3198,0.0,0,0.4
3199,-7.0,0,-0.4
3200,0.0,0,-0.4
3201,7.0,0,0.0
3202,0.0,0,0.0
3203,0.0,0,0.5
3204,0.0,0,0.10000000000000003
3205,0.0,0,-0.4
3206,14.0,0,-0.10000000000000003
3207,7.0,0,-0.5
3208,7.0,0,0.5
3209,-7.0,0,0.5
3210,-21.0,0,-0.10000000000000003
3211,-21.0,0,0.0
3212,-7.0,0,0.5
3213,-15.0,0,0.0
3214,-7.0,0,0.0
3215,21.0,0,-0.10000000000000003
3216,28.0,0,-0.10000000000000003
3217,14.0,0,-0.4
3218,0.0,0,0.0
3219,-28.0,0,-0.4
3220,0.0,0,0.0
3221,14.0,0,0.0
3222,-21.0,0,0.0
3223,20.0,0,-0.5
3283,,0,-0.10000000000000003
3284,,0,0.10000000000000003
3285,,0,-0.4
3286,,0,0.5
3287,,0,0.5
3288,,0,0.5
3289,,0,0.10000000000000003
3290,,0,-0.5
3291,,0,0.4
3292,,0,-0.10000000000000003
3293,0.0,0,0.0
3294,0.0,0,0.4
3295,,0,0.0
3296,0.0,0,0.10000000000000003
3297,,0,-0.5
3298,7.0,0,-0.10000000000000003
3299,0.0,0,0.0
3300,-7.0,0,-0.5
3301,-7.0,0,0.5
3302,7.0,0,-0.10000000000000003
3303,-7.0,0,0.4
3304,-7.0,0,0.5
3305,-7.0,0,0.0
3306,7.0,0,0.4
3307,-7.0,0,0.0
3308,14.0,0,-0.4
3309,0.0,0,0.10000000000000003
3310,0.0,0,-0.5
3311,7.0,0,-0.4
3312,0.0,0,0.5
3313,0.0,0,-0.4
3314,-13.0,0,-0.10000000000000003
3315,0.0,0,0.10000000000000003
3316,15.0,0,-0.5
3317,13.0,0,0.0
3318,-14.0,0,0.0
3319,-15.0,0,0.0
3320,14.0,0,0.0
3321,0.0,0,0.4
3322,-7.0,0,0.0
3323,0.0,0,0.10000000000000003
3324,0.0,0,0.5
3325,0.0,0,0.0
3326,7.0,0,0.0
3327,0.0,0,0.10000000000000003
3328,7.0,0,-0.10000000000000003
3329,0.0,0,0.4
3330,-7.0,0,-0.5
3331,0.0,0,-0.4
3332,0.0,0,0.0
3333,14.0,0,0.5
3334,-15.0,0,-0.5
3335,-14.0,0,-0.10000000000000003
3336,0.0,0,-0.5
3337,10.0,0,0.0
3338,-14.0,0,0.5
3339,-7.0,0,-0.10000000000000003
3340,-14.0,0,0.10000000000000003
3341,14.0,0,-0.4
3342,20.0,0,-0.5
3343,-7.0,0,0.4
3344,28.0,0,0.4
3345,-7.0,0,-0.10000000000000003
3346,-17.0,0,0.0
3347,7.0,0,0.5
3348,7.0,0,0.0
3349,0.0,0,0.10000000000000003
3350,0.0,0,-0.4
3351,0.0,0,-0.4
3352,0.0,0,-0.10000000000000003
3353,1.0,0,-0.5
3354,-7.0,0,0.10000000000000003
3355,0.0,0,0.4
3356,7.0,0,0.5
3357,-7.0,0,-0.5
3358,-18.0,0,0.0
3359,7.0,0,0.0
3360,0.0,0,-0.10000000000000003
3361,0.0,0,0.10000000000000003
3362,-13.0,0,0.0
3363,0.0,0,-0.5
3364,0.0,0,0.0
3365,13.0,0,0.0
3366,0.0,0,-0.10000000000000003
3367,0.0,0,0.0
3368,0.0,0,0.5
3369,20.0,0,0.10000000000000003
3370,0.0,0,0.0
3371,-10.0,0,0.0
3372,0.0,0,-0.5
3373,7.0,0,-0.5
3374,7.0,0,-0.10000000000000003
3375,-7.0,0,-0.5
3376,-7.0,0,0.0
3377,0.0,0,0.10000000000000003
3378,-7.0,0,0.5
3379,-21.0,0,0.4
3380,14.0,0,-0.4
3381,0.0,0,-0.10000000000000003
3382,0.0,0,-0.5
3383,14.0,0,-0.4
3384,-7.0,0,0.0
3385,-18.0,0,0.10000000000000003
3386,21.0,0,0.5
3387,7.0,0,0.4
3388,-7.0,0,-0.4
3389,-8.0,0,-0.4
3390,11.0,0,-0.5
3391,-3.0,0,0.10000000000000003
3392,3.0,0,-0.10000000000000003
3393,-21.0,0,0.5
3394,-14.0,0,0.4
3395,14.0,0,0.10000000000000003
3396,35.0,0,0.0
3397,0.0,0,0.0
3398,0.0,0,0.5
3399,-7.0,0,0.0
3400,11.0,0,0.10000000000000003
3401,7.0,0,0.0
3402,7.0,0,0.10000000000000003
3403,-7.0,0,0.4
3463,,0,0.0
3464,,0,0.0
3465,,0,0.0
3466,,0,0.0
3467,,0,0.0
3468,,0,0.0
3469,,0,0.0
3470,,0,0.0
3471,,0,0.0
3472,,0,0.0
3473,7.0,0,0.0
3474,0.0,0,0.0
3475,0.0,0,0.0
3476,0.0,0,0.0
3477,-7.0,0,0.0
3478,0.0,0,0.0
3479,0.0,0,0.0
3480,7.0,0,0.0
3481,0.0,0,0.0
3482,-7.0,0,0.0
3483,-7.0,0,0.0
3484,7.0,0,0.0
3485,7.0,0,0.0
3486,-7.0,0,0.0
3487,0.0,0,0.0
3488,-7.0,0,0.0
3489,0.0,0,0.0
3490,7.0,0,0.0
3491,-7.0,0,0.0
3492,7.0,0,0.0
3493,0.0,0,0.0
3494,14.0,0,0.0
3495,14.0,0,0.0
3496,-14.0,0,0.0
3497,-14.0,0,0.0
3498,0.0,0,0.0
3499,-14.0,0,0.0
3500,0.0,0,0.0
3501,0.0,0,0.0
3502,14.0,0,0.0
3503,-7.0,0,0.0
3504,0.0,0,0.0
3505,0.0,0,0.0
3506,0.0,0,0.0
3507,7.0,0,0.0
3508,0.0,0,0.0
3509,0.0,0,0.0
3510,-7.0,0,0.0
3511,0.0,0,0.0
3512,7.0,0,0.0
3513,0.0,0,0.0
3514,0.0,0,0.0
3515,0.0,0,0.0
3516,0.0,0,0.0
3517,0.0,0,0.0
3518,-14.0,0,0.0
3519,0.0,0,0.0
3520,14.0,0,0.0
3521,0.0,0,0.0
3522,0.0,0,0.0
3523,0.0,0,0.0
3524,0.0,0,0.0
3525,14.0,0,0.0
3526,-14.0,0,0.0
3527,0.0,0,0.0
3528,-7.0,0,0.0
3529,0.0,0,0.0
3530,7.0,0,0.0
3531,-7.0,0,0.0
3532,7.0,0,0.0
3533,-7.0,0,0.0
3534,0.0,0,0.0
3535,7.0,0,0.0
3536,7.0,0,0.0
3537,-7.0,0,0.0
3538,0.0,0,0.0
3539,14.0,0,0.0
3540,-14.0,0,0.0
3541,14.0,0,0.0
3542,-14.0,0,0.0
3543,0.0,0,0.0
3544,14.0,0,0.0
3545,0.0,0,0.0
3546,0.0,0,0.0
3547,-14.0,0,0.0
3548,0.0,0,0.0
3549,7.0,0,0.0
3550,-7.0,0,0.0
3551,0.0,0,0.0
3552,0.0,0,0.0
3553,0.0,0,0.0
3554,0.0,0,0.0
3555,-7.0,0,0.0
3556,0.0,0,0.0
3557,0.0,0,0.0
3558,0.0,0,0.0
3559,0.0,0,0.0
3560,14.0,0,0.0
3561,-7.0,0,0.0
3562,0.0,0,0.0
3563,-21.0,0,0.0
3564,0.0,0,0.0
3565,46.0,0,0.0
3566,-25.0,1,0.0
3567,-21.0,0,0.0
3568,7.0,0,0.0
3569,0.0,0,0.0
3570,-7.0,1,0.0
3571,21.0,0,0.0
3572,-21.0,0,0.0
3573,0.0,0,0.0
3574,7.0,0,0.0
3575,28.0,0,0.0
3576,-4.0,1,0.0
3577,14.0,0,0.0
3578,0.0,0,0.0
3639,,0,0.5
3640,,0,0.0
3641,,0,0.4
3642,,0,-0.4
3643,,0,-0.3
3644,,0,-0.5
3645,,0,-0.4
3646,,0,0.0
3647,,0,0.0
3648,,0,-0.4
3649,,0,0.3
3650,,0,-0.10000000000000003
3651,,0,0.8
3652,,0,0.10000000000000003
3653,,0,-0.8
3654,,0,0.0
3655,,0,0.8
3656,,0,0.0
3657,7.0,0,0.3
3658,0.0,0,-0.3
3659,-1.0,0,-0.3
3660,1.0,0,-0.4
3661,-7.0,0,0.0
3662,0.0,0,-0.8
3663,1.0,0,0.8
3664,-1.0,0,0.4
3665,-1.0,0,-0.4
3666,-1.0,0,-0.10000000000000003
3667,1.0,0,0.0
3668,0.0,0,-0.4
3669,2.0,0,0.4
3670,0.0,0,0.0
3671,14.0,0,0.3
3672,9.0,0,0.0
3673,-14.0,0,0.3
3674,-8.0,0,0.8
3675,1.0,0,0.4
3676,0.0,0,-0.8
3677,0.0,0,-0.3
3678,-15.0,0,0.10000000000000003
3679,1.0,0,0.4
3680,-1.0,0,0.0
3681,0.0,0,-0.8
3682,12.0,0,-0.3
3683,0.0,0,0.0
3684,0.0,0,0.8
3685,5.0,0,0.5
3686,2.0,0,0.0
3687,0.0,0,0.0
3688,-1.0,0,0.3
3689,-1.0,0,-0.8
3690,0.0,0,-0.10000000000000003
3691,0.0,0,0.0
3692,-7.0,0,0.0
3693,-7.0,0,0.0
3694,0.0,0,-0.3
3695,2.0,0,-0.3
3696,-2.0,0,0.0
3697,0.0,0,0.0
3698,8.0,0,0.3
3699,0.0,0,0.0
3700,0.0,0,0.0
3701,1.0,0,-0.4
3702,0.0,0,0.4
3703,1.0,0,0.4
3704,-1.0,0,-0.8
3705,0.0,0,-0.3
3706,-2.0,0,0.0
3707,-1.0,0,-0.4
3708,0.0,0,0.8
3709,2.0,0,0.3
3710,0.0,0,0.3
3711,-7.0,0,-0.8
3712,1.0,0,0.4
3713,8.0,0,0.0
3714,0.0,0,-0.4
3715,-1.0,0,0.4
3716,0.0,0,0.0
3717,0.0,0,0.5
3718,0.0,0,0.0
3719,1.0,0,-0.8
3720,1.0,0,0.4
3721,-7.0,0,-0.8
3722,7.0,0,-0.8
3723,0.0,0,0.5
3724,-1.0,0,-0.10000000000000003
3725,0.0,0,0.0
3726,6.0,0,-0.4
3727,-8.0,0,0.3
3728,1.0,0,0.0
3729,1.0,0,-0.8
3730,-1.0,0,-0.3
3731,0.0,0,0.4
3732,-1.0,0,0.8
3733,6.0,0,0.5
3734,1.0,0,0.0
3735,-1.0,0,0.0
3736,0.0,0,-0.10000000000000003
3737,-7.0,0,0.4
3738,0.0,0,-0.3
3739,0.0,0,-0.4
3740,2.0,0,0.8
3741,-13.0,0,0.4
3742,1.0,0,0.4
3743,0.0,0,-0.5
3744,14.0,0,-0.3
3745,-2.0,0,0.0
3746,0.0,0,0.0
3747,1.0,0,0.0
3748,0.0,0,-0.3
3749,6.0,0,-0.4
3750,0.0,0,0.4
3751,-2.0,0,-0.5
3752,2.0,0,0.0
3753,-1.0,0,0.3
3754,-7.0,0,-0.4
3755,0.0,0,0.0
3756,-1.0,0,-0.3
3757,-7.0,0,0.8
3758,2.0,0,0.0
3759,-2.0,0,0.0
3760,5.0,0,0.0
3761,0.0,0,0.3
3762,-1.0,0,-0.8
3763,2.0,0,0.8
3764,1.0,0,0.10000000000000003
3765,-2.0,0,0.8
3766,0.0,0,0.0
3767,1.0,0,-0.4
3768,2.0,0,-0.5
3769,0.0,0,0.0
3770,0.0,0,0.0
3771,0.0,0,0.0
3772,0.0,0,-0.4
3773,0.0,0,-0.4
3774,1.0,0,-0.8
3775,-1.0,0,0.0
3776,-8.0,0,0.4
3777,2.0,0,0.0
3778,2.0,0,0.0
3779,0.0,0,0.0
3780,-1.0,0,0.8
3781,0.0,0,0.3
3782,-8.0,0,-0.4
3783,1.0,0,0.4
3784,1.0,0,-0.4
3785,0.0,0,0.3
3786,6.0,0,0.8
3787,1.0,0,-0.8
3788,0.0,0,0.0
3789,30.0,0,0.4
3790,-5.0,0,0.0
3791,1.0,0,0.4
3792,26.0,0,0.0
3793,-1.0,0,-0.4
3794,-25.0,0,0.5
3795,0.0,0,-0.5
3796,2.0,0,0.3
3797,-1.0,0,0.0
3798,28.0,0,0.4
3799,-2.0,1,0.0
3800,-21.0,0,-0.8
3801,3.0,0,-0.10000000000000003
3802,-1.0,1,0.8
3803,-28.0,1,0.10000000000000003
3804,0.0,0,-0.8
3805,0.0,1,-0.3
3806,0.0,0,0.0
3807,8.0,1,-0.4
3808,1.0,1,0.10000000000000003
3809,7.0,0,0.0
3810,-2.0,1,-0.4
3811,1.0,1,0.8
3812,-1.0,1,0.3
3813,-11.0,0,0.4
3814,-7.0,0,-0.3
3815,0.0,0,-0.8
3816,1.0,0,0.3
3817,0.0,0,0.4
3818,-8.0,0,0.0
3819,0.0,0,0.4
3820,-3.0,0,0.10000000000000003
3821,8.0,0,-0.8
3822,-2.0,1,-0.4
3823,0.0,0,0.0
3824,6.0,0,-0.3
3825,-3.0,0,-0.3
3826,4.0,0,0.0
3827,-1.0,0,0.8
3828,0.0,0,0.0
3829,7.0,0,-0.10000000000000003
3830,-1.0,0,0.0
3831,1.0,0,-0.4
3832,1.0,0,0.8
3833,-7.0,0,0.3
3834,2.0,0,-0.4
3835,0.0,0,0.3
3836,0.0,0,0.0
3945,,0,0.8
3946,,0,0.8
3947,,0,0.0
3948,,0,0.3
3949,,0,0.8
3950,,0,0.0
3951,,0,0.0
3952,,0,0.5
3953,,0,0.0
3954,,0,-0.3
3955,,0,-0.8
3956,,0,0.4
3957,,0,-0.8
3958,,0,-0.4
3959,,0,-0.5
3960,,0,-0.8
3961,,0,0.0
3962,,0,0.0
3963,-6.0,0,0.0
3964,1.0,0,0.5
3965,2.0,0,0.0
3966,1.0,0,0.3
3967,5.0,0,0.8
3968,1.0,0,0.8
3969,0.0,0,0.8
3970,0.0,0,-0.4
3971,-1.0,0,0.4
3972,0.0,0,-0.8
3973,0.0,0,-0.3
3974,-9.0,0,0.0
3975,2.0,0,0.0
3976,-2.0,0,-0.8
3977,1.0,0,0.0
3978,-1.0,0,-0.5
3979,1.0,0,-0.4
3980,6.0,0,-0.4
3981,-1.0,0,0.0
3982,1.0,0,0.3
3983,1.0,0,0.8
3984,0.0,0,0.0
3985,-2.0,0,0.8
3986,1.0,0,0.8
3987,-1.0,0,0.10000000000000003
3988,1.0,0,0.4
3989,0.0,0,0.0
3990,-1.0,0,0.3
3991,-12.0,0,-0.4
3992,0.0,0,-0.8
3993,0.0,0,-0.3
3994,0.0,0,-0.8
3995,14.0,0,0.0
3996,-1.0,0,-0.4
3997,0.0,0,-0.8
3998,1.0,0,0.0
3999,6.0,0,0.4
4000,1.0,0,0.4
4001,-2.0,0,0.8
4002,2.0,0,0.0
4003,0.0,0,0.0
4004,15.0,0,0.0
4005,-7.0,0,0.0
4006,-1.0,0,0.0
4007,-15.0,0,0.8
4008,-8.0,0,0.0
4009,0.0,0,-0.3
4010,0.0,0,0.0
4011,0.0,0,-0.8
4012,1.0,0,0.3
4013,0.0,0,0.4
4014,7.0,0,-0.4
4015,0.0,0,-0.8
4016,0.0,0,-0.8
4017,7.0,0,0.0
4018,-5.0,0,0.0
4019,0.0,0,-0.3
4020,-2.0,0,-0.4
4021,2.0,0,0.3
4022,1.0,0,0.0
4023,0.0,0,0.4
4024,0.0,0,0.8
4025,-1.0,0,0.0
4026,0.0,0,0.4
4027,8.0,0,0.0
4028,0.0,0,-0.8
4029,-1.0,0,0.10000000000000003
4030,0.0,0,0.0
4031,-7.0,0,0.0
4032,-1.0,0,0.0
4033,0.0,0,0.3
4034,1.0,0,-0.8
4035,1.0,0,0.0
4036,7.0,0,0.0
4037,0.0,0,-0.8
4038,-1.0,0,0.0
4039,-8.0,0,-0.4
4040,-1.0,0,0.8
4041,1.0,0,-0.10000000000000003
4042,0.0,0,0.0
4043,0.0,0,-0.3
4044,2.0,0,0.4
4045,1.0,0,0.4
4046,7.0,0,0.0
4047,0.0,0,0.0
4048,0.0,0,0.0
4049,-8.0,0,0.3
4050,-1.0,0,-0.3
4051,-1.0,0,0.0
4052,1.0,0,0.0
4053,-1.0,0,-0.4
4054,0.0,0,0.0
4055,-2.0,0,-0.5
4056,0.0,0,0.0
4057,0.0,0,-0.8
4058,1.0,0,0.4
4059,-8.0,0,0.3
4060,1.0,0,0.0
4061,7.0,0,-0.8
4062,0.0,0,0.8
4063,1.0,0,0.5
4064,2.0,0,0.4
4065,-7.0,0,-0.3
4066,-1.0,0,0.0
4067,-2.0,0,0.0
4068,1.0,0,0.4
4069,7.0,0,0.0
4070,0.0,0,0.0
4071,0.0,0,-0.8
4072,0.0,0,-0.8
4073,-2.0,0,-0.10000000000000003
4074,2.0,0,0.0
4075,2.0,0,-0.5
4076,6.0,0,0.8
4077,0.0,0,0.0
4078,0.0,0,-0.4
4079,-6.0,0,0.0
4080,-9.0,0,0.4
4081,0.0,0,0.4
4082,-2.0,0,-0.3
4083,8.0,0,0.0
4084,5.0,0,-0.3
4085,1.0,0,0.8
4086,1.0,0,0.8
4087,-7.0,0,0.8
4088,0.0,0,0.8
4089,-1.0,0,0.0
4090,-6.0,0,-0.5
4091,2.0,0,0.3
4092,2.0,0,-0.4
4093,1.0,0,0.0
4094,7.0,0,-0.4
4095,-1.0,0,-0.8
4096,0.0,0,-0.8
4097,-1.0,0,-0.8
4098,-1.0,0,0.0
4099,-1.0,0,0.0
4100,0.0,0,-0.8
4101,7.0,0,0.0
4102,-2.0,0,0.0
4103,2.0,0,-0.8
4104,-8.0,0,-0.3
4105,0.0,0,-0.8
4106,1.0,0,-0.5
4107,0.0,0,0.0
4108,0.0,0,0.8
4109,1.0,0,0.8
4110,0.0,0,0.0
4111,0.0,0,0.4
4112,7.0,0,-0.4
4113,-6.0,0,0.3
4114,0.0,0,0.8
4115,-1.0,0,0.5
4116,-7.0,0,-0.8
4117,8.0,0,0.0
4118,0.0,0,0.0
4119,-1.0,0,-0.8
4120,-2.0,0,-0.4
4121,-1.0,0,-0.5
4122,0.0,0,0.4
4123,1.0,0,-0.3
4124,0.0,0,-0.8
4125,8.0,0,0.0
4126,-8.0,0,0.4
4127,-2.0,0,0.3
4128,-2.0,0,0.8
4129,-1.0,0,0.4
4130,2.0,0,0.5
4131,0.0,0,0.0
4132,0.0,0,0.8
4133,0.0,0,0.0
4134,-2.0,0,0.0
4135,1.0,0,0.0
4136,2.0,0,-0.8
4137,-1.0,0,-0.10000000000000003
4138,-2.0,0,-0.8
4139,-1.0,0,-0.4
4140,1.0,0,0.0
4141,1.0,0,-0.3
4142,0.0,0,-0.8
4143,-8.0,0,0.0
4144,9.0,0,0.4
4251,,0,-0.8
4252,,0,0.0
4253,,0,0.3
4254,,0,0.8
4255,,0,-0.4
4256,,0,0.3
4257,,0,0.3
4258,,0,-0.10000000000000003
4259,,0,-0.4
4260,,0,0.8
4261,,0,0.0
4262,,0,-0.8
4263,,0,-0.3
4264,,0,-0.3
4265,,0,0.8
4266,,0,0.10000000000000003
4267,,0,-0.3
4268,,0,-0.4
4269,,0,0.8
4270,,0,-0.4
4271,0.0,0,0.0
4272,,0,-0.5
4273,,0,-0.4
4274,2.0,0,0.3
4275,-1.0,0,0.3
4276,1.0,0,0.4
4277,1.0,0,0.0
4278,0.0,0,0.8
4279,,0,0.4
4280,,0,0.3
4281,1.0,0,0.0
4282,16.0,0,0.0
4283,-15.0,0,0.10000000000000003
4284,4.0,0,-0.8
4285,-1.0,0,-0.3
4286,14.0,0,0.0
4287,-1.0,0,-0.3
4288,-14.0,0,0.10000000000000003
4289,-2.0,0,0.8
4290,-6.0,0,0.4
4291,0.0,0,0.3
4292,8.0,0,0.0
4293,0.0,0,-0.8
4294,0.0,0,0.0
4295,-13.0,0,-0.10000000000000003
4296,-13.0,0,0.0
4297,-5.0,0,0.0
4298,-1.0,0,0.0
4299,15.0,0,0.0
4300,14.0,0,0.0
4301,1.0,0,0.4
4302,9.0,0,0.0
4303,-16.0,0,0.0
4304,5.0,0,0.8
4305,7.0,0,0.0
4306,-1.0,0,0.0
4307,-1.0,0,0.10000000000000003
4308,3.0,0,-0.4
4309,-3.0,0,0.8
4310,-7.0,0,-0.5
4311,5.0,0,0.0
4312,0.0,0,0.0
4313,8.0,0,-0.8
4314,-1.0,0,-0.5
4315,-7.0,0,0.0
4316,1.0,0,0.0
4317,-9.0,0,0.0
4318,-5.0,0,0.3
4319,0.0,0,0.4
4320,7.0,0,0.0
4321,-14.0,0,0.4
4322,-1.0,0,0.0
4323,1.0,0,-0.3
4324,14.0,0,0.0
4325,-23.0,0,-0.3
4326,-13.0,0,0.0
4327,1.0,0,0.4
4328,7.0,0,-0.3
4329,14.0,0,0.4
4330,15.0,0,-0.3
4331,0.0,0,-0.8
4332,-14.0,0,-0.5
4333,-1.0,0,-0.10000000000000003
4334,15.0,0,0.3
4335,0.0,0,0.3
4336,15.0,0,0.4
4337,-15.0,0,0.0
4338,-1.0,0,0.0
4339,-1.0,0,0.0
4340,1.0,0,0.4
4341,1.0,1,-0.3
4342,0.0,1,0.5
4343,1.0,1,-0.3
4344,-1.0,0,-0.4
4345,-1.0,0,-0.4
4346,-2.0,1,0.4
4347,1.0,0,0.0
4348,2.0,0,0.5
4349,0.0,0,0.0
4350,0.0,0,0.0
4351,-1.0,1,0.4
4352,1.0,1,-0.4
4353,5.0,1,0.3
4354,0.0,1,0.3
4355,-5.0,0,-0.8
4356,2.0,1,0.3
4357,0.0,1,-0.4
4358,-1.0,1,-0.8
4359,0.0,0,0.3
4360,1.0,1,0.8
4361,4.0,0,0.0
4362,2.0,0,0.0
4363,0.0,0,0.10000000000000003
4364,0.0,0,0.5
4365,-3.0,0,0.4
4366,1.0,0,-0.3
4367,-2.0,0,0.0
4368,-1.0,0,0.0
4369,-1.0,0,-0.3
4370,-1.0,0,-0.4
4371,1.0,0,0.3
4372,-1.0,0,-0.4
4373,1.0,0,0.0
4374,0.0,0,0.3
4375,7.0,0,0.8
4376,0.0,0,0.0
4377,-6.0,0,-0.4
4378,0.0,0,-0.10000000000000003
4379,0.0,0,-0.5
4380,-2.0,0,0.0
4381,6.0,0,-0.4
4382,1.0,0,0.5
4383,-1.0,0,0.10000000000000003
4384,0.0,0,0.0
4385,1.0,0,-0.3
4386,-1.0,0,0.0
4387,0.0,0,0.5
4388,-7.0,0,0.4
4389,0.0,0,0.0
4390,-1.0,0,-0.8
4391,-6.0,0,-0.4
4392,-7.0,0,0.0
4393,1.0,0,0.0
4394,-1.0,0,0.3
4395,-1.0,0,0.8
4396,6.0,0,0.0
4397,-8.0,0,-0.8
4398,1.0,0,-0.8
4399,6.0,0,-0.3
4400,6.0,0,0.0
4401,6.0,0,0.0
4402,8.0,0,0.0
4403,5.0,0,-0.4
4404,-6.0,0,0.0
4405,-15.0,0,0.4
4406,-8.0,0,-0.3
4407,-7.0,0,-0.4
4408,1.0,0,0.0
4409,3.0,0,-0.3
4410,-1.0,0,0.0
4411,6.0,0,0.10000000000000003
4412,1.0,0,0.4
4413,7.0,0,-0.8
4414,-1.0,0,0.0
4415,1.0,0,-0.5
4416,-7.0,0,0.3
4417,-13.0,0,-0.8
4418,23.0,0,0.3
4419,-13.0,0,0.0
4420,-1.0,0,-0.4
4421,-14.0,0,0.3
4422,-8.0,0,0.0
4423,8.0,0,-0.8
4424,-1.0,0,0.4
4425,14.0,0,0.4
4426,1.0,0,0.8
4427,-1.0,0,0.10000000000000003
4428,8.0,0,-0.3
4429,-7.0,0,-0.3
4430,20.0,0,0.4
4431,-6.0,0,-0.3
4432,7.0,0,0.0
4433,1.0,0,-0.8
4434,-8.0,0,-0.4
4435,-1.0,0,0.0
4436,1.0,0,0.8
4437,6.0,1,-0.4
4438,2.0,1,0.3
4439,-2.0,1,0.3
4440,1.0,1,0.3
4441,-3.0,0,0.0
4442,-1.0,0,-0.4
4443,-8.0,0,0.4
4444,0.0,1,0.0
4445,5.0,1,0.0
4446,1.0,0,0.3
4447,4.0,1,0.8
4448,-8.0,1,0.8
4449,-1.0,1,0.4
4450,1.0,1,-0.5
4451,1.0,1,0.10000000000000003
4452,-2.0,1,-0.8
4453,-5.0,1,0.8
4454,4.0,0,-0.3
4455,1.0,1,0.0
4456,0.0,1,-0.4
4457,-2.0,1,-0.3
4458,6.0,1,0.8
4459,-1.0,1,-0.4
4460,-1.0,1,-0.3
4461,-4.0,1,0.4
4462,-5.0,1,0.3
4463,2.0,0,0.4
4464,0.0,1,0.0
4465,6.0,0,0.0
4466,3.0,0,0.0
4467,4.0,0,0.3
4468,-1.0,1,-0.5
4469,5.0,0,-0.5
4470,-8.0,0,0.4
4471,-1.0,0,0.0
4472,1.0,0,0.4
4473,1.0,0,0.4
4474,2.0,0,-0.4
4475,0.0,0,0.0
4476,-7.0,0,0.0
4477,-3.0,0,-0.8
4478,-1.0,0,-0.3
4479,1.0,0,-0.3
4480,7.0,0,-0.8
4481,-3.0,0,0.0
4482,0.0,0,-0.8
4483,0.0,0,0.4
4484,-9.0,0,0.0
4485,2.0,0,0.0
4486,7.0,0,-0.8
4487,-1.0,0,0.3
4488,0.0,0,0.3
4489,-1.0,0,0.3
4490,3.0,0,-0.4
4491,0.0,0,-0.10000000000000003
4492,1.0,0,-0.3
4493,9.0,0,0.5
4494,-2.0,0,0.0
4495,-2.0,0,0.0
4496,-1.0,0,-0.4
4497,-7.0,0,0.0
4498,2.0,0,0.5
4499,1.0,0,0.0
4500,1.0,0,0.5
4501,7.0,0,-0.4
4631,,0,0.4
4632,,0,0.0
4633,,0,0.0
4634,,0,0.8
4635,,0,0.8
4636,,0,0.4
4637,,0,0.4
4638,,0,0.8
4639,,0,0.3
4640,,0,-0.3
4641,,0,0.0
4642,,0,-0.4
4643,,0,-0.8
4644,,0,0.0
4645,,0,0.10000000000000003
4646,,0,0.0
4647,,0,0.0
4648,,0,0.0
4649,,0,0.3
4650,,0,-0.4
4651,,0,-0.8
4652,8.0,0,-0.4
4653,,0,-0.8
4654,-7.0,0,0.0
4655,-7.0,0,-0.10000000000000003
4656,0.0,0,0.3
4657,-3.0,0,0.0
4658,0.0,0,0.0
4659,,0,-0.8
4660,,0,-0.4
4661,0.0,0,0.8
4662,14.0,0,0.4
4663,1.0,0,-0.3
4664,-7.0,0,0.4
4665,20.0,0,0.8
4666,8.0,0,0.8
4667,-4.0,0,-0.3
4668,0.0,0,0.0
4669,-14.0,0,0.4
4670,-13.0,0,0.0
4671,7.0,0,0.3
4672,9.0,0,0.0
4673,-5.0,0,0.4
4674,-2.0,0,0.0
4675,15.0,0,-0.8
4676,-8.0,0,-0.8
4677,-19.0,0,0.8
4678,19.0,0,0.4
4679,-13.0,0,-0.10000000000000003
4680,-1.0,0,0.0
4681,1.0,0,0.0
4682,7.0,0,-0.4
4683,6.0,0,-0.4
4684,1.0,0,0.8
4685,-7.0,0,0.0
4686,0.0,0,0.0
4687,-16.0,0,-0.8
4688,-1.0,0,-0.3
4689,7.0,0,-0.3
4690,-2.0,0,0.4
4691,0.0,1,0.0
4692,0.0,1,0.4
4693,4.0,1,0.0
4694,4.0,1,0.5
4695,7.0,0,-0.4
4696,0.0,0,0.0
4697,-5.0,1,0.0
4698,-5.0,1,0.0
4699,-4.0,1,-0.4
4700,-1.0,1,0.3
4701,-3.0,0,0.0
4702,5.0,0,0.0
4703,0.0,0,-0.4
4704,1.0,0,0.0
4705,-3.0,0,0.4
4706,0.0,0,0.0
4707,-3.0,0,0.4
4708,1.0,0,0.5
4709,-1.0,0,-0.8
4710,7.0,0,0.3
4711,0.0,0,0.3
4712,1.0,0,0.8
4713,-12.0,0,-0.4
4714,-2.0,0,-0.8
4715,-3.0,0,-0.4
4716,14.0,0,0.0
4717,14.0,0,-0.8
4718,-15.0,0,-0.5
4719,4.0,0,0.0
4720,0.0,0,0.4
4721,-1.0,0,0.0
4722,-13.0,0,0.8
4723,-2.0,0,0.0
4724,14.0,0,0.0
4725,1.0,0,-0.3
4726,0.0,0,0.4
4727,14.0,0,0.8
4728,-14.0,0,-0.3
4729,1.0,0,0.4
4730,0.0,1,0.0
4731,-1.0,0,-0.8
4732,4.0,1,0.0
4733,0.0,1,0.0
4734,-4.0,1,0.4
4735,0.0,1,-0.5
4736,-2.0,0,0.4
4737,1.0,0,0.3
4738,0.0,0,0.4
4739,1.0,0,0.0
4740,-11.0,1,0.0
4741,0.0,0,0.5
4742,4.0,1,0.0
4743,1.0,1,-0.3
4744,0.0,0,0.0
4745,0.0,1,0.0
4746,8.0,1,-0.8
4747,-1.0,0,0.8
4748,0.0,0,0.0
4749,0.0,0,-0.4
4750,-1.0,0,-0.10000000000000003
4751,0.0,0,0.0
4752,1.0,0,0.0
4753,7.0,0,-0.8
4754,1.0,0,-0.8
4755,-1.0,0,-0.4
4756,-1.0,0,0.3
4757,-5.0,0,-0.4
4758,0.0,0,0.8
4759,0.0,0,0.0
4760,-1.0,0,-0.3
4761,0.0,0,-0.4
4762,15.0,0,-0.8
4763,-6.0,0,0.8
4764,1.0,0,0.0
4765,-2.0,0,0.4
4766,-14.0,0,0.3
4767,7.0,0,0.8
4768,1.0,0,-0.8
4769,1.0,0,0.4
4770,-1.0,0,-0.4
4771,-7.0,0,-0.8
4772,4.0,0,0.0
4773,-15.0,0,0.0
4774,-1.0,0,0.0
4775,17.0,1,0.8
4776,1.0,0,0.0
4777,1.0,0,-0.8
4778,-1.0,0,0.8
4779,-1.0,0,0.0
4780,1.0,0,-0.4
4781,1.0,0,0.8
4782,-13.0,1,0.0
4783,1.0,0,0.0
4784,6.0,1,-0.4
4785,0.0,0,0.0
4786,-2.0,0,0.10000000000000003
4787,0.0,0,0.3
4788,0.0,0,0.0
4789,8.0,0,0.0
4790,0.0,0,-0.4
4791,0.0,0,0.10000000000000003
4792,-6.0,0,0.0
4793,0.0,0,-0.5
4794,1.0,0,0.4
4795,0.0,0,0.8
4796,5.0,0,0.0
4797,-1.0,0,-0.8
4798,-6.0,0,0.4
4799,-1.0,0,0.0
4800,5.0,0,0.0
4801,-7.0,0,-0.5
4802,-5.0,0,0.0
4803,1.0,0,0.8
4804,0.0,0,0.0
4805,-6.0,0,0.3
4806,8.0,0,0.0
4807,7.0,0,-0.8
4808,13.0,0,0.0
4809,0.0,0,0.8
4810,-7.0,0,0.4
4811,6.0,0,-0.8
4812,-14.0,0,-0.4
4813,-1.0,0,0.0
4814,7.0,0,-0.4
4815,7.0,0,-0.8
4816,0.0,0,0.5
4817,0.0,0,-0.4
4818,1.0,0,0.0
4819,-1.0,0,-0.8
4820,-7.0,0,-0.3
4821,0.0,0,0.0
4822,-16.0,0,0.0
4823,-21.0,0,0.0
4824,7.0,0,0.0
4825,14.0,0,0.5
4826,0.0,0,0.0
4827,-14.0,0,0.0
4828,-7.0,0,0.4
4829,22.0,0,0.10000000000000003
4830,14.0,0,0.4
4831,0.0,0,0.0
4832,-6.0,0,0.4
4833,6.0,0,0.0
4834,-1.0,0,-0.4
4835,-1.0,0,-0.8
4836,-14.0,0,0.8
4837,16.0,0,-0.5
4838,0.0,0,0.4
4839,-13.0,0,0.0
4840,14.0,0,0.3
4841,7.0,0,-0.4
4842,1.0,0,-0.3
4843,1.0,0,0.0
4844,7.0,0,-0.8
4845,0.0,0,0.8
4846,-8.0,0,-0.3
4847,-1.0,0,0.4
4848,1.0,0,-0.4
4849,0.0,0,0.0
4850,-7.0,0,-0.8
4851,0.0,0,-0.4
4852,1.0,0,0.0
4853,1.0,0,0.3
4854,-2.0,0,0.3
4855,0.0,0,-0.4
4856,0.0,0,0.0
4857,-7.0,0,0.0
4858,6.0,0,0.8
4859,0.0,0,0.4
4860,1.0,0,0.8
4861,-1.0,0,-0.8
4862,0.0,0,0.5
4863,-1.0,0,0.0
4864,-1.0,0,0.0
4865,0.0,0,0.0
4866,0.0,0,0.10000000000000003
4867,1.0,0,-0.8
4868,0.0,0,-0.8
4869,0.0,0,0.0
4870,1.0,0,0.0
4871,0.0,1,0.8
4872,4.0,1,0.3
4873,-4.0,1,0.0
4874,4.0,1,0.3
4875,0.0,0,-0.8
4876,4.0,0,-0.4
4877,-5.0,0,0.4
4878,4.0,1,0.8
4879,-5.0,0,0.0
4880,-5.0,0,-0.4
4881,0.0,1,0.8
5011,,0,-0.3
5012,,0,0.8
5013,,0,0.0
5014,,0,-0.4
5015,,0,-0.3
5016,,0,-0.8
5017,,0,0.3
5018,,0,-0.5
5019,,0,0.0
5020,,0,0.8
5021,,0,-0.8
5022,,0,0.4
5023,,0,0.3
5024,,0,0.0
5025,,0,0.0
5026,-1.0,0,0.0
5027,,0,-0.3
5028,,0,0.0
5029,,0,0.0
5030,,0,0.5
5031,,0,0.3
5032,7.0,0,-0.3
5033,2.0,1,0.0
5034,,0,0.0
5035,-4.0,0,0.5
5036,,0,0.0
5037,-1.0,0,-0.4
5038,-1.0,0,0.3
5039,-3.0,1,-0.8
5040,-1.0,0,-0.8
5041,-2.0,0,0.0
5042,2.0,0,0.10000000000000003
5043,6.0,0,0.0
5044,-10.0,0,0.3
5045,0.0,0,0.8
5046,6.0,0,0.3
5047,1.0,0,-0.5
5048,0.0,0,0.0
5049,0.0,0,0.8
5050,7.0,0,0.0
5051,6.0,0,0.0
5052,-2.0,0,0.3
5053,-7.0,0,0.3
5054,-21.0,0,-0.3
5055,14.0,0,-0.8
5056,-5.0,0,0.0
5057,-5.0,0,0.0
5058,0.0,0,-0.3
5059,-1.0,0,-0.4
5060,9.0,0,0.0
5061,7.0,0,0.0
5062,16.0,0,-0.4
5063,0.0,0,0.3
5064,-8.0,0,0.0
5065,-6.0,0,0.0
5066,-14.0,0,0.0
5067,3.0,0,0.0
5068,-15.0,0,-0.3
5069,1.0,0,-0.3
5070,-1.0,0,0.8
5071,-2.0,0,0.0
5072,1.0,0,-0.10000000000000003
5073,13.0,0,0.5
5074,-7.0,0,0.0
5075,28.0,0,0.0
5076,-13.0,0,0.3
5077,-1.0,0,-0.8
5078,-14.0,0,0.0
5079,-1.0,0,0.0
5080,0.0,0,-0.3
5081,0.0,0,0.0
5082,4.0,0,0.0
5083,-27.0,0,-0.5
5084,-8.0,0,0.0
5085,35.0,0,0.4
5086,-6.0,0,-0.3
5087,6.0,0,-0.8
5088,-8.0,0,0.3
5089,2.0,0,0.0
5090,7.0,0,0.10000000000000003
5091,0.0,0,0.0
5092,-19.0,0,0.0
5093,-1.0,0,-0.8
5094,2.0,0,0.8
5095,0.0,0,0.8
5096,7.0,0,-0.3
5097,18.0,0,0.0
5098,2.0,0,0.0
5099,6.0,0,0.0
5100,0.0,0,0.8
5101,-2.0,0,0.0
5102,1.0,0,0.0
5103,-16.0,0,0.0
5104,6.0,0,-0.3
5105,1.0,0,-0.8
5106,0.0,0,-0.8
5107,0.0,0,0.3
5108,6.0,0,-0.3
5109,2.0,0,-0.3
5110,-2.0,0,-0.3
5111,-8.0,0,0.0
5112,0.0,0,0.8
5113,-6.0,0,0.4
5114,8.0,0,0.0
5115,1.0,0,0.0
5116,6.0,0,-0.8
5117,5.0,0,-0.5
5118,-1.0,0,-0.3
5119,-1.0,0,0.0
5230,,0,-0.4
5231,,0,0.0
5232,,0,0.0
5233,,0,0.3
5234,,0,-0.3
5235,,0,-0.4
5236,,0,-0.4
5237,,0,0.3
5238,,0,0.0
5239,,0,-0.3
5240,,0,0.8
5241,,0,0.0
5242,,0,0.0
5243,,0,0.8
5244,,0,0.4
5245,,0,0.0
5246,,0,0.4
5247,,0,0.3
5248,,0,-0.4
5249,,0,0.3
5250,,0,-0.8
5251,,0,0.0
5252,7.0,0,-0.8
5253,-3.0,0,-0.4
5254,0.0,0,0.8
5255,2.0,0,-0.3
5256,-5.0,0,0.4
5257,1.0,0,0.0
5258,,0,0.0
5259,,0,0.0
5260,1.0,0,-0.4
5261,-2.0,0,0.0
5262,-6.0,0,-0.3
5263,7.0,0,-0.4
5264,-9.0,0,-0.5
5265,-1.0,0,0.3
5266,-1.0,0,0.4
5267,-3.0,0,0.3
5268,0.0,0,0.0
5269,-7.0,0,0.0
5270,10.0,0,-0.3
5271,7.0,0,0.0
5272,-7.0,0,0.4
5273,2.0,0,0.0
5274,-6.0,0,0.3
5275,1.0,0,0.0
5276,9.0,0,0.10000000000000003
5277,-1.0,0,-0.3
5278,-1.0,0,-0.8
5279,-1.0,0,-0.3
5280,-1.0,0,0.4
5281,-1.0,0,0.8
5282,1.0,0,0.0
5283,6.0,0,0.0
5284,-6.0,0,0.4
5285,1.0,0,0.3
5286,-2.0,0,-0.4
5287,5.0,0,-0.3
5288,-8.0,0,-0.4
5289,-1.0,0,0.8
5290,-7.0,0,-0.4
5291,1.0,0,0.0
5292,0.0,0,0.3
5293,4.0,0,0.0
5294,1.0,0,-0.5
5295,0.0,0,0.0
5296,8.0,0,0.0
5297,-5.0,0,0.8
5298,-8.0,0,-0.3
5299,1.0,0,-0.5
5300,6.0,0,-0.3
5301,-9.0,0,-0.3
5302,2.0,0,0.0
5303,0.0,0,-0.4
5304,2.0,0,0.0
5305,9.0,0,0.0
5306,0.0,0,-0.8
5307,-8.0,0,0.0
5308,8.0,0,-0.5
5309,-15.0,0,0.0
5310,-5.0,0,0.0
5311,7.0,0,0.0
5312,12.0,0,0.10000000000000003
5313,6.0,0,0.8
5314,1.0,0,0.5
5315,-8.0,0,-0.4
5316,-6.0,0,0.3
5317,8.0,0,0.4
5318,-15.0,0,-0.3
5319,8.0,0,0.4
5320,-1.0,0,0.0
5321,6.0,0,0.4
5322,7.0,0,0.0
5323,2.0,0,-0.8
5324,-7.0,0,-0.8
5325,-8.0,0,0.0
5326,-7.0,0,0.0
5327,6.0,0,0.0
5328,6.0,0,-0.10000000000000003
5329,-5.0,0,0.0
5330,2.0,0,-0.4
5331,9.0,0,0.0
5332,6.0,0,-0.3
5333,-1.0,0,0.0
5334,2.0,0,0.8
5335,8.0,0,0.5
5336,-10.0,0,-0.5
5337,-2.0,0,0.3
5338,-8.0,0,0.0
5339,6.0,0,-0.3
5340,5.0,0,0.4
5341,-1.0,0,0.0
5342,-7.0,0,-0.3
5343,-5.0,0,0.0
5344,-7.0,0,0.0
5345,1.0,0,-0.4
5346,-1.0,0,0.3
5347,1.0,0,0.0
5348,-1.0,0,-0.4
5349,8.0,0,0.3
5350,6.0,0,0.8
5351,-7.0,0,0.0
5352,-13.0,0,0.0
5353,1.0,0,0.0
5354,-7.0,0,0.8
5355,8.0,0,0.0
5356,5.0,0,0.3
5357,-2.0,0,-0.3
5358,0.0,0,0.5
5359,1.0,0,0.10000000000000003
5360,-2.0,0,0.0
5361,21.0,0,0.0
5362,-6.0,0,0.4
5363,-11.0,1,0.0
5364,-6.0,0,0.0
5365,1.0,0,0.0
5366,-9.0,0,-0.10000000000000003
5367,-1.0,0,0.0
5368,6.0,0,-0.5
5369,1.0,0,-0.4
5370,6.0,0,0.0
5371,1.0,0,-0.8
5372,-1.0,0,-0.3
5373,7.0,0,0.0
5374,-2.0,0,0.8
5375,3.0,0,0.8
5376,20.0,0,0.0
5377,0.0,0,0.0
5378,0.0,0,0.8
5379,1.0,0,0.0
5380,-7.0,0,0.4
5381,3.0,0,0.4
5382,1.0,0,0.10000000000000003
5383,-1.0,0,0.3
5384,9.0,0,-0.8
5385,1.0,0,-0.4
5386,-13.0,0,-0.8
5387,-1.0,0,-0.3
5388,-6.0,0,0.3
5389,-1.0,0,-0.4
5390,0.0,0,0.0
5391,-2.0,0,-0.8
5392,-7.0,0,-0.10000000000000003
5393,2.0,0,0.0
5394,6.0,0,-0.8
5395,-1.0,0,0.0
5396,-10.0,1,0.0
5397,-2.0,0,0.4
5398,1.0,0,-0.3
5399,1.0,1,0.8
5400,3.0,0,-0.3
5401,-1.0,0,0.4
5402,0.0,0,0.8
5403,-1.0,0,0.4
5404,0.0,0,0.3
5405,-1.0,0,0.5
5406,4.0,1,-0.8
5407,2.0,0,0.0
5408,-2.0,0,0.0
5409,0.0,0,-0.8
5410,0.0,0,-0.3
5411,1.0,0,-0.4
5412,-1.0,0,-0.5
5413,1.0,0,0.0
5414,-2.0,0,0.0
5415,2.0,0,-0.10000000000000003
5416,-2.0,0,-0.10000000000000003
5417,0.0,0,0.4
5418,0.0,0,0.3
5419,-1.0,0,0.0
5420,0.0,0,0.0
5421,0.0,0,0.8
5422,0.0,0,0.4
5423,-7.0,0,0.3
5424,0.0,0,-0.3
5425,0.0,0,0.8
5426,1.0,0,-0.3
5427,7.0,0,0.4
5428,-1.0,0,0.0
5429,-6.0,0,-0.3
5430,1.0,0,-0.8
5431,-1.0,0,0.0
5432,-1.0,0,-0.10000000000000003
5433,-3.0,0,-0.5
5434,1.0,0,0.0
5435,6.0,0,0.10000000000000003
5436,1.0,0,-0.4
5437,0.0,0,0.0
5438,0.0,0,-0.8
5439,-4.0,0,-0.4
5440,1.0,0,0.4
5441,-2.0,0,0.8
5442,-3.0,0,0.8
5443,7.0,0,-0.8
5444,1.0,0,0.3
5445,1.0,0,-0.3
5446,-2.0,0,0.0
5447,-1.0,0,0.0
5448,1.0,0,0.10000000000000003
5449,0.0,0,0.3
5450,-2.0,0,0.0
5451,-1.0,0,-0.4
5452,1.0,0,0.0
5453,-8.0,0,0.0
5454,1.0,0,-0.4
5455,-1.0,0,0.0
5456,8.0,0,0.4
5457,-1.0,0,0.0
5458,0.0,0,-0.8
5459,0.0,0,0.3
5460,1.0,0,-0.3
5461,1.0,0,0.8
5462,6.0,0,0.0
5463,7.0,0,0.4
5464,-1.0,0,0.4
5465,7.0,0,0.5
5466,-5.0,0,0.4
5467,-6.0,0,0.5
5468,1.0,0,0.0
5469,-7.0,0,0.0
5470,1.0,0,0.0
5471,-1.0,0,0.0
5472,-7.0,0,0.3
5473,7.0,0,0.0
5474,7.0,0,0.0
5475,3.0,0,0.0
5476,-1.0,0,-0.4
5477,-6.0,0,0.0
5478,8.0,0,0.0
5479,7.0,0,-0.8
5480,-6.0,0,-0.4
5481,-1.0,0,-0.5
5482,-7.0,0,-0.4
5483,8.0,0,-0.3
5484,-2.0,0,0.0
5485,-8.0,0,-0.4
5486,1.0,0,0.10000000000000003
5487,-1.0,0,0.3
5488,-6.0,0,0.8
5489,-8.0,0,0.0
5490,1.0,0,0.8
5491,5.0,0,0.0
5492,6.0,0,-0.8
5493,1.0,0,0.10000000000000003
5494,1.0,0,0.0
5495,0.0,0,0.0
5496,-1.0,0,0.3
5497,-5.0,0,0.4
5498,2.0,0,-0.8
5499,0.0,0,-0.8
5500,-2.0,0,0.3
5501,1.0,0,0.0
5502,3.0,0,-0.10000000000000003
5503,6.0,0,0.4
5504,0.0,0,0.8
5505,0.0,0,0.3
5506,2.0,0,0.0
5507,0.0,0,0.0
5508,-1.0,0,0.0
5509,-3.0,0,0.10000000000000003
5510,1.0,0,-0.8
5511,-1.0,0,0.0
5512,1.0,0,0.0
5513,-1.0,0,0.5
5514,3.0,0,-0.3
5515,11.0,0,0.0
5692,,0,0.0
5693,,0,0.0
5694,,0,0.0
5695,,0,0.0
5696,,0,-0.3
5697,,0,0.4
5698,,0,0.4
5699,,0,0.0
5700,,0,-0.4
5701,,0,0.8
5702,,0,0.3
5703,,0,-0.4
5704,,0,0.4
5705,,0,-0.3
5706,,0,-0.8
5707,,0,0.0
5708,,0,-0.4
5709,,0,0.3
5710,8.0,0,0.8
5711,-7.0,0,-0.3
5712,5.0,0,0.0
5713,-7.0,0,-0.8
5714,6.0,0,-0.3
5715,,0,0.0
5716,0.0,0,0.0
5717,,0,-0.4
5718,-9.0,0,0.5
5719,-6.0,0,0.3
5720,1.0,0,-0.4
5721,7.0,0,0.4
5722,-8.0,0,0.3
5723,1.0,0,0.0
5724,6.0,0,0.0
5725,6.0,0,0.4
5726,-7.0,0,0.0
5727,1.0,0,-0.5
5728,14.0,0,0.8
5729,0.0,0,0.10000000000000003
5730,-14.0,0,0.0
5731,1.0,0,0.5
5732,0.0,0,0.0
5733,13.0,0,0.0
5734,0.0,0,0.4
5735,0.0,0,-0.4
5736,-13.0,0,-0.5
5737,-14.0,0,-0.3
5738,15.0,0,0.0
5739,13.0,0,-0.4
5740,-15.0,0,0.4
5741,1.0,0,0.0
5742,-1.0,0,0.0
5743,1.0,0,-0.5
5744,0.0,0,0.4
5745,0.0,0,-0.5
5746,0.0,0,0.0
5747,-2.0,0,0.10000000000000003
5748,7.0,0,-0.4
5749,7.0,0,-0.4
5750,2.0,0,0.8
5751,-1.0,0,-0.3
5752,-7.0,0,0.0
5753,0.0,0,0.0
5754,-6.0,0,-0.5
5755,-7.0,0,0.8
5756,1.0,0,-0.8
5757,-1.0,0,0.0
5758,6.0,0,0.3
5759,7.0,0,0.8
5760,-7.0,0,-0.4
5761,1.0,0,0.0
5762,-1.0,0,-0.10000000000000003
5763,1.0,0,0.10000000000000003
5764,1.0,0,-0.4
5765,1.0,0,-0.8
5766,0.0,0,0.0
5767,-15.0,0,0.5
5768,14.0,0,-0.10000000000000003
5769,-14.0,0,0.3
5770,14.0,0,0.4
5771,-14.0,0,0.0
5772,12.0,0,0.8
5773,6.0,0,-0.8
5774,1.0,0,-0.3
5775,1.0,0,-0.4
5776,14.0,0,0.0
5777,-1.0,0,0.4
5778,-14.0,0,-0.3
5779,-13.0,0,0.3
5780,-6.0,0,-0.8
5781,14.0,0,-0.4
5782,9.0,0,0.8
5783,-6.0,1,0.0
5784,-1.0,1,0.10000000000000003
5785,0.0,1,0.3
5786,0.0,0,0.8
5787,4.0,1,0.3
5788,-4.0,1,0.0
5789,-4.0,0,0.0
5790,5.0,0,-0.8
5791,0.0,1,-0.3
5792,0.0,1,0.3
5793,-5.0,1,-0.4
5794,-3.0,0,-0.8
5795,-4.0,1,0.0
5796,2.0,1,0.4
5797,0.0,1,-0.3
5798,4.0,1,-0.4
5799,3.0,1,0.0
5800,4.0,0,-0.3
5801,-1.0,0,0.8
5802,-3.0,0,0.3
5803,1.0,0,0.8
5804,1.0,0,-0.4
5805,0.0,0,0.4
5806,-1.0,0,-0.4
5807,0.0,0,0.0
5808,-1.0,0,0.3
5809,-2.0,0,0.10000000000000003
5810,1.0,0,-0.8
5811,1.0,0,-0.4
5812,1.0,0,0.3
5813,-1.0,0,0.0
5814,0.0,0,-0.8
5815,0.0,0,-0.3
5816,0.0,0,0.0
5817,-1.0,0,0.4
5818,-1.0,0,0.0
5819,-2.0,0,0.0
5820,7.0,0,-0.4
5821,-1.0,0,0.0
5822,6.0,0,0.5
5823,2.0,0,0.0
5824,-6.0,0,0.0
5825,0.0,0,0.0
5826,-7.0,0,-0.8
5827,0.0,0,-0.4
5828,7.0,0,0.3
5829,0.0,0,-0.4
5830,0.0,0,0.0
5831,-8.0,0,0.8
5832,8.0,0,0.8
5833,-7.0,0,0.10000000000000003
5834,-7.0,0,0.0
5835,5.0,0,0.3
5836,0.0,0,-0.8
5837,9.0,0,-0.8
5838,-1.0,0,0.0
5839,1.0,0,0.0
5840,-2.0,0,-0.10000000000000003
5841,-6.0,0,-0.4
5842,-1.0,0,-0.4
5843,0.0,0,0.0
5844,0.0,0,0.8
5845,-20.0,0,0.0
5846,-21.0,0,0.5
5847,21.0,0,0.4
5848,-20.0,0,0.0
5849,-7.0,0,-0.3
5850,21.0,0,-0.4
5851,30.0,0,0.4
5852,1.0,0,0.3
5853,-1.0,0,0.8
5854,-1.0,0,-0.4
5855,-2.0,0,0.3
5856,-20.0,0,0.0
5857,-2.0,0,-0.5
5858,-1.0,0,0.4
5859,20.0,0,-0.4
5860,-21.0,0,0.0
5861,21.0,0,0.0
5862,-1.0,0,0.3
5863,1.0,0,0.8
5864,-8.0,0,-0.3
5865,0.0,0,-0.4
5866,-13.0,0,-0.3
5867,-2.0,0,0.5
5868,0.0,0,-0.4
5869,15.0,0,0.0
5870,-1.0,0,-0.4
5871,5.0,0,-0.8
5872,7.0,0,0.10000000000000003
5873,1.0,0,0.5
5874,-1.0,0,0.0
5875,0.0,0,-0.4
5876,-8.0,0,0.0
5877,1.0,0,0.0
5878,-6.0,0,0.4
5879,-7.0,0,0.0
5880,14.0,0,0.5
5881,9.0,0,-0.5
5882,0.0,0,-0.4
5883,15.0,0,0.3
5884,6.0,0,0.3
5885,-7.0,0,-0.8
5886,0.0,0,0.0
5887,-7.0,0,0.0
5888,-6.0,0,0.0
5889,-7.0,0,0.8
5890,1.0,0,-0.3
11913,,0,-0.3
11914,,0,0.3
11915,,0,-0.4
11916,,0,0.0
11917,,0,-0.3
11918,,0,0.8
11919,,0,0.0
11920,,0,-0.8
11921,,0,-0.4
11922,,0,0.3
11923,,0,0.0
11924,,0,-0.8
11925,,0,0.4
11926,,0,-0.3
11927,,0,0.8
11928,,0,0.8
11929,,0,0.3
11930,-3.0,0,0.0
11931,0.0,0,0.3
11932,-6.0,0,0.0
11933,6.0,0,-0.4
11934,,0,-0.10000000000000003
11935,1.0,0,-0.3
11936,9.0,0,0.8
11937,,0,-0.8
11938,2.0,0,-0.8
11939,0.0,0,0.0
11940,-7.0,0,0.0
11941,7.0,0,0.3
11942,6.0,0,0.0
11943,-7.0,0,-0.5
11944,0.0,0,0.4
11945,-7.0,0,0.5
11946,0.0,0,0.4
11947,6.0,0,0.8
11948,-6.0,0,0.3
11949,-3.0,0,-0.3
11950,-1.0,0,-0.4
11951,-1.0,0,0.8
11952,0.0,0,-0.4
11953,0.0,0,-0.3
11954,10.0,0,-0.8
11955,1.0,0,-0.8
11956,0.0,0,0.0
11957,0.0,0,-0.4
11958,0.0,0,0.0
11959,0.0,0,0.4
11960,14.0,0,-0.3
11961,1.0,0,0.0
11962,-15.0,0,0.0
11963,-18.0,0,0.0
11964,-14.0,0,0.8
11965,18.0,0,-0.4
11966,14.0,0,0.0
11967,0.0,0,-0.5
11968,-3.0,0,-0.3
11969,20.0,0,0.8
11970,13.0,1,0.4
11971,-1.0,0,0.0
11972,-13.0,0,0.3
11973,1.0,0,-0.8
11974,-22.0,1,0.0
11975,0.0,0,-0.4
11976,-1.0,1,0.8
11977,6.0,1,-0.3
11978,0.0,1,0.0
11979,1.0,1,-0.8
11980,1.0,1,-0.4
11981,-4.0,1,0.4
11982,0.0,1,0.3
11983,0.0,1,0.8
11984,0.0,1,-0.3
11985,0.0,1,0.10000000000000003
11986,0.0,1,-0.4
11987,0.0,1,-0.5
11988,0.0,1,0.0
11989,0.0,1,0.0
11990,0.0,1,0.0
11991,0.0,0,0.3
11992,0.0,1,0.8
11993,0.0,1,-0.8
11994,0.0,0,0.0
11995,-3.0,0,0.0
11996,0.0,0,0.4
11997,0.0,0,0.0
11998,0.0,0,-0.8
11999,0.0,0,0.3
12000,3.0,0,0.10000000000000003
12001,-1.0,0,0.5
12002,1.0,0,0.0
12003,-1.0,0,0.0
12004,0.0,0,0.0
12005,0.0,0,0.3
12006,0.0,0,-0.3
12007,0.0,0,0.3
12008,-1.0,0,0.0
12009,0.0,0,0.0
12010,1.0,0,-0.8
12011,0.0,0,-0.8
12012,0.0,0,0.0
12013,3.0,0,0.8
12014,0.0,0,0.0
12015,0.0,0,0.10000000000000003
12016,1.0,0,0.0
12017,-3.0,0,-0.4
12018,0.0,0,0.0
12019,-1.0,0,0.8
12020,0.0,1,0.0
12021,21.0,0,0.4
12022,1.0,1,0.3
12023,-1.0,0,0.0
12024,-21.0,0,-0.4
12025,0.0,1,0.0
12026,0.0,0,0.5
12027,1.0,0,-0.5
12028,0.0,0,-0.8
12029,-2.0,0,-0.4
12030,2.0,1,0.0
12031,2.0,1,-0.4
12032,0.0,1,0.0
12033,2.0,0,0.3
12034,-2.0,1,0.0
12035,-3.0,0,0.0
12036,-3.0,0,0.0
12037,3.0,0,0.0
12038,3.0,0,0.0
12039,-2.0,0,-0.4
12040,3.0,0,-0.3
12041,-6.0,0,-0.3
12042,6.0,0,-0.4
12043,-1.0,0,0.3
12044,-3.0,0,0.0
12045,2.0,0,0.8
12046,-4.0,0,0.8
12047,0.0,0,0.0
12048,-1.0,0,0.3
12049,15.0,0,0.0
12050,0.0,0,0.0
12051,-17.0,0,0.10000000000000003
12052,-1.0,0,0.0
12053,-1.0,0,0.8
12054,0.0,0,0.0
12055,1.0,0,-0.5
12056,1.0,0,0.4
12057,1.0,0,0.0
12058,15.0,0,0.0
12059,0.0,0,0.10000000000000003
12060,14.0,0,0.0
12061,0.0,0,-0.3
12062,-11.0,0,0.0
12063,-14.0,0,-0.5
12064,-1.0,0,0.4
12065,0.0,0,-0.8
12066,0.0,0,0.5
12067,13.0,0,0.0
12068,4.0,0,-0.4
12069,-6.0,0,0.0
12070,0.0,0,0.0
12071,-14.0,0,0.4
12072,1.0,0,-0.5
12073,-4.0,0,0.8
12074,6.0,0,-0.3
12075,1.0,0,0.0
12076,-3.0,0,0.0
12077,0.0,0,0.0
12078,0.0,0,0.3
12079,0.0,0,-0.3
12080,-21.0,0,0.0
12081,21.0,0,-0.3
12082,-1.0,0,0.8
12083,0.0,0,0.0
12084,13.0,0,0.4
12085,-17.0,0,0.0
12086,0.0,0,-0.4
12087,0.0,0,0.0
12088,2.0,0,0.0
12089,22.0,0,0.3
12090,-19.0,0,-0.8
12091,0.0,0,0.0
12092,2.0,0,0.0
12093,-20.0,0,0.4
12094,14.0,0,-0.8
12095,-1.0,0,0.0
12096,1.0,0,-0.3
12097,14.0,0,0.0
12098,0.0,0,0.4
12099,-13.0,0,0.3
12100,0.0,0,0.5
12101,6.0,0,0.8
12102,7.0,0,0.0
12103,6.0,0,0.3
12104,-8.0,0,0.4
12105,-1.0,0,0.3
12106,0.0,0,0.0
12107,0.0,0,-0.8
12108,-3.0,0,-0.10000000000000003
12109,-8.0,0,0.8
12110,0.0,0,0.0
12111,1.0,0,0.4
12112,8.0,0,0.0
12113,7.0,0,0.0
12114,-14.0,0,-0.3
12115,-7.0,0,0.3
12116,0.0,0,-0.3
12117,0.0,0,-0.8
12118,0.0,0,-0.8
12119,8.0,0,-0.4
12120,-7.0,0,-0.3
12121,8.0,0,0.0
12122,-1.0,0,0.0
12123,0.0,0,-0.10000000000000003
12124,4.0,0,0.0
18835,,0,0.0
18836,,0,0.8
18837,,0,0.4
18838,,0,0.0
18839,,0,0.5
18840,,0,0.0
18841,,0,0.3
18842,,0,0.4
18843,,0,-0.4
18844,,0,0.4
18845,,0,-0.8
18846,,0,-0.4
18847,,0,0.0
18848,,0,-0.8
18849,,0,0.3
18850,,0,-0.8
18851,,0,-0.3
18852,,0,0.4
18853,-7.0,0,-0.3
18854,0.0,0,0.8
18855,-6.0,0,0.4
18856,0.0,0,0.0
18857,0.0,0,0.4
18858,-1.0,0,0.0
18859,0.0,0,0.4
18860,7.0,0,-0.4
18861,-1.0,0,-0.8
18862,-15.0,0,0.0
18863,-13.0,0,0.4
18864,8.0,0,0.0
18865,8.0,0,-0.8
18866,7.0,0,0.0
18867,0.0,0,-0.5
18868,-1.0,0,0.10000000000000003
18869,-9.0,0,0.8
18870,1.0,0,0.0
18871,-7.0,0,0.0
18872,7.0,0,-0.4
18873,7.0,0,0.8
18874,-7.0,0,-0.3
18875,15.0,0,0.10000000000000003
18876,0.0,0,0.0
18877,-6.0,0,0.4
18878,0.0,0,0.8
18879,0.0,0,0.3
18880,-6.0,0,0.0
18881,1.0,0,-0.4
18882,0.0,0,0.0
18883,-2.0,0,0.0
18884,-1.0,0,0.0
18885,0.0,0,-0.8
18886,0.0,0,0.0
18887,21.0,0,-0.5
18888,-8.0,0,0.3
18889,3.0,1,0.0
18890,1.0,0,0.4
18891,5.0,0,0.0
18892,-1.0,0,-0.8
18893,0.0,0,0.10000000000000003
18894,1.0,1,0.5
18895,0.0,0,0.0
18896,1.0,0,-0.8
18897,7.0,0,0.4
18898,-7.0,0,0.4
18899,1.0,0,-0.5
18900,-8.0,0,0.0
18901,6.0,1,-0.8
18902,-1.0,0,0.0
18903,-6.0,0,-0.4
18904,3.0,0,0.8
18905,-4.0,1,-0.10000000000000003
18906,8.0,0,-0.8
18907,-8.0,0,0.8
18908,7.0,0,0.8
18909,6.0,0,0.0
18910,-6.0,0,0.4
18911,1.0,0,0.5
18912,0.0,0,0.4
18913,-1.0,0,0.0
18914,0.0,0,-0.3
18915,0.0,0,-0.4
18916,-8.0,0,-0.4
18917,-1.0,0,0.0
18918,1.0,0,-0.10000000000000003
18919,8.0,0,-0.4
18920,1.0,0,-0.8
18921,0.0,0,-0.8
18922,0.0,0,0.0
18923,0.0,0,0.3
18924,-1.0,0,0.0
18925,1.0,0,0.8
18926,0.0,0,0.8
18927,-1.0,0,0.4
18928,-8.0,0,0.8
18929,7.0,0,0.4
18930,-1.0,0,0.4
18931,-1.0,0,0.0
18932,-7.0,0,0.0
18933,8.0,0,-0.8
18934,-1.0,0,-0.4
18935,7.0,0,-0.4
18936,-1.0,0,-0.4
18937,7.0,0,0.0
18938,-6.0,0,-0.3
18939,-8.0,0,-0.8
18940,7.0,0,0.8
18941,0.0,0,-0.5
18942,-7.0,0,-0.8
18943,8.0,0,-0.4
18944,1.0,0,0.8
18945,-6.0,0,0.0
18946,-2.0,0,0.3
18947,-1.0,0,0.4
18948,9.0,0,-0.3
18949,-6.0,0,0.4
18950,1.0,0,0.0
18951,0.0,0,0.0
18952,-1.0,0,0.0
18953,1.0,0,-0.4
18954,-1.0,0,-0.4
18955,-1.0,0,0.5
18956,1.0,0,0.8
18957,-13.0,0,-0.4
18958,13.0,0,0.0
18959,15.0,0,-0.3
18960,-14.0,0,0.8
18961,3.0,0,0.0
18962,-1.0,0,-0.8
18963,-20.0,0,-0.8
18964,-16.0,0,0.0
18965,0.0,0,0.8
18966,14.0,0,0.0
18967,0.0,0,-0.8
18968,13.0,0,0.3
18969,6.0,0,-0.10000000000000003
18970,7.0,0,-0.4
18971,7.0,0,0.0
18972,-1.0,0,0.4
18973,-6.0,0,0.0
18974,-9.0,0,0.3
18975,-2.0,0,0.0
18976,6.0,0,0.0
18977,8.0,0,0.4
18978,7.0,0,0.4
18979,1.0,0,0.0
18980,6.0,0,0.0
18981,-8.0,0,0.0
18982,0.0,0,-0.8
18983,0.0,0,0.8
18984,6.0,0,0.0
18985,-7.0,0,-0.3
18986,-7.0,0,-0.3
18987,7.0,0,0.3
18988,6.0,0,0.0
18989,-21.0,0,0.8
18990,-6.0,0,-0.4
18991,8.0,0,-0.8
18992,7.0,0,-0.4
18993,-7.0,0,0.0
18994,0.0,0,-0.10000000000000003
18995,0.0,0,0.8
18996,7.0,0,-0.3
18997,1.0,0,-0.4
18998,0.0,0,-0.8
18999,-7.0,0,-0.4
19000,-20.0,0,0.0
19001,-7.0,0,0.0
19002,0.0,0,0.4
19003,0.0,0,0.5
19004,1.0,0,0.3
19005,-7.0,0,0.8
19006,20.0,0,0.8
19007,1.0,0,0.4
19008,11.0,0,0.0
19009,6.0,0,0.10000000000000003
19010,0.0,0,0.0
19011,-7.0,0,0.4
19012,28.0,0,-0.3
19013,0.0,0,0.4
19014,-4.0,1,-0.5
19015,1.0,0,-0.4
19016,7.0,0,0.3
19017,-6.0,0,-0.8
19018,-14.0,0,0.0
19019,7.0,0,0.4
19020,0.0,0,0.0
19021,-1.0,0,0.0
19022,-5.0,0,0.4
19023,1.0,0,0.4
19024,-7.0,0,0.0
19025,-36.0,0,0.0
19026,8.0,0,-0.3
19027,7.0,0,-0.8
19028,21.0,0,-0.4
19029,0.0,0,-0.5
19030,-7.0,0,-0.8
19031,0.0,0,0.0
19032,-6.0,0,0.8
19033,7.0,0,-0.8
19034,-7.0,0,0.0
19035,-7.0,0,-0.3
19036,8.0,0,0.8
19037,3.0,1,0.0
19038,7.0,1,0.8
19039,6.0,0,0.4
19040,-8.0,1,0.0
19041,-1.0,0,-0.5
19042,-2.0,0,0.0
19141,,0,-0.5
19142,,0,0.0
19143,,0,-0.4
19144,,0,-0.10000000000000003
19145,,0,0.3
19146,,0,0.4
19147,,0,0.8
19148,,0,-0.8
19149,,0,0.4
19150,,0,0.4
19151,,0,-0.3
19152,,0,-0.5
19153,,0,0.4
19154,,0,0.0
19155,,0,-0.3
19156,,0,0.0
19157,,0,-0.3
19158,,0,-0.8
19159,,0,0.0
19160,,0,0.8
19161,,0,0.4
19162,-6.0,0,0.4
19163,-1.0,0,0.0
19164,,0,0.4
19165,-2.0,0,-0.4
19166,-13.0,0,-0.8
19167,-1.0,0,-0.3
19168,0.0,0,-0.4
19169,-7.0,0,0.4
19170,6.0,0,-0.4
19171,0.0,0,-0.10000000000000003
19172,9.0,0,0.0
19173,-9.0,0,-0.4
19174,7.0,0,-0.5
19175,1.0,0,0.0
19176,0.0,0,0.8
19177,7.0,0,0.3
19178,1.0,0,-0.3
19179,1.0,0,0.0
19180,0.0,0,-0.4
19181,7.0,0,-0.4
19182,-7.0,0,-0.3
19183,-20.0,0,0.4
19184,6.0,0,-0.3
19185,0.0,0,0.8
19186,14.0,0,0.3
19187,-1.0,0,-0.10000000000000003
19188,-1.0,0,-0.4
19189,1.0,0,0.0
19190,-15.0,0,0.0
19191,-4.0,0,-0.5
19192,0.0,0,0.0
19193,21.0,0,0.0
19194,-7.0,0,-0.10000000000000003
19195,-7.0,0,-0.3
19196,-7.0,0,0.8
19197,-20.0,1,0.0
19198,8.0,0,0.0
19199,1.0,1,-0.8
19200,24.0,1,0.8
19201,0.0,1,0.5
19202,10.0,0,0.10000000000000003
19203,-7.0,0,-0.3
19204,7.0,0,0.0
19205,-2.0,1,0.3
19206,0.0,0,-0.5
19207,6.0,0,0.4
19208,7.0,0,-0.4
19209,-2.0,0,0.0
19210,-1.0,0,-0.10000000000000003
19211,-4.0,1,0.0
19212,-8.0,0,0.0
19213,-7.0,0,0.4
19214,0.0,0,-0.8
19215,6.0,0,0.8
19216,-1.0,0,0.10000000000000003
19217,0.0,0,0.10000000000000003
19218,-1.0,0,0.8
19219,1.0,0,-0.3
19220,0.0,0,0.0
19221,21.0,0,0.0
19222,-1.0,0,-0.4
19223,2.0,0,0.3
19224,2.0,0,0.3
19225,14.0,0,-0.8
19226,-14.0,0,0.4
19227,-7.0,0,-0.10000000000000003
19228,-14.0,0,0.0
19229,-2.0,0,0.0
19230,-14.0,0,-0.8
19231,20.0,0,0.4
19232,14.0,0,-0.3
19233,-7.0,0,-0.3
19234,1.0,0,-0.3
19235,1.0,0,0.8
19236,-14.0,0,0.0
19237,7.0,0,0.4
19238,0.0,0,0.4
19239,-7.0,0,0.0
19240,0.0,0,-0.4
19241,-7.0,0,-0.8
19242,-8.0,0,0.8
19243,7.0,0,0.0
19244,7.0,0,-0.5
19245,7.0,0,0.0
19246,7.0,0,0.4
19247,0.0,0,-0.3
19248,-1.0,0,0.8
19249,6.0,0,0.0
19250,-7.0,0,-0.4
19251,-9.0,0,0.4
19252,-7.0,0,-0.8
19253,0.0,0,0.3
19254,1.0,0,0.4
19255,21.0,0,-0.4
19256,0.0,0,-0.4
19257,-20.0,0,0.8
19258,-15.0,0,0.3
19259,1.0,0,-0.8
19260,14.0,0,-0.5
19261,0.0,0,0.0
19262,21.0,0,0.4
19263,0.0,0,0.5
19264,0.0,0,0.0
19265,-6.0,0,0.3
19266,1.0,0,0.0
19267,-14.0,0,-0.3
19268,-1.0,0,0.0
19269,9.0,0,0.0
19270,-13.0,0,0.10000000000000003
19271,1.0,0,-0.4
19272,0.0,0,-0.8
19273,-1.0,0,0.3
19274,8.0,0,-0.4
19275,0.0,0,-0.8
19276,-1.0,0,0.3
19277,-7.0,0,-0.3
19278,-8.0,0,0.4
19279,6.0,0,-0.4
19280,1.0,0,0.8
19281,7.0,0,0.5
19282,6.0,0,0.5
19283,0.0,0,0.0
19284,-8.0,0,-0.4
19285,0.0,0,-0.5
19286,2.0,0,-0.4
19287,1.0,0,-0.8
19288,-6.0,0,0.0
19289,-1.0,0,0.0
19290,7.0,0,0.4
19291,-1.0,0,-0.10000000000000003
19292,0.0,0,0.3
19293,-1.0,0,0.4
19294,6.0,0,-0.3
19295,2.0,0,-0.4
19296,1.0,0,0.5
19297,-6.0,0,0.3
19298,-6.0,0,0.4
19299,0.0,0,0.0
19300,6.0,0,0.8
19301,-5.0,0,-0.3
19302,0.0,0,-0.4
19303,-21.0,0,0.8
19304,5.0,0,-0.8
19305,0.0,0,0.0
19306,23.0,0,-0.10000000000000003
19307,0.0,0,-0.4
19308,1.0,0,0.3
19309,-1.0,0,0.10000000000000003
19310,23.0,0,0.4
19311,9.0,0,0.0
19312,7.0,0,0.8
19313,-6.0,0,0.0
19314,-1.0,0,0.10000000000000003
19315,-23.0,0,0.0
19316,-7.0,0,-0.3
19317,7.0,0,-0.8
19318,-6.0,0,-0.4
19319,6.0,0,-0.4
19320,0.0,0,0.3
19321,6.0,0,0.3
19322,-16.0,0,0.4
19323,-6.0,0,0.8
19324,6.0,0,0.3
19325,-7.0,0,0.0
19326,5.0,0,-0.4
19327,-7.0,0,-0.3
19328,-8.0,0,-0.8
19329,1.0,0,-0.4
19330,7.0,0,0.0
19331,14.0,0,-0.4
19332,-8.0,0,0.8
19333,0.0,0,-0.10000000000000003
19373,,0,-0.8
19374,,0,-0.3
19375,,0,-0.4
19376,,0,-0.4
19377,,0,0.3
19378,,0,-0.10000000000000003
19379,,0,0.0
19380,,0,0.8
19381,,0,0.4
19382,,0,0.4
19383,,0,0.0
19384,,0,-0.8
19385,,0,0.0
19386,,0,-0.3
19387,,0,0.10000000000000003
19388,,0,0.8
19389,,0,-0.5
19390,1.0,0,0.3
19391,0.0,0,-0.8
19392,,0,0.4
19393,,0,0.0
19394,-2.0,0,-0.3
19395,3.0,0,0.8
19396,-1.0,0,-0.10000000000000003
19397,-6.0,0,0.0
19398,-1.0,0,0.0
19399,8.0,0,0.0
19400,1.0,0,0.4
19401,2.0,0,0.0
19402,1.0,0,0.0
19403,1.0,0,0.4
19404,0.0,0,-0.8
19405,-6.0,0,0.4
19406,0.0,0,-0.3
19407,-1.0,0,-0.4
19408,-7.0,0,-0.4
19409,14.0,0,0.4
19410,-13.0,0,-0.4
19411,0.0,0,0.3
19412,6.0,0,0.8
19413,-1.0,0,-0.8
19414,-2.0,0,0.0
19415,0.0,0,0.0
19416,0.0,0,0.0
19417,-1.0,0,-0.8
19418,7.0,0,0.0
19419,-6.0,0,0.4
19420,1.0,0,-0.4
19421,1.0,0,-0.3
19422,1.0,0,0.4
19423,1.0,0,0.3
19424,0.0,0,0.0
19425,-2.0,0,0.5
19426,1.0,0,0.8
19427,-8.0,1,0.5
19428,2.0,0,0.3
19429,-7.0,0,0.0
19430,-1.0,0,-0.4
19431,0.0,0,-0.8
19432,1.0,0,0.0
19433,-2.0,0,0.3
19434,10.0,0,0.0
19435,6.0,0,-0.8
19436,-1.0,0,0.0
19437,-1.0,0,0.3
19438,3.0,0,-0.3
19439,0.0,0,0.4
19440,-8.0,0,-0.4
19441,-8.0,0,0.0
19442,7.0,0,-0.4
19443,-2.0,0,0.5
19444,7.0,0,0.0
19445,-2.0,0,-0.3
19446,0.0,0,0.0
19447,-6.0,0,0.8
19448,1.0,0,0.0
19449,-1.0,0,0.0
19450,1.0,0,0.0
19451,7.0,0,-0.4
19452,-1.0,0,0.3
19453,2.0,0,-0.5
19454,-1.0,0,0.8
19455,1.0,0,0.0
19456,-1.0,0,0.0
19457,0.0,0,0.0
19458,1.0,0,-0.8
19459,0.0,0,0.0
19460,-1.0,0,-0.3
19461,0.0,0,0.5
19462,0.0,0,-0.10000000000000003
19463,-1.0,0,0.0
19464,1.0,0,0.0
19465,0.0,0,0.4
19466,1.0,0,-0.4
19467,0.0,0,0.0
19468,-8.0,0,0.10000000000000003
19469,2.0,0,-0.8
19470,7.0,0,0.0
19471,1.0,0,0.8
19472,-8.0,0,-0.4
19473,4.0,0,0.3
19474,-1.0,0,0.0
19475,1.0,0,-0.8
19476,-2.0,0,-0.10000000000000003
19477,2.0,0,-0.4
19478,0.0,0,0.8
19479,-1.0,0,0.8
19480,1.0,0,-0.3
19481,-1.0,0,0.0
19482,1.0,0,0.4
19483,-1.0,0,0.4
19484,22.0,0,-0.3
19485,2.0,0,-0.3
19486,1.0,0,0.0
19487,-1.0,0,0.0
19488,1.0,0,-0.4
19489,-19.0,0,-0.3
19490,10.0,0,-0.3
19491,-22.0,0,0.0
19492,-2.0,0,0.4
19493,-6.0,0,0.0
19494,0.0,0,-0.5
19495,-2.0,0,0.0
19496,0.0,0,-0.4
19497,20.0,0,-0.10000000000000003
19498,0.0,0,0.8
19499,0.0,0,-0.3
19500,6.0,0,0.3
19501,0.0,0,-0.3
19502,1.0,0,0.4
19503,-2.0,0,0.4
19504,1.0,0,0.4
19505,1.0,0,-0.8
19506,-6.0,0,0.8
19507,-3.0,0,-0.8
19508,2.0,0,0.0
19509,-5.0,0,0.0
19510,-2.0,0,-0.3
19511,1.0,0,0.0
19512,-2.0,0,-0.5
19513,7.0,0,0.8
19514,-2.0,0,0.4
19515,4.0,0,-0.5
19516,-2.0,0,0.0
19517,0.0,0,0.4
19518,-9.0,0,0.8
19519,-1.0,0,-0.3
19520,-1.0,0,0.10000000000000003
19521,8.0,0,0.0
19522,1.0,0,-0.4
19523,1.0,0,0.0
19524,0.0,0,-0.4
19525,1.0,0,-0.10000000000000003
19526,6.0,0,0.8
19527,0.0,0,0.3
19528,-1.0,0,0.4
19529,-1.0,0,-0.3
19530,-7.0,0,-0.8
19531,0.0,0,0.4
19532,0.0,0,0.10000000000000003
19533,1.0,0,-0.8
19534,0.0,0,0.0
19535,1.0,0,-0.4
19536,-1.0,0,-0.10000000000000003
19537,6.0,0,-0.8
19538,1.0,0,0.0
19539,-13.0,0,0.0
19540,-7.0,0,0.8
19541,15.0,0,-0.4
19542,-1.0,0,0.3
19543,-1.0,0,0.5
19544,-1.0,0,-0.3
19545,2.0,0,0.4
19546,-1.0,0,0.0
19547,8.0,0,0.0
19548,1.0,0,0.3
19549,0.0,0,0.8
19550,-1.0,0,-0.4
19551,1.0,0,0.10000000000000003
19552,-5.0,0,-0.8
19553,4.0,0,-0.4
19554,3.0,0,0.0
19555,0.0,0,-0.4
19556,0.0,0,0.0
19557,-8.0,0,0.0
19558,-1.0,0,0.3
19559,0.0,0,0.8
19560,-1.0,0,-0.4
19561,-2.0,0,0.0
19562,2.0,0,-0.4
19563,7.0,0,0.4
19564,-2.0,0,0.0
19565,1.0,0,0.0
19566,1.0,0,0.0
19567,-5.0,0,-0.8
19568,-3.0,0,0.4
19569,0.0,0,0.8
19570,0.0,0,-0.3
19571,0.0,0,-0.4
19679,,0,-0.8
19680,,0,0.0
19681,,0,0.0
19682,,0,-0.3
19683,,0,0.4
19684,,0,0.8
19685,,0,0.4
19686,,0,0.0
19687,,0,-0.5
19688,,0,0.0
19689,,0,0.0
19690,,0,0.0
19691,,0,-0.10000000000000003
19692,,0,-0.10000000000000003
19693,,0,-0.8
19694,,0,0.10000000000000003
19695,1.0,0,0.0
19696,,0,0.8
19697,5.0,0,0.8
19698,,0,-0.4
19699,,0,0.4
19700,-6.0,0,0.3
19701,2.0,0,-0.4
19702,-2.0,0,0.0
19703,1.0,0,0.8
19704,6.0,0,-0.4
19705,0.0,0,-0.10000000000000003
19706,0.0,0,-0.8
19707,,0,-0.3
19708,-8.0,0,0.8
19709,15.0,0,0.0
19710,-13.0,0,0.4
19711,-1.0,0,-0.4
19712,,0,0.0
19713,8.0,0,0.0
19714,-2.0,0,0.10000000000000003
19715,-5.0,0,0.0
19716,0.0,0,0.0
19717,14.0,0,0.0
19718,0.0,0,0.0
19719,-1.0,0,0.8
19720,0.0,0,0.10000000000000003
19721,2.0,0,0.0
19722,0.0,0,-0.4
19723,-1.0,0,-0.4
19724,-2.0,0,0.8
19725,0.0,0,0.0
19726,17.0,0,0.3
19727,1.0,0,-0.8
19728,-17.0,0,-0.4
19729,-1.0,0,0.8
19730,5.0,0,0.10000000000000003
19731,12.0,1,-0.8
19732,1.0,0,0.10000000000000003
19733,-14.0,1,0.0
19734,-3.0,0,-0.4
19735,2.0,0,0.0
19736,4.0,0,-0.3
19737,-4.0,0,0.8
19738,-9.0,0,0.4
19739,1.0,0,0.3
19740,0.0,1,0.4
19741,1.0,0,0.0
19742,1.0,0,0.0
19743,-1.0,0,-0.4
19744,2.0,0,0.5
19745,1.0,0,0.0
19746,-7.0,0,0.4
19747,9.0,0,0.0
19748,0.0,0,-0.8
19749,1.0,0,0.0
19750,-1.0,0,0.3
19751,0.0,0,-0.8
19752,5.0,0,-0.5
19753,-1.0,0,0.4
19754,0.0,0,-0.3
19755,2.0,0,0.0
19756,-7.0,0,0.4
19757,1.0,0,0.4
19758,-14.0,0,-0.3
19759,-13.0,0,-0.3
19760,-2.0,0,0.0
19761,0.0,0,0.0
19762,1.0,0,0.4
19763,19.0,0,-0.3
19764,1.0,0,0.0
19765,14.0,0,0.5
19766,17.0,0,-0.3
19767,-14.0,0,-0.8
19768,-2.0,0,0.0
19769,0.0,1,0.3
19770,12.0,0,0.3
19771,-8.0,0,0.0
19772,-4.0,0,0.0
19773,2.0,0,0.4
19774,9.0,0,-0.5
19775,-14.0,0,0.0
19776,-3.0,0,-0.4
19777,-1.0,0,0.4
19778,0.0,0,-0.3
19779,0.0,0,0.0
19780,-1.0,0,0.8
19781,0.0,0,-0.3
19782,0.0,0,-0.3
19783,2.0,0,0.4
19784,-6.0,0,-0.8
19785,-2.0,0,-0.4
19786,5.0,0,0.4
19787,1.0,0,0.4
19788,0.0,0,0.0
19789,0.0,0,0.8
19790,-1.0,0,0.3
19791,-2.0,0,0.0
19792,-1.0,0,0.3
19793,-1.0,0,-0.8
19794,1.0,0,0.0
19795,1.0,0,-0.5
19796,13.0,0,0.0
19797,-14.0,0,-0.4
19798,2.0,0,-0.4
19799,-1.0,0,-0.3
19800,1.0,0,0.8
19801,0.0,0,-0.3
19802,-1.0,0,0.10000000000000003
19803,-1.0,0,0.0
19804,0.0,0,0.0
19805,1.0,0,0.8
19806,6.0,0,0.0
19807,-17.0,0,0.0
19808,-1.0,0,-0.5
19809,15.0,0,-0.4
19810,-6.0,0,0.0
19811,1.0,0,-0.5
19812,-1.0,0,0.3
19813,1.0,0,0.0
19814,-1.0,0,0.0
19815,1.0,0,-0.4
19816,10.0,0,0.4
19817,1.0,0,-0.8
19818,1.0,0,-0.3
19819,-8.0,0,0.4
19820,1.0,0,0.5
19821,-2.0,0,-0.3
19822,-2.0,0,0.8
19823,1.0,0,0.0
19824,-1.0,0,-0.4
19825,1.0,0,-0.4
19826,-2.0,0,0.3
19827,-2.0,0,-0.4
19828,-2.0,0,0.3
19829,2.0,0,0.8
19830,2.0,0,0.3
19831,0.0,0,-0.8
19832,-1.0,0,-0.10000000000000003
19833,1.0,0,0.8
19834,7.0,0,0.0
19835,3.0,0,-0.8
19836,-1.0,0,0.0
19837,-1.0,0,-0.8
19838,-7.0,0,-0.4
19839,0.0,0,-0.10000000000000003
19840,-1.0,0,0.3
19841,7.0,0,0.8
19842,1.0,0,0.10000000000000003
19843,-1.0,0,0.0
19844,-1.0,0,-0.4
19845,2.0,0,0.0
19846,0.0,0,0.0
19847,-1.0,0,0.0
19848,-1.0,0,0.5
19849,-6.0,0,0.10000000000000003
19850,0.0,0,0.0
19851,-7.0,0,-0.8
19852,1.0,0,-0.4
19853,3.0,0,0.3
19854,6.0,0,0.3
19855,-2.0,0,-0.10000000000000003
19856,0.0,0,0.0
19857,2.0,0,0.4
19858,0.0,0,-0.8
19859,-7.0,0,0.4
19860,6.0,0,-0.8
19861,-3.0,0,0.10000000000000003
19862,7.0,0,-0.3
19863,0.0,0,-0.8
19864,-6.0,0,0.3
19865,0.0,0,0.4
19866,0.0,0,0.8
19867,-2.0,0,0.0
19868,0.0,0,0.0
19869,-1.0,0,0.4
19870,-1.0,0,0.0
19871,1.0,0,0.0
19872,10.0,0,0.0
19873,-1.0,0,0.0
19874,1.0,0,-0.10000000000000003
19875,-5.0,0,0.0
19876,1.0,0,-0.4
19877,1.0,0,0.0
19985,,0,0.4
19986,,0,0.3
19987,,0,0.0
19988,,0,0.4
19989,,0,0.8
19990,,0,-0.10000000000000003
19991,,0,-0.8
19992,,0,0.4
19993,,0,0.3
19994,,0,-0.4
19995,-2.0,0,0.4
19996,0.0,0,0.8
19997,,0,0.0
19998,1.0,0,0.4
19999,-1.0,0,0.0
20000,,0,-0.3
20001,,0,0.10000000000000003
20002,,0,0.4
20003,,0,-0.5
20004,,0,-0.8
20005,1.0,0,0.4
20006,0.0,0,0.10000000000000003
20007,1.0,0,-0.4
20008,-1.0,0,0.8
20009,15.0,0,-0.8
20010,-15.0,0,0.3
20011,-2.0,0,-0.5
20012,-12.0,0,0.5
20013,13.0,0,-0.10000000000000003
20014,13.0,0,0.8
20015,-15.0,0,-0.4
20016,1.0,0,-0.4
20017,1.0,0,-0.3
20018,0.0,0,0.0
20019,1.0,0,0.0
20020,-9.0,0,-0.3
20021,7.0,0,0.0
20022,0.0,0,0.3
20023,1.0,0,-0.4
20024,2.0,0,0.0
20025,-1.0,0,0.3
20026,1.0,0,-0.8
20027,-2.0,0,-0.3
20028,-8.0,0,0.0
20029,0.0,0,0.0
20030,7.0,0,-0.4
20031,1.0,0,0.0
20032,0.0,0,0.0
20033,0.0,0,0.4
20034,-5.0,0,0.4
20035,2.0,0,0.0
20036,-1.0,0,0.0
20037,-2.0,0,-0.10000000000000003
20038,-1.0,0,0.8
20039,8.0,0,0.0
20040,0.0,0,-0.3
20041,1.0,0,-0.4
20042,-1.0,0,0.5
20043,0.0,0,-0.3
20044,-6.0,0,-0.4
20045,6.0,0,0.8
20046,0.0,0,0.4
20047,7.0,0,0.0
20048,7.0,0,-0.10000000000000003
20049,-7.0,0,-0.4
20050,-7.0,0,-0.10000000000000003
20051,1.0,0,-0.8
20052,-6.0,0,0.0
20053,7.0,0,-0.5
20054,0.0,0,0.4
20055,-7.0,0,0.8
20056,-1.0,0,0.10000000000000003
20057,6.0,0,0.4
20058,-1.0,0,0.5
20059,1.0,0,-0.3
20060,1.0,0,0.0
20061,1.0,0,0.0
20062,-1.0,0,0.3
20063,0.0,0,0.0
20064,1.0,0,-0.8
20065,-1.0,0,-0.4
20066,1.0,0,-0.5
20067,0.0,0,-0.5
20068,2.0,0,0.8
20069,-1.0,0,-0.4
20070,2.0,0,0.10000000000000003
20071,-2.0,0,-0.3
20072,1.0,0,0.5
20073,-1.0,0,0.8
20074,0.0,0,0.4
20075,-1.0,0,0.3
20076,1.0,0,-0.4
20077,1.0,0,0.0
20078,1.0,0,-0.8
20079,1.0,0,-0.8
20080,1.0,0,-0.5
20081,-1.0,0,0.3
20082,0.0,0,0.10000000000000003
20083,1.0,0,0.0
20084,0.0,0,0.4
20085,1.0,0,0.0
20086,0.0,0,0.5
20087,-1.0,0,0.8
20088,-1.0,0,0.10000000000000003
20089,-1.0,0,0.4
20090,0.0,0,-0.8
20091,1.0,0,-0.8
20092,1.0,0,0.3
20093,0.0,0,-0.4
20094,-1.0,0,-0.5
20095,-1.0,0,-0.10000000000000003
20096,-2.0,0,0.0
20097,-2.0,0,-0.3
20098,0.0,0,0.8
20099,0.0,0,0.5
20100,-20.0,0,-0.3
20101,1.0,0,0.0
20102,21.0,0,0.8
20103,22.0,0,-0.4
20104,-6.0,0,-0.4
20105,8.0,0,0.0
20106,-22.0,0,0.0
20107,9.0,0,-0.3
20108,-2.0,0,-0.3
20109,-7.0,0,0.0
20110,-9.0,0,0.0
20111,1.0,0,-0.10000000000000003
20112,5.0,0,-0.10000000000000003
20113,7.0,0,0.4
20114,-8.0,0,0.0
20115,8.0,0,-0.4
20116,1.0,0,0.0
20117,-12.0,1,0.4
20118,9.0,0,0.4
20119,8.0,0,-0.4
20120,-1.0,0,-0.3
20121,-14.0,0,-0.5
20122,1.0,0,0.5
20123,1.0,1,-0.4
20124,3.0,1,-0.5
20125,0.0,0,-0.3
20126,-7.0,0,0.4
20127,7.0,0,0.0
20128,-1.0,0,0.3
20129,2.0,0,-0.4
20167,,0,0.5
20168,,0,0.4
20169,,0,-0.3
20170,,0,-0.5
20171,,0,-0.4
20172,,0,-0.4
20173,,0,-0.3
20174,,0,0.10000000000000003
20175,,0,0.4
20176,,0,0.4
20177,,0,-0.8
20178,,0,0.3
20179,,0,-0.5
20180,,0,0.4
20181,0.0,0,0.0
20182,-1.0,0,0.0
20183,1.0,0,0.0
20184,1.0,0,0.0
20185,0.0,0,0.10000000000000003
20186,0.0,0,0.0
20187,-7.0,0,0.4
20188,-1.0,0,0.5
20189,1.0,0,-0.4
20190,6.0,0,0.5
20191,-6.0,0,0.4
20192,0.0,0,0.10000000000000003
20193,-7.0,0,0.8
20194,0.0,0,-0.4
20195,8.0,0,0.3
20196,-1.0,0,-0.8
20197,-8.0,0,-0.4
20198,1.0,0,0.0
20199,-1.0,0,0.0
20200,8.0,0,0.0
20201,7.0,0,-0.5
20202,-1.0,0,0.5
20203,1.0,0,0.5
20204,0.0,0,-0.10000000000000003
20205,0.0,0,0.0
20206,0.0,0,0.4
20207,0.0,0,0.4
20208,-13.0,0,0.4
20209,0.0,0,-0.4
20210,-1.0,0,-0.10000000000000003
20211,-1.0,0,0.0
20212,13.0,0,-0.8
20213,0.0,0,-0.8
20214,-6.0,0,0.3
20215,-1.0,0,0.0
20216,1.0,0,0.4
20217,7.0,0,0.5
20218,0.0,0,-0.3
20219,1.0,0,0.8
20220,1.0,0,0.10000000000000003
20221,-7.0,0,0.10000000000000003
20222,0.0,0,-0.8
20223,7.0,0,0.10000000000000003
20224,-8.0,0,0.8
20225,-1.0,0,-0.8
20226,13.0,0,-0.3
20227,-14.0,0,-0.4
20228,-8.0,0,0.4
20229,7.0,0,-0.10000000000000003
20230,1.0,0,0.3
20231,-6.0,0,0.0
20232,0.0,0,-0.4
20233,28.0,0,-0.5
20234,1.0,0,0.4
20235,-14.0,0,0.4
20236,0.0,0,0.5
20237,0.0,0,-0.3
20238,-8.0,0,0.10000000000000003
20239,-1.0,0,-0.10000000000000003
20240,-1.0,0,0.4
20241,0.0,0,0.0
20242,7.0,0,0.8
20243,0.0,0,-0.5
20244,1.0,0,0.0
20245,1.0,0,-0.4
20246,0.0,0,-0.4
20247,-8.0,0,-0.5
20248,0.0,0,0.8
20249,6.0,0,-0.4
20250,7.0,0,0.0
20251,15.0,0,0.8
20252,14.0,0,-0.10000000000000003
20253,-13.0,0,-0.8
20254,-20.0,0,0.0
20255,0.0,0,0.8
20256,6.0,0,0.3
20257,-7.0,0,-0.5
20258,8.0,0,-0.4
20259,-1.0,0,-0.3
20260,0.0,1,0.0
20261,14.0,0,-0.4
20262,-11.0,0,-0.10000000000000003
20263,8.0,0,0.3
20264,-2.0,1,0.3
20265,7.0,0,-0.4
20266,7.0,0,0.4
20267,-6.0,0,0.4
20268,1.0,0,0.5
20269,-7.0,0,0.0
20270,-28.0,0,-0.3
20271,13.0,0,0.8
20272,0.0,0,-0.4
20273,1.0,0,0.0
20274,-1.0,0,0.0
20275,0.0,0,0.3
20276,7.0,0,-0.3
20277,0.0,0,-0.5
20278,-7.0,0,-0.4
20279,0.0,0,0.0
20280,0.0,0,0.8
20299,,0,0.0
20300,,0,-0.3
20301,,0,-0.3
20302,,0,-0.8
20303,,0,0.8
20304,,0,-0.5
20305,,0,0.0
20306,,0,0.8
20307,,0,0.0
20308,,0,0.0
20309,,0,0.3
20310,,0,0.0
20311,,0,0.0
20312,,0,-0.8
20313,,0,0.8
20314,,0,0.0
20315,,0,0.0
20316,,0,0.0
20317,,0,0.0
20318,0.0,0,0.0
20319,0.0,0,0.0
20320,8.0,0,0.0
20321,0.0,0,0.0
20322,-8.0,0,-0.8
20323,0.0,0,0.8
20324,,0,0.3
20325,8.0,0,0.8
20326,0.0,0,0.0
20327,0.0,0,-0.8
20328,,0,0.0
20679,,0,0.3
20680,,0,0.10000000000000003
20681,,0,0.4
20682,,0,0.0
20683,,0,0.8
20684,,0,0.4
20685,,0,0.8
20686,,0,-0.4
20687,,0,-0.3
20688,,0,0.0
20689,,0,-0.5
20690,,0,0.0
20691,-1.0,0,0.4
20692,0.0,0,0.4
20693,-1.0,0,0.5
20694,,0,-0.4
20695,,0,0.0
20696,6.0,0,0.5
20697,-6.0,0,-0.8
20698,10.0,0,-0.5
20699,-1.0,0,0.4
20700,7.0,0,0.10000000000000003
20701,-8.0,0,0.4
20702,-2.0,0,0.0
20703,5.0,0,0.3
20704,7.0,0,-0.4
20705,2.0,0,-0.4
20706,-6.0,0,-0.10000000000000003
20707,-7.0,0,-0.8
20708,-3.0,0,-0.8
20709,-6.0,0,0.0
20710,8.0,0,0.4
20711,-4.0,0,0.4
20712,15.0,0,0.0
20713,7.0,0,0.4
20714,-12.0,0,0.0
20715,8.0,0,0.10000000000000003
20716,5.0,0,-0.4
20717,-15.0,0,0.4
20718,-9.0,0,-0.3
20719,-2.0,0,0.0
20720,7.0,0,0.0
20721,0.0,0,0.8
20722,0.0,0,0.8
20723,1.0,0,-0.5
20724,6.0,0,-0.5
20725,-8.0,0,0.4
20726,0.0,0,0.0
20727,0.0,0,-0.4
20728,6.0,0,0.5
20729,1.0,0,-0.4
20730,0.0,0,-0.4
20731,-7.0,0,0.0
20732,0.0,0,-0.3
20733,0.0,0,0.8
20734,6.0,0,-0.10000000000000003
20735,1.0,0,0.0
20736,0.0,0,-0.5
20737,1.0,0,0.8
20738,-8.0,0,0.8
20739,2.0,0,-0.8
20740,2.0,0,0.10000000000000003
20741,-2.0,0,-0.3
20742,-1.0,0,0.4
20743,-7.0,0,-0.8
20744,6.0,0,-0.4
20745,-1.0,0,0.4
20746,1.0,0,0.3
20747,1.0,0,0.3
20748,0.0,0,0.0
20749,-2.0,0,0.4
20750,1.0,0,0.4
20751,0.0,0,0.5
20752,0.0,0,0.0
20753,0.0,0,-0.4
20754,-1.0,0,-0.8
20755,0.0,0,-0.3
20756,2.0,0,-0.8
20757,-6.0,0,-0.4
20758,0.0,0,0.3
20759,-2.0,0,0.4
20760,0.0,0,0.3
20761,10.0,0,-0.4
20762,0.0,0,0.0
20763,-1.0,0,-0.4
20764,1.0,0,0.10000000000000003
20765,-8.0,0,0.4
20766,0.0,0,-0.8
20767,2.0,0,0.0
20768,5.0,0,0.5
20769,0.0,0,-0.4
20770,1.0,0,-0.8
20771,1.0,0,-0.10000000000000003
20772,-1.0,0,-0.10000000000000003
20773,7.0,0,0.0
20774,-7.0,0,0.0
20775,-14.0,0,0.5
20776,-1.0,0,0.8
20777,-20.0,0,0.4
20778,6.0,0,0.5
20779,15.0,0,-0.4
20780,13.0,0,0.4
20781,15.0,0,0.4
20782,1.0,0,-0.5
20783,-16.0,0,-0.10000000000000003
20784,-3.0,0,-0.8
20785,-14.0,0,-0.8
20786,14.0,0,-0.4
20787,1.0,0,-0.5
20788,-1.0,0,0.10000000000000003
20789,0.0,0,0.8
20790,-2.0,0,0.8
20791,-7.0,0,0.0
20792,5.0,0,0.8
20793,-7.0,0,-0.4
20794,-8.0,0,-0.3
20795,2.0,0,-0.4
20796,6.0,0,-0.8
20797,2.0,0,-0.5
20798,9.0,0,0.4
20799,5.0,0,-0.10000000000000003
20811,,0,-0.4
20812,,0,0.0
20813,,0,0.4
20814,,0,0.4
20815,,0,0.5
20816,,0,0.5
20817,,0,-0.4
20818,1.0,0,-0.10000000000000003
20819,1.0,0,0.0
20820,,0,-0.10000000000000003
20821,,0,-0.10000000000000003
20822,,0,-0.5
20991,,0,0.0
20992,,0,0.0
20993,,0,0.0
20994,,0,0.0
20995,,0,0.0
20996,,0,0.0
20997,,0,0.0
20998,,0,0.0
20999,,0,0.0
21000,,0,0.0
21001,,0,0.0
21002,,0,0.0
21003,,0,0.0
21004,,0,0.0
21005,0.0,0,0.0
21006,,0,0.0
21007,,0,0.0
21008,,0,0.0
21009,,0,0.0
21010,,0,0.0
21011,-2.0,0,0.0
21012,8.0,0,0.0
21013,-7.0,0,0.0
21014,6.0,0,0.0
21015,,0,0.0
21171,,0,0.0
21172,,0,0.0
21173,,0,0.0
21174,,0,0.0
21175,,0,0.0
21176,,0,0.0
21177,,0,0.0
21178,,0,0.0
21179,,0,0.0
21180,,0,0.0
21181,,0,0.0
21182,,0,0.0
21183,,0,0.0
21184,,0,0.0
21185,,0,0.0
21186,,0,0.0
21187,,0,0.0
21188,,0,0.0
21189,,0,0.0
21190,7.0,0,0.0
21191,0.0,0,0.0
21192,,0,0.0
21193,,0,0.0
21194,,0,0.0
21195,,0,0.0
21196,-7.0,0,0.0
21197,0.0,0,0.0
21198,2.0,0,0.0
21199,-3.0,0,0.0
21200,1.0,0,0.0
21201,-7.0,0,0.0
21202,2.0,0,0.0
21203,0.0,0,0.0
21204,6.0,0,0.0
21205,1.0,0,0.0
21206,1.0,0,0.0
21207,0.0,0,0.0
21208,0.0,0,0.0
21209,15.0,0,0.0
21210,-13.0,0,0.0
21211,-1.0,0,0.0
21212,-1.0,0,0.0
21213,1.0,0,0.0
21214,-1.0,0,0.0
21215,-2.0,0,0.0
21216,4.0,0,0.0
21217,16.0,0,0.0
21218,-2.0,0,0.0
21219,-15.0,0,0.0
21220,-7.0,0,0.0
21221,-5.0,0,0.0
21222,-2.0,0,0.0
21223,6.0,0,0.0
21224,-5.0,0,0.0
21225,12.0,0,0.0
21226,-4.0,0,0.0
21227,-13.0,0,0.0
21228,12.0,0,0.0
21229,-4.0,0,0.0
21230,14.0,0,0.0
21231,-8.0,0,0.0
21232,1.0,0,0.0
21233,0.0,0,0.0
21234,-6.0,0,0.0
21235,14.0,0,0.0
21236,-3.0,0,0.0
21237,0.0,0,0.0
21238,7.0,0,0.0
21239,-8.0,0,0.0
21240,7.0,0,0.0
21241,-13.0,0,0.0
21242,0.0,0,0.0
21243,19.0,0,0.0
21244,2.0,0,0.0
21245,-12.0,0,0.0
21246,13.0,0,0.0
21247,-14.0,0,0.0
21248,18.0,0,0.0
21249,-19.0,0,0.0
21250,1.0,0,0.0
21251,-8.0,0,0.0
21252,1.0,0,0.0
21253,-19.0,1,0.0
21254,14.0,0,0.0
21255,-1.0,0,0.0
21256,0.0,0,0.0
21257,7.0,1,0.0
21258,0.0,0,0.0
21259,7.0,0,0.0
21260,-7.0,0,0.0
21261,-4.0,1,0.0
21262,-10.0,1,0.0
21263,10.0,1,0.0
21264,1.0,1,0.0
21265,-8.0,1,0.0
21266,-1.0,1,0.0
21267,9.0,1,0.0
21268,7.0,1,0.0
21269,-6.0,0,0.0
21270,4.0,1,0.0
21271,8.0,1,0.0
21272,-8.0,0,0.0
21273,-8.0,1,0.0
21274,5.0,1,0.0
21275,-3.0,1,0.0
21276,0.0,1,0.0
21277,7.0,0,0.0
21278,-4.0,0,0.0
21279,-2.0,0,0.0
21280,0.0,0,0.0
21281,-7.0,0,0.0
21282,-3.0,0,0.0
21283,2.0,0,0.0
21284,7.0,0,0.0
21285,1.0,0,0.0
21286,4.0,0,0.0
21287,0.0,0,0.0
21288,-1.0,0,0.0
21289,1.0,0,0.0
21290,2.0,0,0.0
21291,-15.0,0,0.0
21292,1.0,0,0.0
21293,1.0,0,0.0
21294,-2.0,0,0.0
21295,14.0,0,0.0
21296,-2.0,0,0.0
21297,3.0,0,0.0
21298,-2.0,0,0.0
21299,0.0,0,0.0
21300,14.0,0,0.0
21301,-1.0,0,0.0
21302,-13.0,0,0.0
21303,0.0,0,0.0
21304,0.0,0,0.0
21305,0.0,0,0.0
21306,1.0,1,0.0
21307,-4.0,1,0.0
21308,4.0,1,0.0
21309,0.0,1,0.0
21310,0.0,0,0.0
21311,1.0,0,0.0
21312,3.0,0,0.0
21313,-4.0,0,0.0
21314,0.0,0,0.0
21315,2.0,0,0.0
21316,2.0,0,0.0
21317,3.0,0,0.0
21318,-2.0,0,0.0
21319,0.0,0,0.0
21320,-1.0,0,0.0
21321,-1.0,0,0.0
21322,0.0,0,0.0
21323,1.0,0,0.0
21324,7.0,0,0.0
21325,-7.0,0,0.0
21326,2.0,0,0.0
21327,-22.0,0,0.0
21328,7.0,0,0.0
21329,-19.0,0,0.0
21330,-7.0,0,0.0
21331,7.0,0,0.0
21332,13.0,1,0.0
21333,-6.0,0,0.0
21334,-7.0,0,0.0
21335,-3.0,0,0.0
21336,0.0,0,0.0
21337,-1.0,1,0.0
21338,-2.0,1,0.0
21339,-3.0,1,0.0
21340,-3.0,1,0.0
21341,22.0,0,0.0
21342,7.0,0,0.0
21343,0.0,0,0.0
21344,-4.0,0,0.0
21345,-1.0,0,0.0
21346,29.0,0,0.0
21347,7.0,0,0.0
21348,6.0,0,0.0
21349,43.0,0,0.0
21350,1.0,0,0.0
21351,36.0,0,0.0
21352,-18.0,0,0.0
21353,4.0,0,0.0
21354,-26.0,0,0.0
21355,28.0,0,0.0
21356,-21.0,0,0.0
21357,-21.0,0,0.0
21358,-44.0,0,0.0
21359,4.0,0,0.0
21360,0.0,0,0.0
21361,1.0,0,0.0
21362,-4.0,0,0.0
21363,-5.0,0,0.0
21364,5.0,0,0.0
21365,3.0,0,0.0
21366,-1.0,0,0.0
21367,-3.0,0,0.0
21368,4.0,0,0.0
21369,-3.0,0,0.0
21370,-4.0,0,0.0
21371,-4.0,0,0.0
21372,2.0,0,0.0
21373,3.0,0,0.0
21374,3.0,0,0.0
21375,1.0,0,0.0
21376,-4.0,0,0.0
21377,14.0,0,0.0
21378,1.0,0,0.0
21379,15.0,0,0.0
21380,0.0,0,0.0
21381,-14.0,0,0.0
21382,16.0,0,0.0
21383,-16.0,0,0.0
21384,0.0,0,0.0
21385,-15.0,0,0.0
21386,9.0,0,0.0
21387,-7.0,0,0.0
21388,-22.0,0,0.0
21389,-13.0,0,0.0
21390,7.0,0,0.0
21391,0.0,0,0.0
21392,1.0,0,0.0
21393,14.0,0,0.0
21394,13.0,0,0.0
21494,,0,0.4
21495,,0,-0.5
21496,,0,-0.3
21497,,0,0.8
21498,,0,0.0
21499,,0,0.5
21500,,0,-0.4
21501,,0,0.0
21502,,0,0.4
21503,,0,0.4
21504,,0,-0.8
21505,,0,0.0
21506,,0,0.0
21507,,0,-0.8
21508,,0,0.8
21509,,0,-0.4
21510,-1.0,0,-0.3
21511,,0,0.3
21512,,0,0.8
21513,,0,0.4
21514,,0,0.0
21515,7.0,0,-0.5
21516,-6.0,0,0.5
21517,-1.0,0,0.0
21518,,0,0.0
21519,-2.0,0,0.0
21520,5.0,0,0.4
21521,7.0,0,0.4
21522,-6.0,0,-0.8
21523,-8.0,0,0.0
21524,-1.0,0,0.4
21525,-1.0,0,0.3
21526,2.0,0,0.0
21527,-7.0,0,0.8
21528,12.0,0,0.0
21529,6.0,0,-0.4
21530,-1.0,0,0.3
21531,,0,-0.8
21532,8.0,0,-0.8
21533,1.0,0,0.4
21534,-6.0,0,0.4
21535,-8.0,0,-0.4
21536,0.0,0,0.0
21537,3.0,0,0.0
21538,1.0,0,0.8
21539,16.0,0,-0.8
21540,4.0,0,-0.10000000000000003
21541,-21.0,0,0.5
21542,1.0,0,-0.4
21543,-8.0,0,0.0
21544,-1.0,0,0.4
21545,0.0,0,0.3
21546,0.0,0,0.8
21547,-1.0,0,0.3
21548,6.0,0,0.5
21549,0.0,0,0.0
21550,1.0,0,0.4
21551,0.0,0,0.3
21552,-6.0,0,0.0
21553,-1.0,0,0.0
21554,-7.0,0,-0.8
21555,6.0,0,-0.4
21556,19.0,0,0.4
21557,1.0,0,-0.4
21558,21.0,0,-0.8
21559,-6.0,0,-0.8
21560,19.0,0,0.0
21561,8.0,0,0.0
21562,0.0,0,0.4
21563,-34.0,0,0.10000000000000003
21564,-15.0,0,-0.4
21565,0.0,0,0.3
21566,0.0,0,-0.3
21567,0.0,0,0.8
21568,-1.0,0,-0.3
21569,5.0,0,-0.4
21570,-7.0,0,0.8
21571,8.0,0,-0.3
21572,0.0,0,-0.4
21573,15.0,0,0.0
21574,-14.0,1,0.0
21575,12.0,0,-0.5
21576,-12.0,0,0.4
21577,-7.0,0,-0.10000000000000003
21578,0.0,0,0.0
21579,-14.0,0,-0.5
21580,-1.0,0,0.0
21581,1.0,0,0.4
21582,-7.0,0,-0.3
21583,-1.0,0,-0.4
21584,20.0,0,0.8
21585,-4.0,0,0.0
21586,5.0,0,-0.3
21587,-1.0,0,0.4
21588,-3.0,0,0.0
21589,1.0,0,0.0
21590,1.0,0,-0.8
21591,-5.0,0,0.4
21592,1.0,0,0.8
21593,0.0,0,-0.3
21594,1.0,0,0.3
21595,6.0,0,-0.10000000000000003
21596,0.0,0,0.4
21597,0.0,0,0.10000000000000003
21598,-13.0,0,0.0
21599,-1.0,0,0.4
21600,1.0,0,-0.8
21601,0.0,0,0.0
21602,14.0,0,-0.3
21603,-8.0,0,0.0
21604,7.0,0,0.10000000000000003
21605,-1.0,0,-0.8
21606,-7.0,0,0.4
21607,6.0,0,0.0
21608,-8.0,0,0.4
21609,-14.0,0,0.3
21610,1.0,0,0.8
21611,2.0,0,-0.4
21612,15.0,0,0.3
21613,-1.0,0,0.8
21614,6.0,0,0.5
21615,-3.0,0,-0.8
21616,-1.0,0,-0.5
21617,-10.0,0,0.3
21618,3.0,0,-0.8
21619,0.0,0,0.0
21620,16.0,0,0.0
21621,-6.0,0,0.0
21622,1.0,0,-0.8
21623,1.0,0,0.10000000000000003
21624,2.0,0,0.0
21625,6.0,0,0.0
21626,-2.0,0,0.8
21627,14.0,0,0.0
21628,-14.0,0,0.10000000000000003
21629,2.0,0,0.3
21630,-2.0,0,0.0
21631,-5.0,0,-0.3
21632,7.0,0,0.0
21633,0.0,0,-0.8
21634,1.0,0,-0.10000000000000003
21635,-1.0,0,-0.8
21636,-5.0,0,0.0
21637,-1.0,0,0.4
21638,1.0,0,-0.5
21639,6.0,0,0.5
21640,-5.0,0,-0.4
21641,-1.0,0,0.0
21642,-1.0,0,-0.5
21643,-8.0,0,0.4
21644,-2.0,0,0.0
21645,-1.0,0,0.3
21646,3.0,0,-0.4
21647,9.0,0,-0.4
21648,9.0,0,0.5
21649,-21.0,0,0.0
21650,-7.0,0,-0.8
21651,-13.0,0,-0.3
21652,5.0,0,-0.8
21653,0.0,0,0.4
21654,1.0,0,0.3
21655,23.0,0,0.8
21656,21.0,0,-0.8
21657,-1.0,0,0.0
21658,-15.0,0,0.0
21659,-5.0,0,0.8
21660,-22.0,0,0.4
21661,-3.0,0,-0.4
21662,1.0,0,-0.3
21663,5.0,0,-0.3
21664,59.0,0,-0.5
21665,1.0,0,0.0
21666,34.0,0,0.8
21667,4.0,0,0.5
21668,-7.0,0,-0.4
21669,-8.0,0,0.0
21670,6.0,0,0.0
21671,-58.0,0,-0.8
21672,64.0,0,0.0
21673,-1.0,0,-0.4
21674,56.0,0,0.0
21675,1.0,0,0.3
21676,7.0,0,0.8
21677,0.0,0,-0.3
21678,-78.0,0,-0.4
21679,-1.0,0,0.3
21680,-58.0,0,-0.4
21681,-3.0,0,0.0
21682,6.0,0,-0.8
21799,,0,0.10000000000000003
21800,,0,-0.5
21801,,0,-0.8
21802,,0,-0.4
21803,,0,0.0
21804,,0,0.3
21805,,0,0.0
21806,,0,-0.4
21807,,0,0.0
21808,,0,0.5
21809,,0,0.3
21810,,0,0.0
21811,,0,0.0
21812,,0,0.5
21813,,0,-0.4
21814,,0,0.8
21815,2.0,0,0.4
21816,-3.0,0,-0.4
21817,1.0,0,-0.4
21818,2.0,0,0.0
21819,5.0,0,0.0
21820,1.0,0,-0.8
21821,0.0,0,0.0
21822,-7.0,0,0.5
21823,-2.0,0,-0.4
21824,0.0,0,0.0
21825,10.0,0,-0.10000000000000003
21826,-2.0,0,0.8
21827,10.0,0,0.10000000000000003
21828,-15.0,0,-0.5
21829,-1.0,0,0.0
21830,1.0,0,0.8
21831,2.0,0,-0.4
21832,1.0,0,0.0
21833,6.0,0,0.3
21834,-3.0,0,0.4
21835,2.0,0,0.0
21836,-1.0,0,-0.3
21837,-1.0,0,-0.8
21838,-3.0,0,-0.4
21839,-1.0,0,0.8
21840,9.0,0,-0.4
21841,9.0,0,-0.4
21842,1.0,0,0.3
21843,-2.0,0,0.8
21844,2.0,0,0.3
21845,2.0,0,-0.3
21846,2.0,0,0.0
21847,3.0,0,-0.4
21848,-10.0,0,-0.4
21849,-1.0,0,-0.5
21850,-22.0,0,-0.3
21851,0.0,0,0.8
21852,1.0,0,-0.3
21853,6.0,0,0.4
21854,-2.0,0,0.8
21855,3.0,0,-0.3
21856,1.0,0,0.4
21857,-3.0,0,-0.10000000000000003
21858,-7.0,0,-0.8
21859,0.0,0,0.3
21860,2.0,0,0.4
21861,5.0,0,0.0
21862,-1.0,0,-0.5
21863,2.0,0,-0.3
21864,2.0,0,0.10000000000000003
21865,-7.0,0,0.0
21866,1.0,0,0.8
21867,0.0,0,0.4
21868,-3.0,0,0.4
21869,7.0,0,-0.8
21870,15.0,0,0.0
21871,-1.0,0,0.0
21872,-14.0,0,-0.8
21873,2.0,0,0.0
21874,-2.0,0,0.3
21875,2.0,0,0.4
21876,-15.0,0,0.0
21877,14.0,0,0.8
21878,-2.0,0,0.10000000000000003
21879,1.0,0,0.0
21880,-21.0,0,-0.4
21881,-3.0,0,-0.8
21882,14.0,0,0.0
21883,7.0,0,0.0
21884,0.0,0,0.4
21885,2.0,0,0.0
21886,6.0,0,-0.8
21887,-2.0,0,0.10000000000000003
21888,0.0,0,0.3
21889,1.0,0,0.8
21890,0.0,0,-0.10000000000000003
21891,-7.0,0,-0.8
21892,2.0,0,-0.4
21893,2.0,0,0.0
21894,-4.0,0,0.10000000000000003
21895,-2.0,0,-0.3
21896,0.0,0,0.3
21897,1.0,0,0.8
21898,-10.0,0,0.4
21899,2.0,0,0.0
21900,4.0,0,0.0
21901,1.0,0,0.0
21902,19.0,0,-0.3
21903,-13.0,0,0.4
21904,-1.0,0,-0.5
21905,-3.0,0,-0.3
21906,-1.0,0,0.3
21907,-13.0,0,-0.4
21908,1.0,0,0.0
21909,-2.0,0,-0.4
21910,14.0,0,0.8
21911,1.0,0,0.5
21912,14.0,0,-0.3
21913,0.0,0,0.3
21914,-13.0,0,-0.4
21915,-1.0,0,0.4
21916,1.0,0,0.0
21917,2.0,0,-0.4
21918,-2.0,0,0.0
21919,0.0,0,-0.10000000000000003
21920,0.0,0,0.0
21921,-1.0,0,0.0
21922,2.0,0,0.4
21923,5.0,0,0.5
21924,-1.0,0,-0.3
21925,-7.0,0,0.8
21926,-1.0,0,0.4
21927,4.0,0,0.4
21928,2.0,0,-0.5
21929,-9.0,0,-0.3
21930,-2.0,0,0.0
21931,1.0,0,0.0
21932,8.0,0,-0.5
21933,1.0,0,0.0
21934,-3.0,0,-0.8
21935,0.0,0,0.4
21936,-13.0,0,0.0
21937,0.0,0,0.8
21938,0.0,0,0.4
21939,-1.0,0,0.0
21940,2.0,0,0.0
21941,0.0,0,-0.4
21942,15.0,0,-0.5
21943,-2.0,0,0.0
21944,-13.0,0,0.10000000000000003
21945,2.0,0,-0.8
21946,-7.0,0,-0.10000000000000003
21947,-1.0,0,0.4
21948,20.0,0,0.5
21949,1.0,0,0.0
21950,-1.0,0,-0.8
21951,5.0,0,-0.10000000000000003
21952,2.0,0,0.3
21953,2.0,0,0.8
21954,-10.0,0,-0.3
21955,1.0,0,0.4
21956,1.0,0,-0.4
21957,-1.0,0,0.0
21958,0.0,0,0.0
21959,-1.0,0,-0.3
21960,-2.0,0,0.4
21961,0.0,0,-0.3
21962,-1.0,0,-0.8
21963,-6.0,0,0.4
21964,1.0,0,0.3
21965,2.0,0,-0.8
21966,5.0,0,0.4
21967,3.0,0,0.3
21968,0.0,0,0.0
21969,-9.0,0,-0.4
21970,0.0,0,0.4
21971,7.0,0,0.4
21972,1.0,0,0.3
21973,0.0,0,0.5
21974,1.0,0,-0.8
21975,0.0,0,0.10000000000000003
21976,-1.0,0,-0.4
21977,-1.0,0,0.3
21978,27.0,0,0.8
21979,-29.0,0,0.0
21980,-2.0,0,-0.3
21981,3.0,0,-0.4
21982,1.0,0,-0.8
21983,-1.0,0,-0.10000000000000003
21984,-29.0,0,0.8
21985,1.0,0,-0.4
21986,0.0,0,0.3
21987,2.0,0,0.5
21988,3.0,0,-0.8
21989,1.0,0,-0.4
21990,29.0,0,0.0
21991,0.0,0,0.0
21992,-1.0,0,0.0
21993,3.0,0,-0.4
21994,9.0,0,0.0
21995,-1.0,0,-0.3
21996,-9.0,0,-0.8
21997,9.0,0,0.8
21998,-8.0,0,0.0
21999,0.0,1,-0.10000000000000003
22000,-1.0,1,0.8
22001,-6.0,1,0.0
22002,13.0,1,0.4
22003,1.0,1,0.0
22004,-4.0,0,-0.4
22005,-10.0,1,0.0
22006,2.0,0,0.0
22007,0.0,1,-0.3
22008,1.0,1,0.4
22009,1.0,1,-0.10000000000000003
22010,1.0,1,0.0
22011,-1.0,1,-0.8
22012,3.0,1,0.8
22013,1.0,0,0.10000000000000003
22014,-6.0,0,0.8
22015,-2.0,0,0.0
22016,-1.0,0,-0.3
22039,,0,-0.3
22040,,0,0.0
22041,,0,0.4
22042,,0,0.3
22043,,0,-0.4
22044,,0,0.8
22045,,0,0.0
22046,,0,0.10000000000000003
22047,,0,-0.4
22048,-1.0,0,0.0
22049,2.0,0,0.0
22050,,0,0.0
22051,,0,0.4
22052,,0,0.3
22053,-1.0,0,0.4
22054,,0,-0.8
22055,,0,0.0
22056,,0,0.8
22057,6.0,0,-0.4
22058,,0,-0.3
22059,,0,-0.10000000000000003
22060,1.0,0,0.5
22061,,0,0.0
22062,-8.0,0,-0.4
22063,-8.0,0,0.0
22064,1.0,0,-0.3
22065,-6.0,0,0.3
22066,15.0,0,0.5
22067,7.0,0,-0.8
22068,-8.0,0,-0.4
22069,7.0,0,0.4
22070,-8.0,0,-0.4
22071,-1.0,0,-0.5
22072,15.0,0,-0.5
22073,-7.0,0,0.0
22074,1.0,0,-0.4
22075,-9.0,0,0.0
22076,8.0,0,-0.3
22077,2.0,0,0.4
22078,-7.0,0,0.4
22079,-6.0,0,0.4
22080,-8.0,0,-0.3
22081,15.0,0,0.8
22082,8.0,0,0.8
22083,-7.0,0,-0.4
22084,2.0,0,-0.8
22085,0.0,0,0.3
22086,-1.0,0,0.10000000000000003
22087,-13.0,0,0.4
22088,1.0,0,0.4
22089,2.0,0,-0.10000000000000003
22090,12.0,0,0.0
22091,8.0,0,-0.3
22092,-7.0,0,0.8
22093,0.0,0,-0.5
22094,2.0,0,0.0
22095,0.0,0,0.0
22096,-2.0,0,0.0
22097,-1.0,0,-0.3
22098,-1.0,0,-0.8
22099,6.0,0,0.8
22100,6.0,0,-0.4
22101,1.0,0,-0.5
22102,-14.0,0,-0.3
22103,-13.0,0,0.4
22104,-1.0,0,0.0
22105,12.0,0,-0.8
22106,1.0,0,0.4
22107,1.0,0,0.3
22108,-21.0,0,0.3
22109,1.0,0,0.0
22110,21.0,0,0.10000000000000003
22111,7.0,0,0.0
22112,0.0,0,0.0
22113,21.0,0,0.8
22114,-15.0,0,-0.8
22115,14.0,0,0.4
22116,-1.0,0,0.0
22117,-7.0,0,-0.4
22118,-22.0,0,-0.10000000000000003
22119,1.0,0,-0.8
22120,8.0,0,0.0
22121,-2.0,0,0.8
22122,7.0,0,-0.8
22123,1.0,0,0.4
22124,6.0,0,0.0
22125,-14.0,0,0.0
22126,-9.0,0,0.3
22127,7.0,0,0.4
22128,1.0,0,-0.4
22129,6.0,0,0.3
22130,0.0,0,-0.8
22131,-5.0,0,0.5
22132,-1.0,0,-0.4
22133,-6.0,0,-0.3
22134,-1.0,0,0.0
22135,-1.0,0,-0.10000000000000003
22136,8.0,0,0.0
22137,-1.0,0,0.3
22138,1.0,0,-0.8
22139,2.0,0,0.10000000000000003
22140,-1.0,0,0.8
22141,-7.0,0,0.8
22142,1.0,0,-0.4
22143,-20.0,0,-0.10000000000000003
22144,7.0,0,0.0
22145,8.0,0,0.0
22146,-7.0,0,0.0
22147,0.0,0,0.0
22148,23.0,0,0.0
22149,14.0,0,0.3
22150,-22.0,0,0.5
22151,13.0,0,0.0
22152,1.0,0,0.4
22153,-14.0,0,-0.3
22154,-1.0,0,0.4
22155,2.0,0,-0.8
22156,6.0,0,0.4
22157,6.0,0,-0.3
22158,-15.0,0,-0.5
22159,7.0,0,-0.4
22160,-6.0,0,0.10000000000000003
22161,14.0,0,0.0
22162,1.0,0,0.0
22163,0.0,0,0.0
22164,0.0,0,-0.4
22165,-14.0,0,0.0
22166,0.0,0,0.0
22167,-21.0,0,-0.4
22168,8.0,0,-0.10000000000000003
22169,-1.0,0,0.0
22170,-1.0,0,0.8
22171,0.0,0,-0.8
22172,-8.0,0,0.0
22173,6.0,0,0.8
22174,15.0,0,0.4
22175,-1.0,0,-0.4
22176,0.0,0,0.0
22177,8.0,0,0.3
22178,-22.0,0,0.8
22179,20.0,0,-0.4
22180,-2.0,0,-0.4
22181,0.0,0,0.3
22182,-8.0,0,0.5
22279,,0,-0.3
22280,,0,0.4
22281,,0,0.5
22282,,0,-0.10000000000000003
22283,,0,0.0
22284,,0,-0.4
22285,,0,0.10000000000000003
22286,,0,-0.4
22287,,0,-0.10000000000000003
22288,,0,0.8
22289,,0,-0.5
22290,,0,0.0
22291,0.0,0,0.0
22292,1.0,0,0.4
22293,-7.0,0,-0.8
22294,-1.0,0,0.0
22295,0.0,0,0.5
22296,7.0,0,0.0
22297,0.0,0,0.0
22298,15.0,0,-0.8
22299,14.0,0,0.0
22300,-14.0,0,0.8
22301,7.0,0,0.4
22302,8.0,0,0.4
22303,7.0,0,0.0
22304,-8.0,0,-0.8
22305,-7.0,0,-0.5
22306,14.0,0,0.4
22307,1.0,0,0.5
22308,-27.0,0,-0.4
22309,7.0,0,0.0
22310,-21.0,0,0.10000000000000003
22311,-21.0,0,0.4
22312,-3.0,0,-0.3
22313,13.0,0,-0.10000000000000003
22314,35.0,0,0.8
22315,-7.0,0,0.0
22316,-19.0,0,0.4
22317,-13.0,0,-0.8
22318,-8.0,0,-0.5
22319,24.0,0,0.3
22320,0.0,0,0.3
22321,0.0,0,-0.3
22322,14.0,0,0.0
22323,-15.0,0,0.4
22324,15.0,0,-0.3
22325,0.0,0,-0.4
22326,-14.0,0,0.10000000000000003
22327,5.0,0,0.4
22328,-1.0,0,-0.10000000000000003
22329,7.0,0,0.8
22330,0.0,0,0.10000000000000003
22331,-7.0,0,0.0
22332,0.0,0,-0.5
22333,6.0,0,-0.5
22334,-7.0,0,0.4
22335,-7.0,0,0.4
22336,7.0,0,-0.3
22337,0.0,0,-0.4
22338,0.0,0,-0.3
22339,-6.0,0,-0.5
22340,0.0,0,0.4
22341,0.0,0,0.3
22342,-8.0,0,-0.4
22343,7.0,0,0.10000000000000003
22344,7.0,0,0.8
22345,4.0,0,0.0
22346,-10.0,1,0.5
22347,-7.0,1,0.0
22348,7.0,0,0.0
22349,6.0,0,-0.4
22350,-2.0,1,0.0
22351,1.0,1,0.0
22352,-1.0,1,-0.4
22353,-3.0,1,-0.5
22354,3.0,1,-0.3
22355,6.0,0,0.5
22356,-1.0,0,-0.4
22357,-4.0,0,-0.10000000000000003
22358,8.0,0,0.0
22359,1.0,0,0.3
22360,-7.0,0,0.8
22361,2.0,0,0.10000000000000003
22362,-2.0,0,0.0
22363,0.0,0,-0.4
22364,-18.0,0,0.5
22365,0.0,0,-0.4
22366,1.0,0,0.10000000000000003
22367,0.0,0,-0.8
22368,18.0,0,-0.5
22369,-1.0,0,0.0
22370,-15.0,0,0.8
22371,0.0,1,0.8
22372,15.0,0,0.10000000000000003
22373,7.0,0,0.0
22374,-7.0,0,-0.8
22375,1.0,0,-0.4
22376,-8.0,0,-0.10000000000000003
22377,-6.0,0,0.0
22378,14.0,0,0.3
22379,7.0,0,0.4
22380,-7.0,0,0.3
22381,-7.0,0,0.5
22382,-7.0,0,-0.4
22383,8.0,0,-0.3
22384,-6.0,0,-0.8
22385,-1.0,0,-0.10000000000000003
22386,-7.0,1,0.8
22387,0.0,1,-0.10000000000000003
22388,6.0,0,0.0
22389,7.0,0,-0.4
22390,-7.0,1,0.5
22391,0.0,0,-0.10000000000000003
22392,14.0,0,0.4
22393,0.0,0,-0.8
22394,28.0,0,0.3
22395,-25.0,0,0.4
22396,-4.0,0,0.0
22397,-4.0,0,-0.4
22398,25.0,0,0.4
22399,-3.0,0,-0.4
22400,-24.0,0,0.3
22401,1.0,0,0.5
22402,4.0,0,0.4
22403,0.0,0,-0.3
22404,32.0,0,0.4
22405,0.0,0,0.10000000000000003
22406,-1.0,0,-0.4
22407,-27.0,0,-0.8
22408,0.0,0,-0.5
22409,0.0,0,0.3
22410,1.0,0,-0.4
22411,0.0,0,0.3
22412,-6.0,0,0.10000000000000003
22413,1.0,0,-0.4
22414,7.0,0,-0.8
22415,0.0,0,0.3
22416,-8.0,0,-0.4
22417,1.0,0,0.4
22418,-1.0,0,-0.4
22419,13.0,0,0.5
22420,-13.0,0,0.0
22421,6.0,0,0.8
22422,-1.0,1,0.4
22423,-5.0,1,0.0
22424,10.0,1,-0.10000000000000003
22425,-12.0,1,0.5
22426,4.0,0,-0.4
22427,0.0,1,-0.5
22428,1.0,1,-0.4
22477,,0,-0.10000000000000003
22478,,0,0.3
22479,,0,-0.10000000000000003
22480,,0,0.0
22481,,0,-0.4
22482,,0,-0.3
22483,,0,0.10000000000000003
22484,,0,0.5
22485,,0,-0.4
22486,-7.0,0,0.0
22487,2.0,0,-0.5
22488,,0,0.5
22489,,0,-0.10000000000000003
22490,-1.0,0,0.8
22491,0.0,0,0.4
22492,14.0,0,-0.10000000000000003
22493,-6.0,0,0.0
22494,0.0,0,-0.8
22495,3.0,0,0.4
22496,-8.0,0,0.4
22497,9.0,0,0.5
22498,-19.0,0,-0.5
22499,-7.0,0,0.10000000000000003
22500,7.0,0,0.4
22501,6.0,0,-0.4
22502,0.0,0,-0.4
22503,0.0,0,-0.5
22504,14.0,0,-0.10000000000000003
22505,-13.0,0,0.5
22506,0.0,0,0.4
22507,-3.0,0,-0.3
22508,6.0,0,-0.10000000000000003
22509,0.0,0,-0.4
22510,0.0,0,0.0
22511,0.0,0,0.10000000000000003
22512,1.0,0,0.0
22513,-14.0,0,-0.4
22514,14.0,0,-0.5
22515,3.0,0,0.0
22516,-4.0,0,0.8
22517,1.0,0,-0.4
22518,-1.0,0,0.0
22519,-1.0,0,0.0
22520,-14.0,0,0.0
22521,14.0,0,0.5
22522,2.0,0,0.3
22523,-1.0,0,-0.5
22524,0.0,0,0.10000000000000003
22525,0.0,0,0.4
22526,0.0,0,-0.4
22527,2.0,0,0.0
22528,1.0,0,-0.8
22529,0.0,0,0.4
22530,0.0,0,0.10000000000000003
22531,0.0,0,0.4
22532,0.0,0,0.0
22533,2.0,0,0.0
22534,-1.0,0,0.3
22535,-1.0,0,0.5
22536,-1.0,0,0.10000000000000003
22537,7.0,0,-0.10000000000000003
22538,2.0,0,-0.4
22539,0.0,0,-0.5
22540,-7.0,0,-0.4
22541,0.0,0,0.5
22542,6.0,0,-0.4
22543,-8.0,0,-0.4
22544,1.0,0,0.10000000000000003
22545,0.0,0,0.8
22546,15.0,0,-0.8
22547,-6.0,0,-0.10000000000000003
22548,1.0,0,-0.5
22549,-13.0,0,0.10000000000000003
22550,7.0,0,0.4
22551,-14.0,0,0.0
22552,-7.0,0,0.5
22553,21.0,0,0.0
22554,0.0,0,0.4
22555,-1.0,0,0.0
22556,0.0,0,0.0
22557,0.0,0,-0.5
22558,8.0,0,0.4
22559,-18.0,1,-0.5
22560,7.0,0,0.4
22561,0.0,0,-0.10000000000000003
22562,12.0,1,-0.3
22563,2.0,0,0.0
22564,-6.0,1,0.10000000000000003
22565,0.0,0,0.0
22566,0.0,0,0.5
22567,-6.0,0,-0.4
22568,1.0,0,0.4
22569,1.0,0,0.4
22570,7.0,0,0.0
22571,0.0,0,-0.5
22572,-1.0,0,-0.5
22573,-1.0,0,0.10000000000000003
22574,2.0,0,0.10000000000000003
22575,-2.0,0,0.0
22576,0.0,0,0.4
22577,1.0,0,-0.4
22578,0.0,0,0.4
22579,0.0,0,0.4
22580,1.0,0,-0.5
22581,0.0,0,0.0
22582,-1.0,0,0.10000000000000003
22583,0.0,0,-0.4
22584,2.0,0,0.8
22585,0.0,0,0.10000000000000003
22586,0.0,0,-0.5
22587,-1.0,0,-0.10000000000000003
22588,-6.0,0,-0.4
22589,7.0,0,-0.8
